set,cat,lf2,sub20,sub100,rms
real_benign,speech_noisy,-23.914853360218036,0.003671053192388752,0.01989091227920929,-25.26746907053719
real_benign_1s,speech_noisy,-2.4956345178439485,0.03947374810024436,0.08100210082278002,0.0
real_benign_1s,speech_noisy,-0.49455325242888004,0.14055303546548914,0.3140878871799001,0.0
real_benign_1s,speech_noisy,1.5604201240771935,1.188581410841061,1.3177694170908154,0.0
real_benign_1s,speech_noisy,-1.4455461564500782,0.09200510922347523,0.5079216466460377,0.0
real_benign,speech_noisy,-22.990233569041507,0.003742033443315026,0.06016413442915619,-44.09334187527935
real_benign_1s,speech_noisy,-4.742670509302557,0.06089891840385124,0.6610458915504247,0.0
real_benign_1s,speech_noisy,-10.620277796034294,0.03373474948199608,0.2435470863329133,0.0
real_benign_1s,speech_noisy,-31.18623219535728,0.0006431357167368635,0.003982078883177064,0.0
real_benign,speech_noisy,-34.36387280183141,0.0002459530189623422,0.012071682624457179,-17.84804666837548
real_benign_1s,speech_noisy,-34.73505001381732,0.00023119501486091286,0.024303458524684258,0.0
real_benign_1s,speech_noisy,-36.80768013605816,0.0001475422104337377,0.009649542983647,0.0
real_benign_1s,speech_noisy,-4.789043459744008,0.1890498383880079,0.21618879271934732,0.0
real_benign,speech_noisy,-28.75399242371497,0.000817389182008678,0.00220851440817666,-21.007089204225302
real_benign_1s,speech_noisy,-12.537376190474243,0.04461684658422213,0.053856955731602964,0.0
real_benign_1s,speech_noisy,-32.91596803194582,0.00017791788233087146,0.004772381318556828,0.0
real_benign_1s,speech_noisy,-29.747335224459277,0.0007263474009418725,0.002225194439170774,0.0
real_benign_1s,speech_noisy,-22.708504128061932,0.0018039366823199641,0.002987518790400496,0.0
real_benign,speech_noisy,-22.951947575738515,0.0026688994714914155,0.12711687528970145,-28.753662531332843
real_benign_1s,speech_noisy,-13.233434573315678,0.004719718378881548,0.3421081404607558,0.0
real_benign_1s,speech_noisy,-6.774586010634078,0.017190771481851833,0.5597510490022823,0.0
real_benign_1s,speech_noisy,-2.5737014718149096,0.028393515305564124,0.8394564252378192,0.0
real_benign_1s,speech_noisy,-12.332152065724681,0.044153544603398445,0.054755638702319386,0.0
real_benign_1s,speech_noisy,-16.762558327583353,0.01342102574944962,0.03316954898794006,0.0
real_benign_1s,speech_noisy,-14.08846968018213,0.019006823580690828,0.23475471761415675,0.0
real_benign,speech_noisy,-27.925560716196674,0.0012504084324856737,0.0039011422640631284,-15.727760944201696
real_benign_1s,speech_noisy,-12.268561521588072,0.04583068029148386,0.059664565459028596,0.0
real_benign_1s,speech_noisy,-18.647026821335928,0.008937602655183736,0.023674214326222975,0.0
real_benign_1s,speech_noisy,-6.690876071190749,0.181907796167068,0.19928699446797507,0.0
real_benign_1s,speech_noisy,-5.381708176884402,0.2503437617868768,0.2739775162138229,0.0
real_benign_1s,speech_noisy,-1.185487115772302,0.394376452168892,0.4439725477798383,0.0
real_benign,speech_noisy,12.85256961182986,0.16949615155220132,0.8304381614697274,-9.81005632683474
real_benign_1s,speech_noisy,26.742955991486053,0.2678942877341434,1.0947136633872059,0.0
real_benign_1s,speech_noisy,16.124315034134916,0.23645224488077282,0.9272902301096079,0.0
real_benign_1s,speech_noisy,19.243025339873814,0.11882473472664916,0.8881176249200816,0.0
real_benign_1s,speech_noisy,10.462227812427196,0.07496335223271258,0.7755094565893232,0.0
real_benign_1s,speech_noisy,15.702228163369199,0.7421646711081107,0.9806733374120814,0.0
real_benign,speech_noisy,-34.73335739455575,0.0003279592851373028,0.00040097680204472343,-28.797524562281875
real_benign_1s,speech_noisy,-37.86388179152565,0.0001576896190330841,0.00019860925382894832,0.0
real_benign_1s,speech_noisy,-17.00206610515833,0.019633632727548127,0.02145092424054941,0.0
real_benign_1s,speech_noisy,-13.427115019038087,0.04454269421889058,0.04845112445478661,0.0
real_benign_1s,speech_noisy,-30.755007889177534,0.0007923729035745177,0.0010105954575547512,0.0
real_benign_1s,speech_noisy,-12.471236906769622,0.05182774293881546,0.05866986819164189,0.0
real_benign,speech_noisy,-5.703119297467618,0.010314568906606923,0.6604876506915871,-33.585767212555865
real_benign_1s,speech_noisy,2.8467285318780178,0.049521672986401456,0.6192968095318192,0.0
real_benign_1s,speech_noisy,-9.987891146849737,0.002519394523922916,0.7137341918404418,0.0
real_benign_1s,speech_noisy,-5.646089105646385,0.016021340819939032,0.6854981168237059,0.0
real_benign,speech_noisy,-28.801053678040557,0.0012788852272485214,0.003305953351663822,-34.35369024730809
real_benign_1s,speech_noisy,-30.341762732148567,0.0008891647609053409,0.0017183101350019497,0.0
real_benign_1s,speech_noisy,-10.823629297893376,0.0809340240547927,0.08988192026539696,0.0
real_benign_1s,speech_noisy,-27.77030490261364,0.0016151802784528401,0.005226209160436533,0.0
real_benign_1s,speech_noisy,-8.945508360984682,0.10178840134912885,0.17738978277291662,0.0
real_benign,speech_noisy,-46.59469893521361,2.1288964947247442e-05,5.0088786705013666e-05,-10.525730419556844
real_benign_1s,speech_noisy,-37.39029221235073,0.0001778185485826186,0.00031223832074494384,0.0
real_benign_1s,speech_noisy,-15.71712265534069,0.026320733860645856,0.028654199233402018,0.0
real_benign_1s,speech_noisy,-42.60760635670495,5.3558560265831095e-05,7.465521143495228e-05,0.0
real_benign_1s,speech_noisy,-7.0341581142343585,0.19475688216279477,0.2122088328342259,0.0
real_benign,speech_noisy,-21.14630595976311,9.954104167445871e-05,0.7258620189281015,-17.532692228559874
real_benign_1s,speech_noisy,-18.173608860580842,0.00014896122795984168,0.8272362851763772,0.0
real_benign_1s,speech_noisy,-18.342856440002656,0.0001395961285587442,0.7449537214585908,0.0
real_benign_1s,speech_noisy,-15.041781949141786,0.00018450879325893388,0.7804512730128654,0.0
real_benign,speech_noisy,-21.992336742563758,0.0001239336422475657,0.738152513483415,-21.486092430594045
real_benign_1s,speech_noisy,-20.474865465894688,0.00013688625955481876,0.7718322995019362,0.0
real_benign_1s,speech_noisy,-12.870243841062843,0.0007101048872577505,0.7515837633643286,0.0
real_benign_1s,speech_noisy,-5.210099834279346,0.001960263338366316,0.7958840150748999,0.0
real_benign,speech_noisy,-34.98265151978903,0.00021386057939403098,0.0029535105646918422,-38.26730679974335
real_benign_1s,speech_noisy,-29.895498525790643,0.0006802941960514148,0.0014892313742876858,0.0
real_benign_1s,speech_noisy,-18.653660984719306,0.009144879493312795,0.013131801291765468,0.0
real_benign_1s,speech_noisy,-11.794331983058298,0.04487776407614192,0.054049203190421995,0.0
real_benign_1s,speech_noisy,-4.811286669476235,0.21012441849163163,0.23358296360213154,0.0
real_benign_1s,speech_noisy,-27.97498213826372,0.0010723915237937126,0.0022125211673542184,0.0
real_benign,speech_noisy,-43.8491160713978,3.598169175128489e-05,0.004439072304046524,-21.50333537342582
real_benign_1s,speech_noisy,-36.15162724730408,0.00018692451349942117,0.00867045199381929,0.0
real_benign_1s,speech_noisy,-7.67842670388577,0.1564733505392093,0.17167975962531,0.0
real_benign_1s,speech_noisy,-20.54734236244038,0.007962794497309843,0.012737364748536893,0.0
real_benign,speech_noisy,-12.785494709388539,0.03223149779597409,0.2901571471649361,-46.41249897834435
real_benign_1s,speech_noisy,-12.083786069700002,0.04216282353216077,0.22840280080114683,0.0
real_benign_1s,speech_noisy,-0.8860800574809923,0.5027139183798688,0.8430743328855964,0.0
real_benign_1s,speech_noisy,-8.398088991887885,0.07749409432049079,0.4101371443927229,0.0
real_benign,speech_noisy,-14.136283753621807,0.028732226203181034,0.051536650579540697,-42.22062044927032
real_benign_1s,speech_noisy,-13.404755356729849,0.025259221623286525,0.05202295476420408,0.0
real_benign_1s,speech_noisy,-18.513896948634375,0.011447973527226514,0.022224312475885848,0.0
real_benign_1s,speech_noisy,-8.995514592739154,0.10160028990692782,0.11785095315426518,0.0
real_benign,speech_noisy,-17.95710858554005,0.010431774458364884,0.18379843568961232,-36.24527007773858
real_benign_1s,speech_noisy,-25.515566358446762,0.002609943639715992,0.014458734585646487,0.0
real_benign_1s,speech_noisy,-11.587216995897204,0.018190646730948876,0.45839844939699675,0.0
real_benign_1s,speech_noisy,-4.8583359657993865,0.30037706027924455,0.33615794810846056,0.0
real_benign_1s,speech_noisy,-24.19485223828417,0.0019136760655341963,0.006811694700522131,0.0
real_benign_1s,speech_noisy,-5.762170919439187,0.1860758040459449,0.25180832336145015,0.0
real_benign,speech_noisy,-18.297307251612832,0.008461344151021162,0.10619074493636298,-64.36683006521667
real_benign_1s,speech_noisy,-14.195271912720035,0.015815558537136506,0.12273301349035817,0.0
real_benign_1s,speech_noisy,-13.938078500211313,0.020643262884550966,0.10416872382300298,0.0
real_benign_1s,speech_noisy,-22.2405785127145,0.003920834417027968,0.07326919994137226,0.0
real_benign_1s,speech_noisy,5.941939562128078,0.07294934828895158,0.7465715310035365,0.0
real_benign_1s,speech_noisy,-2.5594312963634542,0.035656468061349485,0.6856135278608628,0.0
real_benign,speech_noisy,-19.686377009779118,0.006418772330396633,0.3015511112884155,-21.62735255710554
real_benign_1s,speech_noisy,-7.336654383771483,0.10688692096688353,0.4262615454651368,0.0
real_benign_1s,speech_noisy,-10.072170579043947,0.05587028627674003,0.403067258766087,0.0
real_benign_1s,speech_noisy,-14.127969614075768,0.013503743952355289,0.5365321507839772,0.0
real_benign_1s,speech_noisy,-19.441127610554695,0.007714126109102677,0.23052130697333026,0.0
real_benign_1s,speech_noisy,-11.629033438798665,0.03533610671642843,0.3665824841334006,0.0
real_benign,music_guitar_piano,-38.19873604582016,4.8002566840406724e-05,0.000382719545855296,-26.653479337135927
real_benign_1s,music_guitar_piano,-31.797509497412854,8.020745823591772e-05,0.0007183132292734008,0.0
real_benign_1s,music_guitar_piano,-29.78208804139028,0.00014103301232088513,0.0016510309622771212,0.0
real_benign,music_guitar_piano,-23.48695312198793,0.003238316671791469,0.00884432040344726,-23.022398463318442
real_benign_1s,music_guitar_piano,-23.272353248170713,0.0034601542833061667,0.009447995079209966,0.0
real_benign_1s,music_guitar_piano,-25.948523390151305,0.001708644855270409,0.0019875531574199737,0.0
real_benign,music_guitar_piano,-6.856974375202773,0.005022567399787227,0.13835486581398512,-15.37016404689018
real_benign_1s,music_guitar_piano,-6.62129708535236,0.006564412562410045,0.13290047256418977,0.0
real_benign_1s,music_guitar_piano,9.215195621255116,0.0035661991999163954,0.1796228140812114,0.0
real_benign_1s,music_guitar_piano,23.79908947701828,0.018434514449990683,0.18971766647095348,0.0
real_benign,music_guitar_piano,-28.351357154423127,0.0014393500308526187,0.005247251616060334,-26.30832202214384
real_benign_1s,music_guitar_piano,-37.0977083116355,0.00019256022475345357,0.0027421357947975972,0.0
real_benign_1s,music_guitar_piano,-2.303042248878997,0.25105720236713813,0.5840949256633561,0.0
real_benign_1s,music_guitar_piano,14.254051417271397,0.6230403846406108,0.9383741086191568,0.0
real_benign,music_guitar_piano,-51.04679905536863,7.323546167367216e-06,2.1129639727937867e-05,-16.202387175822118
real_benign_1s,music_guitar_piano,-50.91638807085413,7.546038622712248e-06,2.178739370126191e-05,0.0
real_benign_1s,music_guitar_piano,-29.946675963182763,0.0009365473299039665,0.001085651032019472,0.0
real_benign,music_guitar_piano,-25.531654918768794,0.0027269203119664335,0.019733119852417193,-42.128586131307735
real_benign_1s,music_guitar_piano,-25.004862303178086,0.003068405453743907,0.022389146620443934,0.0
real_benign_1s,music_guitar_piano,-6.530924589411922,0.2221281848129508,0.24211918152587236,0.0
real_benign_1s,music_guitar_piano,-8.075790243937751,0.15509723851032994,0.16942024633089103,0.0
real_benign_1s,music_guitar_piano,-5.60388053109299,0.19175930410443615,0.286872245936773,0.0
real_benign,music_guitar_piano,-54.68090908440833,1.937419348709134e-06,0.0004084599730029378,-35.3549732826222
real_benign_1s,music_guitar_piano,-44.494726876212425,3.1271998803219995e-05,0.000701388428878281,0.0
real_benign_1s,music_guitar_piano,-8.064915101622965,0.10302147059691862,0.1128588053964411,0.0
real_benign_1s,music_guitar_piano,-20.057491077402872,0.004721632036857547,0.005359497910604213,0.0
real_benign_1s,music_guitar_piano,-34.233966584703126,0.00019463820854476424,0.0008635688987882694,0.0
real_benign_1s,music_guitar_piano,-4.305551588177325,0.08771558712614617,0.10027520964124964,0.0
real_benign,music_guitar_piano,-53.7531371487669,3.4837635375957473e-06,0.0009413957561250581,-31.990942540770575
real_benign_1s,music_guitar_piano,-60.66565496121798,7.0261970520096e-07,0.0009802794255625684,0.0
real_benign_1s,music_guitar_piano,-8.231266832249784,0.14997816926856708,0.16355561797724963,0.0
real_benign,music_guitar_piano,-20.24896115780997,0.003619380055099494,0.13267968471959407,-24.39474785059536
real_benign_1s,music_guitar_piano,-20.14911778765928,0.0036957400226329184,0.13353793663446858,0.0
real_benign,music_guitar_piano,-14.660442228208783,0.0009774416667268227,0.0049674319832788685,-14.448988070512819
real_benign_1s,music_guitar_piano,-13.583637482197553,0.001512480158405028,0.006563650432611073,0.0
real_benign_1s,music_guitar_piano,-3.2547921874571477,0.007477199640798132,0.01192560617247306,0.0
real_benign_1s,music_guitar_piano,-19.304052410060027,0.00020805585224162947,0.0036775090189904917,0.0
real_benign,music_guitar_piano,-43.47438552925209,1.0075185240983174e-05,0.020975019702526108,-17.634504092741466
real_benign_1s,music_guitar_piano,-37.85581275906349,3.0237197509622707e-05,0.02633641351621196,0.0
real_benign_1s,music_guitar_piano,-8.550569144227216,0.026097011020681793,0.03441811556798474,0.0
real_benign_1s,music_guitar_piano,-4.192530429035558,0.04110304299060672,0.11527330894318205,0.0
real_benign_1s,music_guitar_piano,-33.32595273153568,4.9227526848415685e-05,0.011493743909125005,0.0
real_benign,music_guitar_piano,-83.82784950361484,3.993527845688689e-09,0.001123807800363005,-31.020664664294586
real_benign_1s,music_guitar_piano,-83.83683692178701,3.984518652528691e-09,0.001099184731559582,0.0
real_benign_1s,music_guitar_piano,-13.31957909607586,0.045865068752962174,0.05029079280915025,0.0
real_benign,music_guitar_piano,-34.14844086816479,0.00012128347191335618,0.00037412894956098984,-16.848234931506052
real_benign_1s,music_guitar_piano,-33.88801074662742,0.0001351786554634759,0.0004223653271982271,0.0
real_benign_1s,music_guitar_piano,-0.6771071785287046,0.037502532787655384,0.04113637038583144,0.0
real_benign,music_guitar_piano,-28.666812281744495,0.00044464930026380273,0.004112146292102864,-26.68584494862121
real_benign_1s,music_guitar_piano,-28.915093125168532,0.0003882101641673141,0.002763477883371561,0.0
real_benign_1s,music_guitar_piano,-3.7681697950039448,0.21321650907050224,0.2476561430603689,0.0
real_benign_1s,music_guitar_piano,-15.404160018039361,0.014345738772108376,0.08511903290626517,0.0
real_benign,music_guitar_piano,-25.81190583504162,0.00010574170272373112,0.07716430870086409,-15.581502645906127
real_benign_1s,music_guitar_piano,-26.0445325092483,0.00012144387184423924,0.08042368307896798,0.0
real_benign_1s,music_guitar_piano,-20.568713715217058,0.0002520881731727151,0.0875607764868066,0.0
real_benign_1s,music_guitar_piano,-7.855791452416153,0.0012344440745032114,0.10045004911781708,0.0
real_benign,music_guitar_piano,-3.698935216058439,0.030135615231076635,0.03310765284665783,-14.8037267325695
real_benign_1s,music_guitar_piano,-2.63462319522747,0.042600283386054254,0.04682932801422595,0.0
real_benign_1s,music_guitar_piano,2.54964973458255,0.09102962995529595,0.09945109016731962,0.0
real_benign_1s,music_guitar_piano,-14.521475309167071,0.001743598761748962,0.0019585947627503045,0.0
real_benign,music_guitar_piano,-7.763037733006709,0.15127060358386107,0.1655940535440315,-22.23372903352207
real_benign_1s,music_guitar_piano,-1.7732944591425417,0.6006402572904882,0.6542588647221157,0.0
real_benign_1s,music_guitar_piano,-87.6295268826853,1.56360275821651e-09,0.0012411711284180513,0.0
real_benign,music_guitar_piano,-60.468923932192276,4.814430234119355e-07,0.01379634584868128,-23.794833652926975
real_benign_1s,music_guitar_piano,-60.41206680061055,4.784582161956583e-07,0.014681008164743789,0.0
real_benign_1s,music_guitar_piano,-7.079180136099233,0.14441862231586233,0.16066061664371345,0.0
real_benign_1s,music_guitar_piano,-8.020045588371861,0.13475517769386622,0.14720015101093864,0.0
real_benign_1s,music_guitar_piano,-6.4456372666518185,0.20268917651320578,0.22179638846783234,0.0
real_benign,music_guitar_piano,-45.65630650494151,4.806724248266134e-06,0.0017872687820904645,-23.367503791699747
real_benign_1s,music_guitar_piano,-38.73373287427928,4.028528113400632e-05,0.0011728256589900662,0.0
real_benign_1s,music_guitar_piano,-20.17315355154917,0.0030783952918538356,0.0059569353570604125,0.0
real_benign,music_guitar_piano,-48.36580502223953,1.3366976242837255e-05,0.008679099072733598,-29.663129261241995
real_benign_1s,music_guitar_piano,-48.50409171262533,1.2950280899329753e-05,0.00851381057366106,0.0
real_benign_1s,music_guitar_piano,9.452880074646261,0.0062848276520990655,1.051712275766575,0.0
real_benign_1s,music_guitar_piano,4.62072123681537,0.003269537031689552,0.9949863760584525,0.0
real_benign,music_guitar_piano,-44.43233513429942,6.325657198667364e-06,0.0005007773470461881,-18.957013680070062
real_benign_1s,music_guitar_piano,-44.369706496583575,6.318774825059328e-06,0.00040457474868725303,0.0
real_benign_1s,music_guitar_piano,5.082860749941865,0.320756359081474,0.3566182326924708,0.0
real_benign,music_guitar_piano,-1.8492469325930276,1.506380505985139e-06,0.11631958402433731,-16.446987358337342
real_benign_1s,music_guitar_piano,-1.6974104621498327,1.5606916264691144e-06,0.11713725451129892,0.0
real_benign_1s,music_guitar_piano,41.99656057783887,0.12466417793855024,0.25576505646703046,0.0
real_benign,music_guitar_piano,-57.539397733525284,6.41613337844757e-07,0.025214970859879463,-19.31106617092371
real_benign_1s,music_guitar_piano,-59.49858574466299,2.7273859474169215e-07,0.015867492069881698,0.0
real_benign_1s,music_guitar_piano,-8.127089682694452,0.05828600988156206,0.1348796403672598,0.0
real_benign_1s,music_guitar_piano,-10.834388483037962,0.02718531724839139,0.03884566619800231,0.0
real_benign,music_guitar_piano,-36.85052279615946,0.00020644246088543137,0.00024284541008629486,-18.582588862773342
real_benign_1s,music_guitar_piano,-36.85109250880317,0.00020641707040250034,0.00024301062830696537,0.0
real_benign,music_guitar_piano,-27.58860821010107,0.00047944548290742043,0.004251364753833783,-19.375685688177576
real_benign_1s,music_guitar_piano,-26.894903514040426,0.0006579858917801993,0.004234959592207163,0.0
real_benign_1s,music_guitar_piano,-7.168315301464033,0.02071629818591578,0.028181613173728994,0.0
real_benign_1s,music_guitar_piano,-15.743511865244654,0.0059660655697838915,0.0073085717803462675,0.0
real_benign,music_percussive,2.6247267344889247,0.5299926978738658,0.577564691787676,-35.68205174360903
real_benign_1s,music_percussive,2.8827985803695473,0.5457446090389496,0.5951668806304647,0.0
real_benign_1s,music_percussive,-19.48419626955928,0.007506908040596237,0.008259814365642168,0.0
real_benign,music_percussive,-15.297739885923658,0.009065875650698468,0.023467255389496827,-17.55998555648406
real_benign_1s,music_percussive,-7.59084951566599,0.0558396897419862,0.07346339335158894,0.0
real_benign_1s,music_percussive,-16.307442084816227,0.0084967297871224,0.010440102350313757,0.0
real_benign_1s,music_percussive,-19.881826512615977,0.003355533059784731,0.012311397248793224,0.0
real_benign_1s,music_percussive,-7.743420625294987,0.07134276489160407,0.10038489669009386,0.0
real_benign,music_percussive,-6.375414163090297,0.05198119435101962,0.057337620559266264,-30.91921947967005
real_benign_1s,music_percussive,-5.463048419118474,0.05698061703168388,0.0627694596608837,0.0
real_benign_1s,music_percussive,-7.071296861818329,0.12447707783237758,0.14077943122753686,0.0
real_benign,music_percussive,6.940251835839474,1.0608450365569557,1.1601687777969825,-36.46679476352298
real_benign_1s,music_percussive,7.147642313913004,1.0792578221705653,1.1811684013625452,0.0
real_benign_1s,music_percussive,-13.902477817058887,0.02882031719816237,0.03145356232288368,0.0
real_benign,music_percussive,-61.29622560159515,1.0499182996121098e-07,0.0038171889742424792,-39.32600036775487
real_benign_1s,music_percussive,-65.27416744364945,6.025210114411714e-08,0.003246295649430882,0.0
real_benign_1s,music_percussive,-3.9344876514093126,0.030085748343391457,0.04753928399205538,0.0
real_benign,music_percussive,-19.839279935100176,0.006001289301015486,0.01091321554905948,-27.098636389643037
real_benign_1s,music_percussive,-19.864825538684016,0.0059665005745383965,0.010876549031631481,0.0
real_benign,music_percussive,-16.423861540648726,0.0141985650134671,0.016306647277564337,-25.600725419265498
real_benign_1s,music_percussive,-10.347381283281756,0.05989095610882664,0.0661127078400996,0.0
real_benign_1s,music_percussive,-28.936498693804538,0.00047845658521871777,0.0012945575590303975,0.0
real_benign,music_percussive,-9.672039811880339,0.011016904886033393,0.6023911370996169,-11.452661477933255
real_benign_1s,music_percussive,-7.2322912534343455,0.01214918065953736,0.6273935209687291,0.0
real_benign_1s,music_percussive,-5.224295386902408,0.02113759307463451,0.6232698909082244,0.0
real_benign_1s,music_percussive,-8.487348528157778,0.015364250587712689,0.6014928512984381,0.0
real_benign,music_percussive,-57.5082198688817,6.460156579333085e-07,0.000982372268167201,-33.54869235418177
real_benign_1s,music_percussive,-55.72269104103954,1.0251316799250826e-06,0.0015803350356418898,0.0
real_benign_1s,music_percussive,-0.3123868229218112,0.3367351870097709,0.3677486457282812,0.0
real_benign_1s,music_percussive,-19.15156994709276,0.00024405571286135875,0.13355266028818807,0.0
real_benign_1s,music_percussive,-57.684349692436456,5.849054071011128e-07,0.00025575441237430356,0.0
real_benign_1s,music_percussive,-22.660665881679606,0.002190759198450517,0.0026164996791274565,0.0
real_benign,music_percussive,-59.655465678560006,7.335508667841916e-08,1.1884208748570953e-06,-32.548672041112525
real_benign_1s,music_percussive,-56.73496383104787,1.2108015710496984e-07,9.700431813578467e-06,0.0
real_benign_1s,music_percussive,3.3187401104085863,0.08807594865043691,0.09628373672485654,0.0
real_benign_1s,music_percussive,-20.189747256122153,0.0007957688539098376,0.0016427679669086023,0.0
real_benign_1s,music_percussive,-37.44814926959237,2.0300871706902962e-05,2.9587820201261093e-05,0.0
real_benign_1s,music_percussive,-11.860068293210162,0.0028006683200944857,0.003100388829017107,0.0
real_benign_1s,music_percussive,9.359806825495768,0.843261558103039,0.9212613030189796,0.0
real_benign,music_percussive,9.808625554769394,2.0899764366109843,2.2708876217390865,-35.61757327960338
real_benign_1s,music_percussive,9.86231637102368,2.0957828407183783,2.278864108162082,0.0
real_benign_1s,music_percussive,-15.49558929924767,0.022275508193451872,0.024263333865781122,0.0
real_benign,music_percussive,-14.050089622332742,0.00830357605699818,0.009341462406239207,-28.125607072827602
real_benign_1s,music_percussive,-13.84727475550891,0.008438306554712042,0.009361701691164714,0.0
real_benign_1s,music_percussive,-7.795314511038896,0.1098079511628499,0.13484140732955247,0.0
real_benign,music_percussive,-64.00721950290342,7.01798913904616e-08,0.0027817870303702866,-22.877065181166426
real_benign_1s,music_percussive,-56.79608920719645,7.756247147709734e-07,0.001145093495672703,0.0
real_benign_1s,music_percussive,-26.416565715808602,0.0004322206882109373,0.003682696036292461,0.0
real_benign,music_percussive,-29.725763601540073,3.4932319604679734e-05,0.00010119927525594958,-49.99642144568181
real_benign_1s,music_percussive,-28.725996907083488,4.672233641127436e-05,0.00012319035192875346,0.0
real_benign_1s,music_percussive,-0.59614934236031,0.026447440589066302,0.02897357057203627,0.0
real_benign_1s,music_percussive,-7.937437113075008,0.00505502850215549,0.005529909461170897,0.0
real_benign,music_percussive,-4.859636607654146,0.005072667942970201,0.006281236172782783,-41.08592834127087
real_benign_1s,music_percussive,-2.568432292902573,0.0077907542997791195,0.008748867701186616,0.0
real_benign_1s,music_percussive,-4.24692906196523,0.007565829105125356,0.008966305484817083,0.0
real_benign_1s,music_percussive,2.171715188608235,0.02704457912332713,0.03385344139102028,0.0
real_benign_1s,music_percussive,3.6517248200822516,0.030912689720874204,0.03384123882950155,0.0
real_benign_1s,music_percussive,9.764044671740068,0.11021756430421413,0.12094605544849593,0.0
real_benign_1s,music_percussive,-8.628662904490806,0.0020566217359727877,0.002495992119332962,0.0
real_benign,music_percussive,16.431682811722123,2.5666648303029787,2.7588254385113253,-26.887554226520024
real_benign_1s,music_percussive,16.488956899528382,2.5690046939410482,2.7630911253944936,0.0
real_benign,music_percussive,-30.26459360700478,0.0002176935966520848,0.0002980161673888552,-28.084278202267818
real_benign_1s,music_percussive,-30.24361465804928,0.00021515971165908366,0.00025364318589277395,0.0
real_benign_1s,music_percussive,-0.9788879176415031,0.4926180584898635,0.5477405022133562,0.0
real_benign,music_percussive,-9.989362765118777,0.01278427242735605,0.013918161427601005,-27.92934612786628
real_benign_1s,music_percussive,-9.793268938122457,0.01291141888903679,0.014058068695664814,0.0
real_benign_1s,music_percussive,-8.11586379248441,0.10366331583068084,0.1157646045098891,0.0
real_benign,music_percussive,-11.083759954854886,0.007681182614515683,0.008519805516549524,-29.20700699545644
real_benign_1s,music_percussive,-10.988632138208834,0.007713585350464484,0.008562223840054487,0.0
real_benign_1s,music_percussive,-20.004907166031014,0.004898227343555693,0.005612598856592916,0.0
real_benign,music_percussive,-19.948327334966585,0.0019342061657940102,0.004002323552280842,-28.13413037385645
real_benign_1s,music_percussive,-19.949705661454797,0.0019335953885099703,0.004000577887901969,0.0
real_benign,music_percussive,-28.32807722372022,0.0013326955198102865,0.001417356404642019,-27.427504250324944
real_benign_1s,music_percussive,-28.33234650954005,0.0013313860995726452,0.0014170010320243022,0.0
real_benign,music_percussive,-62.11827153004738,6.355371023989532e-08,6.920291935839561e-08,-21.801956558181985
real_benign_1s,music_percussive,-56.17412026934541,2.4926820406386285e-07,2.803294588224278e-07,0.0
real_benign_1s,music_percussive,-50.92365362121771,8.368184491829242e-07,9.116287302427622e-07,0.0
real_benign,music_percussive,7.340946756670078,0.8789890767829366,0.9586321055240733,-35.30676714972488
real_benign_1s,music_percussive,8.034822790183453,0.9534853782984856,1.0406396041743227,0.0
real_benign_1s,music_percussive,-10.947544725874467,0.021594642258195046,0.023795548107008846,0.0
real_benign,music_percussive,-53.22037566348275,2.5042365656848287e-06,2.908610512909364e-05,-38.75159456300284
real_benign_1s,music_percussive,-46.21789387606941,1.9484648807249623e-05,9.02612286540872e-05,0.0
real_benign_1s,music_percussive,-11.65175569561367,0.03614051761852466,0.03936126032007383,0.0
real_benign_1s,music_percussive,-5.059659362870342,0.16015301449553065,0.1747248067821524,0.0
real_benign_1s,music_percussive,-12.646115942201149,0.04694166978285998,0.05450008460971839,0.0
real_benign,music_percussive,-10.761938750290003,0.007914135658297012,0.23482549092435928,-22.582769399591548
real_benign_1s,music_percussive,-7.941042235407846,0.012196436020561537,0.2024961534457108,0.0
real_benign_1s,music_percussive,-9.62692268707604,0.04897037187023788,0.09710626699658985,0.0
real_benign_1s,music_percussive,-19.34731112307522,0.0010357086343579357,0.17285976480216997,0.0
real_benign,music_percussive,-17.499467811264864,0.005587969355393548,0.02316439395732661,-17.830593252618222
real_benign_1s,music_percussive,-10.23777616351515,0.019379539657470947,0.0459495830175295,0.0
real_benign_1s,music_percussive,-13.09758424252857,0.01394974760799915,0.025508676955795017,0.0
real_benign_1s,music_percussive,-22.07060920707915,0.0024107178039420598,0.006523766300935767,0.0
real_benign_1s,music_percussive,-14.730188093383417,0.013191381489692762,0.040148694585260235,0.0
real_benign,music_percussive,-19.87276514990959,0.00027340416580872383,0.8199765365646345,-10.803056365627858
real_benign_1s,music_percussive,-19.46379405529758,0.00020408511911512408,0.8583564066997103,0.0
real_benign_1s,music_percussive,-11.765125697653293,0.0011377713929797318,0.8580503702892897,0.0
real_benign_1s,music_percussive,-9.247693778408244,0.003448219968742494,0.8956769318458359,0.0
real_benign,music_percussive,-35.869030291087114,2.566417908232202e-05,0.00012044237280702125,-22.06525592286296
real_benign_1s,music_percussive,-26.928628007844747,0.0004660283304552498,0.002318990507558582,0.0
real_benign_1s,music_percussive,-15.205705646563805,0.002857497123586115,0.0031448371745967396,0.0
real_benign_1s,music_percussive,-1.0248025877112474,0.08106998669370954,0.08857124704690644,0.0
real_benign,music_percussive,-11.546339867921525,0.06018304587705696,0.06568664319004029,-35.18121078697238
real_benign_1s,music_percussive,-11.518431915330613,0.0605148682352445,0.06607469273008634,0.0
real_benign_1s,music_percussive,-22.503784070423947,0.004991883737465317,0.09440439695904222,0.0
real_benign,music_percussive,-20.77965263690709,0.002682025540791151,0.34506207777466863,-10.7541136288075
real_benign_1s,music_percussive,-20.550062188851324,0.0032253453815192738,0.36747433447973366,0.0
real_benign_1s,music_percussive,-15.719618882109462,0.010705342019656106,0.41286302412869924,0.0
real_benign_1s,music_percussive,-12.970417993143528,0.019288125969918947,0.3959039211343041,0.0
real_benign_1s,music_percussive,-9.288397527281624,0.037297709721330126,0.4552134600770571,0.0
real_benign,music_wind_brass_vocal,-53.02031328765893,4.952290283830248e-06,1.735825693005851e-05,-19.308232432506873
real_benign_1s,music_wind_brass_vocal,-54.7311149846913,3.342950637298523e-06,1.2073383315785843e-05,0.0
real_benign,music_wind_brass_vocal,-64.91029455416098,2.4307688632233925e-07,9.39137748326662e-06,-27.461345455968164
real_benign_1s,music_wind_brass_vocal,-61.62936392909005,4.851938642313893e-07,1.9409857310244493e-05,0.0
real_benign_1s,music_wind_brass_vocal,-9.388814830305078,0.0882499724317399,0.09621985354719946,0.0
real_benign_1s,music_wind_brass_vocal,-14.4250799326425,0.0267157892002493,0.029143706856662913,0.0
real_benign_1s,music_wind_brass_vocal,-26.76816973352529,0.0018341327419086385,0.0020585505916346494,0.0
real_benign,music_wind_brass_vocal,-56.81153516736603,2.0784896146489457e-06,4.090289329747119e-06,-24.570254861420775
real_benign_1s,music_wind_brass_vocal,-53.245994718347546,4.719701980288446e-06,7.91169033695453e-06,0.0
real_benign_1s,music_wind_brass_vocal,-24.60508183445978,0.0034560816058928747,0.0038368672188061888,0.0
real_benign,music_wind_brass_vocal,-32.30093481810291,0.0005646043108658266,0.0022559242757035493,-30.069740286086322
real_benign_1s,music_wind_brass_vocal,-33.2218146692898,0.00045977182319271217,0.0015241997808265002,0.0
real_benign_1s,music_wind_brass_vocal,-13.790515752294386,0.03899980606833113,0.04518740758541204,0.0
real_benign_1s,music_wind_brass_vocal,-14.006369492046794,0.038214456832826836,0.04244165488502764,0.0
real_benign,music_wind_brass_vocal,-45.34242284460823,1.1137226973301121e-05,0.0001510804034817296,-33.75121013980787
real_benign_1s,music_wind_brass_vocal,-47.32188931248353,7.109936545661232e-06,0.00015143106217591784,0.0
real_benign,music_wind_brass_vocal,-64.61292049325023,3.079411115711333e-07,1.6154460429752498e-06,-26.517706630091013
real_benign_1s,music_wind_brass_vocal,-43.532611150004,4.009516142482807e-05,0.00023907125433925933,0.0
real_benign_1s,music_wind_brass_vocal,-27.075979365682738,0.0017230189839400774,0.0018757664322064111,0.0
real_benign_1s,music_wind_brass_vocal,-5.515851144780552,0.2431575272740945,0.26511899345078715,0.0
real_benign_1s,music_wind_brass_vocal,-15.79137584872122,0.023520803392496993,0.02564491302054315,0.0
real_benign,music_wind_brass_vocal,-48.82194626513907,1.2498360223091183e-05,2.3753565631163873e-05,-22.173159434582097
real_benign_1s,music_wind_brass_vocal,-33.383261291413085,0.00035562050765031037,0.0004818890130391318,0.0
real_benign_1s,music_wind_brass_vocal,-22.93450543883052,0.005021771018629916,0.005505929946129478,0.0
real_benign_1s,music_wind_brass_vocal,-38.07850742934052,0.00015461159822116697,0.00017098648451154631,0.0
real_benign_1s,music_wind_brass_vocal,-4.271477466764707,0.2000691869125858,0.2183082269001327,0.0
real_benign,music_wind_brass_vocal,-28.585186480623108,0.00017092701946991597,0.14899736247692189,-29.108097900361397
real_benign_1s,music_wind_brass_vocal,-29.453100773139525,0.00014950532717068613,0.14894403523080185,0.0
real_benign,music_wind_brass_vocal,-61.8267890022564,6.553481211463898e-07,8.740254968704082e-07,-14.619026937418205
real_benign_1s,music_wind_brass_vocal,-59.5033710100628,1.1176064916195305e-06,1.2804111175176498e-06,0.0
real_benign_1s,music_wind_brass_vocal,-19.33134849081744,0.011646815214117113,0.012703119197479221,0.0
real_benign,music_wind_brass_vocal,-41.465853883998705,6.69654313629712e-05,0.00013736263790788106,-28.842558935984947
real_benign_1s,music_wind_brass_vocal,-24.73515352132891,0.0012969766895857282,0.0025104980391721697,0.0
real_benign_1s,music_wind_brass_vocal,-31.576854473272373,0.0006720514404088537,0.0007353909862457283,0.0
real_benign_1s,music_wind_brass_vocal,-10.365198929570665,0.0905626603069113,0.0987830795135277,0.0
real_benign_1s,music_wind_brass_vocal,-13.716779793432739,0.03197352855854369,0.03512349946951435,0.0
real_benign,music_wind_brass_vocal,-65.07158246439589,2.926125575495964e-07,4.0264764902249573e-07,-22.274900589198158
real_benign_1s,music_wind_brass_vocal,-64.81054840518078,3.0088428680541516e-07,4.0717906586926245e-07,0.0
real_benign_1s,music_wind_brass_vocal,-14.24231554829934,0.03595755318246924,0.039186551175105604,0.0
real_benign,music_wind_brass_vocal,-62.097136895902935,5.945810077733102e-07,8.599597442289597e-07,-34.39995283211273
real_benign_1s,music_wind_brass_vocal,-69.07036577110107,1.1901728490164795e-07,2.796364224565079e-07,0.0
real_benign_1s,music_wind_brass_vocal,-48.64942559029714,1.3119713122317097e-05,5.0461880696904114e-05,0.0
real_benign_1s,music_wind_brass_vocal,-5.941969452571584,0.2366301979418354,0.25802671330861887,0.0
real_benign,music_wind_brass_vocal,-30.353378218916376,0.00031471115798299357,0.0004001631781848501,-26.664089356760922
real_benign_1s,music_wind_brass_vocal,-21.604447410224324,0.0026898111069267767,0.004294097132805037,0.0
real_benign_1s,music_wind_brass_vocal,-11.354895304073239,0.024577504581802682,0.026905905849699728,0.0
real_benign,music_wind_brass_vocal,-45.97811644106762,2.5136259125892833e-05,6.502609784349585e-05,-22.452918829140454
real_benign_1s,music_wind_brass_vocal,-36.88975342101014,0.00020379009530662747,0.0005252433017264961,0.0
real_benign_1s,music_wind_brass_vocal,-18.528987169718224,0.014012049820169188,0.015290576837863896,0.0
real_benign_1s,music_wind_brass_vocal,-8.706936735081783,0.12628255957172813,0.13801008941700896,0.0
real_benign_1s,music_wind_brass_vocal,-19.064692134669507,0.012369140146670052,0.013467413382954934,0.0
real_benign_1s,music_wind_brass_vocal,-25.407260655149408,0.0028798696216957,0.0037352687444175514,0.0
real_benign,music_wind_brass_vocal,-59.82942284676697,1.0147827135343337e-06,1.3701060402016763e-06,-18.287564015835535
real_benign_1s,music_wind_brass_vocal,-54.79760619201735,3.049327815906836e-06,3.7105667575837045e-06,0.0
real_benign,hf_natural,-1.4372681401448018,0.008239991084381715,0.02133255231708809,-28.391065941051433
real_benign_1s,hf_natural,2.533377287779055,0.015724539331014857,0.027320264132400903,0.0
real_benign_1s,hf_natural,5.9394549150268015,0.07564314349079458,0.11618000160589767,0.0
real_benign_1s,hf_natural,-6.667698703436049,0.008312560279167594,0.09255618706503776,0.0
real_benign,hf_natural,-57.17963949919774,3.370210253138716e-07,2.7063362558186126e-06,-33.420435404614956
real_benign_1s,hf_natural,-56.233288695726735,3.8920307299329155e-07,2.6596783101203083e-06,0.0
real_benign,hf_natural,-22.85906372153313,0.0029102784314277205,0.3485660642772371,-56.540891818806465
real_benign_1s,hf_natural,-19.450841518297345,0.0045770285565336025,0.5151226439360155,0.0
real_benign,hf_natural,-41.20976847246777,3.131487069192043e-05,3.4172074052264847e-05,-48.89621490302177
real_benign_1s,hf_natural,-27.02024881338955,0.000799360702952574,0.000873389165509262,0.0
real_benign_1s,hf_natural,-5.9896504249157605,0.15515835105878556,0.16913070456718407,0.0
real_benign_1s,hf_natural,-14.795522369457238,0.012764771600859518,0.01392892746855131,0.0
real_benign_1s,hf_natural,-9.199063417082874,0.05811791726622693,0.06342195602235778,0.0
real_benign_1s,hf_natural,-4.398961885088627,0.1604464544278679,0.17506395271091676,0.0
real_benign,hf_natural,-26.212554841779493,7.572545875163866e-05,0.006452695749952466,-24.036595692444585
real_benign_1s,hf_natural,-5.846620961019864,0.003936976377934388,0.08542630214336479,0.0
real_benign_1s,hf_natural,-31.281475020969964,5.085034357603514e-05,0.012237702127040971,0.0
real_benign_1s,hf_natural,-4.180225551281255,0.01162905916168225,0.24428773318242092,0.0
real_benign,hf_natural,-12.121442458529524,0.02639112054575532,0.14818494117660824,-32.60355414000941
real_benign_1s,hf_natural,-15.46979140855922,0.01581246154331069,0.1563924633920496,0.0
real_benign_1s,hf_natural,-6.535803191576257,0.07356755237179285,0.23462901897262042,0.0
real_benign_1s,hf_natural,-8.910228591253937,0.04932183550783811,0.17488524979044465,0.0
real_benign_1s,hf_natural,-12.193721597645267,0.04158075525049407,0.136744329404172,0.0
real_benign,hf_natural,-18.194937512610338,0.009311385193976387,0.05205349787939592,-30.855899647316406
real_benign_1s,hf_natural,-38.035762923720135,9.896308324254808e-05,0.03218706173615709,0.0
real_benign_1s,hf_natural,-13.714882704747664,0.027600560278841776,0.07298902285131686,0.0
real_benign_1s,hf_natural,-23.70486230535167,0.003303504457716424,0.02186379970143526,0.0
real_benign_1s,hf_natural,6.167885900600318,0.04375187755243123,0.9966207784624548,0.0
real_benign,hf_natural,-41.1111550332096,7.398901142965992e-05,9.012112644501284e-05,-37.31749964216939
real_benign_1s,hf_natural,-39.043716600184474,0.00011917100608699954,0.0001453834981663767,0.0
real_benign_1s,hf_natural,-7.720555752167048,0.16090613464968145,0.17542699821622038,0.0
real_benign_1s,hf_natural,-12.547166028324702,0.05287211601342104,0.057671527340916,0.0
real_benign_1s,hf_natural,-12.505874380614646,0.053521124236967636,0.058408926808352885,0.0
real_benign_1s,hf_natural,-10.956120656080689,0.07609793458049369,0.08307244535812552,0.0
real_benign,hf_natural,-25.38085123089465,0.0022775809474382042,0.00444124292541932,-24.391228404813795
real_benign_1s,hf_natural,-25.162780899234882,0.0024572525750426806,0.007813414544761033,0.0
real_benign_1s,hf_natural,-28.69373341604615,0.0009957587292291536,0.0032328540101559575,0.0
real_benign,hf_natural,-14.723608167402272,0.02159783370154603,0.029583477047888326,-36.987374696303455
real_benign_1s,hf_natural,9.25263769837808,0.7129214917765605,0.7943806623197386,0.0
real_benign_1s,hf_natural,-19.523869185492245,0.007676305082706046,0.00878327273219694,0.0
real_benign_1s,hf_natural,-10.018772240515595,0.04878945675169212,0.06707295466274601,0.0
real_benign_1s,hf_natural,19.37000856225356,0.7006316017652404,0.9172554974293503,0.0
real_benign,hf_natural,-15.357544277718912,0.01965563689168966,0.051361969281085725,-26.95309669274785
real_benign_1s,hf_natural,-10.289045630688051,0.061513800140450395,0.06560021405177582,0.0
real_benign_1s,hf_natural,1.4587276592723346,0.010326527938948862,0.012790908746359844,0.0
real_benign,hf_natural,-31.664263339984227,0.00036337509320855186,0.005687025766691111,-44.83752611958377
real_benign_1s,hf_natural,-4.540249087127134,0.027487665109360855,0.4917614223741917,0.0
real_benign_1s,hf_natural,-24.98582386330228,0.0017137266360318156,0.003315225583691853,0.0
real_benign,hf_natural,-25.806477344527494,0.000548993754514632,0.04785735198108051,-26.701705611553137
real_benign_1s,hf_natural,-24.823386441494165,0.0008568398151278826,0.06694645943282558,0.0
real_benign,hf_natural,-63.78895701829653,9.926532511496857e-08,9.613542082895232e-05,-32.97150600759985
real_benign_1s,hf_natural,-63.93618968092718,6.036955156061801e-08,3.036264866986293e-05,0.0
real_benign_1s,hf_natural,-7.551495504123301,0.03959508865943657,0.043303639008581814,0.0
real_benign_1s,hf_natural,-11.158580437818182,0.01901840634576426,0.02077120569290131,0.0
real_benign_1s,hf_natural,1.9488534543942448,0.43805304760864444,0.47751456668863695,0.0
real_benign_1s,hf_natural,-16.234376150958113,0.009936928520836772,0.011134366248184351,0.0
real_benign_1s,hf_natural,-20.0242810756551,0.0019721235854033375,0.0037527291583605497,0.0
real_benign,hf_natural,-19.411576534302238,0.0004511200815412678,0.0004979953471848577,-28.932257178540645
real_benign_1s,hf_natural,-19.419056804144578,0.0004503437429882283,0.0004972722484585443,0.0
real_benign_1s,hf_natural,0.0,0.0,0.0,0.0
real_benign_1s,hf_natural,0.0,0.0,0.0,0.0
real_benign,hf_natural,-28.84785698165968,0.00112521325120045,0.02074667854536685,-42.138517628066275
real_benign_1s,hf_natural,-32.43160667131636,0.00047606525760828335,0.01967871273149857,0.0
real_benign,hf_natural,-17.080834969972962,0.005304929610833145,0.05317551042247755,-36.69852227519077
real_benign_1s,hf_natural,-16.942266841917856,0.005567466140502629,0.030853818290825202,0.0
real_benign_1s,hf_natural,-16.620930117825758,0.0068089947637856385,0.061403145613139,0.0
real_benign_1s,hf_natural,-11.469844886922822,0.018978402154890436,0.06809616155380212,0.0
real_benign_1s,hf_natural,-15.047126667475528,0.007857407499552639,0.06509780797827297,0.0
real_benign_1s,hf_natural,-15.41534796112727,0.0076882863587898875,0.04683860408168198,0.0
real_benign_1s,hf_natural,-13.741970458310371,0.006987449074539704,0.04726843157953118,0.0
real_benign,hf_natural,-7.500686939563995,0.001633805013318027,0.004178837992191686,-44.20648134058665
real_benign_1s,hf_natural,-8.689392907073717,0.001350350080124853,0.008878991476650725,0.0
real_benign_1s,hf_natural,-10.717553053433688,0.0009863264801268042,0.0029278478930908256,0.0
real_benign_1s,hf_natural,-12.416615262230321,0.00048148318622461586,0.002582549881149607,0.0
real_benign_1s,hf_natural,-3.760654723806347,0.005816496631546789,0.007829847054209797,0.0
real_benign,hf_natural,-50.5129253515462,8.848263567777538e-06,1.4713365873017922e-05,-27.13190434215578
real_benign_1s,hf_natural,-45.88139013407271,2.5511255317078274e-05,3.800859073771825e-05,0.0
real_benign,hf_natural,-33.24887485245938,0.00047255568008273957,0.0005188713442455175,-44.23055946422078
real_benign_1s,hf_natural,-28.625137779920415,0.0013710926204790847,0.001501954482881362,0.0
real_benign_1s,hf_natural,-14.825956368994076,0.03286177244445961,0.03582826125873583,0.0
real_benign,hf_natural,-12.860701240034569,0.007644780447651001,0.00964871485131346,-33.43928781914768
real_benign_1s,hf_natural,-11.81518732038631,0.014510454613671458,0.017977286595930217,0.0
real_benign_1s,hf_natural,-7.058097301692603,0.023265249455630528,0.025569387410593482,0.0
real_benign_1s,hf_natural,-4.711176450818717,0.026299682885407176,0.031491003360466445,0.0
real_benign_1s,hf_natural,-22.812983987224268,0.0004946265648866561,0.0009497199693908779,0.0
real_benign_1s,hf_natural,-14.079464677129907,0.003560628472888298,0.005928648311598279,0.0
real_benign,hf_natural,-78.12988145957107,1.4128702284815196e-11,1.101463363441941e-10,-20.397584960966128
real_benign_1s,hf_natural,-57.51632096045023,7.429766825548851e-11,8.603222798784345e-09,0.0
real_benign_1s,hf_natural,12.81997476064231,0.010146052260301101,0.011052028176351552,0.0
real_benign_1s,hf_natural,-14.498988721055158,6.236048076087177e-05,6.816599225756251e-05,0.0
real_benign_1s,hf_natural,23.29107158972114,2.6029706029358612,2.835519967796906,0.0
real_benign,hf_natural,-16.029639642025806,0.01793200579868291,0.03245404616436581,-22.31174441266027
real_benign_1s,hf_natural,-14.53863192802759,0.022317527093168928,0.04845490896172203,0.0
real_benign_1s,hf_natural,-14.864151060932105,0.025870312625890537,0.033533174907298596,0.0
real_benign,hf_natural,-27.33090050144112,0.001336386612957255,0.013201025105524487,-32.01581633031018
real_benign_1s,hf_natural,-16.955850364991875,0.013543877565470512,0.014741624202325807,0.0
real_benign_1s,hf_natural,-25.459936426332934,0.0026971029584445484,0.017857329861678158,0.0
real_benign_1s,hf_natural,-16.609068558672057,0.014920345992898116,0.36353275107064764,0.0
real_benign_1s,hf_natural,-28.766946256035975,0.0011731558368355869,0.052350430319159376,0.0
real_benign_1s,hf_natural,-31.777218460561972,0.0004074911178103585,0.0006353560529828933,0.0
real_benign,hf_natural,-39.545156253129015,9.07164609666808e-05,0.0005936170653829686,-21.894824302083173
real_benign_1s,hf_natural,-24.168406633710777,0.0015777111360746412,0.06299875666575286,0.0
real_benign_1s,hf_natural,-40.52284241116634,7.461539985203068e-05,0.0004600098103025193,0.0
real_benign,hf_natural,-20.777616355909277,0.0012156716409410212,0.0018194884130714928,-32.59414936405476
real_benign_1s,hf_natural,-17.09265788957002,0.002160822270221226,0.002680623587497505,0.0
real_benign_1s,hf_natural,-21.422525025124145,0.0010048367286695538,0.0020094902178441065,0.0
real_benign,hf_natural,-42.1375757012834,1.4804019636938965e-05,0.7445302686754057,-19.633381438581534
real_benign_1s,hf_natural,-34.74173772243006,0.0001017171362073442,0.9170766132567171,0.0
real_benign_1s,hf_natural,-7.082282865574209,0.06671174448216406,0.7272639436150918,0.0
real_benign_1s,hf_natural,0.9351353624473668,0.19806954907598726,0.9379256177238874,0.0
real_benign,hf_natural,-105.62301036205423,2.0592229283190253e-12,1.2016364779085922e-11,-16.07742624276935
real_benign_1s,hf_natural,-105.37054154414251,2.1352933016817117e-12,2.627347472690703e-11,0.0
real_benign,hf_natural,12.344687503857955,0.7084753134760363,0.9174714974523945,-41.242226128252064
real_benign_1s,hf_natural,15.73821719694128,0.8716409470250912,0.9680041281579989,0.0
real_benign_1s,hf_natural,24.19860679289442,0.9349332514267488,0.984650782588392,0.0
real_benign_1s,hf_natural,19.42714709786497,0.7431754315397364,0.9148146298792144,0.0
real_benign_1s,hf_natural,37.51405029365512,0.8134248202523648,0.8056983893669073,0.0
real_benign_1s,hf_natural,38.83900161772204,0.7668517121328421,0.7659038603300277,0.0
real_benign,hf_natural,-40.51311706732448,8.219603686963957e-05,0.0030591523626376793,-35.706478261187236
real_benign_1s,hf_natural,0.0,0.0,0.0,0.0
real_benign,environmental,-15.698337313926716,0.016213614717366025,0.26049587239750155,-37.41524875186384
real_benign_1s,environmental,-4.236738035729895,0.16856755516774827,0.5582388094062068,0.0
real_benign_1s,environmental,-27.196550809262874,0.0012331228244550285,0.1744813967766268,0.0
real_benign_1s,environmental,-19.03879950219786,0.007883608433141438,0.24634297106284836,0.0
real_benign,environmental,-4.296701875538514,0.05929725590672259,0.3396828747739802,-61.26291885207436
real_benign_1s,environmental,-7.252652191179003,0.05102808012508804,0.19384239803719422,0.0
real_benign_1s,environmental,4.367977442697495,0.10568326983217356,0.5607870680763791,0.0
real_benign_1s,environmental,-12.008575082568134,0.020180165134738925,0.16433601802740058,0.0
real_benign_1s,environmental,-5.770972519986378,0.05467136394816005,0.24485071343428605,0.0
real_benign,environmental,-22.660491462227682,0.0026217005015745274,0.0029859557706391903,-33.88195705987566
real_benign_1s,environmental,-14.313787601597713,0.018557351571153412,0.020447161034275668,0.0
real_benign_1s,environmental,-15.225781221170159,0.013300100382160973,0.014539125990169025,0.0
real_benign_1s,environmental,-20.382095941120916,0.004606798274564764,0.005156114364281438,0.0
real_benign_1s,environmental,-27.599242702221662,0.000826782423539764,0.0009736904119073397,0.0
real_benign,environmental,-33.34902407714557,0.0001614763116961851,0.07232622655232589,-17.930390562861998
real_benign_1s,environmental,-30.361039827460953,0.0006715956546291971,0.01953963902903515,0.0
real_benign_1s,environmental,-21.04330497872674,0.002961984546534121,0.10219245534054248,0.0
real_benign_1s,environmental,-8.892803864140241,0.03853949444906231,0.16818814261471723,0.0
real_benign_1s,environmental,-12.793707098623981,0.017889635071260058,0.03830259242290778,0.0
real_benign_1s,environmental,-11.43105013532213,0.017803633779704692,0.07251226431401844,0.0
real_benign_1s,environmental,-16.138496910832437,0.007354045687727297,0.09092737404947578,0.0
real_benign,environmental,2.3339593629453157,0.15248206895975477,0.1763090124984833,-36.896344875729945
real_benign_1s,environmental,18.29380909739211,0.08446466994142253,0.10461719473928698,0.0
real_benign_1s,environmental,1.6398336284400696,0.2630811933096621,0.37024237957177375,0.0
real_benign_1s,environmental,18.933750328166475,1.2735266285028641,1.3897518903091892,0.0
real_benign,environmental,8.725663112494273,0.583190016807359,0.8398893877344867,-35.624633288425684
real_benign_1s,environmental,8.31540568299909,0.6202980536141174,0.812498319336738,0.0
real_benign_1s,environmental,8.58085258636752,0.5775683108244508,0.848286620119677,0.0
real_benign_1s,environmental,6.383354764224088,0.5560244745781573,0.786823804954268,0.0
real_benign_1s,environmental,8.611262106195355,0.5802921758525325,0.8283249682672523,0.0
real_benign,environmental,-28.941717161125116,0.00011768155282055871,0.003331144929419868,-27.976301390148947
real_benign_1s,environmental,-28.802417099312475,1.6806104746608656e-05,0.00015099293978069225,0.0
real_benign_1s,environmental,-14.261677767761592,0.0033591953589822863,0.069503220394947,0.0
real_benign,environmental,-14.957993140020584,0.005212190494022357,0.05072228321396998,-16.595980581453325
real_benign_1s,environmental,-10.748680817477979,0.012929981978145065,0.05771064931387665,0.0
real_benign,environmental,-37.057658251912315,0.00017801938974795414,0.004139735132834,-63.457604924989475
real_benign_1s,environmental,-27.17559733222356,0.0010823884255330193,0.002060197548824617,0.0
real_benign_1s,environmental,-44.495598577662136,3.3277324708933895e-05,0.00018011399174585872,0.0
real_benign_1s,environmental,-5.56645062831006,0.18645150765089233,0.22903661932567948,0.0
real_benign,environmental,-13.307503975972121,0.0013054423743024072,0.7267883775250683,-32.7152351438898
real_benign_1s,environmental,-0.47304708896597386,0.0013646821358761052,0.8486849328541936,0.0
real_benign,environmental,-34.59941735560457,4.69070479053754e-05,0.10544764869998267,-55.778127054496395
real_benign_1s,environmental,-30.713001810460735,8.261156706431627e-05,0.15044179506787064,0.0
real_benign_1s,environmental,-12.395522330696728,0.005973097992616652,0.14927993576174248,0.0
real_benign_1s,environmental,-17.936937350491007,0.0028082361841676212,0.11456533266447953,0.0
real_benign_1s,environmental,-34.061994132094796,5.435078726067859e-05,0.07486114033468488,0.0
real_benign_1s,environmental,-17.63285619947243,0.003836201956921036,0.04326413686944968,0.0
real_benign,environmental,-38.74280358544725,1.1733801745345678e-05,0.0015358870640783152,-22.118728979359865
real_benign_1s,environmental,-35.30988668914961,2.1446570396420967e-05,0.004227711461940144,0.0
real_benign_1s,environmental,-8.84642061563444,0.011195581918112853,0.013328164276059975,0.0
real_benign_1s,environmental,-36.657819879144405,1.82111401196072e-05,0.0009725910417010367,0.0
real_benign_1s,environmental,-27.764356832027556,0.00022936588479098937,0.003106926169305491,0.0
real_benign_1s,environmental,-21.45298807403432,0.00490897864325594,0.1297773576705445,0.0
real_benign,environmental,-10.39364111451911,0.016657043185024877,0.3329598477161442,-26.330950801047464
real_benign_1s,environmental,-10.521237157602886,0.02313355210241855,0.3324612358637349,0.0
real_benign_1s,environmental,-5.610503843441692,0.023741014116100214,0.35148388796058005,0.0
real_benign,environmental,16.31000751534912,0.10011951819823502,0.9522390124861351,-45.630050199181454
real_benign_1s,environmental,14.063529431664781,0.06927091664744309,0.956568550025783,0.0
real_benign_1s,environmental,17.316016616950826,0.12197563661303062,0.9582478346087556,0.0
real_benign_1s,environmental,19.075285494473533,0.10691956414805591,0.9514467041374349,0.0
real_benign,environmental,-12.27137789920987,0.0425860091386903,0.1595008662900014,-32.1686037235969
real_benign_1s,environmental,-14.21937855194766,0.03133864768669816,0.1145229201440851,0.0
real_benign_1s,environmental,-9.17141968458615,0.08267658545810903,0.23177329723127277,0.0
real_benign_1s,environmental,-10.037139786868181,0.060931856214424,0.2808788346371304,0.0
real_benign_1s,environmental,-9.597001795530245,0.04557846273748992,0.4870382855403376,0.0
real_benign,environmental,-14.336302874055178,0.01171052967262387,0.14976842107839167,-48.31213621221846
real_benign_1s,environmental,-5.515408440342072,0.02486585848606464,0.25115447284260034,0.0
real_benign_1s,environmental,-13.089040730405008,0.010114970306752803,0.19039233186462015,0.0
real_benign_1s,environmental,-8.514817662670595,0.011026608489122512,0.19479544555240424,0.0
real_benign_1s,environmental,-6.061443899960772,0.13347802788490848,0.23229563997558372,0.0
real_benign_1s,environmental,-20.647580689826558,0.004917590947212487,0.1051088663440708,0.0
real_benign,environmental,-15.101950670225115,0.017381446542354247,0.0742862340113069,-29.459527137227255
real_benign_1s,environmental,-15.547926032431189,0.015410831789826891,0.07285003755015598,0.0
real_benign_1s,environmental,6.297092393348343,0.46750260755961986,0.7910461847615039,0.0
real_benign,environmental,-31.053995978850107,0.0002516505428198528,0.05684625219933188,-30.83863741124917
real_benign_1s,environmental,-28.649517964366616,0.0009718065785108729,0.08298880261871745,0.0
real_benign_1s,environmental,-17.427342757644237,0.005927111845999214,0.061669002745763674,0.0
real_benign_1s,environmental,-15.477773319135846,0.006335592206407809,0.11255455710370273,0.0
real_benign_1s,environmental,-5.319817186647665,0.04777756870378573,0.32384803982387317,0.0
real_benign_1s,environmental,-7.462734679570323,0.012437179995719997,0.4480714806544207,0.0
real_benign,environmental,9.447762228459924,0.0014117190298362388,0.0016215002483427692,-8.86593438074907
real_benign_1s,environmental,13.534829743745714,0.00424432997298445,0.004698618420028896,0.0
real_benign_1s,environmental,-6.831916432460879,2.32609301728904e-05,0.00011052841040015464,0.0
real_benign,environmental,-18.284956664006405,0.008692311586056723,0.07282701170021469,-57.632653388199095
real_benign_1s,environmental,-22.125337863944367,0.0037274480572648742,0.04158161880934499,0.0
real_benign,environmental,3.3863231307016717,0.24606252595472494,0.7120584205917224,-27.261223974620187
real_benign_1s,environmental,3.7944624638248396,0.22106523101892359,0.7568125037993861,0.0
real_benign_1s,environmental,5.196748754776312,0.3298819225830889,0.78846081860376,0.0
real_benign_1s,environmental,3.8750795377568648,0.2927006762985952,0.8465642987708805,0.0
real_benign_1s,environmental,2.418237851497608,0.20080559492171177,0.748450623179211,0.0
real_benign,environmental,12.041312364727613,0.07755273879837682,0.9595593662762595,-10.909075341423025
real_benign_1s,environmental,10.60420637390435,0.0797446240453988,0.9360266598035726,0.0
real_benign_1s,environmental,18.25849472341768,0.09663245929877494,1.0061309038331212,0.0
real_benign,environmental,15.989397585322699,0.04535868098660961,0.8335181520627828,-28.09718394050382
real_benign_1s,environmental,11.029834864631773,0.02147902050218144,0.8023225164704603,0.0
real_benign_1s,environmental,27.816908003075945,0.10593948638753367,0.9154301178091309,0.0
real_benign,environmental,17.942042387743815,0.7962911065055674,0.9607116207124219,-31.439602630637363
real_benign_1s,environmental,17.693556936876725,0.8080251018649263,0.9686766418624804,0.0
real_benign_1s,environmental,18.98197951366239,0.6421450007095607,0.8346377076526681,0.0
real_benign_1s,environmental,28.7280737662405,0.7996673367682565,1.0654556085894091,0.0
real_benign,environmental,-10.882498388243697,0.01890141006357706,0.25750284320904615,-54.94868633710997
real_benign_1s,environmental,6.553893845172965,0.2025941236794492,0.6869358357941936,0.0
real_benign_1s,environmental,0.47985352010711124,0.07317754789328698,0.5754889674904919,0.0
real_benign_1s,environmental,1.162171208747281,0.058754842899830004,0.5940506008804327,0.0
real_benign_1s,environmental,-0.017830863994645788,0.05840273322587546,0.5366046625234533,0.0
real_benign,electronic_device,-22.554694899259246,0.0015515773077965191,0.0017033687151597403,-31.26864859991987
real_benign_1s,electronic_device,-20.475195388089034,0.002492037120493146,0.0027359644425691146,0.0
real_benign,electronic_device,-29.12271602308456,0.0003026004078890658,0.0006636222452733122,-29.873314651694972
real_benign_1s,electronic_device,-17.59138742861433,0.006733581796506214,0.009024623875358373,0.0
real_benign_1s,electronic_device,-42.68803041578198,1.2027788375412203e-05,0.0001576361004903015,0.0
real_benign,electronic_device,-27.352644420527653,0.00024661158346306577,0.0032437475297822167,-38.58220291889854
real_benign_1s,electronic_device,-24.189992840275124,0.00031413456891988894,0.0032463932741724653,0.0
real_benign,electronic_device,-49.108630384769484,1.1611236391845758e-05,6.260336534513495e-05,-43.117646278431096
real_benign_1s,electronic_device,-54.61187948480965,3.252422404638182e-06,2.4349894650477453e-05,0.0
real_benign,electronic_device,-55.23021123992847,2.9989693003012375e-06,4.377055276271512e-06,-16.76852565122944
real_benign_1s,electronic_device,-53.091479674461056,4.907452686526084e-06,6.799817018253175e-06,0.0
real_benign,electronic_device,-14.648447491639319,0.028977813442750862,0.03154835392867933,-10.334084769417316
real_benign_1s,electronic_device,-14.237012189523066,0.0318780029780292,0.03473280239697114,0.0
real_benign,electronic_device,-43.67140018500736,1.5729278151176724e-05,0.00014339515225505082,-27.600832663727633
real_benign_1s,electronic_device,-41.03749709959229,2.8629171248259422e-05,7.692898500381815e-05,0.0
real_benign_1s,electronic_device,-12.782245821287333,0.019287131602037873,0.021245906325192954,0.0
real_benign,electronic_device,-42.94034251881939,1.7043771446776583e-05,0.002534145995510564,-48.88057600666926
real_benign_1s,electronic_device,-46.27713365013979,8.329842364975444e-06,0.0003641498706628733,0.0
real_benign_1s,electronic_device,-22.804464058037933,0.0015129486855249691,0.011086205750589702,0.0
real_benign,electronic_device,-14.364651209855362,0.01222424632760118,0.025596392831749568,-39.549476141678
real_benign_1s,electronic_device,-15.01897743426122,0.010476937538497407,0.028840692707812973,0.0
real_benign_1s,electronic_device,-15.733885734293356,0.008310407002199514,0.015897947326573642,0.0
real_benign,electronic_device,-42.121396358147464,5.62602726298285e-05,0.004153547621683237,-28.95262705433886
real_benign_1s,electronic_device,-42.60022193511628,5.069826076982502e-05,0.00377549630689593,0.0
real_benign,electronic_device,-9.610489162558439,0.02370574705239037,0.02579182080391949,-38.26967886926377
real_benign_1s,electronic_device,-3.5650406715764587,0.09520750450336364,0.10366304520695609,0.0
real_benign_1s,electronic_device,-6.133420547035168,0.05277956888995535,0.05750192538418671,0.0
real_benign_1s,electronic_device,25.135078476505136,1.4078111642047357,1.5329150048719695,0.0
real_benign,electronic_device,-26.06027042620375,0.000256486442781921,0.0006742446589983416,-12.427556084326106
real_benign_1s,electronic_device,-16.59683920905383,0.002170343876064732,0.0033104058176752953,0.0
real_benign_1s,electronic_device,-7.122482106076089,0.02086128051439086,0.02303545768788199,0.0
real_benign,electronic_device,-25.996770293368918,0.0020264312234801146,0.013710607777872648,-46.77429719123681
real_benign_1s,electronic_device,-32.23117515318292,0.0004844556236729393,0.013430917852547155,0.0
real_benign_1s,electronic_device,-18.656535396283928,0.010934459251380271,0.025004494902662055,0.0
real_benign,electronic_device,-4.483775454531273,0.01731323998358362,0.018999685015168886,-24.14136537478924
real_benign_1s,electronic_device,-4.17713192293607,0.017438609926002074,0.019150387266958308,0.0
real_benign_1s,electronic_device,-3.2226880996012945,0.3660340002428754,0.39891821392670174,0.0
real_benign_1s,electronic_device,-9.760605954008323,0.06350809349652534,0.07191903166224588,0.0
real_benign_1s,electronic_device,-11.310855142200325,0.011776102419234949,0.016751937668350553,0.0
real_benign_1s,electronic_device,-7.9500530226517885,0.007465642776851762,0.010978450555224518,0.0
real_benign,electronic_device,-36.40597046939905,0.0001343444395458212,0.06514868534877961,-16.669358907628585
real_benign_1s,electronic_device,-35.96527077978998,0.0001641184526419551,0.06559861047299673,0.0
real_benign,electronic_device,-38.62127889224632,6.160522937767947e-05,0.013299391250397676,-47.5280422553374
real_benign_1s,electronic_device,-11.341600924340312,0.004691056825724792,0.7547098081452931,0.0
real_benign_1s,electronic_device,-2.878043819131542,0.047106745781354556,0.7169375049457035,0.0
real_benign_1s,electronic_device,-7.766804555641259,0.01932492803882227,0.5804722537373418,0.0
real_benign_1s,electronic_device,2.3191238140974764,0.30176551953713376,0.828374065176467,0.0
real_benign_1s,electronic_device,-3.9768578316905847,0.02862168816623852,0.4666059037460304,0.0
real_benign,electronic_device,-30.68659645570429,0.0004949728272845199,0.0026604109350513287,-20.52472833501263
real_benign_1s,electronic_device,-33.411081905584595,0.00021564505851421695,0.001030153460278784,0.0
real_benign_1s,electronic_device,-27.657601373656462,0.0009085234920757401,0.003381581965633787,0.0
real_benign_1s,electronic_device,-31.435567656089805,0.00038826829223316046,0.003033374201513959,0.0
real_benign_1s,electronic_device,-27.39618514888448,0.0012129348014742762,0.0035892234059437134,0.0
real_benign_1s,electronic_device,-24.745105497978596,0.00198293664128891,0.004273601106627251,0.0
real_benign_1s,electronic_device,-4.094533806070656,0.2263106490019803,0.24538025423254592,0.0
real_benign,electronic_device,-42.4932395105884,5.122431820799993e-05,0.005097739590606844,-17.13974392446942
real_benign_1s,electronic_device,-31.268413757804403,0.0005733376937627502,0.015287225189828607,0.0
real_benign_1s,electronic_device,-21.030001765002723,0.007329170187556345,0.0111575465447195,0.0
real_benign,electronic_device,-24.869452580844534,0.0005548619374392168,0.0007593340836375546,-32.92762142256179
real_benign_1s,electronic_device,-14.547723105714702,0.005913280423221869,0.006765833076753203,0.0
real_benign_1s,electronic_device,-32.80177853836838,6.039987666890102e-05,0.00018225835139065353,0.0
real_benign_1s,electronic_device,-41.34876250557242,1.5205859848639129e-05,0.00010167110977545055,0.0
real_benign,electronic_device,-36.941965693003276,7.224211655401701e-05,8.21177775847846e-05,-27.137896777306672
real_benign_1s,electronic_device,-33.85538957582217,0.00014212199132550732,0.0001571869742201366,0.0
real_benign,electronic_device,-38.43988386996453,0.00011712745402617257,0.0004729752852870745,-31.614605202078497
real_benign_1s,electronic_device,-39.395133077393396,9.722528849225209e-05,0.0002556038404707168,0.0
real_benign_1s,electronic_device,0.0,0.0,0.0,0.0
real_benign_1s,electronic_device,0.0,0.0,0.0,0.0
real_benign,electronic_device,-30.42985861749852,0.0008985039634769518,0.0011452388531878006,-18.078800874310513
real_benign_1s,electronic_device,-23.41606910594941,0.004494517587693076,0.005668897472851094,0.0
real_benign_1s,electronic_device,-14.376861114512678,0.036380170827227484,0.03965260797334825,0.0
real_benign,electronic_device,-41.68059437118485,5.9652397968480284e-05,0.0002932719030818944,-22.895240974695664
real_benign_1s,electronic_device,-41.75774715467987,5.863746382624644e-05,0.0002887173830995373,0.0
real_benign_1s,electronic_device,-12.289218030710105,0.050365088152082405,0.059766833698388755,0.0
real_benign,electronic_device,-23.486621922501676,0.004460991400061056,0.00486745221738903,-2.5491685503991457
real_benign_1s,electronic_device,-18.73702042961869,0.013297479910853637,0.014518327334285397,0.0
real_benign_1s,electronic_device,-21.310036297197893,0.007387935664806662,0.008063133584173479,0.0
real_benign,electronic_device,-69.63392485333152,1.036712393782633e-07,8.478541638177021e-07,-18.019222129325176
real_benign_1s,electronic_device,-74.0777433695091,3.7465683261045424e-08,3.8169385708777415e-07,0.0
real_benign_1s,electronic_device,-9.407195044074605,0.10883952730846065,0.1186699592323769,0.0
real_benign_1s,electronic_device,-11.038969151191154,0.07579009589204072,0.082625432174435,0.0
real_benign,electronic_device,-6.702043093265995,0.03413663473294093,0.5669627337003402,-43.95765239782076
real_benign_1s,electronic_device,-3.625736193392803,0.08007086262878373,0.4033926900062229,0.0
real_benign_1s,electronic_device,-2.4947360268886545,0.12773306141645988,0.5327012884176022,0.0
real_benign_1s,electronic_device,0.04320740124891121,0.1198100041357571,0.7840205602021979,0.0
real_benign_1s,electronic_device,-3.6963890084931257,0.055890735484267325,0.6320916272819943,0.0
real_benign,electronic_device,-40.168751765955776,1.824271224252245e-05,0.0003997772942718404,-33.45514772493442
real_benign_1s,electronic_device,-29.141404512400094,9.515040881082195e-05,0.0003006271962712175,0.0
real_benign_1s,electronic_device,-3.9819568107557672,0.10089075999709077,0.11005229343115157,0.0
real_benign_1s,electronic_device,0.4041609974555888,0.22703327590976857,0.2502352120754856,0.0
real_benign_1s,electronic_device,9.146980953790367,1.420247845426411,1.5474867330556061,0.0
real_benign_1s,electronic_device,-6.042630912993269,0.10473685747329958,0.12035657891678837,0.0
real_benign,electronic_device,-56.09528138257378,2.45705922077688e-06,1.3907393280269537e-05,-10.724439821115464
real_benign_1s,electronic_device,-53.432078781106625,4.535668093614936e-06,2.7283124516278693e-05,0.0
real_benign_1s,electronic_device,-53.157354204926975,4.828025989236802e-06,2.7177423583179177e-05,0.0
real_benign,electronic_device,-15.180359239825972,0.030168768616008892,0.03285552237618731,-7.741913391565803
real_benign_1s,electronic_device,-9.182016923450103,0.12042795258779934,0.1312474000251088,0.0
real_benign_1s,electronic_device,-67.23956657296944,1.8773875837531824e-07,1.2869231341671725e-06,0.0
real_benign,electronic_device,-13.690446687642075,0.0017947282747042771,0.0029667654643085037,-31.691266490502365
real_benign_1s,electronic_device,-16.10388873879728,0.0007889896337937628,0.0017405337042256642,0.0
real_benign_1s,electronic_device,-8.732093004869117,0.0006944266515230569,0.0012546169313836669,0.0
real_benign,speech_clean,-30.426988415951413,0.000500304527599612,0.003219728840078121,-21.03867247813294
real_benign_1s,speech_clean,-32.076859357750855,0.00034155416194783827,0.002814577014083629,0.0
real_benign,speech_clean,-24.015561210619317,0.0022062425485883217,0.008703020206518142,-21.41507311302551
real_benign_1s,speech_clean,-24.12318595642511,0.0028153831768827913,0.006699780480643734,0.0
real_benign,speech_clean,-21.7531847193219,0.0033792315876766434,0.02197966091838728,-21.151368150520547
real_benign_1s,speech_clean,-20.585781876460373,0.004392562161979852,0.027869766462807637,0.0
real_benign_1s,speech_clean,-23.623063054975102,0.0016370550678103393,0.012252546569415467,0.0
real_benign_1s,speech_clean,-23.2204219117928,0.0023990187903706797,0.025775901777223224,0.0
real_benign,speech_clean,-25.092846001078154,0.001992750279388941,0.00910452620259443,-22.242971144225656
real_benign_1s,speech_clean,-27.42741430953993,0.0012191340585979474,0.005361418107081999,0.0
real_benign,speech_clean,-23.013218423105005,0.0026025883675214194,0.015770801878620497,-23.113453300237076
real_benign_1s,speech_clean,-25.70633577375356,0.0012205575230085283,0.012594022525888763,0.0
real_benign_1s,speech_clean,-22.381955415599176,0.004457622635938107,0.009203092261534306,0.0
real_benign_1s,speech_clean,-17.882795110826954,0.004839709731888516,0.0250428649240371,0.0
real_benign,speech_clean,-17.73254345146308,0.007807410635486357,0.04561198286644788,-30.27707295905502
real_benign_1s,speech_clean,-21.229046385430763,0.003155988216075232,0.025380335072979737,0.0
real_benign,speech_clean,-23.5356777795695,0.002464090144245836,0.012844108389133996,-22.83521824751652
real_benign_1s,speech_clean,-25.808768929707945,0.0017011366769040194,0.010266765675448397,0.0
real_benign_1s,speech_clean,-23.743290172787155,0.0021821554309809535,0.014531671953142927,0.0
real_benign,speech_clean,-22.773876807681187,0.0034757270616460963,0.02478506993393567,-27.846860981359317
real_benign_1s,speech_clean,-25.22428398900153,0.0019672566101026612,0.015795002392275666,0.0
real_benign,speech_clean,-23.624696307456126,0.003071982110298265,0.026340518717694036,-27.388030926359953
real_benign_1s,speech_clean,-24.594966148068437,0.0027423444714166335,0.016159198707445803,0.0
real_benign,speech_clean,-19.758623651781676,0.005287314086020537,0.02931498414324495,-28.095398570319944
real_benign_1s,speech_clean,-21.23279637446863,0.003699278572992718,0.018328732124277717,0.0
real_benign,speech_clean,-26.63074733290211,0.0013173357745420854,0.004077474325447415,-21.079611970877895
real_benign_1s,speech_clean,-28.511185388191784,0.0008828387930014284,0.0020580690093510226,0.0
real_benign,speech_clean,-18.866072491875002,0.0056186881682599036,0.026564482110402597,-20.825995571784976
real_benign_1s,speech_clean,-26.362006238345433,0.0012115886470955863,0.0077267150910026675,0.0
real_benign_1s,speech_clean,-15.228795164501792,0.012335133392038036,0.050932502835177654,0.0
real_benign,speech_clean,-24.062472667967043,0.002142734569733119,0.012155213339945172,-19.264390949870798
real_benign_1s,speech_clean,-24.271509094339407,0.0016767620759105335,0.007045659082293077,0.0
real_benign_1s,speech_clean,-8.465118539464548,0.09672071211703316,0.1270517673771269,0.0
real_benign,speech_clean,-23.926767774438204,0.0025192958613195334,0.01720670299986004,-19.96487643574603
real_benign_1s,speech_clean,-28.89265240467621,0.0009277880504455839,0.007829136201968186,0.0
real_benign_1s,speech_clean,-19.90520064514544,0.004501456050303177,0.0186677894056181,0.0
real_benign_1s,speech_clean,-24.30188107984611,0.0030114371354619286,0.012356509917989802,0.0
real_benign_1s,speech_clean,-25.160017727346712,0.0021184918310257566,0.013059933580814238,0.0
real_benign_1s,speech_clean,-27.43870561114893,0.0009349419723165023,0.016165466500284706,0.0
real_benign,speech_clean,-30.475939904164,0.0006728654690072846,0.0024110945380017884,-20.782655095778072
real_benign_1s,speech_clean,-30.85337672237682,0.0005478548697344309,0.002501076923814992,0.0
real_benign,speech_clean,-20.813288641511377,0.004832260635047161,0.01933910656418277,-21.58817558742851
real_benign_1s,speech_clean,-22.94859924685018,0.0028942219414600776,0.020290687788273285,0.0
real_benign_1s,speech_clean,-14.148817802951426,0.024975145705828337,0.044042774705136206,0.0
real_benign,speech_clean,-23.18758462662813,0.002814494389756049,0.0193523433020195,-28.16697588912808
real_benign_1s,speech_clean,-23.61639079994264,0.0026080635970471577,0.013522573393840217,0.0
real_benign,speech_clean,-17.00454219611189,0.009805347458656657,0.03281813363233897,-29.341787549898992
real_benign_1s,speech_clean,-18.580285457678535,0.006219235356113062,0.021302346637007395,0.0
real_benign,speech_clean,-19.05060335779529,0.0066478118252962445,0.03951207846488044,-30.089572069770192
real_benign_1s,speech_clean,-20.10581194735746,0.004606904795519674,0.026547722252602712,0.0
real_benign,speech_clean,-24.858469334430463,0.001894311063868961,0.006125568498867032,-23.59602348224967
real_benign_1s,speech_clean,-28.160761135954765,0.0008446699777716038,0.004198358008382951,0.0
real_benign,speech_clean,-19.266471754581012,0.005753724898343042,0.051416714458168686,-22.229550464776068
real_benign_1s,speech_clean,-22.14283594465311,0.0039822428872322525,0.021365345111447036,0.0
real_benign,speech_clean,-20.284278199778814,0.005010302291543786,0.02379360492895013,-20.83241048742968
real_benign_1s,speech_clean,-25.26793416877688,0.001828936457769499,0.011134809947921355,0.0
real_benign_1s,speech_clean,-13.701134257294914,0.015549427134098747,0.05556476227217333,0.0
real_benign_1s,speech_clean,-23.964651546940207,0.002339967139537144,0.01922561361483186,0.0
real_benign,speech_clean,-26.97658359838848,0.0012132089459057707,0.004897145047201713,-22.311088457404836
real_benign_1s,speech_clean,-28.366717728504053,0.0008468083822348341,0.0034257307612745734,0.0
real_benign,speech_clean,-23.9939069188358,0.0016557060501548788,0.00870545240709252,-20.66418813705361
real_benign_1s,speech_clean,-23.006298552385203,0.0014422555293613433,0.007319595248005634,0.0
real_benign,speech_clean,-28.078901185964465,0.0009436683051001005,0.011309942973605852,-20.7158637434885
real_benign_1s,speech_clean,-23.489726882427476,0.0015418924398214726,0.007955333603150136,0.0
real_benign_1s,speech_clean,-26.059134406923654,0.001878783906798409,0.014084607232849673,0.0
real_benign_1s,speech_clean,-25.592564834051508,0.0018765365776803578,0.008258480511140965,0.0
real_benign,speech_clean,-27.966928956249305,0.0010840975335067653,0.0036563901332354273,-19.71003016589958
real_benign_1s,speech_clean,-29.180365811720257,0.0008046522225617494,0.0034169018257374914,0.0
real_benign_1s,speech_clean,-21.992503972718595,0.003317834156031384,0.012081617842318756,0.0
real_benign,speech_clean,-13.56887853897807,0.01594937825295426,0.1264853935567702,-30.89864003563096
real_benign_1s,speech_clean,-19.21913507436656,0.005488115197438039,0.08528018034306477,0.0
real_benign,speech_clean,-26.31407457417079,0.001418737522563306,0.007500577804480522,-19.471373988245443
real_benign_1s,speech_clean,-30.418215442266042,0.0005479839790007092,0.005818239836334727,0.0
real_benign_1s,speech_clean,-14.160604696614595,0.022818088072753876,0.035446528329477374,0.0
real_benign,speech_clean,-25.43623333975077,0.0016400887205167173,0.007856213589665907,-20.876574504047376
real_benign_1s,speech_clean,-27.53075209996863,0.0010227608364570943,0.004047840664721254,0.0
real_benign,speech_clean,-26.3175506129648,0.0013680517892111577,0.011838802596666148,-18.893245350391258
real_benign_1s,speech_clean,-31.136215487034033,0.0004960622979285224,0.006483920639056402,0.0
real_benign_1s,speech_clean,-22.71622263086501,0.0028894696750884716,0.013369194431118106,0.0
real_benign_1s,speech_clean,-23.60120536849729,0.002603721470133407,0.014030566001978995,0.0
real_benign,speech_clean,-23.42230673629136,0.0022683752258758154,0.00830231894381267,-22.185865159407
real_benign_1s,speech_clean,-23.54933129592325,0.0018514409107615339,0.007305767929014683,0.0
real_benign,speech_clean,-21.061510608645477,0.004411707098423525,0.02831107141449058,-27.636116876813904
real_benign_1s,speech_clean,-22.205559628356482,0.002791307771550703,0.015183680629478186,0.0
real_benign_1s,speech_clean,-19.57158853420429,0.007175114919081714,0.027720434862145895,0.0
real_benign,speech_clean,-24.245968284305683,0.0025195343520502387,0.0073320440916479,-23.51495061964648
real_benign_1s,speech_clean,-25.3362223999294,0.0019426169095005182,0.00712660437445041,0.0
real_benign,speech_clean,-21.36744903504951,0.002426432778137538,0.011210061689409545,-23.049022652250578
real_benign_1s,speech_clean,-21.678875315825373,0.0025515622476620183,0.010270420978301591,0.0
real_benign,speech_clean,-29.129416969192356,0.0008100078240539892,0.00309443966947129,-19.80347555588048
real_benign_1s,speech_clean,-35.252142087846394,0.00021265811201885124,0.001221909205349632,0.0
real_benign,speech_clean,-19.792431352837315,0.005409724515392417,0.029253349319745256,-28.57820523771917
real_benign_1s,speech_clean,-24.193463228516805,0.0019299808787489581,0.0160065531338681,0.0
real_benign_1s,speech_clean,-4.142360453845733,0.17894011347531058,0.2470015558695386,0.0
real_benign,speech_clean,-27.611588745227603,0.0008871526747881685,0.004518631970552891,-21.15770689111465
real_benign_1s,speech_clean,-29.477054468694067,0.0006088326071638264,0.0037090130815317303,0.0
real_benign,speech_clean,-24.594010532383646,0.0018844028145196042,0.006258155747647259,-22.12997479736021
real_benign_1s,speech_clean,-25.203320542510525,0.0015485275543931463,0.005430177859205524,0.0
real_benign_1s,speech_clean,-24.119609691175498,0.002193423243814317,0.005364348065814272,0.0
real_benign,speech_clean,-22.92826283892692,0.0037040092534505833,0.024082953471004667,-28.296660320347897
real_benign_1s,speech_clean,-23.28089030572604,0.0034146663767460864,0.017690686442323002,0.0
real_benign,speech_clean,-27.71002266469733,0.0012354512051815445,0.0055259717899819065,-20.585089823906678
real_benign_1s,speech_clean,-30.897789192013963,0.0006319913060287821,0.002430112481436759,0.0
real_benign_1s,speech_clean,-16.526502647468963,0.01572038622374037,0.023034049398089534,0.0
real_benign,environmental,-29.676739497951715,0.0006445375999723412,0.005046139285737709,-20.942169729399602
real_benign_1s,environmental,-23.332698891801343,0.002921244361931408,0.009002067431799324,0.0
real_benign_1s,environmental,-9.676055154751174,0.06330393879490116,0.07218411955918833,0.0
real_benign_1s,environmental,-4.019830123083676,0.22838068988255886,0.2544823015188185,0.0
real_benign,environmental,-25.249561367574668,0.0015445163778200334,0.006231328873772306,-19.675935197989162
real_benign_1s,environmental,-17.225283482448365,0.010293388107448896,0.01630847898414466,0.0
real_benign_1s,environmental,-29.05050650846008,0.0006657639418802675,0.004617953156581061,0.0
real_benign_1s,environmental,-14.531650997863988,0.016482332632329372,0.02403138070617195,0.0
real_benign,environmental,-19.442520309776953,0.009141796525727138,0.012584950035259853,-20.835831561316596
real_benign_1s,environmental,-13.874571687910128,0.032744124455555405,0.03755659039338928,0.0
real_benign_1s,environmental,-16.581588519158135,0.018139571909191448,0.021694029742088675,0.0
real_benign_1s,environmental,-7.600388105761853,0.1372075310089179,0.1525666306941828,0.0
real_benign,environmental,-30.584711082664096,0.0005177732483082097,0.03601675857779101,-18.842172268758898
real_benign_1s,environmental,-24.29366179984698,0.002279462394211819,0.058395024471181,0.0
real_benign_1s,environmental,-13.748401781962778,0.02420407172267041,0.06653172736129279,0.0
real_benign_1s,environmental,-2.2823272362981397,0.3635060890036503,0.43160572810527986,0.0
real_benign,environmental,-3.8565174183521127,0.07307745674448,0.34713653551589674,-30.077864436711113
real_benign_1s,environmental,-2.532651986264317,0.1381806308601108,0.4062013343266496,0.0
real_benign_1s,environmental,-1.584406750924379,0.061159050613638626,0.8943952358250922,0.0
real_benign_1s,environmental,-11.700225541513687,0.02285971220741846,0.07991654518814857,0.0
real_benign,environmental,7.189660456450456,0.07458262513817698,0.7924056980883828,-33.02866616292944
real_benign_1s,environmental,4.407667144496378,0.1391494814940933,0.8262563932534462,0.0
real_benign_1s,environmental,21.694762251968875,0.47051529119630237,1.2764102777835882,0.0
real_benign_1s,environmental,12.947974836915996,0.05003159374488111,0.8566843513445344,0.0
real_benign,environmental,-41.54729503355792,5.453241411471117e-05,0.0015400054281616807,-32.68523968235401
real_benign_1s,environmental,-34.432877821316985,0.0002904749207178294,0.0011916248678784823,0.0
real_benign_1s,environmental,-18.167394548464635,0.011977560597619738,0.01448089298874647,0.0
real_benign_1s,environmental,-17.105441974880524,0.01494950077266948,0.018309068614406874,0.0
real_benign,environmental,-18.58380418450812,0.003451914811504602,0.02052747182032407,-32.29586244197364
real_benign_1s,environmental,-8.94574518027711,0.03433260824600612,0.056434373996643555,0.0
real_benign_1s,environmental,-7.9270844983592905,0.041055440451027166,0.07143331869508714,0.0
real_benign_1s,environmental,-7.8580282079207215,0.04051457474624271,0.06406735294403472,0.0
real_benign,environmental,5.320586285341795,0.5832665942767224,0.7345988617924507,-26.946163254811783
real_benign_1s,environmental,5.4151805826397945,0.5855660859073026,0.7866180870099658,0.0
real_benign_1s,environmental,5.7777280147999495,0.4794107767654667,0.7410602284138179,0.0
real_benign_1s,environmental,7.603456923819074,0.6850888253420453,0.7855552821811078,0.0
real_benign,environmental,-12.14732496335234,0.030090085633623483,0.12258574645514471,-24.976996695133607
real_benign_1s,environmental,-9.406920134843688,0.06862912392597607,0.12002508705333088,0.0
real_benign_1s,environmental,-20.45306195356785,0.0032618483479550137,0.1502398240406227,0.0
real_benign_1s,environmental,-4.684241458842094,0.06830021878568872,0.14821105301684498,0.0
real_benign,environmental,-32.6009939855999,0.00011772011743583211,0.030595563357462316,-39.214938109363985
real_benign_1s,environmental,-28.719361185929095,0.0004403205461414302,0.024917826536623926,0.0
real_benign_1s,environmental,-6.712726115606349,0.030032596706315078,0.07797272369048712,0.0
real_benign_1s,environmental,-18.96699084448644,0.0016155068485517443,0.051683716579804355,0.0
real_benign,environmental,-15.201300686982952,0.002570844369882627,0.31117957077092845,-30.37022406497467
real_benign_1s,environmental,1.7794430211518084,0.023726478000831424,0.08676606614705096,0.0
real_benign_1s,environmental,-0.6388959495518465,0.009862742762930714,0.17836949299752639,0.0
real_benign_1s,environmental,-2.500805248549569,0.043443189846436726,0.41090417281178104,0.0
real_benign,hf_natural,17.696681480234197,0.00011030466421405875,0.00012061527116834461,-19.089133481691764
real_benign_1s,hf_natural,2.380835897449641,0.0005250315521863228,0.0005720676825640815,0.0
real_benign_1s,hf_natural,16.920076962750855,0.0003936661942970228,0.00042950502367175065,0.0
real_benign_1s,hf_natural,11.047992623847867,0.00030998122137227443,0.0003454194141260653,0.0
real_benign,hf_natural,-2.538356444862731,0.002083053524880336,0.0026039356546070794,-41.94720591388271
real_benign_1s,hf_natural,7.519215359540226,0.01531155136437051,0.016946260241563975,0.0
real_benign_1s,hf_natural,-3.4231755246801274,0.0012356314830178309,0.0016495510530764193,0.0
real_benign_1s,hf_natural,2.2085653708124116,0.006982214148866976,0.007678931392515214,0.0
real_benign,hf_natural,-22.730254419496948,0.0018319413970599987,0.0019952541883585207,-24.231844721685036
real_benign_1s,hf_natural,-20.615338372191317,0.002439311132960872,0.0026584921309754654,0.0
real_benign_1s,hf_natural,-14.211327205701132,0.023348900548200383,0.025442789795114717,0.0
real_benign_1s,hf_natural,-2.0442887267703442,0.2209211438913125,0.24081809275272972,0.0
real_benign,hf_natural,-11.834016141023017,0.0024584122511572023,0.11812586647561171,-27.435541905490094
real_benign_1s,hf_natural,-2.6518318222172095,0.02113485104498554,0.6300123802298537,0.0
real_benign_1s,hf_natural,-5.159002280920307,0.010692240336682176,0.10018574464347887,0.0
real_benign_1s,hf_natural,-4.214489938304028,0.019147496244130233,0.1248117177912681,0.0
real_benign,environmental,-20.006765196210736,0.005712783654965799,0.00962205398609828,-43.781685920139395
real_benign_1s,environmental,-2.477285593690376,0.10456232292439707,0.5590878978258105,0.0
real_benign_1s,environmental,0.623797038094492,0.12563066014132898,0.47918917407345873,0.0
real_benign_1s,environmental,-34.56797433948472,0.00022028294368398632,0.001383944149783791,0.0
real_benign,environmental,-35.28563286828097,0.00019944988302244245,0.03721400691001336,-40.795352129259385
real_benign_1s,environmental,-28.516277736517242,0.0009231578469015464,0.04078956937011637,0.0
real_benign_1s,environmental,-40.56696386066364,5.668522727565197e-05,0.04351795785663509,0.0
real_benign_1s,environmental,-14.92973299400237,0.021708295159295395,0.057526462755961114,0.0
real_benign,environmental,-13.474466259332845,0.029091484827471332,0.032400036205679085,-41.11898843932677
real_benign_1s,environmental,-8.986039805121493,0.08924079829890304,0.09873686113075879,0.0
real_benign_1s,environmental,3.581790781182,1.2908653026835342,1.4126379686476809,0.0
real_benign_1s,environmental,-33.484899352300204,0.0002694412984690521,0.0005206532497893383,0.0
real_benign,environmental,-22.8569390130432,0.00419102682876027,0.004800823139949548,-29.257136427025436
real_benign_1s,environmental,-20.241868372383607,0.008307033826537556,0.009245109088895755,0.0
real_benign_1s,environmental,-3.1535287487973855,0.4344205217398422,0.47328741443951283,0.0
real_benign_1s,environmental,1.9164661180703981,0.34720013138733435,0.38201613919315824,0.0
real_benign,environmental,-19.632112142093202,0.00528416176578272,0.12308450674268913,-19.41662082101578
real_benign_1s,environmental,-12.388040461343293,0.0280808058682164,0.14495927855251717,0.0
real_benign_1s,environmental,-19.786178334963974,0.0049720180645741,0.12662852264805166,0.0
real_benign_1s,environmental,-8.627880258008952,0.06632569730538841,0.20628530900259157,0.0
real_benign,environmental,-25.559551528122416,0.0002515930534571422,0.3381920820043303,-15.981337105171518
real_benign_1s,environmental,-23.74759607863689,0.000400416577812626,0.3372470179634787,0.0
real_benign_1s,environmental,-16.46019795520955,0.001969111091659868,0.3388562538969731,0.0
real_benign_1s,environmental,-19.269434049044293,0.0010425564493343172,0.3401920651643289,0.0
real_benign,environmental,-19.615104945459237,0.0037879730799154966,0.3015945799527114,-18.95736822517245
real_benign_1s,environmental,-18.526515326166592,0.0052280513368619125,0.2933761309765222,0.0
real_benign_1s,environmental,-5.104018163787001,0.10343871694509679,0.47538808646981073,0.0
real_benign_1s,environmental,-10.368224348913149,0.022981493493037658,0.5119294740511479,0.0
real_benign,environmental,-24.000352339533812,0.0009462754881698542,0.06751728083419402,-17.262072529190814
real_benign_1s,environmental,-14.662984650367347,0.0066764777902421635,0.09600474871752028,0.0
real_benign_1s,environmental,-18.03638795899523,0.003725463815609019,0.055919906559062704,0.0
real_benign_1s,environmental,-9.670028659539215,0.02868274304547664,0.10503125436265771,0.0
real_benign,environmental,-34.523925158135185,0.00018647193090291463,0.0451368756274087,-14.524466012523066
real_benign_1s,environmental,-31.439214174848452,0.00039337351680874833,0.04980349950999661,0.0
real_benign_1s,environmental,-6.035303891690967,0.12916184646715453,0.1888901604734768,0.0
real_benign_1s,environmental,-19.57054506030204,0.005626045158522951,0.05436117197301326,0.0
real_benign,environmental,-23.037336489965337,0.004040460367620661,0.04113169226521456,-14.410289084890962
real_benign_1s,environmental,-18.615175150367488,0.011512532300873709,0.0320887061388742,0.0
real_benign_1s,environmental,-14.483834439443664,0.028180001581914953,0.091902125058782,0.0
real_benign_1s,environmental,-25.854582533436062,0.0020094256095740536,0.04160913690875058,0.0
real_benign,environmental,-20.337322149509376,0.0005480513310563907,0.02018160922565055,-13.60441334266742
real_benign_1s,environmental,-6.555902337263101,0.009235651368706455,0.5446619793509907,0.0
real_benign_1s,environmental,-9.990752936653738,0.006798114225243945,0.019768162353512295,0.0
real_benign_1s,environmental,-8.912252257782487,0.005617740452326248,0.011163178291030237,0.0
real_benign,environmental,-39.08609672430072,4.1257937495385604e-05,0.05398005440468313,-15.792323719501788
real_benign_1s,environmental,-29.93909910761296,0.00021573285598241069,0.26751734703471336,0.0
real_benign_1s,environmental,-8.933212423902878,0.036018225753792044,0.12828536597930124,0.0
real_benign_1s,environmental,-5.046546263948749,0.11069084949626613,0.13004858294419988,0.0
real_benign,environmental,-14.545003300218482,0.00953584910988912,0.012572757198049055,-8.469140951142155
real_benign_1s,environmental,-8.519417637008207,0.040406523564978425,0.04877650265717852,0.0
real_benign_1s,environmental,-16.759333279142385,0.005028278656179711,0.007091699155531225,0.0
real_benign_1s,environmental,-18.841756274958062,0.004092241389978521,0.008259309157413911,0.0
real_benign,environmental,-22.217544309301566,0.0025087484543129977,0.04230482794543276,-16.0690650349416
real_benign_1s,environmental,-16.872810685206044,0.006412232822033752,0.038458257078023646,0.0
real_benign_1s,environmental,-21.393049308365754,0.0036837703040416858,0.059442288372871695,0.0
real_benign_1s,environmental,-11.258982352833648,0.04377795629488486,0.15235319530471084,0.0
real_benign,hf_natural,-18.342870514771437,0.013768880133488901,0.021008164894642706,-16.6989361594183
real_benign_1s,hf_natural,-14.554585660472432,0.03387222583963721,0.0390857399478326,0.0
real_benign_1s,hf_natural,-7.703031085938823,0.15611759818909968,0.1848069780590875,0.0
real_benign_1s,hf_natural,-17.79576517686432,0.015482176447176992,0.025805490350180253,0.0
real_benign,hf_natural,-21.822398216817124,0.006157783977736922,0.006736466766289986,-10.259334460997989
real_benign_1s,hf_natural,-14.32193021823207,0.03466551263922859,0.03778424757063079,0.0
real_benign_1s,hf_natural,-15.7194151334119,0.02532315863387163,0.027707801812096332,0.0
real_benign_1s,hf_natural,-10.964419148207936,0.07246391132876058,0.07874799499676345,0.0
real_benign,electronic_device,-27.058207985058136,0.000779354897142773,0.013026250295715821,-38.056060765018266
real_benign_1s,electronic_device,-21.94206403712354,0.003089705121593442,0.01684008531595785,0.0
real_benign_1s,electronic_device,-26.54414591625361,0.00042419310724807425,0.011259241421062723,0.0
real_benign_1s,electronic_device,-26.509951694049995,0.0011894510812591025,0.011382150453620633,0.0
real_benign,electronic_device,-59.88031093507141,5.14756983651053e-07,1.2671868132391904e-05,-40.898089155369426
real_benign_1s,electronic_device,-57.473433578417016,8.702546434408956e-07,1.7082512001370266e-05,0.0
real_benign_1s,electronic_device,-6.909539581909945,0.1072419667508305,0.11708129013087436,0.0
real_benign_1s,electronic_device,-21.04031066970996,0.0038603253297995158,0.004278437232001725,0.0
real_benign,electronic_device,-20.997278629562,0.003985303602986186,0.05961649506833972,-40.39725119666632
real_benign_1s,electronic_device,-7.553405730108275,0.01932355029860848,0.14588505389906828,0.0
real_benign_1s,electronic_device,-20.913615325893723,0.003940933574348905,0.047506809233113234,0.0
real_benign_1s,electronic_device,-14.71932275708558,0.0037038313773038014,0.10452523786454104,0.0
real_benign,electronic_device,-14.106050401047556,0.021289659525243743,0.026935183811018695,-49.722357925064635
real_benign_1s,electronic_device,-8.134615978756004,0.07029608639317393,0.0831926444942526,0.0
real_benign_1s,electronic_device,-8.777455503619372,0.05698611965181992,0.0892192781304262,0.0
real_benign_1s,electronic_device,-15.622898854422463,0.015310787888439804,0.01929920636116713,0.0
real_benign,electronic_device,-23.099129165258894,0.00042161671916990444,0.0020636345121058126,-49.27717424743924
real_benign_1s,electronic_device,-18.69817569810839,0.001191481477996451,0.00285739547920595,0.0
real_benign_1s,electronic_device,-22.499453192691824,0.0006812622368039254,0.002488957046650464,0.0
real_benign_1s,electronic_device,-11.300097483070605,0.016027109607711185,0.054686401466686095,0.0
real_benign,electronic_device,7.007454908558107,0.057263968399539275,0.7021495283097393,-26.097470417972897
real_benign_1s,electronic_device,3.5549689372257633,0.08162208426080694,0.6192035099715212,0.0
real_benign_1s,electronic_device,4.042481907813141,0.040843923908072434,0.672285867312018,0.0
real_benign_1s,electronic_device,16.185371488600207,0.051342817602679114,0.7858964162637145,0.0
real_benign,environmental,-30.20043863494825,0.0004830978349339045,0.0009722283749513438,-16.339354757562308
real_benign_1s,environmental,-22.7477810783775,0.0022973090962929883,0.0029232900102473675,0.0
real_benign_1s,environmental,-17.67212936527636,0.008539170269529398,0.009952709515791434,0.0
real_benign_1s,environmental,-11.867551701047883,0.03569590237880535,0.03957388644881041,0.0
real_benign,environmental,-18.589386144919192,0.0074800763527117994,0.010976505856175505,-9.30742827500054
real_benign_1s,environmental,-11.002940036177826,0.05289102356110615,0.060313284954205154,0.0
real_benign_1s,environmental,-5.712157050965865,0.13323543056242118,0.14856947027980008,0.0
real_benign_1s,environmental,-15.465676213455556,0.015427036227952415,0.019754780019926626,0.0
real_benign,environmental,-2.4641089539680787,0.07156575803439082,0.32089573323463677,-14.2990197780275
real_benign_1s,environmental,-2.3504392844631403,0.07451231894415741,0.36249792568633654,0.0
real_benign_1s,environmental,-1.2661241768477074,0.0933864053947918,0.35351133416579195,0.0
real_benign_1s,environmental,-1.058766097389786,0.0968366142180857,0.3547353858855051,0.0
real_benign,environmental,-24.94456052314533,0.0007353029974268019,0.0660987981855512,-13.020545136227874
real_benign_1s,environmental,-18.289994348797816,0.0034620174845739703,0.07343761635031804,0.0
real_benign_1s,environmental,-25.75068713538122,0.0007012303209846032,0.08025834791787015,0.0
real_benign_1s,environmental,-3.8062736657604868,0.08026732770193018,0.12174843424312724,0.0
real_benign,hf_natural,2.0397749024153518,0.6733233134624201,0.9069364946432561,-30.775760365963304
real_benign_1s,hf_natural,2.0358082317100177,0.6727090452678309,0.9067857244535926,0.0
real_benign_1s,hf_natural,0.0,0.0,0.0,0.0
real_benign_1s,hf_natural,0.0,0.0,0.0,0.0
real_benign,hf_natural,-24.39808860852615,0.0004874288500381872,0.005493767287759486,-21.68415684963844
real_benign_1s,hf_natural,-24.398711683715458,0.00048735892443455085,0.005493737890086565,0.0
real_benign_1s,hf_natural,0.0,0.0,0.0,0.0
real_benign_1s,hf_natural,0.0,0.0,0.0,0.0
real_benign,environmental,2.37385753284037,0.052078009757491155,0.9564118877543715,-16.145822721288155
real_benign_1s,environmental,-7.468748676424872,0.024251881713526463,0.8871483029116375,0.0
real_benign_1s,environmental,-1.0772213591865862,0.09360112097094049,0.9026320507146325,0.0
real_benign_1s,environmental,18.47270334058934,0.07810233208035709,1.0074700252218807,0.0
real_benign,environmental,-1.9827825908901642,0.3296120941479097,0.3743335419516442,-30.533815278985653
real_benign_1s,environmental,2.1480363886617986,0.4860840815082174,0.5679437810902842,0.0
real_benign_1s,environmental,45.802445632234296,0.9478352270622205,0.9934183891677282,0.0
real_benign_1s,environmental,0.0,0.0,0.0,0.0
real_benign,environmental,-23.26174191395225,0.0015454056341061293,0.004858329536235843,-32.694098800205104
real_benign_1s,environmental,-36.30988616672873,8.746435933547111e-06,0.0008341920955938776,0.0
real_benign_1s,environmental,-30.127925960093,0.0002887996287180787,0.007927088483604563,0.0
real_benign_1s,environmental,-3.8464458166972944,0.012480542818752943,0.6599181288513084,0.0
real_benign,environmental,-17.339274884541652,0.0038363762948341474,0.016231919458875213,-27.043822998091265
real_benign_1s,environmental,-16.75274935832992,0.0020447516584235575,0.0039212411074376384,0.0
real_benign_1s,environmental,10.904083732732417,0.3995786966029275,0.8015836927109977,0.0
real_benign_1s,environmental,0.0,0.0,0.0,0.0
real_benign,electronic_device,-10.857873037124877,0.03662700390678476,0.04016159801708284,-13.295225353721726
real_benign_1s,electronic_device,-3.237494839561565,0.19792960267050674,0.21607429905965994,0.0
real_benign_1s,electronic_device,-5.641693835767912,0.13334490373494837,0.14540634118567208,0.0
real_benign_1s,electronic_device,-5.081230970769251,0.14881027432487273,0.16224445518626088,0.0
real_benign,electronic_device,-44.49207592834416,1.068072518437788e-06,6.122110268540501e-06,-8.63577936932815
real_benign_1s,electronic_device,-44.392325513994976,1.083013430778568e-06,5.407273463974366e-06,0.0
real_benign_1s,electronic_device,-44.55794925863102,1.0432858126138886e-06,5.836487637813977e-06,0.0
real_benign_1s,electronic_device,-45.10635768241508,9.641100446886685e-07,9.338172236976833e-06,0.0
real_benign,environmental,-29.402666707229955,0.0011245258075491286,0.0015904017579887212,-25.557951355644846
real_benign_1s,environmental,-34.35224714312384,0.00036034782464298797,0.0005013986428983863,0.0
real_benign_1s,environmental,-15.30364327241042,0.027220792001727584,0.03604992362079567,0.0
real_benign_1s,environmental,-24.622629495476875,0.0033537697576818144,0.005257907323303251,0.0
real_benign,environmental,-44.52358390496215,3.375395894619195e-05,7.840092241285639e-05,-19.015718491808894
real_benign_1s,environmental,-42.43940356500289,5.389455271043901e-05,8.924655008856695e-05,0.0
real_benign_1s,environmental,-30.927444307731854,0.0007847459507846243,0.0009273897671444491,0.0
real_benign_1s,environmental,0.0,0.0,0.0,0.0
real_benign,hf_natural,-20.73173264539073,0.006494946291379698,0.0070868058473309,-25.05479101166932
real_benign_1s,hf_natural,-11.146241895184923,0.033562030178498764,0.036581026623171246,0.0
real_benign_1s,hf_natural,-10.78900409640564,0.07216539874484465,0.07872440272303115,0.0
real_benign_1s,hf_natural,-10.314023883847751,0.05508391686127391,0.0600445857629786,0.0
real_benign,hf_natural,-2.148169226079796,0.08003513333966593,0.6285278346590769,-25.89350037714985
real_benign_1s,hf_natural,-4.190740887613325,0.03458907483612466,0.7144454536331056,0.0
real_benign_1s,hf_natural,4.662706728796301,0.21834328786773752,0.7224523053537466,0.0
real_benign_1s,hf_natural,-0.724046611771444,0.049164205474168575,0.7443260641559684,0.0
real_benign,environmental,-18.997707350274613,0.012086784222359774,0.016562871405312693,-12.918154454202949
real_benign_1s,environmental,-9.543544040216656,0.10694752785087074,0.12439213933118258,0.0
real_benign_1s,environmental,-44.41262285966889,3.503349916820636e-05,0.0030193724560239393,0.0
real_benign_1s,environmental,-33.62400564934175,0.0004150196991462915,0.0029361377017572336,0.0
real_benign,environmental,-16.86231144488087,0.01786150112723969,0.08693256090736017,-20.64874544215476
real_benign_1s,environmental,-12.672256751092611,0.04483632873852397,0.17676295735357428,0.0
real_benign_1s,environmental,-20.698851266038748,0.007312959878745827,0.05748092770449534,0.0
real_benign_1s,environmental,1.9792033443650938,1.3635684287521865,1.5651463498438072,0.0
real_benign,environmental,-22.274513611730594,0.005862693199129684,0.00684693394027162,-29.214256503302288
real_benign_1s,environmental,-22.274549128150262,0.005862645254467875,0.0068468864749836825,0.0
real_benign_1s,environmental,0.0,0.0,0.0,0.0
real_benign_1s,environmental,0.0,0.0,0.0,0.0
real_benign,environmental,-24.7944142623682,0.003130766813020846,0.00830674480674417,-13.968824420935881
real_benign_1s,environmental,-24.86986845812854,0.0030770507793710503,0.008310726212665789,0.0
real_benign_1s,environmental,15.807742301046591,0.006656648600754946,0.009258738633133156,0.0
real_benign_1s,environmental,0.0,0.0,0.0,0.0
real_benign,environmental,-18.67050284827426,0.01086291752584679,0.014357641581087356,-20.178099394301793
real_benign_1s,environmental,-8.617422431579435,0.1293465979035328,0.14569097538216572,0.0
real_benign_1s,environmental,-23.295551782699032,0.0036037115022194512,0.004583130588381843,0.0
real_benign_1s,environmental,-4.961733172626536,0.23747577659474148,0.3625024888892489,0.0
real_benign,environmental,-12.158401730328315,0.05536311570339987,0.06037887858197582,-26.779631153907303
real_benign_1s,environmental,-12.162626111246146,0.05530929020224137,0.06036473980355075,0.0
real_benign_1s,environmental,0.0,0.0,0.0,0.0
real_benign_1s,environmental,0.0,0.0,0.0,0.0
real_benign,music_full_mix,-21.625678223018244,0.0012386332779171535,0.34694391557122667,-20.17332319047654
real_benign_1s,music_full_mix,-11.807792275357496,0.010650047024238142,0.3922755283194022,0.0
real_benign_1s,music_full_mix,-26.60127504979276,0.00023294433050834003,0.3314386383320393,0.0
real_benign_1s,music_full_mix,-24.51145076263916,0.0009786728661902973,0.2214241778995716,0.0
real_benign_1s,music_full_mix,-14.06676167925742,0.006723738769760392,0.3500163302714497,0.0
real_benign_1s,music_full_mix,-0.775715435341635,0.16918263914974455,0.5699536192442521,0.0
real_benign,music_full_mix,-16.551807592027384,0.006961962687625862,0.28293217729535336,-18.133310976520292
real_benign_1s,music_full_mix,-6.486111355087992,0.07046284029845355,0.34252641824751057,0.0
real_benign_1s,music_full_mix,-12.520868503779798,0.01695706169855656,0.2984983228666122,0.0
real_benign_1s,music_full_mix,-4.595587713090492,0.13405194093997794,0.40239013281501207,0.0
real_benign_1s,music_full_mix,-15.206987751870349,0.009838549290319616,0.17420650438203417,0.0
real_benign_1s,music_full_mix,-6.2021451320864305,0.06566086811160683,0.4084311432606443,0.0
real_benign,music_full_mix,-13.855482650812863,0.012952193270615989,0.24288202954174484,-19.794184338450478
real_benign_1s,music_full_mix,-4.003177986182348,0.08162527124638368,0.37676540668800074,0.0
real_benign_1s,music_full_mix,-16.43631232954126,0.004116602931109284,0.2442048711381082,0.0
real_benign_1s,music_full_mix,-8.632517836257602,0.04152161471665296,0.2937457533964666,0.0
real_benign_1s,music_full_mix,-9.346325961573083,0.02977503485105555,0.4082289127541925,0.0
real_benign_1s,music_full_mix,-4.516967745654943,0.12363311890710665,0.33767647883457086,0.0
real_benign,music_full_mix,-12.812215263821244,0.019945141036583357,0.22224131427964108,-19.73213384563751
real_benign_1s,music_full_mix,-3.6824043385373266,0.16767254795406164,0.3817829832299236,0.0
real_benign_1s,music_full_mix,-8.60872412217783,0.04875448631656232,0.3365460963572373,0.0
real_benign_1s,music_full_mix,-19.046742348394346,0.004716717416758554,0.18072717777226052,0.0
real_benign_1s,music_full_mix,-12.774729073747888,0.01971026733264887,0.26260919286149975,0.0
real_benign_1s,music_full_mix,-21.423061004301985,0.002241026912892554,0.17894996605014055,0.0
real_benign,music_full_mix,-29.408378642647754,0.0005222394882239957,0.07461721620820322,-18.806473112157903
real_benign_1s,music_full_mix,-13.30127586184264,0.012257632297647963,0.1547217100066103,0.0
real_benign_1s,music_full_mix,-4.8242571820347155,0.14406696081344242,0.22518775843246294,0.0
real_benign_1s,music_full_mix,-10.87907604866183,0.029086606868588622,0.16965414020122307,0.0
real_benign_1s,music_full_mix,-21.86771839035691,0.003617439966730734,0.07002015049854163,0.0
real_benign_1s,music_full_mix,-18.08977821792609,0.007988411107104923,0.05016917937955962,0.0
real_benign,music_full_mix,-44.607088382686754,1.869437936205718e-05,0.08764566255179448,-16.8993139358488
real_benign_1s,music_full_mix,-34.66425817930082,0.00021954260247675396,0.04181636625563487,0.0
real_benign_1s,music_full_mix,-26.041058605730896,0.0013334521042066665,0.11383295412138827,0.0
real_benign_1s,music_full_mix,-13.562866035839313,0.02341311264803135,0.11314384333778607,0.0
real_benign_1s,music_full_mix,-5.08706061435873,0.13781751315335278,0.25380541019178876,0.0
real_benign_1s,music_full_mix,-8.10081818913207,0.08838383558650537,0.18616987229760928,0.0
real_benign,music_full_mix,-31.309568521968195,0.00020454155379742584,0.39100123345643767,-17.535309030969746
real_benign_1s,music_full_mix,-29.063856892141025,0.00016586227529550703,0.5700623783235472,0.0
real_benign_1s,music_full_mix,-9.645895349822965,0.04181180885406901,0.3622028348886987,0.0
real_benign_1s,music_full_mix,-10.010686537893978,0.025341789266594077,0.4321929897867927,0.0
real_benign_1s,music_full_mix,-16.925171864453056,0.007162290933674751,0.3288920001956841,0.0
real_benign_1s,music_full_mix,-3.6325828203138792,0.13645075118239308,0.46453341780381774,0.0
real_benign,music_full_mix,-25.258213612890437,0.0006256068035181987,0.4512943625864701,-18.425665621260812
real_benign_1s,music_full_mix,-18.943997555543422,0.0032321740171510354,0.4413550546881247,0.0
real_benign_1s,music_full_mix,-6.708918594850138,0.03392685666984173,0.5462154819825501,0.0
real_benign_1s,music_full_mix,-10.02975590369585,0.019339427750019678,0.45789842938594527,0.0
real_benign_1s,music_full_mix,-24.076454869059077,0.0011441713300346737,0.42929042716930477,0.0
real_benign_1s,music_full_mix,-19.23128554449998,0.002220034084496683,0.45350975310556474,0.0
real_benign,music_full_mix,-13.870204941162969,0.006210816413298194,0.37403845157243903,-20.690331129654492
real_benign_1s,music_full_mix,-3.3088346777396884,0.07571184218617392,0.5054135666093884,0.0
real_benign_1s,music_full_mix,-16.52685880828217,0.004126536324755298,0.2431194689376678,0.0
real_benign_1s,music_full_mix,-11.759821735096832,0.008394976559101241,0.3610846366344578,0.0
real_benign_1s,music_full_mix,-13.624102992393984,0.005376555503517342,0.4480071230869727,0.0
real_benign_1s,music_full_mix,-15.847765007067187,0.007121098200629217,0.27199517822815145,0.0
real_benign,music_full_mix,-19.474233237652413,0.004502040419413002,0.013111247493464347,-27.628810335674267
real_benign_1s,music_full_mix,-5.216002207203559,0.062491193189749196,0.09377790644660161,0.0
real_benign_1s,music_full_mix,-24.861335073404472,0.001270704816734307,0.010413551885449557,0.0
real_benign_1s,music_full_mix,-15.550953952729836,0.01155567015597814,0.01957490040122958,0.0
real_benign_1s,music_full_mix,-29.51087485846093,0.0003312194061354099,0.006073526958043611,0.0
real_benign_1s,music_full_mix,-10.428754505153162,0.07456427417982253,0.08902867835775928,0.0
real_benign,music_full_mix,-29.116447125944447,7.292405725782548e-05,0.7429170885729725,-15.24916607728596
real_benign_1s,music_full_mix,-20.469360238044146,0.0006115963509566531,0.7491313792462145,0.0
real_benign_1s,music_full_mix,-5.743384961272642,0.015818262606027395,0.7299757738448492,0.0
real_benign_1s,music_full_mix,-22.206285639366076,0.0002602144039065742,0.8073297564707568,0.0
real_benign_1s,music_full_mix,-0.9815410570220201,0.041891526044064,0.8385364384903217,0.0
real_benign_1s,music_full_mix,-1.024047390235502,0.052904458857483475,0.8367843811880642,0.0
real_benign,music_full_mix,-17.457904142615376,0.0015933026893856334,0.7368774181568299,-16.38416894959014
real_benign_1s,music_full_mix,-6.224993729166895,0.12217014893308216,0.38652732955273844,0.0
real_benign_1s,music_full_mix,-0.3521245733357909,0.07680540236631503,0.7653544957277248,0.0
real_benign_1s,music_full_mix,-24.88269530320302,0.00025440251365943745,0.8578391354270405,0.0
real_benign_1s,music_full_mix,-24.760800576586043,0.0002609944672231964,0.761711846473812,0.0
real_benign_1s,music_full_mix,-22.46952768577718,0.00043685192216732653,0.7655680794089685,0.0
real_benign,speech_noisy_mix,-29.72986246908277,0.0005955089928262474,0.0034482225986499217,-20.61222011635358
real_benign_1s,speech_noisy_mix,-30.335415079278405,0.0005159423576039272,0.0028616272499025195,0.0
real_benign,speech_noisy_mix,-24.14647317674843,0.0021234295744826186,0.008461988523905034,-20.972490629120525
real_benign_1s,speech_noisy_mix,-23.721332057416387,0.00304485941136818,0.006927586502614387,0.0
real_benign,speech_noisy_mix,-21.531359769847327,0.0037506512578164082,0.02083448643761591,-20.755891469340714
real_benign_1s,speech_noisy_mix,-18.686951704889736,0.0071354486078816755,0.029184941059043408,0.0
real_benign_1s,speech_noisy_mix,-22.32298942097177,0.002432145849332606,0.012260218876633007,0.0
real_benign_1s,speech_noisy_mix,-17.274569964900685,0.009810517944994039,0.03281079718905216,0.0
real_benign,speech_noisy_mix,-25.312580828717262,0.0018871867819915226,0.011275855415325461,-21.8281493057572
real_benign_1s,speech_noisy_mix,-27.25895294426317,0.0012646107699534703,0.005873324457378388,0.0
real_benign,speech_noisy_mix,-16.99553336325309,0.009788112911010633,0.046217216722124185,-22.696147911624067
real_benign_1s,speech_noisy_mix,-20.27864917506833,0.004179707953508777,0.020789530699590178,0.0
real_benign_1s,speech_noisy_mix,-16.205229967004332,0.015829529887620295,0.1565459904326288,0.0
real_benign_1s,speech_noisy_mix,-15.901056396486705,0.007732005431113368,0.03229229416550346,0.0
real_benign,speech_noisy_mix,-14.607911249813235,0.014494320414362468,0.11065773472947706,-29.808204891697258
real_benign_1s,speech_noisy_mix,-15.479554220517876,0.011134727862402435,0.07245511760122333,0.0
real_benign,speech_noisy_mix,-24.085341822668607,0.0022419518979840207,0.011855466006275376,-22.424485822737942
real_benign_1s,speech_noisy_mix,-26.090125776826987,0.0016039544216809476,0.009763909163910556,0.0
real_benign_1s,speech_noisy_mix,-21.63337859500181,0.003806148420179638,0.015107840703139863,0.0
real_benign,speech_noisy_mix,-21.13855113149063,0.004775276501020244,0.02601342924907587,-27.4219675396569
real_benign_1s,speech_noisy_mix,-21.862932205521354,0.004111676333510831,0.018958471987667095,0.0
real_benign,speech_noisy_mix,-22.44712689525796,0.003925698893288432,0.034469930201726576,-26.985389185294814
real_benign_1s,speech_noisy_mix,-22.64147818638589,0.004237392714565923,0.021545792100788122,0.0
real_benign,speech_noisy_mix,-19.817364050366713,0.0047788144996876334,0.06499618117526768,-27.614560592186358
real_benign_1s,speech_noisy_mix,-21.23475198355301,0.0035269785777508524,0.03528896453703026,0.0
real_benign,speech_noisy_mix,-25.87555532298029,0.0014995651766116969,0.029070162109345786,-20.658420688344282
real_benign_1s,speech_noisy_mix,-27.312150858118596,0.001137196484141019,0.017730140236722404,0.0
real_benign,speech_noisy_mix,-18.970636646869966,0.005251632211029495,0.029932254823821353,-20.43008575289494
real_benign_1s,speech_noisy_mix,-25.313886640601943,0.0014943240879301985,0.011148552026528072,0.0
real_benign_1s,speech_noisy_mix,-15.711508742819033,0.01050260712360826,0.04883317048899908,0.0
real_benign,speech_noisy_mix,-22.13914849590416,0.003183663921242816,0.012577066487061129,-18.8480552016676
real_benign_1s,speech_noisy_mix,-20.494302165990796,0.003966029331810588,0.009521195497246442,0.0
real_benign_1s,speech_noisy_mix,-9.800344983131753,0.06688987209471917,0.09265679796235496,0.0
real_benign,speech_noisy_mix,-24.029719754282702,0.0023924078730142104,0.019370936333213906,-19.553430688419866
real_benign_1s,speech_noisy_mix,-25.79114356415291,0.0017325822163735747,0.012692692672256783,0.0
real_benign_1s,speech_noisy_mix,-20.661871131160336,0.0039025809836741735,0.02332551621781458,0.0
real_benign_1s,speech_noisy_mix,-25.385825572061556,0.0023439031899478357,0.011750271783201443,0.0
real_benign_1s,speech_noisy_mix,-20.362572215346816,0.006232487317988055,0.018861562012854396,0.0
real_benign_1s,speech_noisy_mix,-27.399018935650012,0.0009410501641971871,0.018795956837334524,0.0
real_benign,speech_noisy_mix,-29.78634485496314,0.0007621061868631652,0.0023928741849295262,-20.34235623812233
real_benign_1s,speech_noisy_mix,-28.958724366752925,0.0008136700171727538,0.0026105514936228657,0.0
real_benign,speech_noisy_mix,-20.456949223781947,0.00523054400910028,0.01889055085439481,-21.16561446891023
real_benign_1s,speech_noisy_mix,-19.468628340499585,0.0064947184871525405,0.023525554504738665,0.0
real_benign_1s,speech_noisy_mix,-12.174902383067959,0.0388307857787866,0.058359369622719835,0.0
real_benign,speech_noisy_mix,-23.44699950108719,0.0026602175819444374,0.01832390922032165,-27.750906113039107
real_benign_1s,speech_noisy_mix,-23.60182009989405,0.002621201382829233,0.012726216999545847,0.0
real_benign,speech_noisy_mix,-17.304261510291134,0.009262599607779472,0.030497134790781404,-28.928551537550145
real_benign_1s,speech_noisy_mix,-18.493029126183586,0.006351346026474214,0.021080306085708923,0.0
real_benign,speech_noisy_mix,-18.471756534487035,0.00788652351367652,0.03757229994276364,-29.63703183510177
real_benign_1s,speech_noisy_mix,-18.42627576064318,0.007164291236956246,0.027308326184867258,0.0
real_benign,speech_noisy_mix,-24.867909890654353,0.001897990979236315,0.008645353316077685,-23.21553051159029
real_benign_1s,speech_noisy_mix,-27.740560228047144,0.000935562284349831,0.006720177439781997,0.0
dolphin,google-pixel,-21.89096740137685,0.0019084436071684066,0.031173137052708504,-21.228517734854332
dolphin,google-pixel,-57.81388488411003,1.1930052010638135e-06,0.017995971754897776,-26.001301570377734
dolphin,google-pixel,-45.10023707202375,1.2792772815449156e-05,0.021857474476278203,-19.830009593976566
dolphin,google-pixel,-4.42305714129343,0.10269419690066499,0.12982207906834312,-17.510918793837888
dolphin,google-pixel,-34.664752734804566,0.0001179045406627903,0.004301635289431688,-16.81596734525577
dolphin,google-pixel,-40.04749629261471,2.9198245021777357e-05,0.0014379745472208713,-19.44332580408748
dolphin,google-pixel,-40.41506259003178,3.789877816336043e-05,0.00425695724315636,-23.429607831915305
dolphin,google-pixel,-2.953965861353911,0.3576620303725974,0.4116900117068478,-20.171913291723914
dolphin,google-pixel,-34.503520494064276,0.00020419262836641455,0.007980371411244472,-18.02131097395527
dolphin,google-pixel,-41.83617716446233,3.498939137893945e-05,0.005441918134158927,-25.80370911368638
dolphin,google-pixel,-8.277653950301042,0.042441927728505476,0.13486747445800434,-21.821002426172594
dolphin,google-pixel,-24.062882998258868,0.002517776240205792,0.010305258676981099,-18.764862234100914
dolphin,google-pixel,-44.798669088806605,1.9804392005707902e-05,0.004805409545439634,-25.08820450298245
dolphin,google-pixel,-37.97737266421513,6.88859878204838e-05,0.01103908798477304,-18.367330196976045
dolphin,google-pixel,-3.210311730049251,0.2694765169598194,0.31239347555649866,-18.214088685551303
dolphin,google-pixel,-32.64019603746634,0.00022189571695695415,0.005633434874107718,-23.302075013110542
dolphin,google-pixel,-41.699878420564445,3.6188899731396964e-05,0.005792166552756918,-17.28369788046371
dolphin,google-pixel,-41.1855272563878,5.599787165727229e-05,0.014996603001978512,-19.559935567041723
dolphin,google-pixel,-40.91792545948987,5.954094599337673e-05,0.004931399193742468,-21.814685471815007
dolphin,google-pixel,-32.184115908683786,0.0003954233583791102,0.12621857622624783,-22.65445159890872
dolphin,google-pixel,-37.813959246506684,9.803841257755891e-05,0.016498126063757137,-18.40477380529331
dolphin,google-pixel,-21.838344600589792,0.00484319783575719,0.06168170519730001,-21.40531780647537
dolphin,google-pixel,-38.71646077093679,9.791799774974473e-05,0.03694664236698251,-21.259368444373045
dolphin,google-pixel,2.5806498424152027,0.7780506075833803,1.1015242873104432,-27.231102216207056
dolphin,google-pixel,-35.69626335010897,0.00015318173609033645,0.0034659297695801747,-16.84440807357654
dolphin,google-pixel,-40.056873831572204,4.492943138737866e-05,0.012015323443413915,-19.184404435292414
dolphin,google-pixel,-39.280953188174486,6.436833165967195e-05,0.0062325768895646234,-24.522593962531648
dolphin,google-pixel,-11.558421060670277,0.019409412397855753,0.10305164611686969,-21.570004548596152
dolphin,google-pixel,-39.31400509433986,8.763257928758161e-05,0.016173652487742204,-19.565371250860295
dolphin,google-pixel,-46.894592134744,1.388476929138225e-05,0.0033493724629140645,-22.795398802580166
dolphin,google-pixel,-4.067221043614856,0.19116437689199528,0.2585137667089364,-20.312194191643023
dolphin,google-pixel,-51.916869711325205,2.137767795357608e-06,0.009555428847868296,-24.831092022202654
dolphin,google-pixel,-12.188767908381056,0.03879062695764909,0.06352627595991266,-18.921314122203512
dolphin,google-pixel,-42.57750500910855,2.917647055043476e-05,0.0018727749320676871,-20.32041798505825
dolphin,google-pixel,-20.03793773557179,0.007883019761002606,0.04860848145908093,-20.521732647625903
dolphin,google-pixel,-37.50581976448072,0.00011283192781529712,0.0077748608495419825,-18.721634374956004
dolphin,google-pixel,-46.49880274061438,1.5321653089288868e-05,0.0025257054350619488,-21.19451020451724
dolphin,google-pixel,-14.116450456660278,0.028546139585999865,0.0555177957049648,-17.697421060596966
dolphin,google-pixel,-37.56829119871772,0.00013031925590731465,0.011849880673850281,-18.528863844400213
dolphin,google-pixel,-51.488186049062776,4.575452278086219e-06,0.002981514375793769,-20.457600321650155
dolphin,google-pixel,-16.11486045604472,0.013775709410792782,0.03583488046818748,-18.782319273177517
dolphin,google-pixel,-10.489067769370983,0.06029278511520786,0.09233038752587744,-19.153135345516603
dolphin,google-pixel,-41.619015300382756,4.039520520437899e-05,0.0065269887147654726,-17.352238684891944
dolphin,google-pixel,-40.458313885927915,3.8525360812915374e-05,0.013461842245900066,-19.694204549988022
dolphin,google-pixel,-30.919313915491998,0.0005092645254551527,0.06901539160454812,-21.679135588173235
dolphin,google-pixel,-36.93539873263851,0.00011824324537830116,0.015337246255011584,-19.105719439135555
dolphin,google-pixel,-32.277017327403854,0.00035437608496043235,0.006373216167406524,-23.667022884130915
dolphin,google-pixel,-20.963494463399858,0.0034192855139106187,0.056165022302362616,-20.860386031022735
dolphin,google-pixel,-34.16095394789571,0.00013729034910066638,0.007619364941192788,-18.063108681470766
dolphin,google-pixel,-32.77368907282349,0.00028295948201942497,0.03547914655471283,-19.24915155194318
dolphin,google-pixel,-36.017175721250055,9.50764914488934e-05,0.0070853266135996506,-17.107271090452713
dolphin,google-pixel,-38.20617822440359,6.531487604804599e-05,0.014591480994815317,-19.30342844465135
dolphin,google-pixel,-43.512043021979736,1.825846023437826e-05,0.0056140775435152435,-23.045475080060164
dolphin,google-pixel,-2.4849751166201957,0.37458239243391267,0.4649634010488754,-20.355612277798123
dolphin,google-pixel,-38.482195976299664,0.00010581566781343602,0.024589709417152487,-22.058566529863228
dolphin,google-pixel,-30.891855009484843,0.0005656655612553885,0.011431956585495052,-17.608362555524707
dolphin,google-pixel,-32.968764852553306,0.00035645706864717016,0.01908833950609617,-19.251591109907846
dolphin,google-pixel,-26.693727186757265,0.0013993815407032074,0.01835829322723703,-27.145383880148316
dolphin,google-pixel,-30.15688514022219,0.00043061108386213974,0.026802610471158117,-19.894948832188554
dolphin,google-pixel,-26.55100083953901,0.0015874295427440496,0.015392585988343331,-19.14990268139695
dolphin,google-pixel,-54.651822094652104,2.5718030477823766e-06,0.005088653624857225,-22.145818122201284
dolphin,google-pixel,-33.966382161496085,0.00021632892496646457,0.02051436559569246,-19.149362294934555
dolphin,google-pixel,-37.05351713739755,0.00010213239231693205,0.011517953311498253,-23.58306206639799
dolphin,google-pixel,-17.523564873685732,0.01032405920066035,0.06696279141322055,-20.23154536277832
dolphin,google-pixel,-30.875453926385603,0.0005375727793182219,0.033254153045276465,-23.553973909353793
dolphin,google-pixel,-22.233838602593295,0.004208283051753233,0.03892558372422707,-19.725342277150865
dolphin,google-pixel,-47.138058522643654,1.3927580067729829e-05,0.025777118393123622,-23.311537570979304
dolphin,google-pixel,-26.094140136572037,0.0013864702441022977,0.08985763316978537,-20.842106253546063
dolphin,google-pixel,-33.208959753254895,0.0003623998034533203,0.015283871148577417,-18.536430443167756
dolphin,google-pixel,-44.85058318300655,2.5923270718694172e-05,0.015575747970948076,-21.56034789611347
dolphin,google-pixel,-24.13414662404548,0.002192537971654874,0.07254281364778253,-21.32237790273367
dolphin,google-pixel,-38.499390814684304,9.688693017588507e-05,0.04364816867831591,-24.210097703720397
dolphin,google-pixel,-31.279269971345364,0.00038755672631946687,0.06345656353633485,-17.95045352933144
dolphin,google-pixel,-19.723024421129036,0.005655286321580167,0.04070999453309151,-18.069455842073296
dolphin,google-pixel,-39.54014929866828,6.6967193798831e-05,0.02522298919717444,-23.109725121632017
dolphin,google-pixel,-34.86094203978779,0.0002472359047619584,0.03324960744685312,-18.19932803485764
dolphin,google-pixel,-52.95218771409266,3.914731872290288e-06,0.021480677497585136,-21.21507034659354
dolphin,google-pixel,-34.068892410506336,0.0002683410802121762,0.03327260205811466,-18.721488541146822
dolphin,google-pixel,-49.389209801486174,8.182203695524106e-06,0.018665299165628445,-22.05319389591454
dolphin,google-pixel,-25.3622781509552,0.0025168769130245994,0.01751189013551719,-18.14464375063029
dolphin,google-pixel,-40.91637903000048,7.171638145213797e-05,0.010707101210086334,-19.804576294133113
dolphin,google-pixel,-34.71642843120409,0.00015675008072091627,0.0737630662419424,-18.488738787710382
dolphin,google-pixel,-34.78180846957617,0.00016300156780843132,0.04612442834914294,-20.320681107851236
dolphin,google-pixel,-35.30667528075445,0.00015069420037873841,0.026585069521010397,-24.82333630742469
dolphin,google-pixel,-31.1231038787632,0.000537599471553297,0.024860324887304747,-18.240472369610753
dolphin,google-pixel,-43.76176564847331,3.156157974445299e-05,0.018459115598820394,-23.144391722312957
dolphin,google-pixel,-14.6214355897933,0.022382945372465816,0.10823495985905415,-20.934961561815047
dolphin,google-pixel,-38.84865662380505,9.19648601340956e-05,0.028634878232956934,-24.019278784937793
dolphin,google-pixel,-27.181376362158588,0.0013461263583102662,0.032426582296790976,-19.95097664368048
dolphin,google-pixel,-30.324736760041382,0.0006850146449924224,0.04674649698100197,-16.64711087783403
dolphin,google-pixel,-26.10834036378567,0.0016271686604710264,0.02620535832451476,-18.734785635212262
dolphin,google-pixel,-39.60727119666298,7.470103566339235e-05,0.014959734317944043,-23.76930577007471
dolphin,google-pixel,-35.107501109840896,0.00022773212580511879,0.02384721626027949,-19.104985421012877
dolphin,google-pixel,-30.311626372244646,0.0006950155867088535,0.03445091966393613,-18.45046501637915
dolphin,google-pixel,-45.40936469366472,2.265393388964754e-05,0.02814404891218036,-23.30064296238106
dolphin,google-pixel,-26.29450041560364,0.0017509421339526859,0.01626171083227496,-19.42433534491434
dolphin,google-pixel,-48.27891182414925,1.0878765636342523e-05,0.008415389245435426,-24.080216792041398
dolphin,google-pixel,-24.58525165634574,0.002624246549842521,0.04251413371952876,-18.487695020275524
dolphin,google-pixel,-34.569548771109886,0.0002819565567125075,0.01089935838275953,-17.551540717809225
dolphin,google-pixel,-35.461379154047265,0.00021264692291381187,0.03442609853708406,-18.73818683578388
dolphin,google-pixel,-40.50938867681559,6.854914510474781e-05,0.013267675873148168,-20.814064030306504
dolphin,google-pixel,-27.082611739535807,0.0015382320007462742,0.029962405724497942,-18.287486448654498
dolphin,google-pixel,-10.995377701974183,0.055922156057303676,0.12760195042278755,-20.312431352693242
dolphin,google-pixel,-31.84679651361747,0.00046008168066159267,0.019478733615017747,-19.602733835350897
dolphin,google-pixel,-31.347651239909545,0.0005351039942178776,0.024989956953219032,-19.81954079821354
dolphin,google-pixel,-7.3956311604358245,0.10979940852353427,0.1896243171612396,-20.35281615124771
dolphin,google-pixel,-36.65224953878097,0.00011737373445890795,0.015841550885410314,-23.318901286749405
dolphin,google-pixel,-21.254140636772366,0.005041519327866353,0.06562960874804134,-21.12380299413788
dolphin,google-pixel,-31.353067279382433,0.0004043564591022403,0.021293441932132926,-19.055093202260196
dolphin,google-pixel,-37.49143477618066,0.00011452213233186011,0.017999415149434844,-23.43499655872212
dolphin,google-pixel,-9.637827598810306,0.0521759499483605,0.2026539080206097,-24.562490667291726
dolphin,google-pixel,-26.37417620426624,0.0015447590629237562,0.0281978553751021,-19.09809707462053
dolphin,google-pixel,-42.37193759491738,3.8855052846258585e-05,0.013903943458516864,-22.767559713962715
dolphin,google-pixel,-0.9578978159457503,0.43727303007264745,0.6404169833504978,-31.373642771217582
dolphin,google-pixel,-17.65512729085281,0.00942723254166874,0.08288692998292092,-23.631171549526854
dolphin,google-pixel,-38.56956020836515,6.259229558406233e-05,0.06960129012534287,-33.61160389849193
dolphin,google-pixel,-18.374918078843777,0.009536642027906201,0.039582770126478393,-20.267419391232302
dolphin,google-pixel,-39.94131465247478,5.978450205245103e-05,0.01644861333275618,-25.709011213370772
dolphin,google-pixel,-42.24657989199433,3.427507386532926e-05,0.007870503036611213,-23.312721104725863
dolphin,google-pixel,-26.607086837744166,0.001215009952098155,0.11188106408433864,-21.280968564939716
dolphin,google-pixel,-47.43008828368459,1.1678461568158525e-05,0.026510934129062868,-24.86826847605572
dolphin,google-pixel,-9.897716167495908,0.06991962800715423,0.11892497667103749,-19.894298177633477
dolphin,google-pixel,-50.88796134551838,6.010603253369094e-06,0.018023183387867892,-26.044836522721848
dolphin,google-pixel,-13.257540664421406,0.03513203118368472,0.1176947169540193,-20.662727255375522
dolphin,google-pixel,-22.62368832071358,0.00436909948499425,0.0309909753332998,-18.17957573266472
dolphin,google-pixel,-34.207675683065716,0.00017305774193766794,0.07700590569072849,-18.220515364588238
dolphin,google-pixel,-38.75013493531757,7.563586575062113e-05,0.09628783020292005,-20.920100897399646
dolphin,google-pixel,-32.34737823171022,0.0002909623228932649,0.08224429708859889,-17.801848853034205
dolphin,google-pixel,-44.38870779838136,1.92922151241782e-05,0.03420316280281663,-23.871124985143346
dolphin,google-pixel,-30.40800712056385,0.0006290123766119834,0.06543620605559572,-17.771876156168204
dolphin,google-pixel,-16.32603112311298,0.01646458335123036,0.06918451059244804,-18.619749121303162
dolphin,google-pixel,-55.56657737287868,1.957546000896631e-06,0.02480985383407188,-22.83652490886169
dolphin,google-pixel,-18.300644861724592,0.010898455141451635,0.08986768711368844,-21.743603086746567
dolphin,google-pixel,-30.32199592936161,0.0006936203940098952,0.043194659508748415,-20.264878925464686
dolphin,google-pixel,-29.074527212394493,0.0010248595357606706,0.018748141817037562,-18.27169633547295
dolphin,google-pixel,-51.15089648230327,6.434945872531034e-06,0.011061131560588692,-21.08840059594547
dolphin,google-pixel,-5.2079629771963205,0.2054460602878028,0.28222084954644416,-19.34412161089732
dolphin,google-pixel,-51.19331421672488,4.689467756931409e-06,0.013781150902347451,-24.98208763658086
dolphin,google-pixel,-35.53414262521824,4.869427977716703e-05,0.21398716346779414,-29.976688371498305
dolphin,google-pixel,-16.105936196205977,0.020081939706424592,0.06330317696846438,-21.259333079577466
dolphin,google-pixel,-34.856698255411615,0.0002542944709569571,0.012035322479589515,-27.033230210449016
dolphin,google-pixel,-39.64477413364829,8.273604521921915e-05,0.05540700566231352,-19.010041991788892
dolphin,google-pixel,-27.23280311042737,0.0013828455614423656,0.04001611772463855,-18.602769140414424
dolphin,google-pixel,-34.64156183389075,0.00023132814957866151,0.05603885748427053,-19.014300916779074
dolphin,google-pixel,-4.713241508421115,0.23040277258747582,0.2934439912750437,-19.491301513473392
dolphin,google-pixel,-51.13039360032303,5.732479260786748e-06,0.016685231577414836,-24.914912083349144
dolphin,google-pixel,-32.43546490327168,0.0004211735063788425,0.06932408139799802,-21.730866455692023
dolphin,google-pixel,-31.906323526627997,0.00041337828911684857,0.03585864048974019,-20.45027183728756
dolphin,google-pixel,-37.44790903431704,0.00013958692966790822,0.020198559763418472,-25.738960341199657
dolphin,google-pixel,-3.4309067263157402,0.2602390952601956,0.4162956499747409,-19.395265044494643
dolphin,google-pixel,-34.18538546740513,0.00024320688571842077,0.06894343571594558,-17.3157134498909
dolphin,google-pixel,-32.304584874458314,0.00041276948862150725,0.03893586092038743,-18.96113382032309
dolphin,google-pixel,-42.78326626279376,3.547718853572044e-05,0.04022109151321779,-19.753876965792937
dolphin,google-pixel,-53.44841678281797,3.247442964242355e-06,0.031310156943331266,-26.025577272458808
dolphin,google-pixel,-47.924432993829896,1.2114752211959675e-05,0.023087242805165303,-23.769396455763033
dolphin,google-pixel,-5.3235192787314345,0.19702729861151874,0.28304947178638673,-21.228801244898605
dolphin,google-pixel,-8.855280024378086,0.0818918726350603,0.09978152184765109,-19.077887224813928
dolphin,google-pixel,-20.15600942173211,0.006086518433693556,0.08004088402786676,-20.858296822299085
dolphin,google-pixel,-29.119756178074915,0.0006046943485706418,0.02944447186854488,-19.937464484595758
dolphin,google-pixel,-30.63755980809162,0.000718988754386241,0.021648161578775863,-20.49182013809665
dolphin,google-pixel,-43.654953359048186,3.6085217893441826e-05,0.009499158124934765,-23.88289280580084
dolphin,google-pixel,-12.574697925824916,0.02457317635848339,0.17227454623795865,-24.563311335671585
dolphin,google-pixel,-20.56630732567234,0.004074320388663606,0.029472457362777264,-20.14826459997326
dolphin,google-pixel,-55.30037839244631,1.4485222606850428e-06,0.01659575902075827,-25.688591985698785
dolphin,google-pixel,-24.606974928286427,0.0015129718542767733,0.01778809211311855,-19.151853424882827
dolphin,google-pixel,-23.07706979444747,0.004208625659890227,0.06522306973572514,-24.90238095113662
dolphin,google-pixel,-34.81682522081172,0.00022453014012215392,0.054320999975869304,-21.00860080273843
dolphin,google-pixel,-42.423885435199026,4.512927763953519e-05,0.012310709052755787,-25.02486141909103
dolphin,google-pixel,-37.88249311642129,0.00011310526523732404,0.04244597873905808,-19.89201190957407
dolphin,google-pixel,-45.586724357664224,2.3135389695771473e-05,0.01505233832952082,-22.024876338024974
dolphin,google-pixel,-39.91283660093977,8.277855366167782e-05,0.013375846217622922,-28.31329986367529
dolphin,google-pixel,-2.8987098400701337,0.366886045351185,0.4394314371344476,-20.808365850717692
dolphin,google-pixel,-25.525680701996393,0.001983899615549346,0.07764334836839001,-22.944944761469145
dolphin,google-pixel,-36.27771115665068,0.00017229532727266593,0.010697800118662115,-19.01267063771716
dolphin,google-pixel,-9.838629666119498,0.04739274846671793,0.11373173767426832,-21.64367956892846
dolphin,google-pixel,-23.970530790679504,0.002830774529669682,0.04802789617356122,-22.466086494612988
dolphin,google-pixel,-26.102040079247672,0.0016119654101025532,0.035826652603610835,-20.317015033896837
dolphin,google-pixel,-40.5262351698522,5.550684558680773e-05,0.026132752377090868,-25.10374793996657
dolphin,google-pixel,-31.719976747474238,0.00040169048081180726,0.06781560940981221,-21.090891683366095
dolphin,google-pixel,-33.126102977153906,0.00039259183965394487,0.02694685977088715,-19.442462843172756
dolphin,google-pixel,-16.608548854699563,0.0155432373883195,0.08739278511400374,-22.10820840030971
dolphin,google-pixel,-17.039190966296253,0.014366664400660723,0.058508018379814605,-20.199144535847022
dolphin,google-pixel,-51.984953326970555,4.3381819807783975e-06,0.028599066796532343,-24.12392652412987
dolphin,google-pixel,-32.969816895380475,0.00019148117500982542,0.12855424455467312,-22.451759876855895
dolphin,google-pixel,-21.845979041740335,0.0031747378224473263,0.04234658011883614,-20.134342896609567
dolphin,google-pixel,-28.912521243899132,0.0008070493050042125,0.1707754324339766,-24.250475127698575
dolphin,google-pixel,-18.27232508531576,0.011214056678351129,0.03825663407259228,-18.855158311884068
dolphin,google-pixel,-42.35296839083834,4.489492803994128e-05,0.020182875008833,-21.95372017982727
dolphin,google-pixel,-24.90628850642688,0.002530193669394338,0.02788774745872182,-20.19062797028301
dolphin,google-pixel,-43.574448250677435,3.393859131346774e-05,0.013300913368752769,-22.915262294545563
dolphin,google-pixel,-6.601933917493462,0.16802741317438966,0.25200288975919616,-22.407698861480753
dolphin,google-pixel,-51.532636044545164,6.102423926575285e-06,0.007881215179925544,-21.691927489577076
dolphin,google-pixel,-21.738045754181,0.005584288152586941,0.04598405521987338,-20.79211387182026
dolphin,google-pixel,-40.031031273992845,6.758484633992467e-05,0.03839880911359756,-21.605335392823722
dolphin,google-pixel,-42.81137048902596,3.802510759471556e-05,0.021118845077768105,-24.928892859205472
dolphin,google-pixel,-13.565453658950856,0.01895898857162097,0.13281377346912823,-24.2822750576132
dolphin,google-pixel,-39.73792232573758,8.892639333725188e-05,0.008489995058728418,-23.88130647970251
dolphin,google-pixel,-10.913131235624538,0.0557744898895644,0.08719062448650411,-19.308899298708305
dolphin,google-pixel,-9.275577906551987,0.08950024087664374,0.11481698806694966,-18.715324772705625
dolphin,google-pixel,-43.02139244951032,3.775802010025147e-05,0.011128020752228905,-22.49845178871471
dolphin,google-pixel,-12.577967343710997,0.03393473941526181,0.12355037166946457,-22.156339152988135
dolphin,google-pixel,-33.26594051802112,0.00034550115512269703,0.09915155190585075,-21.944240569444815
dolphin,google-pixel,-41.730595920956574,4.5831400673108904e-05,0.021590413404868794,-24.28831411484525
dolphin,google-pixel,-32.3382024475027,0.00041211556691899727,0.04588939624551261,-17.488649071557887
dolphin,google-pixel,-27.64748432406744,0.0012986507514955062,0.02661775700314447,-18.748266169872597
dolphin,google-pixel,-46.66301141995853,1.5748304890919927e-05,0.019998899172300695,-22.10797599372675
dolphin,google-pixel,-35.662263789140674,0.0001959227171941386,0.053270995368867376,-20.078638025595176
dolphin,google-pixel,-1.5397733119123824,0.544522038206833,0.6063100248967798,-18.827904172846036
dolphin,google-pixel,-9.216599333620497,0.09847067798674583,0.14025673545747566,-18.90169274430092
dolphin,google-pixel,-13.515281721282689,0.02918889067226703,0.11811684046242073,-21.01435335257825
dolphin,google-pixel,-23.636648249044917,0.0034188177074068937,0.02088291596584258,-18.445970193565465
dolphin,google-pixel,-43.9578580322773,3.1799727023621865e-05,0.007387714464726768,-21.305796467187534
dolphin,google-pixel,-17.940695142723484,0.01023760550211864,0.08397879552287799,-20.949149833657216
dolphin,google-pixel,-25.750896133938497,0.002111261678008399,0.021940118975115157,-18.212226333641354
dolphin,google-pixel,-42.02603366985674,5.235205009697221e-05,0.005934693102000157,-20.883843653182808
dolphin,google-pixel,-15.70197299917702,0.020994031606413256,0.09322070460455824,-21.74446634357458
dolphin,google-pixel,-38.88340592647257,0.00010517022692981245,0.011807981338347817,-24.170802860824175
dolphin,google-pixel,-7.066593426875382,0.16104183866831148,0.1860850725743956,-19.522784826060402
dolphin,google-pixel,-41.41264142240157,6.17374309089351e-05,0.005497546987562556,-22.13700078360018
dolphin,google-pixel,-10.025179302197845,0.07036648904551028,0.11471321678074338,-20.432383077273236
dolphin,google-pixel,-4.9101459011347295,0.24991177645481816,0.28931390524202233,-19.41542742953792
dolphin,google-pixel,-46.00811590179386,1.88404712780925e-05,0.007477848409228667,-22.637645504867166
dolphin,google-pixel,-28.054607894841443,0.0010085900291514989,0.04648483079755098,-19.804429875453692
dolphin,google-pixel,-33.69076893684785,0.00026075071589717744,0.014057079893797226,-18.368287265375404
dolphin,google-pixel,-37.28217992485581,0.00011938071356526838,0.008536229453001662,-22.328342057746777
dolphin,google-pixel,-26.44855893988911,0.0013573790298597494,0.09748935903250153,-22.22055123745799
dolphin,google-pixel,-20.357546804733374,0.006632171015534999,0.03626370911796955,-20.512573485879283
dolphin,google-pixel,-13.76715045183855,0.032270106481872694,0.06137647064202956,-20.176007364514543
dolphin,google-pixel,-52.30598709011683,4.797310995950361e-06,0.007170398302096491,-30.859170150090836
dolphin,google-pixel,-1.9835874592804954,0.42454850571855135,0.5145280335679685,-23.041561102933848
dolphin,google-pixel,-38.650486382802434,9.48919142855401e-05,0.006083009866099156,-19.713738141886385
dolphin,google-pixel,-46.461256561400226,1.588896548242977e-05,0.0030909907296318563,-23.363499893225
dolphin,google-pixel,-9.391458437471679,0.07087680721925015,0.11554391702909649,-21.49139557199584
dolphin,google-pixel,-36.84370017801968,0.00011217083863752832,0.005504459289909505,-18.5284499160284
dolphin,google-pixel,-23.676813846194015,0.0023607766758938576,0.02765706427403686,-20.020164570186758
dolphin,google-pixel,-22.652631874385335,0.003567408294620871,0.015142099482454473,-20.24350428690825
dolphin,google-pixel,-15.656989558911166,0.020478105023196195,0.11231481586559061,-22.187864876898953
dolphin,google-pixel,-7.912259719928294,0.10330115103412774,0.13061454661071742,-20.673605230786155
dolphin,google-pixel,-42.803427447701964,3.5884161141273763e-05,0.005843608026135011,-23.841264364896254
dolphin,google-pixel,-22.659509531776653,0.003956727338667236,0.01921569360835572,-19.704433635682022
dolphin,google-pixel,-46.42388890085072,1.667187323833211e-05,0.007678439215100677,-23.05251959074804
dolphin,google-pixel,-2.658287035875981,0.3559670917134873,0.44541649151488705,-20.155755588501258
dolphin,google-pixel,-19.33572657084644,0.007354229699805442,0.026596257852057197,-20.70553381532556
dolphin,google-pixel,-31.42362843201446,0.0004824110103877212,0.05617601638681119,-21.437497832755295
dolphin,google-pixel,-36.835594969025294,0.00011262806360299979,0.02322151387235453,-21.639021965254067
dolphin,google-pixel,-27.91936143673139,0.001012606133347194,0.11890175286162706,-23.5723856801808
dolphin,google-pixel,-12.338446167809769,0.04133623398531286,0.058047243306130696,-20.0968361049966
dolphin,google-pixel,-38.142922958133795,9.706147658460079e-05,0.006364045206709383,-24.269081332691357
dolphin,google-pixel,-37.21952721494005,0.00013674505437794512,0.024121018722888358,-21.57243360181611
dolphin,google-pixel,-37.34154078897016,0.00013585504250346716,0.01024497780040597,-24.710233136415695
dolphin,google-pixel,-20.628747799660875,0.007022626137017749,0.06024155165619666,-20.549923797231195
dolphin,google-pixel,-35.41685023544016,0.00024114769289213835,0.01862565723761212,-20.535051692592162
dolphin,google-pixel,-52.90789272939061,4.246242460586515e-06,0.006534832375040709,-23.065535763063085
dolphin,google-pixel,-4.60235084034023,0.2189051501637257,0.3344177984142766,-22.625225054159838
dolphin,google-pixel,-22.521454365819075,0.003678839307659708,0.027984715578517037,-21.335112442560998
dolphin,google-pixel,-14.514943066879784,0.029606386122209404,0.05538256609356083,-22.75630403602895
dolphin,google-pixel,-35.76202286955458,0.00018568536566020206,0.010197027747812807,-19.557344889906275
dolphin,google-pixel,-10.54950425294108,0.038576656127754974,0.14142939891434333,-23.71564548145727
dolphin,google-pixel,-7.66490647154463,0.1224882606125075,0.14950610396508535,-20.492277212299843
dolphin,google-pixel,-6.892634882149031,0.14615347082780017,0.19716338354183913,-19.922062603440484
dolphin,google-pixel,-43.26646672386991,3.5589417924566056e-05,0.025685045827968652,-22.474104531113113
dolphin,google-pixel,-33.14226410789907,0.00029493760326983225,0.050933855628766914,-19.697216467677872
dolphin,google-pixel,-37.465480659186674,0.00011880197393327051,0.01788420028054568,-21.219564083271663
dolphin,google-pixel,-56.93004685996723,1.0155576367338403e-06,0.007580899399341893,-24.831581569579374
dolphin,google-pixel,-16.011499131560317,0.013313412365941479,0.06994311901808925,-22.291935694383227
dolphin,google-pixel,-40.60937548363029,5.542924917161622e-05,0.005022023450260665,-24.21952892389193
dolphin,google-pixel,-31.979065468787795,0.0005231311741063648,0.015024197498711304,-21.291162022996485
dolphin,google-pixel,-38.31188438443992,0.00012867749609455663,0.005618449801593944,-24.06950234300006
dolphin,google-pixel,-33.66505702488566,0.00030419207573102676,0.03595754564662914,-19.4894478858378
dolphin,google-pixel,-32.97410364315681,0.0003522514369360839,0.02273756209546741,-19.45452340763344
dolphin,google-pixel,-40.95646617598152,5.244644783341504e-05,0.009500351348632164,-19.624726365585857
dolphin,google-pixel,-43.16435526157932,3.169538035994785e-05,0.0028824431896680405,-22.183511192923348
dolphin,google-pixel,-38.062347517570544,8.716218621793799e-05,0.007081340521765756,-18.60167340855546
dolphin,google-pixel,-47.407031367584686,9.261802776811814e-06,0.0028834876330226067,-22.019516092231616
dolphin,google-pixel,-31.507354681698114,0.00048627613846128584,0.029651984916320352,-21.00785110071807
dolphin,google-pixel,-39.56597495584748,6.932802900622682e-05,0.022002773362346125,-21.5819790259141
dolphin,google-pixel,-44.10438755904653,2.6146531373112368e-05,0.004708771576225602,-24.51250839826455
dolphin,google-pixel,-29.013408065480498,0.0009741212097420369,0.04724317119426709,-21.354281137462337
dolphin,google-pixel,-23.997108569736497,0.0031627210751824105,0.019550047546482385,-21.641756176093182
dolphin,google-pixel,-52.629525377940226,4.490176622163933e-06,0.004101521362413779,-23.65984923260969
dolphin,google-pixel,-39.32828482198105,6.94552524800903e-05,0.00709510482118189,-24.336135168357544
dolphin,google-pixel,-34.32967940461158,0.00022389372588887727,0.036634469124643965,-18.60167418962176
dolphin,google-pixel,-29.36700247099467,0.0006627069596740152,0.01169470455813427,-19.331531265553586
dolphin,google-pixel,-36.71127244369569,0.00015466928341897903,0.014966776178913318,-20.637867091615483
dolphin,google-pixel,-38.3880910440313,9.753010038087632e-05,0.004802304809413842,-24.755967635677408
dolphin,google-pixel,-36.57884855953182,8.048840021461831e-05,0.06097081459844602,-20.01668049595728
dolphin,google-pixel,-30.261786083828103,0.00033804243772945987,0.11683611197997053,-35.59487593076999
dolphin,google-pixel,-22.984616808120357,0.00212048419448618,0.08365644973242234,-20.079138385704645
dolphin,google-pixel,-18.503960815754017,0.005351940339801823,0.08184820297073231,-20.450900962649996
dolphin,google-pixel,3.2324395807506097,0.8273220181186238,0.9962174218623985,-20.97871439690307
dolphin,google-pixel,-36.07483171958221,0.00010425005116428989,0.06429677993967572,-24.727833980244874
dolphin,google-pixel,-0.5265594053617269,0.13412007933657735,0.34492261666457713,-23.619951605919056
dolphin,google-pixel,-1.842152485819721,0.13931070928332304,0.36088960988163604,-19.976107609437925
dolphin,google-pixel,-32.05491217929411,0.0001558294906326634,0.16446111505386518,-21.18986535212631
dolphin,google-pixel,-14.300652253560663,0.015925242045216843,0.10419844295679519,-20.50921138379246
dolphin,google-pixel,-9.774561750204601,0.03390934426914227,0.18915851986277918,-21.259824412123663
dolphin,google-pixel,-42.495591322589334,1.9280437209466078e-05,0.1271718795441027,-26.50206367141053
dolphin,google-pixel,-12.996169313058274,0.017440249410859514,0.1606567348238579,-21.558439225571234
dolphin,google-pixel,-36.48045938663703,7.365504459878468e-05,0.12691082508361423,-24.92659374825521
dolphin,google-pixel,-9.847652336339806,0.018460302187198067,0.15858521805238956,-20.245636580272883
dolphin,google-pixel,-32.51815841863263,0.00017895157849097054,0.10510213959953722,-18.62842752428753
dolphin,google-pixel,-9.825457207025005,0.04276857736854827,0.15153165900616675,-19.769334916803736
dolphin,google-pixel,-39.94215762982776,5.480946593831904e-05,0.057107658003136316,-24.649490258150696
dolphin,google-pixel,-22.572514183606526,0.001985522226823192,0.12743114518874563,-20.70111497599222
dolphin,google-pixel,-22.782690023309435,0.002850032672271736,0.08633390602093072,-19.63245948119845
dolphin,google-pixel,-48.48766893283304,9.159528354387417e-06,0.05032293086315094,-22.84185104667631
dolphin,google-pixel,-32.19663261716679,0.00037279691323591354,0.0993904288898025,-20.078300136387544
dolphin,google-pixel,-39.229142296527506,4.023806920221159e-05,0.11487856299144317,-24.452769932429447
dolphin,google-pixel,-16.23557153341843,0.009853137802545481,0.08492571126309235,-19.384034758206216
dolphin,google-pixel,-37.14877039425727,0.00011906622211488978,0.03663219043223321,-26.583322122858817
dolphin,google-pixel,-13.016238923030034,0.01741445831327228,0.2632095161385008,-24.26682278677919
dolphin,google-pixel,-4.549265440433131,0.18544659505061376,0.2534162165870849,-19.41014454194232
dolphin,google-pixel,-6.625267594746894,0.09230451641956555,0.1895968952853482,-20.557495830970094
dolphin,google-pixel,-41.15381482427737,3.092742290321515e-05,0.07925203212062976,-25.440953057854866
dolphin,google-pixel,-16.6560761122396,0.007737785025614576,0.10745274886373123,-23.225994173514568
dolphin,google-pixel,-10.337440334582748,0.0474828372253611,0.13298462424279892,-20.579591501663145
dolphin,google-pixel,-41.8552264897295,2.8359877288552734e-05,0.06464183884293971,-23.941773514692354
dolphin,google-pixel,-21.803262640478973,0.0037803008331858444,0.039410431386086124,-20.053171005388307
dolphin,google-pixel,-46.786753480691,1.1354084980521174e-05,0.024705194709502994,-23.233858604527335
dolphin,google-pixel,-20.296620210904052,0.005875403560608421,0.04175173081516352,-19.11973607440925
dolphin,google-pixel,-55.343067288736314,1.6013935460400392e-06,0.044101196122900206,-23.683293056175142
dolphin,google-pixel,-7.127890186021516,0.09531446709845133,0.21313306003005367,-20.348134395272957
dolphin,google-pixel,-21.455086823708744,0.003565485610225767,0.06492708521265997,-19.59809427163296
dolphin,google-pixel,-38.14979366970316,7.405871281192612e-05,0.04301975340358061,-22.618171451703624
dolphin,google-pixel,-19.102403153416418,0.005163827665555154,0.11566712057834715,-19.855492261783688
dolphin,google-pixel,-8.737294556245699,0.06442535337281383,0.14000506104746263,-19.49508774681384
dolphin,google-pixel,-49.46466760349167,5.619939539252304e-06,0.05092604440823985,-22.94695430550478
dolphin,google-pixel,-29.776520142983948,0.00030847246934045095,0.18195313485762965,-22.279461687444382
dolphin,google-pixel,-19.43503831222562,0.003517898820166237,0.13655634196698652,-20.36249617198529
dolphin,google-pixel,-18.259180163465093,0.006740802984836111,0.060305967935728885,-19.995660936927514
dolphin,google-pixel,-10.111433103252525,0.046407038869800736,0.11040153660920721,-20.604609137630785
dolphin,google-pixel,-5.374480269397319,0.2638043210329878,0.3044695930750909,-22.06073998818369
dolphin,google-pixel,-18.603638072571886,0.004699305913510169,0.10158718491302038,-20.92047258896571
dolphin,google-pixel,-37.391488910441566,5.046459097839093e-05,0.08353915616116636,-26.829379513514265
dolphin,huawei-mate9,-23.695388629757108,0.0018061895044230091,0.01226388197831979,-45.9259534944882
dolphin,huawei-mate9,-0.5629976220956072,0.30704597909098247,0.34249967515041874,-46.79027807967831
dolphin,huawei-mate9,-11.713588752413965,0.02720533974746548,0.04031641730771087,-48.67202245470017
dolphin,huawei-mate9,-13.390997744078174,0.023944394722287918,0.05713859089237653,-42.4183705223517
dolphin,huawei-mate9,-13.348425774903198,0.01874598096099572,0.036429786387619977,-45.73844723275564
dolphin,huawei-mate9,-7.583306346349481,0.07216626436771026,0.09211958439826641,-47.326215173868356
dolphin,huawei-mate9,-22.11012212338918,0.002067307539316001,0.010260442840140228,-46.81686093668807
dolphin,huawei-mate9,-18.50113086468699,0.005490427251667121,0.01864205581186735,-47.10361429343631
dolphin,huawei-mate9,-12.463335898253431,0.024947679032713777,0.03762556442816556,-44.425194876264335
dolphin,huawei-mate9,-20.523776273273096,0.004032954731070238,0.016233068915446805,-46.747657634205446
dolphin,huawei-mate9,-14.920260815581914,0.013568091602025715,0.03328175087026397,-45.78123242303472
dolphin,huawei-mate9,-13.250643228200872,0.017862791536482778,0.02565684767318579,-46.2579186312793
dolphin,huawei-mate9,-14.84063830236516,0.01933944698991722,0.03330116806570663,-28.737551621472832
dolphin,huawei-mate9,-10.08739566674939,0.054300031687885976,0.06625137599811547,-40.547547124807764
dolphin,huawei-mate9,-21.143428208985053,0.004334314803066574,0.18356068420667768,-36.08067643837067
dolphin,huawei-mate9,-15.311980544472142,0.01279322953735456,0.015946483446079292,-38.30427802411559
dolphin,huawei-mate9,-8.779080221595606,0.04750930883650923,0.057160330213443675,-46.25774303872994
dolphin,huawei-mate9,-14.202716705503363,0.015623625368810654,0.017966649831315445,-32.65405300197203
dolphin,huawei-mate9,-12.9671116148946,0.021314520169207336,0.03594358853824147,-47.30203950147721
dolphin,huawei-mate9,-24.386435153990043,0.001456204686364583,0.015140702461391044,-45.88311103537454
dolphin,huawei-mate9,-20.106272459322266,0.0040083658490811256,0.010508177249706468,-44.1327400767526
dolphin,huawei-mate9,-18.884142637796444,0.0046438626537183185,0.010961348886074467,-46.257491290226305
dolphin,huawei-mate9,-11.240824633132636,0.02933462658444831,0.040889117336937064,-47.790664837842925
dolphin,huawei-mate9,-13.404944211327125,0.02074969693175661,0.02877983071466183,-40.59441962196629
dolphin,huawei-mate9,-15.473046254999579,0.011371374538949168,0.03010193038704988,-47.4981707629766
dolphin,huawei-mate9,-24.873196772214822,0.0012791094997996436,0.008969766758831562,-45.972713402078824
dolphin,huawei-mate9,-8.73621658551978,0.048804221671127614,0.06722239013807892,-46.71462304253456
dolphin,huawei-mate9,-14.983869200969355,0.013173217135899404,0.02702210276522347,-47.48323476878896
dolphin,huawei-mate9,-9.27239026858344,0.04838902824341189,0.07574338611756493,-45.802638983501225
dolphin,huawei-mate9,-22.756525295359022,0.0022571009455858077,0.009591521455992716,-45.0132653653657
dolphin,huawei-mate9,-23.292441868895004,0.0018332376291540805,0.010925943281022326,-47.3111798330266
dolphin,huawei-mate9,-23.91105309156042,0.0026461976737031656,0.011181828378556913,-33.463450721119784
dolphin,huawei-mate9,-10.680627427245877,0.03450036372492274,0.05641305531282744,-45.75448912878481
dolphin,huawei-mate9,-8.344548731059833,0.05964430762979322,0.07213276140802187,-44.39389386004382
dolphin,huawei-mate9,-13.029620264367054,0.02297055627064881,0.03913677112768134,-30.460081637565114
dolphin,huawei-mate9,-13.807717354104003,0.018864753406372958,0.027614409595041224,-42.82508916723465
dolphin,huawei-mate9,-8.349280998935244,0.059982912112772145,0.07585262299101013,-47.33487193997536
dolphin,huawei-mate9,-16.707154450737175,0.008797412955414375,0.02623247682640904,-45.5470183058512
dolphin,huawei-mate9,-9.42492608863628,0.04191444241526842,0.05209040817873105,-46.20737017077957
dolphin,huawei-mate9,-10.885309122940853,0.030600747702764164,0.042634561951097216,-48.16412542042298
dolphin,huawei-mate9,-12.767313523794293,0.022769297772246285,0.03338044565020236,-28.731916153721237
dolphin,huawei-mate9,-16.288136179863606,0.010949752266585863,0.018209020072159663,-41.07939490142847
dolphin,huawei-mate9,-7.266065425113469,0.08461041240135513,0.10319036356189878,-44.45425365821782
dolphin,huawei-mate9,-16.00122999523674,0.012612343205829928,0.015300876793234065,-39.675988835383365
dolphin,huawei-mate9,-13.194646129105008,0.018145768225180423,0.026636038581769994,-45.71348848924376
dolphin,huawei-mate9,-10.966299738692172,0.03249162337058183,0.0494474727110661,-47.59351591150478
dolphin,huawei-mate9,-20.311281200877374,0.004042507229715089,0.023767223421700352,-45.45532514819069
dolphin,huawei-mate9,-9.00284076472948,0.06142961661012156,0.07422291622307314,-45.332986173054195
dolphin,huawei-mate9,-12.776308674650629,0.019891032318691965,0.06943440240728037,-45.96176358133593
dolphin,huawei-mate9,-16.2345968849923,0.009746440059029202,0.02081043926452279,-48.38805729315397
dolphin,huawei-mate9,-19.851494505990996,0.005326781622346381,0.014691197903888365,-44.313982177014644
dolphin,huawei-mate9,-21.076123922766804,0.0037650067092069644,0.018103037998039206,-46.578726186464145
dolphin,huawei-mate9,-12.691564395204358,0.022438706048066054,0.04120711136620025,-45.76783281026557
dolphin,huawei-mate9,-15.208375631276894,0.013597261369763709,0.022637392476047246,-45.7853129821258
dolphin,huawei-mate9,-13.954620824020594,0.02839282529415423,0.03564831966850003,-39.98801161470781
dolphin,huawei-mate9,-14.439964207644774,0.016214499755168133,0.030042035740707115,-46.542809985602354
dolphin,huawei-mate9,-11.361938753088157,0.03156290035591475,0.04805239289311272,-44.741825170220785
dolphin,huawei-mate9,-11.91258004729261,0.03259673923366324,0.04202157975650868,-42.10232567456383
dolphin,huawei-mate9,-7.5245617976797075,0.07253059963232936,0.0892974726995264,-47.44252730849123
dolphin,huawei-mate9,-10.776300063366486,0.03961182968768767,0.050534831953496256,-40.38921938154253
dolphin,huawei-mate9,-3.1572995409807674,0.1930038918908299,0.2269230844232651,-45.826505950951486
dolphin,huawei-mate9,-18.87630132563216,0.005385776157116365,0.019546952325079185,-45.500668849301405
dolphin,huawei-mate9,-13.763223892101886,0.019260374876322345,0.03431554213742971,-46.67225499289289
dolphin,huawei-mate9,-6.32345231106621,0.09574755118799645,0.11869835875861937,-45.49418238750934
dolphin,huawei-mate9,-9.810307759362196,0.049261581511176974,0.05801312271234649,-42.724423566871835
dolphin,huawei-mate9,-14.082420294580398,0.01555753730853035,0.02809444665084624,-47.653083125407605
dolphin,huawei-mate9,-12.218573425326015,0.03171267887478762,0.042571748179912355,-42.70604704057948
dolphin,huawei-mate9,-7.708431719017467,0.06696791676412675,0.08610915894959131,-47.59529526362931
dolphin,huawei-mate9,-18.932365145272648,0.004937409630001607,0.014369228559935533,-46.35926898991258
dolphin,huawei-mate9,-10.638096067274859,0.03012898256701032,0.04024679758946657,-46.73594301155057
dolphin,huawei-mate9,-22.20115849441873,0.0031731398197517315,0.017638519227707605,-34.426191951704276
dolphin,huawei-mate9,-18.714222466695663,0.005981564523391272,0.018408165519373892,-44.945141133857206
dolphin,huawei-mate9,-21.910503508737406,0.002697660172687743,0.016928692235143546,-47.39941816592777
dolphin,huawei-mate9,-8.480031089824848,0.05937600482620424,0.08002269756556536,-45.63616408511078
dolphin,huawei-mate9,-8.493057688970996,0.052716788661548206,0.0663068687545176,-46.67145761766571
dolphin,huawei-mate9,-7.807246380650089,0.0656542597243484,0.08531265619607219,-48.367683492949574
dolphin,huawei-mate9,-17.547567496594446,0.008371952330477078,0.025343420345797618,-44.64821204078717
dolphin,huawei-mate9,-12.78652699829907,0.022181823900765948,0.03714586110415025,-47.13544123977124
dolphin,huawei-mate9,-7.582857780640866,0.07463000302127569,0.09419138098354747,-45.5832577248491
dolphin,huawei-mate9,-17.941976524903957,0.00591898309171824,0.01353594605047716,-45.40511646425409
dolphin,huawei-mate9,-10.409459907580773,0.031859649868407565,0.043778444543414896,-46.62906443494194
dolphin,huawei-mate9,-16.840569027642964,0.009072301549602542,0.020575012457963233,-33.50454249107158
dolphin,huawei-mate9,-10.250389379953429,0.04118358398310937,0.055409380613996105,-46.79924274710917
dolphin,huawei-mate9,-12.238142671206443,0.025751097053079212,0.03964096404507609,-44.84636607106749
dolphin,huawei-mate9,-14.616442744397208,0.013591330568235842,0.020547470518687338,-44.9492695792443
dolphin,huawei-mate9,-14.202367644006328,0.020227368275329453,0.028402696447860056,-25.582677340661277
dolphin,huawei-mate9,-15.251120484689402,0.014909513589338194,0.020820422550538294,-39.763081263849024
dolphin,huawei-mate9,-11.04592156227137,0.033511788129911554,0.05021780636522895,-47.615783837316066
dolphin,huawei-mate9,-16.440278366073514,0.009213749910054508,0.025503618892297224,-45.58170917577002
dolphin,huawei-mate9,-23.186846928380977,0.0017699287277006255,0.012629514638331561,-47.069128346625064
dolphin,huawei-mate9,-7.162304577598933,0.07550852582675745,0.09617610116929808,-47.87458036552511
dolphin,huawei-mate9,-25.390504174296762,0.0017711973530737115,0.010545116859395505,-32.750550291168494
dolphin,huawei-mate9,-10.7660670874956,0.04234728366307158,0.055133346843594166,-43.867147741341235
dolphin,huawei-mate9,-16.72451712828918,0.009140221063991871,0.022316111215161534,-47.39435047883806
dolphin,huawei-mate9,-9.278610900290957,0.0016495190622295274,0.0023772394405679083,-30.799847149839646
dolphin,huawei-mate9,-19.07129063351144,0.005639987137135155,0.013543448762657721,-44.4024691809622
dolphin,huawei-mate9,-17.36240211941006,0.007377681282271913,0.019770304054586588,-47.76959478921193
dolphin,huawei-mate9,-22.259970552215066,0.004449276966236015,0.014074454042420572,-31.91110253570045
dolphin,huawei-mate9,-5.393008349126206,0.13151318515188823,0.15313534330943215,-46.54619767442768
dolphin,huawei-mate9,-8.093148058378606,0.059073487900383526,0.07213881745112576,-45.629650314949224
dolphin,huawei-mate9,-13.547148326688603,0.016320897484404132,0.026967293758990284,-47.099564471919095
dolphin,huawei-mate9,-11.227964192742714,0.031692746642436743,0.03675877040762295,-24.961039481000068
dolphin,huawei-mate9,-14.739418252159089,0.015337325769757859,0.020459004715672646,-38.848528805715404
dolphin,huawei-mate9,-14.020432122172327,0.016914511689839113,0.031816741032239026,-47.38534697832495
dolphin,huawei-mate9,-16.36439769180997,0.010107528679402593,0.027888762638991194,-45.48340102467502
dolphin,huawei-mate9,-16.967122609474796,0.008166600106809052,0.014473815974737077,-43.471730347003586
dolphin,huawei-mate9,-11.238774808677633,0.02824365476455171,0.03912343723145611,-46.31207239201295
dolphin,huawei-mate9,-17.616488597732086,0.006544842456891385,0.022762440198084367,-47.69475521982736
dolphin,huawei-mate9,-18.05008683775672,0.008475814504843195,0.01599890782217081,-30.42002972498306
dolphin,huawei-mate9,-14.592473775871388,0.01814475966856483,0.030951967400014213,-42.98715517148308
dolphin,huawei-mate9,-14.02312428301175,0.01576652568999551,0.028805501312113634,-48.00631456167038
dolphin,huawei-mate9,-14.099888680927446,0.016977146763309244,0.03537523729014684,-45.45547688345692
dolphin,huawei-mate9,-7.773204740120766,0.061264199912265456,0.07597044805605825,-47.82788299403212
dolphin,huawei-mate9,-17.804487113694293,0.008694553163672368,0.02520401487353147,-30.110438750209596
dolphin,huawei-mate9,-12.803006062507231,0.02146174161439043,0.033616130504381635,-45.68880349682424
dolphin,huawei-mate9,-17.342528095706506,0.006743535579132009,0.018555665863908354,-48.02437745223489
dolphin,huawei-mate9,-21.430345279403497,0.0034609569656962463,0.016223278391645456,-44.373645445570354
dolphin,huawei-mate9,-9.924826596863594,0.04757586778536662,0.060186833606172906,-46.20835263141995
dolphin,huawei-mate9,-11.624432305217823,0.03474921058492667,0.05009149916025844,-44.68779896962654
dolphin,huawei-mate9,-13.344949966988759,0.02035410222487371,0.026702690321701302,-41.87034587641671
dolphin,huawei-mate9,-17.338064895269078,0.0067922507713400375,0.016336333932901948,-45.97980290200813
dolphin,huawei-mate9,-12.378806257999246,0.02608199426796288,0.03204130942660691,-37.88088401952007
dolphin,huawei-mate9,-13.440479487864035,0.016443706865285086,0.024380479516203823,-45.151181556875635
dolphin,huawei-mate9,-12.059624685682449,0.025816669694941015,0.045948827570762504,-47.38624438134424
dolphin,huawei-mate9,-23.54260440120678,0.0019242216162427472,0.024037724069160184,-45.47801656965332
dolphin,huawei-mate9,-17.31190918152739,0.007861837388056797,0.019175052240586264,-44.67864786969941
dolphin,huawei-mate9,-5.680914878873995,0.1012864064368691,0.12546037722838602,-48.10040174935019
dolphin,huawei-mate9,-18.02690643282686,0.008507363989061588,0.023052504932932306,-29.847038675336957
dolphin,huawei-mate9,-12.922414768422868,0.024912095257972267,0.0392637923776852,-42.43612883962199
dolphin,huawei-mate9,-17.685507935605628,0.006133536316248675,0.01927670165631028,-46.58164694041186
dolphin,huawei-mate9,-2.816180355299978,0.18426890788692343,0.21103991152671345,-46.40620556000872
dolphin,huawei-mate9,-13.208090684091827,0.019769536068178634,0.03557236547742062,-45.56115139242003
dolphin,huawei-mate9,-9.523543973100683,0.05191112842537843,0.08035736479999814,-45.17915997089724
dolphin,huawei-mate9,-3.742365051311371,0.15487270905017997,0.17741902973852133,-46.73640771635632
dolphin,huawei-mate9,-3.968041055502579,0.1429958248894327,0.16262570136474405,-46.67579661401525
dolphin,huawei-mate9,-12.551251043865502,0.021525693074444137,0.03803959266748358,-48.15920226019369
dolphin,huawei-mate9,-5.753943172279716,0.17193663315183944,0.20370909796759745,-36.94144226381553
dolphin,huawei-mate9,-24.246130386646335,0.0016027081407647185,0.014860195374043114,-45.420092949186575
dolphin,huawei-mate9,-9.110478755401498,0.0549697397935598,0.06602620261777405,-45.025915690509606
dolphin,huawei-mate9,-15.80096040440491,0.015218259733958246,0.0277507790125785,-42.36264829661014
dolphin,huawei-mate9,-12.55686240697841,0.023129815004967313,0.039721850338421454,-47.61184090189947
dolphin,huawei-mate9,-7.991341008850536,0.06406420698202611,0.07803007076041246,-46.19310303432903
dolphin,huawei-mate9,-4.078452617850769,0.1528437683578534,0.18583616774354647,-48.09186994276536
dolphin,huawei-mate9,-18.940870460560117,0.007479920020082392,0.021227211880655895,-30.315873474741103
dolphin,huawei-mate9,-10.577305869944976,0.03559979901697684,0.05518720595090859,-47.723382279451315
dolphin,huawei-mate9,-19.164216424138786,0.005234673451170118,0.026208661422985263,-45.50356430721037
dolphin,huawei-mate9,-14.172294133875399,0.016425117640473275,0.02857080581470733,-45.54746367377003
dolphin,huawei-mate9,-9.459960610517605,0.046276550527450035,0.07334097230385664,-48.33754395345835
dolphin,huawei-mate9,-11.572924179280463,0.028435131079644585,0.046830530734533644,-47.85467394667842
dolphin,huawei-mate9,-12.099820761736312,0.02390079479908127,0.03647039717257654,-46.35557784635114
dolphin,huawei-mate9,-18.316372780605658,0.006059051384110875,0.025253718283479575,-48.4335255964958
dolphin,huawei-mate9,-8.279202126078111,0.09942983822108929,0.1289614039614839,-30.77894985144756
dolphin,huawei-mate9,-13.94886378599131,0.023533436570071318,0.03432796997586538,-41.84122835208339
dolphin,huawei-mate9,-8.909556006636336,0.057876881849464976,0.0768045528203213,-46.82935810882861
dolphin,huawei-mate9,-18.95761469027093,0.005672850571390071,0.018011869872218776,-44.84667343391055
dolphin,huawei-mate9,-5.755476129094543,0.12070102446143971,0.15336871047204145,-47.30688830409964
dolphin,huawei-mate9,-20.898513048587752,0.005464606854802101,0.029050610296589723,-23.68803088562973
dolphin,huawei-mate9,-19.95053537481357,0.006162919491155441,0.019054208055036572,-39.62549803073208
dolphin,huawei-mate9,-10.92904640596787,0.03485845198511759,0.05095921368729869,-47.54378610922808
dolphin,huawei-mate9,-13.67494667100367,0.018443594540341342,0.03789074585913246,-45.56560039926623
dolphin,huawei-mate9,-3.4439961784462563,0.21191752125613633,0.24049317665015169,-45.37281475040196
dolphin,huawei-mate9,-11.871503789406146,0.02642070069617786,0.05519942678645307,-47.97064036224106
dolphin,huawei-mate9,-21.126107070740062,0.0054459974152827415,0.04610545996902108,-29.597051164043144
dolphin,huawei-mate9,-5.903700786897556,0.1488243964556097,0.17617571989922562,-42.75707488121925
dolphin,huawei-mate9,-21.73110721208974,0.0030345783918322997,0.01710766044167762,-45.22065569059429
dolphin,huawei-mate9,-19.84754011056398,0.003966074875244694,0.019729326434904486,-45.90425823666703
dolphin,huawei-mate9,-7.110771589963631,0.11112469044799926,0.1630343207169218,-30.000415111978377
dolphin,huawei-mate9,-8.66899413057321,0.058278984295084366,0.07523748166759224,-45.39783312782006
dolphin,huawei-mate9,-9.073941657342072,0.05246180861396685,0.07372092591834581,-45.85278970376733
dolphin,huawei-mate9,-11.832001543492991,0.04859124050723473,0.08006911811480187,-24.821962034073515
dolphin,huawei-mate9,-8.687671467114496,0.05625619881887575,0.07651267774322831,-47.646666856525435
dolphin,huawei-mate9,-7.250760576404663,0.08575601594336156,0.10573657093398751,-45.26280947197347
dolphin,huawei-mate9,-19.12292809029262,0.005086189721588292,0.018784231343856584,-45.25405346685062
dolphin,huawei-mate9,-17.284407609197487,0.00740730873010298,0.025662633105330387,-47.267156821090104
dolphin,huawei-mate9,-14.971702520787575,0.019261757448778612,0.04649017607231517,-27.717526511562372
dolphin,huawei-mate9,-13.119131474090892,0.0278341855356661,0.04165271172413626,-41.470744329510374
dolphin,huawei-mate9,-6.679117623030891,0.09998123163000884,0.1222958604181484,-47.21132053525843
dolphin,huawei-mate9,-6.113086636902867,0.11072967767584084,0.13515306590070492,-45.3742882722223
dolphin,huawei-mate9,-19.189789282788723,0.0062138679088221665,0.01869968132809952,-44.34421193975468
dolphin,huawei-mate9,-20.90931101756436,0.0038642950698512296,0.01925855543486638,-44.77580918683566
dolphin,huawei-mate9,-11.337594524995882,0.03535712086637132,0.06093062410090047,-47.00993527880914
dolphin,huawei-mate9,-23.456637843383838,0.0029856438745023577,0.016608845271210686,-38.45005855352204
dolphin,huawei-mate9,-12.043624100406616,0.0242675148821532,0.04043546352171215,-48.13797919517661
dolphin,huawei-mate9,-13.249596814273586,0.0246160705671308,0.039602032561113276,-44.68954406262125
dolphin,huawei-mate9,-20.180569832604643,0.0036932152580493403,0.015336686132817866,-46.914238643476295
dolphin,huawei-mate9,-4.194560889209466,0.15616052511553968,0.19339571452290974,-48.178212885460034
dolphin,huawei-mate9,-19.974041980473,0.00562571910735713,0.04045687317467906,-30.709758162275392
dolphin,huawei-mate9,-21.911959525234227,0.0035058882045149614,0.016329056161657567,-42.81896258932334
dolphin,huawei-mate9,-23.108460261702724,0.0024465407449919025,0.021521699783052232,-44.98554601146657
dolphin,huawei-mate9,-13.716812418748855,0.019943584933853106,0.030511574892286925,-45.34026968611033
dolphin,huawei-mate9,-10.52547304491912,0.035606065569885104,0.050908028622248705,-46.14044431356731
dolphin,huawei-mate9,-10.539319006627125,0.03695450373046949,0.05540156985926632,-48.06110233534228
dolphin,huawei-mate9,-0.22266129239678498,0.6250685294692323,0.7157837134238436,-30.38937057238993
dolphin,huawei-mate9,-9.168853099448583,0.0641044203248665,0.08462360105641113,-42.89959675229534
dolphin,huawei-mate9,-17.490709595194037,0.007231933279140935,0.020499011684071033,-45.93093888416
dolphin,huawei-mate9,-19.199330683087528,0.004710748524166516,0.017942113279303763,-46.137915744677315
dolphin,huawei-mate9,-9.424432613366484,0.04828036736724571,0.07607622240933645,-47.63257771591676
dolphin,huawei-mate9,-13.637091100648728,0.029206953776017192,0.059908803972530775,-29.422570913002485
dolphin,huawei-mate9,-12.270961928653003,0.035855303342842273,0.04868159619300142,-42.48167962180824
dolphin,huawei-mate9,-9.217373899536867,0.07960583494189423,0.10938460850145079,-30.96971879444759
dolphin,huawei-mate9,-10.734607302452295,0.04548227462459651,0.06370828267970857,-43.45330954494672
dolphin,huawei-mate9,-16.56636622622117,0.008836235634453193,0.019916395419886997,-48.01677164300542
dolphin,huawei-mate9,-21.379143935020895,0.0033095785466567365,0.01738794474923889,-45.35766781194263
dolphin,huawei-mate9,-12.833647888819677,0.02159063114601924,0.030855604463622736,-45.836820899848135
dolphin,huawei-mate9,-10.681709858617483,0.033738268843658575,0.04681876860616366,-46.42867392034084
dolphin,huawei-mate9,-13.92552549410302,0.01706238553481829,0.03516410793274125,-47.748523514218384
dolphin,huawei-mate9,-19.625441971523404,0.0083809478765213,0.019965514037135323,-31.442478363011915
dolphin,huawei-mate9,-15.772756747469819,0.010574941851077293,0.023907427665482893,-45.9662838777642
dolphin,huawei-mate9,-7.215992332644076,0.07987348496314818,0.09547976522796364,-45.717786223370176
dolphin,huawei-mate9,-9.905231029532878,0.04231561879560656,0.06735099392916276,-48.49098296791456
dolphin,huawei-mate9,-16.806614157356417,0.014192512510618082,0.03991421479791109,-33.59820647603944
dolphin,huawei-mate9,-16.69260416270231,0.010589127884764545,0.024701044322352695,-44.256051433768974
dolphin,huawei-mate9,-11.614176107119707,0.028585214285673774,0.04670618982951757,-45.79196708513421
dolphin,huawei-mate9,-8.130591419617884,0.06436350926847548,0.08513362488859715,-45.692917804698055
dolphin,huawei-mate9,-16.28740221778284,0.018139022900355788,0.04156132003789329,-28.29036546629736
dolphin,huawei-mate9,-5.622409509089047,0.15133829038170243,0.17633137822589123,-43.80399068940796
dolphin,huawei-mate9,-10.478776610176926,0.03598334229676366,0.05154443624391311,-48.02723077373061
dolphin,huawei-mate9,-6.736176099002757,0.08601941080990677,0.10258624682305986,-45.72075528660375
dolphin,huawei-mate9,-15.180250563106366,0.011378081379049306,0.02256626789633573,-46.54356558352958
dolphin,huawei-mate9,-12.82245659424829,0.021180777877377762,0.03703988149406964,-47.80677428924041
dolphin,huawei-mate9,-8.855574644808936,0.09379638297755115,0.11150539072273559,-31.938797375015504
dolphin,huawei-mate9,-15.23220766629829,0.016208739006825117,0.028672214017819636,-43.05988059011589
dolphin,huawei-mate9,-19.626025739078504,0.004549992849941921,0.018018346527165493,-47.7060564318579
dolphin,huawei-mate9,-16.493291789381416,0.010321284816708576,0.019816061215840283,-45.325283725522766
dolphin,huawei-mate9,-20.556415659114577,0.005182235994423884,0.015876251125579544,-43.00642993217646
dolphin,huawei-mate9,-22.262412274165655,0.002554243059571877,0.019296309115761735,-45.772211778672094
dolphin,huawei-mate9,-23.920959911961095,0.001835343220904182,0.013329348022698239,-45.14934325277566
dolphin,huawei-mate9,-15.64760193703407,0.01931780484443974,0.04135742258581207,-24.260876433318636
dolphin,huawei-mate9,-20.983901442191822,0.005357005961052454,0.012947970860263617,-38.99303547342768
dolphin,huawei-mate9,-10.693254384663955,0.03867295106672701,0.05651552782984025,-47.376594376961556
dolphin,huawei-mate9,-10.761434611430394,0.03327584101256852,0.05164545151485641,-45.87597026431612
dolphin,huawei-mate9,-21.580395529434284,0.0033780616989124994,0.012367298720512288,-45.09634548368675
dolphin,huawei-mate9,-18.17498866897957,0.0065713391189510225,0.0179016514997973,-46.38898491096829
dolphin,huawei-mate9,-20.340619908400516,0.007544361675526583,0.01475945060728449,-28.091024500996348
dolphin,huawei-mate9,-10.786915660065127,0.03547809721423768,0.053186182372275376,-47.807630442956054
dolphin,huawei-mate9,-9.730682049368596,0.043832389404432084,0.0656440888619242,-45.84685531368055
dolphin,huawei-mate9,-18.587976109364067,0.005674276177434712,0.018095357631936326,-46.346948280180136
dolphin,huawei-mate9,-14.251795001257012,0.013981230085746572,0.033332885254917316,-48.06458759094315
dolphin,huawei-mate9,-15.08893120708149,0.013186515302540976,0.03122073130219467,-45.71346979080822
dolphin,huawei-mate9,-9.670239808127846,0.04644612280899145,0.05981274046675769,-45.54678999712486
dolphin,huawei-mate9,-14.24071339928828,0.0158143305092285,0.02729621275762844,-46.64083014071203
dolphin,huawei-mate9,-12.267505508349746,0.04315516679083847,0.06336692284798233,-30.099058523224397
dolphin,huawei-mate9,-20.676094206773712,0.005270905608987447,0.014886164697274204,-41.05305967430362
dolphin,huawei-mate9,-17.209555650137666,0.007856276708375257,0.032037562255402774,-45.72264025995417
dolphin,huawei-mate9,-16.675109866132345,0.00913110966701085,0.026382493060958613,-45.26893980085579
dolphin,huawei-mate9,-17.665695084889595,0.006902019995438397,0.02001892967898768,-45.6612509496115
dolphin,huawei-mate9,-17.813807137056543,0.006335517159711758,0.029834267671416986,-47.78012152564629
dolphin,huawei-mate9,-10.9535605108457,0.04753343535843848,0.06018386590299465,-41.35301921167393
dolphin,huawei-mate9,-22.042978452820833,0.0028209402657480304,0.014720807423332516,-47.27431936115298
dolphin,huawei-mate9,-17.46704893825757,0.007836633872820293,0.024104119549689332,-45.56509299470177
dolphin,huawei-mate9,-13.049348792770644,0.021270890353024166,0.03334823548799731,-45.54808532523536
dolphin,huawei-mate9,-13.595503120482874,0.018512170035097687,0.037091683656024554,-47.680495796921186
dolphin,huawei-mate9,-8.830238191365194,0.08841111243349242,0.10869779265821766,-30.20565788266633
dolphin,huawei-mate9,-1.847546198135642,0.2697003933439767,0.3070942134212196,-47.865719546849846
dolphin,huawei-mate9,-12.63073844506005,0.021719059707920357,0.03214827151810536,-46.15893778195681
dolphin,huawei-mate9,-5.007248697577965,0.12896795150533064,0.14970648655315102,-46.23916801912698
dolphin,huawei-mate9,-12.709412744635202,0.03949896092134452,0.056348407009684215,-30.769928604960683
dolphin,huawei-mate9,-20.169074268806444,0.005863768320656361,0.018989623892687685,-41.83912765158929
dolphin,huawei-mate9,-16.44295529117092,0.011183994216669517,0.024721178455623757,-45.02355918047867
dolphin,huawei-mate9,-1.2358652313776153,0.273229947431154,0.323736119559076,-48.08442532466432
dolphin,huawei-mate9,-17.96938789231417,0.006243091311036554,0.025356008512145894,-45.56593707908959
dolphin,huawei-mate9,-10.248650244345141,0.036324417605364374,0.05344689479108452,-48.1598432341195
dolphin,huawei-mate9,-16.551167072693026,0.007423264771610383,0.01600779492427491,-46.91176552769854
dolphin,huawei-mate9,-14.828088508970792,0.01240426937743214,0.02520787024039313,-48.202502807487846
dolphin,huawei-mate9,-7.968596373309048,0.08414644441265325,0.12630051667169553,-42.96018829463975
dolphin,huawei-mate9,-14.087507997603947,0.01620624637495815,0.03224999860612302,-45.52504638247969
dolphin,huawei-mate9,-15.099476224451141,0.012425798510463649,0.02874318870981322,-48.112711405265244
dolphin,huawei-mate9,-9.565057495011043,0.045985925037168154,0.06474370190186858,-45.95698826917439
dolphin,huawei-mate9,-4.362129839576905,0.14081041185786114,0.16465173881221734,-48.4192516034214
dolphin,huawei-mate9,-24.521812042099445,0.0022998614077628142,0.05280945055515548,-35.67636490208414
dolphin,huawei-mate9,-9.467199734237674,0.048566798640975795,0.06702374484357199,-47.65845911880202
dolphin,huawei-mate9,-3.0863383779902476,0.2101596816418141,0.24444395111900233,-45.55438212119945
dolphin,huawei-mate9,-9.581503587346754,0.04281135233490664,0.05957645342183141,-47.925934056172565
dolphin,huawei-mate9,-13.235884283565419,0.033870176720211656,0.046411128805720264,-30.450884187769397
dolphin,huawei-mate9,-12.275492007121523,0.02325123927203934,0.04336748963333814,-48.141128560679334
dolphin,huawei-mate9,-18.632331899139967,0.005646475394409233,0.018019279423017787,-45.70775146062601
dolphin,huawei-mate9,-4.2413367827972035,0.1605880804159008,0.1870348485895982,-45.85745781096168
dolphin,huawei-mate9,-22.180007863144713,0.002343262567953615,0.010563362744610698,-46.44037493373661
dolphin,huawei-mate9,-17.96886554812415,0.0063453991528167305,0.020574611530314483,-48.71288855956983
dolphin,huawei-mate9,-13.152774981888237,0.019859848553518192,0.03616237385255197,-45.74529281351335
dolphin,huawei-mate9,-18.595311934203636,0.005181244979871334,0.014710935494724776,-46.55352055411062
dolphin,huawei-mate9,-19.138937908891585,0.005412941308469588,0.020930079391140364,-48.15149096805389
dolphin,huawei-mate9,-7.046510374336833,0.08765005572205543,0.10714447396003164,-45.205490873917576
dolphin,huawei-mate9,-22.674734599013796,0.0021634567313333786,0.016877264166798817,-47.955857582441226
dolphin,huawei-mate9,-19.861385360860705,0.004482954350584994,0.020419197987760023,-45.51173286911766
dolphin,huawei-mate9,-23.156178615017144,0.001984021516798305,0.012429951955637163,-47.06977448598039
dolphin,huawei-mate9,-12.603317069761182,0.01944167468882556,0.03095461129382753,-46.80494332615878
dolphin,huawei-mate9,-19.71687453779979,0.00401539038459507,0.018687140936684887,-48.575048162209605
dolphin,huawei-mate9,-2.7566133320606445,0.28115651037913897,0.4243861221624687,-38.43566351361942
dolphin,huawei-mate9,-4.855039741946335,0.13493889005135137,0.16559358805423116,-45.8593127022964
dolphin,huawei-mate9,1.113895662182676,0.546894760823892,0.6166164425915486,-45.82372896652256
dolphin,huawei-mate9,-9.12727092298881,0.049312055714134814,0.06713346301358339,-48.14493608597962
dolphin,huawei-mate9,-18.85758855919414,0.005114819517885057,0.018128486959907018,-46.25001479458664
dolphin,huawei-mate9,-18.410387320107915,0.005776700491845641,0.018716504155510707,-46.086176920961805
dolphin,huawei-mate9,-14.50425120652502,0.014860681892893553,0.02998592411819251,-48.12504620471172
dolphin,huawei-mate9,-14.341141575701535,0.028413721178191804,0.04588878558612237,-28.67401094543254
dolphin,huawei-mate9,-11.324227506191978,0.036193446095851345,0.05149782235124289,-44.42578398120253
dolphin,huawei-mate9,-23.05357223339151,0.002034345874878253,0.019100150092691948,-45.85911180829421
dolphin,huawei-mate9,-19.34930205078331,0.004736913056208323,0.01403069836094995,-46.114624146849934
dolphin,huawei-mate9,-10.772707151291216,0.031115431184486654,0.045215726728426844,-46.371827730841545
dolphin,huawei-mate9,-4.350786140113147,0.14832893368891933,0.17554824768950397,-47.995888976436035
dolphin,huawei-mate9,-21.48523018593596,0.0032771041410492334,0.013998318831346125,-47.56951374406751
dolphin,huawei-mate9,-11.596534559784077,0.03410486099608275,0.04669569049105371,-44.65814527967481
dolphin,huawei-mate9,-9.895373560032878,0.04365042102949468,0.05854509638014162,-45.97009290003812
dolphin,huawei-mate9,-18.55741687517541,0.011782448590141244,0.023904707475825474,-28.57267906640931
dolphin,huawei-mate9,-19.59617822097297,0.007082636427530492,0.017237359308813364,-41.99091177549196
dolphin,huawei-mate9,-18.729262926871197,0.00534085065804788,0.018183885167159592,-48.3450891519078
dolphin,huawei-mate9,-11.85045777389766,0.02691186756879488,0.05094168689574145,-45.908447535247205
dolphin,huawei-mate9,-4.373053076006882,0.1417120556485201,0.1725728795444667,-46.56919880306148
dolphin,huawei-mate9,-9.569918721333575,0.08044007715168626,0.13663779538590315,-33.81559058707409
dolphin,huawei-mate9,-11.514072332762941,0.030118627448463102,0.04971748503844636,-45.45024283544613
dolphin,huawei-mate9,-8.152336701704684,0.07273934361494454,0.09335419025073337,-45.325492542738644
dolphin,huawei-mate9,-0.7506004973497762,0.3123601920441024,0.3562233130582896,-46.78787938913226
dolphin,huawei-mate9,-5.045196603541542,0.11601786466099998,0.1428624127871264,-46.99973837590552
dolphin,huawei-mate9,-14.723340563569138,0.013244497724585125,0.02724808354628619,-45.601188887174125
dolphin,huawei-mate9,5.113885965002924,1.2887552796030357,1.429558342054605,-48.03175756541187
dolphin,huawei-mate9,-14.479535401251976,0.015292353264033061,0.029061909766607448,-45.742899199731525
dolphin,huawei-mate9,-13.35897129298573,0.019823222386733775,0.03242251554314082,-45.6143522567112
dolphin,huawei-mate9,-9.817708235427336,0.041606468232058165,0.060235983422004764,-46.42147884258339
dolphin,huawei-mate9,-12.24283704880624,0.02642059974460108,0.044524919795906656,-47.76533061501307
dolphin,huawei-mate9,-21.588258008045358,0.005269728778694675,0.041396485620383186,-32.426487532499436
dolphin,huawei-mate9,-10.924755366346213,0.04611299542002042,0.062384825575279655,-43.299881011506365
dolphin,huawei-mate9,-14.663216711434243,0.013713952528842884,0.028919590922402098,-45.90147570489264
dolphin,huawei-mate9,-16.957050046969883,0.00816699764538575,0.019658435188450004,-45.95260453078521
dolphin,huawei-mate9,-10.490326124264854,0.03252267771773938,0.04472569661207502,-46.58021587578531
dolphin,huawei-mate9,-17.120464072821157,0.014151122335559478,0.05810237105271986,-33.382951396407776
dolphin,huawei-mate9,-16.214732105455173,0.01244543377064615,0.025875320043305863,-44.13346477048205
dolphin,huawei-mate9,-14.335706351341233,0.014165628294530113,0.032049832030775285,-47.968798135117304
dolphin,huawei-mate9,-16.570274634313417,0.009431128531629295,0.023395109556278382,-45.59794407598261
dolphin,huawei-mate9,-13.472869286517906,0.01624907193563975,0.025828418199123696,-46.51079002226151
dolphin,huawei-mate9,-12.98411990683277,0.01841499625941696,0.029286135570904516,-46.51275350714301
dolphin,huawei-mate9,-9.458134967550482,0.06180190398032306,0.11691100726217267,-38.89048617412838
dolphin,huawei-mate9,-16.47309762355324,0.009348761059347212,0.023927229203766515,-45.44670912949154
dolphin,huawei-mate9,-20.26356569122543,0.00336616357797796,0.01608406767858838,-46.94060687998591
dolphin,huawei-mate9,-17.760210061919864,0.010426391869858585,0.06622956403289262,-39.746187854663376
dolphin,huawei-mate9,-2.733412901953007,0.2221506132972816,0.26894402993913064,-45.511310008658405
dolphin,huawei-mate9,-8.509503578580738,0.056056214287996356,0.07908793964532831,-48.03168612929368
dolphin,huawei-mate9,-13.293510828601535,0.01979256724019628,0.03173856693026046,-45.87060861504437
dolphin,huawei-mate9,-8.105519228457855,0.06254844361165486,0.07788794673427624,-46.29751952154457
dolphin,huawei-mate9,-2.801755311447253,0.20581545912380256,0.23729831440273122,-48.00954629900812
dolphin,huawei-mate9,-11.689004428747973,0.052355614165234675,0.07256059044365964,-29.441565236234332
dolphin,huawei-mate9,-12.101794479796308,0.03754678340626253,0.049165074804735136,-42.105535738777405
dolphin,huawei-mate9,-20.07691807563735,0.00391610293007858,0.02340655505032014,-47.951162614611036
dolphin,huawei-mate9,-4.168518663483858,0.15890037429111203,0.18007578731051474,-45.96646530776862
dolphin,huawei-mate9,-13.533514084978535,0.01567238898089282,0.026245262974988984,-46.566945334814335
dolphin,huawei-mate9,-22.788577411035014,0.0038218175858345197,0.05410750371431887,-35.623464913668016
dolphin,huawei-mate9,-8.109229024612096,0.07385962657543842,0.09687015956835887,-44.749094006411376
dolphin,huawei-mate9,-5.653322518189897,0.11146297289404827,0.1386630063578046,-47.74209216524288
dolphin,huawei-mate9,-20.907497913343256,0.0034121125782228963,0.020873780090160565,-45.58088146534001
dolphin,huawei-mate9,-23.849101212698276,0.0017226252034155188,0.04626362734085354,-44.707530794959396
dolphin,huawei-mate9,-12.639779240836544,0.022170821873074092,0.03198267227960061,-46.33683759268409
dolphin,huawei-mate9,-19.398980939119483,0.004589058429776217,0.01536602760361629,-48.36242655484413
dolphin,huawei-mate9,-9.106224606964453,0.08557690831627271,0.10720563272699515,-34.55517628214759
dolphin,huawei-mate9,-20.690307730853313,0.0037603777609261733,0.020849199294819255,-45.36751469297626
dolphin,huawei-mate9,-15.256910706842245,0.011997662209445316,0.02512296848078511,-48.35812807132065
dolphin,huawei-mate9,-15.788786517217064,0.0162713500419555,0.050030151469911806,-36.53349466836082
dolphin,huawei-mate9,-22.92312503726142,0.002060246406172091,0.01859340989054988,-48.11382650008933
dolphin,huawei-mate9,-17.61468769370633,0.006755198563053998,0.014835625554732631,-46.406831879203466
dolphin,huawei-mate9,-3.9394330420491985,0.1611939004639182,0.18074521087049586,-46.73430957770969
dolphin,huawei-mate9,-6.90748756062141,0.10461510203028822,0.20627278597027812,-39.128923027371016
dolphin,huawei-mate9,-13.264279650370597,0.02073818353327053,0.03664326701363057,-45.238961418820395
dolphin,huawei-mate9,-16.36149468972944,0.009049683928478167,0.019324615093996054,-47.2283144472559
dolphin,huawei-mate9,-11.375270812535552,0.028806295412802024,0.04214962408595497,-48.179297042174206
dolphin,huawei-mate9,-20.78431640903881,0.0034467901016974824,0.017231997193233504,-45.4975883354766
dolphin,huawei-mate9,-23.41266468170813,0.0018652532512442846,0.018442206154161186,-45.85653613318491
dolphin,huawei-mate9,-6.093902473354511,0.0898139440892593,0.10684150389705298,-46.510811033125705
dolphin,huawei-mate9,-14.462515052415728,0.012604158514025805,0.023524121038741932,-46.81350293085798
dolphin,huawei-mate9,-9.311630801262217,0.043684428262303183,0.060510724755599946,-48.73802135149845
dolphin,huawei-mate9,-9.836754835186508,0.04181510636371037,0.06182817602849446,-45.54318718214014
dolphin,huawei-mate9,-23.45208036236581,0.0018010604888230928,0.014193552225685795,-47.95117959944889
dolphin,huawei-mate9,-21.314606975933327,0.002843802427206411,0.011273030106187042,-46.10458871305153
dolphin,huawei-mate9,-12.056535908937743,0.02196118192304759,0.03176641973154152,-46.69076789239619
dolphin,huawei-mate9,-5.4965070121633355,0.11234419835841843,0.13243953375207365,-48.346436813321255
dolphin,huawei-mate9,-23.11049339228321,0.003066395878321546,0.024398337167442778,-35.2024144121081
dolphin,huawei-mate9,-8.150923635154278,0.059703428000154726,0.08098928837280481,-48.11500379285903
dolphin,huawei-mate9,-15.352869455520588,0.010983836488696155,0.020872939808625864,-46.46795469038093
dolphin,huawei-mate9,-11.664659567184483,0.02841783821014092,0.042105897226141116,-48.6694375461657
dolphin,huawei-mate9,-10.115685080624408,0.043064836665109,0.06100401642408712,-45.21525066589937
dolphin,huawei-mate9,-18.822284714391404,0.005736420526864056,0.022487544224919106,-45.47366737692321
dolphin,huawei-mate9,-10.41954619504661,0.03148796221691326,0.04344021664744559,-46.99757968402663
dolphin,huawei-mate9,-7.310705710628872,0.06646709606672703,0.08101366972664843,-46.93890706554451
dolphin,huawei-mate9,-9.26108652229042,0.04495246362661282,0.057649123393133855,-48.26343239426147
dolphin,huawei-mate9,-20.413720736331907,0.003638853828203785,0.020968347001329202,-45.73118532390265
dolphin,huawei-mate9,-23.30605060394726,0.0019448913866360385,0.01716276017705787,-47.40019985421825
dolphin,huawei-mate9,-7.240656263663058,0.07975327297579281,0.09527053058218775,-45.58735029828051
dolphin,huawei-mate9,-12.855654977135927,0.02042092205605623,0.030735413830110875,-46.29736011979016
dolphin,huawei-mate9,-17.624622854170916,0.0064240513027237186,0.01803241619548148,-48.306463250876874
dolphin,huawei-mate9,-19.792725721596053,0.004259228375747958,0.02221417829927817,-45.765852971735505
dolphin,huawei-mate9,-18.99467532536042,0.005543888181073218,0.019263583580512056,-47.496966954015335
dolphin,huawei-mate9,-16.513730566421906,0.010215756427971606,0.02123469005971111,-45.50520535830767
dolphin,huawei-mate9,-16.140519231521363,0.010381705040244703,0.024615009972285714,-47.76109457101789
dolphin,huawei-mate9,-20.076316030241156,0.00608939755068517,0.026384444652133462,-34.86973081297992
dolphin,huawei-mate9,-15.156425344094506,0.012561291593881417,0.03034050911295858,-47.72813316817559
dolphin,huawei-mate9,-21.060636659327173,0.003231253082527542,0.022843280874659692,-45.79613945421097
dolphin,huawei-mate9,-17.490302347328004,0.007716154281249115,0.018277484475881393,-45.78092011898729
dolphin,huawei-mate9,-21.01547884794706,0.003034255782948048,0.014446503377377528,-46.52964218981141
dolphin,huawei-mate9,-14.56516380219222,0.013668226931931335,0.03361075641630747,-47.857039721560064
dolphin,huawei-mate9,-5.51830145428248,0.10837229445522865,0.1363050315321823,-47.99595882672971
dolphin,huawei-mate9,-9.947024225344196,0.04202687494511358,0.06141129365742733,-45.79412681347135
dolphin,huawei-mate9,-18.44397625333005,0.00553019433497146,0.016107436169474736,-46.653288234952115
dolphin,huawei-mate9,6.261528811182654,2.2698915112233515,2.5390431394380384,-39.59136953250781
dolphin,huawei-mate9,-5.906945696699122,0.10224027279814082,0.12993769040181485,-45.63948219819611
dolphin,huawei-mate9,-3.5058062497985825,0.1744707575309586,0.20575344309446186,-48.07875793623701
dolphin,huawei-mate9,-15.591560350465299,0.012044356781609157,0.03195224415825587,-45.54784378139217
dolphin,huawei-mate9,-10.339067407278332,0.03590851042686489,0.0469563433445079,-46.537959889285844
dolphin,huawei-mate9,-4.016697496128263,0.14338127379069432,0.16507839708221367,-46.51925657108751
dolphin,huawei-mate9,-11.153685319789655,0.04331339456055972,0.1201938981312962,-38.56086917426693
dolphin,huawei-mate9,-6.604794252158838,0.09256205113535555,0.11425471995483945,-45.50073874996216
dolphin,huawei-mate9,-15.95121351843124,0.01040757042142759,0.020775172739290814,-46.043815540033215
dolphin,huawei-mate9,-21.70132153519876,0.004598909745610063,0.03322393005078704,-33.31405359978695
dolphin,huawei-mate9,-16.559366068963712,0.008575179529385317,0.026624935169961127,-47.987861700202984
dolphin,huawei-mate9,-3.294232311398658,0.20415192000695384,0.23747779759372295,-45.59158617987592
dolphin,huawei-mate9,-21.149907616535472,0.0030822567739358796,0.019503073666770995,-48.55720477191258
dolphin,huawei-mate9,-2.0177906454014796,0.33967147943618975,0.45215035681615634,-39.960357474922944
dolphin,huawei-mate9,-22.47598549399393,0.0023639141059831658,0.020263101210554108,-45.715069573451366
dolphin,huawei-mate9,-10.925925051532033,0.029162689343923683,0.039647960588988514,-46.73722893673422
dolphin,huawei-mate9,-10.866390732669775,0.03410949186098096,0.051197509126322295,-45.5003703569501
dolphin,huawei-mate9,-11.485213544234336,0.02909109767408265,0.04789339755332864,-47.922405179378714
dolphin,huawei-mate9,-15.52361182848637,0.012599789540428842,0.025228784442368115,-45.6833258290004
dolphin,huawei-mate9,-23.70142181913675,0.0016438283667883052,0.011027264408685306,-46.51099391735147
dolphin,huawei-mate9,-20.384967968989347,0.003991872255196284,0.022928914738935196,-48.05261385028093
dolphin,huawei-mate9,-7.51535594949188,0.07510834478861933,0.0985573406099102,-47.69528003315158
dolphin,huawei-mate9,-20.273920599763535,0.00434650707072163,0.021668154448774003,-45.22092211782059
dolphin,huawei-mate9,-14.274200761082849,0.014549563813567302,0.025638133212381613,-46.431936818839674
dolphin,huawei-mate9,-18.07511365968929,0.007163435516058903,0.026664410769081475,-44.94776826543803
dolphin,huawei-mate9,-24.307645745293158,0.001593054817029017,0.0217901254597746,-47.643453163944194
dolphin,huawei-mate9,-12.268476939957685,0.02711867109092698,0.045897542973482086,-45.27338760159995
dolphin,huawei-mate9,-7.896980143122354,0.07539340918575156,0.09902365449923367,-45.501257558331716
dolphin,huawei-mate9,-12.474719910488854,0.025377630218435032,0.03966235957777064,-47.9515127064971
dolphin,huawei-mate9,-19.61284459390232,0.00898360802028181,0.026575234993313823,-30.30947250809065
dolphin,huawei-mate9,-8.825624409820168,0.05264771443140218,0.0740638742330906,-47.98965838062059
dolphin,huawei-mate9,-23.421623606990867,0.0022459537622053706,0.018673864156077226,-44.868658998174126
dolphin,huawei-mate9,-20.543854646254044,0.00339895251520717,0.013490336629039012,-46.50688127797203
dolphin,huawei-mate9,-23.868206048285458,0.0014282240645043128,0.011269431886439203,-46.72131503984487
dolphin,huawei-mate9,-17.43553091160087,0.00732653918659364,0.022688758753579983,-48.684168959738486
dolphin,huawei-mate9,-2.235450042046787,0.2954502374109343,0.41285080500741267,-42.56371049430324
dolphin,huawei-mate9,0.9280342574996805,0.5003874596404883,0.5588731757182721,-45.71654176016913
dolphin,huawei-mate9,-11.618007573901753,0.027295548300271574,0.04606114444453803,-48.01193224108623
dolphin,huawei-mate9,-8.401965861313936,0.060160836671875204,0.08512662775750611,-45.74821562958684
dolphin,huawei-mate9,-18.252783928293717,0.005919209656923421,0.017049120069704916,-46.224289090060836
dolphin,huawei-mate9,-20.471685421439403,0.003803047429503135,0.015264999976832,-47.14696922479859
dolphin,huawei-mate9,-5.898918983668917,0.09984520893507354,0.12456557387145145,-48.41600816758728
dolphin,huawei-mate9,-9.791898387867866,0.05010591247785363,0.1293072419099289,-43.98763013648373
dolphin,huawei-mate9,-12.377257527056507,0.025799373200774783,0.04179371841958047,-45.35236845657983
dolphin,huawei-mate9,-21.666178064112795,0.002867300752090974,0.013738587149043361,-46.00378556190176
dolphin,huawei-mate9,-21.226988561951487,0.0028817076589188295,0.013877022185816788,-46.30999643582076
dolphin,huawei-mate9,-23.247087030521925,0.0035566751961848826,0.021635051287236844,-30.65098382509394
dolphin,huawei-mate9,-22.51889441941531,0.0023614422272059403,0.015724943706868312,-47.7251616002091
dolphin,huawei-mate9,-10.296307686738098,0.03949831839503613,0.05793873818461095,-45.70066452747349
dolphin,huawei-mate9,-12.19804418919395,0.023196064935668496,0.038276126469751696,-47.19664140045165
dolphin,huawei-mate9,-26.118531779959593,0.0015211430461924546,0.07962964994113005,-37.94583759783288
dolphin,huawei-mate9,-15.979142003255355,0.010463412282020714,0.027806946003385815,-45.505628742847684
dolphin,huawei-mate9,-12.578231331297395,0.02209893873957304,0.038363558838744156,-47.91370928854035
dolphin,huawei-mate9,-11.511109417943677,0.02980918030408246,0.04747526558558818,-45.69086905523417
dolphin,huawei-mate9,-18.78772045526058,0.005564637880451974,0.014821699476000885,-45.899586349895955
dolphin,huawei-mate9,-4.11387077102094,0.16037033931099925,0.18746658987239243,-48.00412578358076
dolphin,huawei-mate9,-19.23376953378685,0.004885836120395278,0.021650748450964416,-45.49564265094312
dolphin,huawei-mate9,-12.557576257222202,0.021866277850477452,0.04167290797296041,-47.8622036302379
dolphin,huawei-mate9,-8.065777189734774,0.06720779193507868,0.08941672219603274,-45.44499908611914
dolphin,huawei-mate9,-7.366229968779562,0.07481437953491991,0.08825637586212602,-46.00896927673405
dolphin,huawei-mate9,-0.3146228815593458,0.40382803513940996,0.4526787442787986,-45.48253986891493
dolphin,huawei-mate9,-22.70102759377381,0.002320400445480301,0.018062945791193243,-47.44905350148487
dolphin,huawei-mate9,-8.177056900652367,0.06825827045820769,0.089942513111483,-45.28563226809873
dolphin,huawei-mate9,-18.10096413341268,0.006736264864509102,0.021317148366530835,-45.69713081152659
dolphin,huawei-mate9,-8.056536134579991,0.11112163563538073,0.1540457368592601,-32.92463776636231
dolphin,huawei-mate9,-10.404438104794806,0.03843894963967794,0.05382507526125963,-45.444648278320585
dolphin,huawei-mate9,-8.22492156975658,0.06525929029553242,0.0853223124442753,-47.35000413563151
dolphin,huawei-mate9,-7.803103113644107,0.06988353341436516,0.09477554054757402,-45.662094098294574
dolphin,huawei-mate9,-14.91030850556183,0.01489319999356315,0.02690842816071966,-45.892354121198416
dolphin,huawei-mate9,-6.1824099115891755,0.10177496672578464,0.12239977296123022,-48.049029497491844
dolphin,huawei-mate9,-14.45338181566532,0.028955372794564366,0.06773514268786739,-30.19516297055236
dolphin,huawei-mate9,-22.444798741400422,0.0033727278650934576,0.01979797104654915,-43.184648728423845
dolphin,huawei-mate9,-7.361086386951797,0.07609760765832951,0.09827979816951467,-45.7431753106847
dolphin,huawei-mate9,-16.40320059213817,0.009957605735569077,0.02635435801974629,-47.57627165402765
dolphin,huawei-mate9,-16.53493226412672,0.01684476117110771,0.04595437748128243,-35.83336964967422
dolphin,huawei-mate9,-20.067162986573187,0.005074153643492953,0.019746652847086175,-44.473528382347496
dolphin,huawei-mate9,-19.945859798308547,0.00425190634434153,0.036884618261844096,-47.3147324008029
dolphin,huawei-mate9,-23.74064280289896,0.0019818195171780076,0.008437077807358069,-45.67026094418893
dolphin,huawei-mate9,-19.006065169424907,0.005064709555001151,0.01490337074315396,-46.14362320792892
dolphin,huawei-mate9,-15.97228542040716,0.010542599072947629,0.0328277474176519,-48.10597121829162
dolphin,huawei-mate9,-20.933267642147122,0.0052499961522366675,0.027879651524164394,-35.68526482774176
dolphin,huawei-mate9,-8.780037185533887,0.05838396749001759,0.07561702378983205,-44.97165279370325
dolphin,huawei-mate9,-23.273399769237365,0.0020929725979780055,0.010468243225507788,-45.84246085205515
dolphin,huawei-mate9,-15.166589443168789,0.023550318692272306,0.05041244688549026,-32.55877345120793
dolphin,huawei-mate9,-10.258446879604588,0.03830780511091738,0.05017307374699807,-46.36836552363185
dolphin,huawei-mate9,-18.793013366372346,0.004976037172516601,0.013640578288735083,-46.453206864644656
dolphin,huawei-mate9,-13.223221941922418,0.01858094880122198,0.03552358556810811,-47.830815040931554
dolphin,huawei-mate9,-12.856146255357562,0.020974572365007646,0.038916843994377,-45.592336800028264
dolphin,huawei-mate9,-10.295026792639813,0.0382931968447112,0.055270458545723745,-45.73443283402402
dolphin,huawei-mate9,-8.227696251338653,0.060757274317019584,0.07504189493468241,-46.18236072487464
dolphin,huawei-mate9,-10.892453573468545,0.033765384898006415,0.058117294124882354,-47.78260169892167
dolphin,huawei-mate9,-22.774019181630393,0.0033340841064906663,0.03239099117326627,-37.908619364359986
dolphin,huawei-mate9,-15.744715161247369,0.011967030729288248,0.029193354420640943,-44.994017002987256
dolphin,huawei-mate9,1.883701752135702,0.6275403723685147,0.6955551906019974,-47.87862200655433
dolphin,huawei-mate9,-8.620098815867227,0.05898714912258981,0.07976057404898329,-45.7163188160829
dolphin,huawei-mate9,-18.544837138535335,0.006429277892187826,0.015101759054241179,-45.377798398309906
dolphin,huawei-mate9,-9.914822267219204,0.039180072829614,0.05180273748634248,-46.69383314203988
dolphin,huawei-mate9,-27.55269044863848,0.0012636870197495166,0.02210549803259593,-35.17025991419357
dolphin,huawei-mate9,-22.433427731018206,0.002470074296550971,0.012936506218834161,-45.490332961042476
dolphin,huawei-mate9,-17.187973394060784,0.00746098092570866,0.029486708202821652,-47.837969568580064
dolphin,huawei-mate9,-17.208051918988133,0.008216407246499479,0.023785368295887767,-45.41164595284122
dolphin,huawei-mate9,-16.036536409450406,0.010155313682758535,0.0208944097907226,-46.29062185004881
dolphin,huawei-mate9,-7.398843715565883,0.0752414914956889,0.09362799980493758,-48.15740061617376
dolphin,huawei-mate9,-15.408643599812148,0.02215182384519425,0.03350850038878129,-30.160256582674776
dolphin,huawei-mate9,10.57600690903945,5.799276433458219,6.322038898122192,-44.67262173413867
dolphin,huawei-mate9,-8.998717113106427,0.04954565934062845,0.06954018780158716,-48.094638203846856
dolphin,huawei-mate9,-14.708704111919513,0.014927747253366092,0.03260275693422737,-45.39120570365458
dolphin,huawei-mate9,-15.529195627331159,0.012675303747864724,0.02080030187225226,-46.26371666422849
dolphin,huawei-mate9,-9.341843804421405,0.0448748005361643,0.056981834677788744,-46.383043193216515
dolphin,huawei-mate9,-16.714960696959675,0.009175828487368063,0.02114671494804625,-48.39360212517863
dolphin,huawei-mate9,-22.426110659831792,0.002318923551904046,0.017422493380366538,-45.67501277904617
dolphin,huawei-mate9,-3.173919445800002,0.19395451359240118,0.2265289486815815,-47.6615089470938
dolphin,huawei-mate9,-23.606607375531187,0.0014993359154231998,0.009522966338532684,-46.61753321109687
dolphin,huawei-mate9,-7.144022869070044,0.07782450332327681,0.11637077195655876,-45.52538546806613
dolphin,huawei-mate9,-5.055332747574772,0.1563342810230029,0.18372177456889763,-44.7716569795472
dolphin,huawei-mate9,-22.963202705247575,0.00182804746116276,0.01369160369672525,-47.06683458144694
dolphin,huawei-mate9,-13.035301174860312,0.042111781963583006,0.04996065719639795,-28.22718009784337
dolphin,huawei-mate9,-14.586007486696591,0.014800762543642784,0.03433948772117735,-45.585266431785875
dolphin,huawei-mate9,-17.13322046633636,0.008145037172651788,0.015761862044869863,-45.99804088998238
dolphin,huawei-mate9,-21.77796837439925,0.002449376659515418,0.0121801682402394,-47.02840445995758
dolphin,huawei-mate9,-8.977787337314703,0.048794066488831285,0.06621705589286991,-47.95128202810829
dolphin,huawei-mate9,-3.9083747377702025,0.2974414819373447,0.3430635230362681,-36.40665038099889
dolphin,huawei-mate9,-16.330023634835175,0.014832488630857898,0.026095748093680104,-41.98744892210128
dolphin,huawei-mate9,-10.758448691178746,0.03493217105132685,0.05666920693027539,-47.617559810205215
dolphin,huawei-mate9,-21.673756449364106,0.0032734056239009947,0.018204812248602424,-44.98991730041255
dolphin,huawei-mate9,-4.695521444339884,0.14331018172867277,0.16452075147694178,-45.34758260312734
dolphin,huawei-mate9,-16.374081234832875,0.008723671275976019,0.01706931706837623,-46.431679879499754
dolphin,huawei-mate9,-15.249024839831183,0.01451144697930482,0.02446400047797383,-44.39902650301217
dolphin,huawei-mate9,-24.521888034127166,0.0014089009591496287,0.019280046691315795,-47.91272752121995
dolphin,huawei-mate9,-22.558654762206412,0.0021983997209698556,0.0217592256895975,-45.93870648934669
dolphin,huawei-mate9,-17.923320719794088,0.006064909168828711,0.015808521589061764,-46.95297393797762
dolphin,huawei-mate9,-17.37246986356756,0.007141334419983285,0.022983202156308148,-48.09980709957586
dolphin,huawei-mate9,3.258266280197591,1.1296125476198267,1.2699241641637344,-39.917426976249835
dolphin,huawei-mate9,-8.227859561976805,0.06064355038754355,0.08733855229617708,-47.92925602676014
dolphin,huawei-mate9,-20.246834456861208,0.0036935557667577583,0.0147630897768039,-46.775855643434944
dolphin,huawei-mate9,-17.996824675457606,0.005960119974341054,0.01697413202835437,-46.51210035218213
dolphin,huawei-mate9,-13.124341128436956,0.04016652651375652,0.06954763148653692,-33.69438340712176
dolphin,huawei-mate9,-18.234815758243304,0.006200583273710707,0.03423001269340581,-47.6809681505577
dolphin,huawei-mate9,-8.835254247916271,0.056337447503802464,0.07626303099942747,-45.45439003198535
dolphin,huawei-mate9,-4.818088826412018,0.15233076778504048,0.1737744562496128,-45.7686638212122
dolphin,huawei-mate9,-14.31039385880325,0.01498870211799543,0.026406504156483337,-46.53678303577075
dolphin,huawei-mate9,-17.842361179115592,0.006837318340603337,0.033758474591641635,-48.24524581722067
dolphin,huawei-mate9,-16.709835098888096,0.016942608988863597,0.03429435310658975,-34.895319707960375
dolphin,huawei-mate9,-19.947672133024412,0.0051664292593607,0.016700311524431816,-43.324931865803066
dolphin,huawei-mate9,-12.618681461307062,0.0250048532575871,0.04221609465513534,-45.130238985078044
dolphin,huawei-mate9,-16.671928214472064,0.007728897378197873,0.017907272487343258,-46.8297360404746
dolphin,huawei-mate9,-15.498936741129645,0.01076325727261722,0.027831433170173323,-48.34105936686484
dolphin,huawei-mate9,-20.37678604476958,0.005056897896169605,0.014250220555788512,-43.847251217833225
dolphin,huawei-mate9,-22.902460344518726,0.0020229367490829852,0.021377922520351728,-47.95782662752137
dolphin,huawei-mate9,-11.473948791996522,0.02861162663729975,0.04815149926025686,-45.7674644907624
dolphin,huawei-mate9,-3.9610661992410163,0.17205875110151256,0.19603639612337453,-47.19170939840133
dolphin,huawei-mate9,-16.954956155211313,0.007846698224136903,0.0182327621228261,-47.062613143852275
dolphin,huawei-mate9,-10.87617242001853,0.03199237939557661,0.05318869930990759,-48.441295491967935
dolphin,huawei-mate9,-14.02085871013562,0.017911746533615637,0.03245257626368432,-44.39570428762546
dolphin,huawei-mate9,-22.48707313100558,0.002209342172988369,0.02048019171269014,-47.610440038523045
dolphin,huawei-mate9,-11.69931991677333,0.029707612550405858,0.042116867379760455,-46.186512732134545
dolphin,huawei-mate9,-18.89818635936726,0.005065763594263373,0.01532063349146447,-46.778364646015724
dolphin,huawei-mate9,-11.344120375106538,0.029357867745071712,0.047853143269460774,-48.39932357130916
dolphin,huawei-mate9,-9.548204181576352,0.045258831017601836,0.06149613411071961,-45.56430081542952
dolphin,huawei-mate9,-21.0762276834407,0.003194440690384388,0.019293756506451945,-47.62443057957725
dolphin,huawei-mate9,-21.196997093621654,0.0033712233199121528,0.010891324628751791,-46.31994810117437
dolphin,huawei-mate9,-18.911888639212876,0.004883587257148317,0.018957988046604732,-48.36950963596596
dolphin,huawei-mate9,-23.311565901439995,0.0024335002018125444,0.014068540943487461,-44.28314179558825
dolphin,huawei-mate9,-14.680139185012015,0.01326195858099014,0.030450591003806073,-47.965735177064346
dolphin,huawei-mate9,-14.651709885519605,0.016735867229339393,0.024661083655268628,-45.52184279616695
dolphin,huawei-mate9,-20.854800613332888,0.0034151747957169975,0.013501332089640711,-46.30478613589393
dolphin,huawei-mate9,-17.0540768970818,0.008213809796737796,0.02470926531877374,-48.20673174124381
dolphin,huawei-mate9,-10.178408876296551,0.07876664257757446,0.11225296594833588,-34.32561098602081
dolphin,huawei-mate9,-21.52647098565727,0.002900985761673014,0.01791205708337237,-47.737988958591195
dolphin,huawei-mate9,-7.382738921752665,0.07179176697902409,0.10453632150173278,-45.718057611174814
dolphin,huawei-mate9,-13.981110595518999,0.01686102110080459,0.025633702267549678,-46.46203063647718
dolphin,huawei-mate9,-19.20865002870625,0.009137598472218757,0.02516995016559465,-33.997035432507275
dolphin,huawei-mate9,-14.738379544345687,0.013595935491872312,0.026954898049890375,-45.6025389016545
dolphin,huawei-mate9,-11.120318655777218,0.030996701526013127,0.058008127195247,-45.836906019579445
dolphin,huawei-mate9,-9.416744387474662,0.05058454259917806,0.06570818474767709,-46.883382028205475
dolphin,huawei-mate9,-13.635092542495265,0.016990386765135736,0.026969326529049722,-46.376563714909
dolphin,huawei-mate9,-0.6632188965914232,0.350570448410727,0.3936171613419718,-47.91304390223723
dolphin,huawei-mate9,-21.01867145566093,0.005983064985838289,0.011479751450574664,-32.056754813879365
dolphin,huawei-mate9,-21.00314915880187,0.0032047959531404683,0.015530896695229694,-48.06267656125484
dolphin,huawei-mate9,-12.765386993410257,0.019632973398036768,0.029625458409714513,-46.5361814049874
dolphin,huawei-mate9,-20.042878992771694,0.0041068358992833245,0.017784221629685536,-48.45453660878185
dolphin,huawei-mate9,-12.628522047828941,0.035225787347330666,0.05718437344176996,-37.43836838083665
dolphin,huawei-mate9,-19.99627979750471,0.004079440793182755,0.024401905397054047,-47.33849088245324
dolphin,huawei-mate9,-12.78859009794969,0.02783082726279579,0.03865759803976081,-43.401412637292786
dolphin,huawei-mate9,-19.174292646247924,0.005439170668886395,0.013006896771586143,-46.040562411870454
dolphin,huawei-mate9,-12.488184392229673,0.04174644934771242,0.057407038535187103,-32.8986635709471
dolphin,huawei-mate9,-11.660027165605394,0.030186755729791404,0.04825989960193583,-45.438698693592066
dolphin,huawei-mate9,-14.767654863766783,0.012276276941933124,0.02087955590588847,-46.80697990951976
dolphin,huawei-mate9,-14.328359098967558,0.017723511619804705,0.02785515541685696,-44.252138149187545
dolphin,huawei-mate9,-14.00549809606203,0.017381193285296696,0.031887567839688755,-47.54545705736595
dolphin,huawei-mate9,-7.702552478821031,0.06751546460540286,0.08887930416137932,-45.77814344764956
dolphin,huawei-mate9,-10.023280806378917,0.035627711858429126,0.04718607135341023,-46.7116770329076
dolphin,huawei-mate9,-4.696862509525475,0.13201674764719404,0.1480942182708442,-47.91135979679762
dolphin,huawei-mate9,-16.10275243624241,0.010935321232530344,0.024587245511388713,-44.99067169630291
dolphin,huawei-mate9,-5.416996647494791,0.13503969993350284,0.15786293597291426,-45.15065162584576
dolphin,huawei-mate9,-14.292164409874173,0.014741683219709442,0.02676337049529455,-46.53263770432748
dolphin,huawei-mate9,-15.568225116094629,0.013164743037041132,0.024303793956086277,-44.80537105767567
dolphin,huawei-mate9,-15.855292368259038,0.01054919824024644,0.026550102570961187,-47.886087348371376
dolphin,huawei-mate9,-7.560056748518942,0.07270794661319367,0.08614703297944132,-47.036188051358025
dolphin,huawei-mate9,-12.421609583114748,0.02208178698765308,0.031994557761261276,-46.59251030681068
dolphin,huawei-mate9,-1.0076666054068055,0.3021392141357771,0.336623382792833,-48.13406130248953
dolphin,huawei-mate9,-3.1621821820747,0.2695270785785778,0.362155890130351,-43.00415492706628
dolphin,huawei-mate9,-12.981762548064022,0.020003540491690276,0.03606376035422495,-45.66077897382871
dolphin,huawei-mate9,-13.27797182102417,0.02204216582835729,0.03648229330661437,-44.7073467082389
dolphin,huawei-mate9,-20.451614801612553,0.003945309922712268,0.010042680501407376,-45.452975777721115
dolphin,huawei-mate9,-12.531061738028455,0.023616130469378216,0.03336302642590926,-47.73315949004044
dolphin,huawei-mate9,-8.802491646170065,0.05769470090670075,0.07595195548419445,-47.580225688980036
dolphin,huawei-mate9,-9.338840372746063,0.04756072694510764,0.0685463911521939,-45.849649276686755
dolphin,huawei-mate9,-10.84472882224486,0.034227805918710864,0.048916996632551474,-48.09821646035557
dolphin,huawei-mate9,-14.17072471371676,0.02715207389678408,0.05441863660364263,-34.012220569598114
dolphin,huawei-mate9,-21.22719676813508,0.003532108384056074,0.01556584927895903,-43.42298564060829
dolphin,huawei-mate9,-14.142733729093655,0.01576420881250808,0.03359454019513286,-45.66589178239531
dolphin,huawei-mate9,-9.244931788085017,0.05271908987293035,0.06349756795057171,-45.93816957513705
dolphin,huawei-mate9,-15.48821798303148,0.011232665918918833,0.02289082584941513,-47.77980459900968
dolphin,huawei-mate9,-17.401572092467333,0.01488816403671503,0.018919520933638793,-28.75617547329838
dolphin,huawei-mate9,-7.114474754182285,0.08650282622582464,0.1049497468232201,-45.11280670279401
dolphin,huawei-mate9,-20.98553714115785,0.0029273249351107577,0.01145766133504025,-46.73594239337835
dolphin,huawei-mate9,-13.870792830360735,0.016602396269346897,0.02628156899650108,-46.091571744344435
dolphin,huawei-mate9,-3.7043615731397788,0.24372410269672695,0.29109753948980166,-38.09379595581894
dolphin,huawei-mate9,-13.720828220347123,0.017378903164484653,0.0305109847987956,-45.45973780531366
dolphin,huawei-mate9,-18.078490139912155,0.00757900893341225,0.015177957380277595,-44.871615230396536
dolphin,huawei-mate9,-10.227886406340339,0.03620553474436083,0.04718012211548222,-46.40255038904268
dolphin,huawei-mate9,-13.635171938986927,0.017718167410870424,0.032389312586908595,-45.601325307340275
dolphin,huawei-mate9,-8.805059855318376,0.05107033632589469,0.075945691927393,-46.6586887374195
dolphin,huawei-mate9,-17.382400394418667,0.007303188195237371,0.015835560925131477,-46.3135506704879
dolphin,huawei-mate9,-9.868185464631807,0.03915808064870557,0.05876473959220089,-48.12913271659223
dolphin,huawei-mate9,-14.115340070120562,0.02628010280671886,0.03252805746905225,-30.947137234115793
dolphin,huawei-mate9,-19.468797153467165,0.006027726496594161,0.012656783164539564,-41.36495896167624
dolphin,huawei-mate9,-13.109239369387753,0.019940706438776667,0.02735298823310841,-45.38128507858544
dolphin,huawei-mate9,-7.233444736731867,0.14879423154372148,0.155802488912701,-30.559251188912917
dolphin,huawei-mate9,-15.65399873507804,0.01029082148415258,0.018112826211550623,-46.49172228537524
dolphin,huawei-mate9,-17.679073834062095,0.006245261428452278,0.01437653642878263,-46.49066568328902
dolphin,huawei-mate9,-8.369987608610463,0.055066027169137825,0.07447710394313,-48.05961351903203
dolphin,huawei-mate9,-6.300400088734674,0.17906164393468949,0.19837844949811465,-32.920516819764025
dolphin,huawei-mate9,-10.898422016457431,0.03303939681987369,0.049343841379757544,-45.6249806175033
dolphin,huawei-mate9,-11.914125873670852,0.02481815117171172,0.046012956159689325,-48.280818750879284
dolphin,huawei-mate9,-12.24407172576623,0.019529589701087414,0.03158778894431031,-47.20216300600004
dolphin,huawei-mate9,-9.305800557413411,0.04272278717172762,0.07091295488454429,-48.37212498736961
dolphin,huawei-mate9,-13.300045750199319,0.02219285137247961,0.06081394776294085,-43.614034481706625
dolphin,huawei-mate9,-18.092409636557182,0.006170088633664571,0.023269660018532774,-47.94362486473396
dolphin,huawei-mate9,-7.237738706338303,0.0785891049770054,0.09997811749592465,-45.805158882083454
dolphin,huawei-mate9,-5.556818203791475,0.09840062276882007,0.11501513530611154,-46.8517710459367
dolphin,huawei-mate9,-15.752449287536681,0.01060771807086394,0.07885705687133311,-38.63259306828277
dolphin,huawei-mate9,-18.446383088514693,0.007221485892107259,0.0186630657376233,-41.91794147870101
dolphin,huawei-mate9,-11.106010748389219,0.03204316161796586,0.04557047193293216,-47.770524998278596
dolphin,huawei-mate9,-9.125052362678343,0.04422380971015321,0.05924219083542257,-46.688863385735104
dolphin,huawei-mate9,-22.115631371510588,0.0021820028548075097,0.011131101435573257,-46.45476653814878
dolphin,huawei-mate9,-19.764123292663392,0.005035639446292711,0.04136995357301287,-32.67285954698561
dolphin,huawei-mate9,-22.599695849543725,0.0021763165546292615,0.018385745103312066,-47.921623835966685
dolphin,huawei-mate9,-19.76274816442139,0.004292443932151459,0.022548868482367132,-45.85140848623294
dolphin,huawei-mate9,-16.18894761085911,0.008333226764467194,0.04068861981000714,-48.38394241449778
dolphin,huawei-mate9,-22.49816970023022,0.0022978233099398655,0.014948757076774571,-47.86110772247453
dolphin,huawei-mate9,-8.789007659992889,0.054197128911712564,0.07415104570047391,-45.721829189020724
dolphin,huawei-mate9,-22.41606928313031,0.002109641871916019,0.015356940850601774,-46.86701721753182
dolphin,huawei-mate9,-13.095927122090938,0.018364566731554146,0.03659597996270079,-47.10163866210222
dolphin,huawei-mate9,-8.628345747396223,0.04810616569684242,0.08746322587416358,-48.24673259934576
dolphin,huawei-mate9,-22.405771928434195,0.0022634821349501355,0.13354341817133203,-37.06270045198854
dolphin,huawei-mate9,-23.6334187650236,0.001716727035335811,0.020234356437012394,-45.521923079921514
dolphin,huawei-mate9,-11.850014930065573,0.022375575929434167,0.034167378634480834,-46.64034224912987
dolphin,huawei-mate9,-20.086820784681677,0.0035850881184012677,0.03423199870951263,-48.02815312013745
dolphin,huawei-mate9,-17.463398516386018,0.007128910927542769,0.022693934302952606,-47.95142813230132
dolphin,huawei-mate9,-6.898280268073948,0.08286463469028059,0.1050301259841458,-45.801282695563245
dolphin,huawei-mate9,-10.340134969547567,0.03164194269900484,0.04963203345944015,-46.863810686791325
dolphin,huawei-mate9,-11.824943774246702,0.03139121557223225,0.05885766872077607,-43.14288689014071
dolphin,huawei-mate9,-8.144800564742503,0.06210047438050056,0.08381964874529088,-47.457415278170544
dolphin,huawei-mate9,-20.40284183807142,0.003814460552984741,0.01714544202238094,-45.8277523554661
dolphin,huawei-mate9,-6.979946955811213,0.0730320085827185,0.09623550419742505,-46.45820662509439
dolphin,huawei-mate9,-22.025930655330242,0.003787901059386109,0.06840118140214634,-31.860781544767377
dolphin,huawei-mate9,-3.5583086379643394,0.21169811084038545,0.2573411369232929,-43.338565808423894
dolphin,huawei-mate9,-2.8870368566292735,0.2003206649356219,0.23940593089248327,-47.321649943249405
dolphin,huawei-mate9,-8.540696690120196,0.05702605453916042,0.07878488398441298,-45.77704313772131
dolphin,huawei-mate9,-23.50498516173023,0.001910322932132815,0.022574637901494405,-44.40250822782243
dolphin,huawei-mate9,-12.895717647843973,0.021449222722042968,0.0361167829530844,-45.816148199893696
dolphin,huawei-mate9,-13.862730504569619,0.016234146681006933,0.02892573418002522,-46.37671970923792
dolphin,huawei-mate9,-22.59592543388951,0.0020128904668539325,0.018573188382156686,-46.03119430569514
dolphin,huawei-mate9,-14.606901472513087,0.020811811484571844,0.048672313391506836,-28.96026819245288
dolphin,huawei-mate9,-15.674660228199315,0.014624174508799671,0.027395885162093313,-41.78662571275431
dolphin,huawei-mate9,-20.139995104333018,0.004003826052688451,0.01795865762044533,-47.83154306576371
dolphin,huawei-mate9,-10.742394209473218,0.03261722484947935,0.05046695766589025,-47.15232086331437
dolphin,huawei-mate9,-17.31650531562331,0.007354265019776297,0.027077182973117207,-47.70679931171892
dolphin,huawei-mate9,-22.111469810616757,0.00255475215581126,0.016071941043497583,-45.725528018710655
dolphin,huawei-mate9,-10.920231545908532,0.031295116574299495,0.04854850725939323,-45.97166032143736
dolphin,huawei-mate9,-14.456489307868454,0.01379986056096817,0.05162782918572807,-47.68758024644248
dolphin,huawei-mate9,-15.709232736757388,0.0148203595284129,0.07343193999526591,-26.480729958725032
dolphin,huawei-mate9,-15.194049270840782,0.012617063590595477,0.027851410096050244,-45.81751055475838
dolphin,huawei-mate9,-11.519758476575495,0.024365258051854508,0.041852167929597374,-46.67235701865225
dolphin,huawei-mate9,-12.022421460290836,0.022795022759938402,0.048550165596517425,-47.977446356268544
dolphin,huawei-mate9,-13.647938817295744,0.025393054133504327,0.0670243015899101,-35.465785801923474
dolphin,huawei-mate9,-18.861868656961562,0.005240539323101665,0.024023104684421197,-45.76833122485261
dolphin,huawei-mate9,-13.102008290241958,0.016745713929318225,0.02790031326841155,-46.9314274757627
dolphin,huawei-mate9,-4.597972536841001,0.12597881884266507,0.14550297097273898,-46.75140000742333
dolphin,huawei-mate9,-20.36978745388051,0.005073975635772528,0.09433252635895337,-39.946682362289735
dolphin,huawei-mate9,-15.359524654013832,0.013370390683479078,0.0288279688447213,-44.78107342115002
dolphin,huawei-mate9,-11.656285036651798,0.0373266381557723,0.05762519246520576,-45.81784097933651
dolphin,huawei-mate9,-17.604586398951632,0.007197708423712534,0.023422556570228906,-45.8153120385714
dolphin,huawei-mate9,-21.326516440107103,0.002855763175001936,0.016650398201067507,-46.206776291936166
dolphin,huawei-mate9,-18.558998203245107,0.0076248076414215105,0.03858169625092631,-33.10544735848961
dolphin,huawei-mate9,-15.301197366888495,0.011689037494013135,0.02625610045289138,-47.07594786846598
dolphin,huawei-mate9,-17.807893793260956,0.0059850034433777885,0.01681705798434466,-46.260751819096726
dolphin,huawei-mate9,-12.189306438656118,0.022354597538493493,0.047782505844966246,-47.96112977641531
dolphin,huawei-mate9,-12.689430688831447,0.02727867602749515,0.07090868946788237,-32.7550671351293
dolphin,huawei-mate9,-14.633571414338682,0.016806078523190403,0.03137274777963858,-43.555707876722806
dolphin,huawei-mate9,-13.142719993481673,0.01956704249964366,0.03587405627758568,-47.86701402868681
dolphin,huawei-mate9,-21.528581631979193,0.00294098144195291,0.018671861254804405,-45.73281202400982
dolphin,huawei-mate9,-22.19417555498723,0.002441305329455014,0.014033560476944372,-47.33775387102507
dolphin,huawei-mate9,-11.07142700697281,0.02958403640065516,0.04202826487028534,-47.02436523048141
dolphin,huawei-mate9,-12.70011802167404,0.027722519898846856,0.05653344073964837,-35.282684163519164
dolphin,huawei-mate9,3.261408066314622,0.9255969760356109,1.0246572761364914,-45.74778163373536
dolphin,huawei-mate9,-10.53524131059982,0.03097138707765376,0.04111140342016928,-46.46215637916757
dolphin,huawei-mate9,-10.788306130639533,0.03067669724404406,0.053889776184301616,-47.98220271351666
dolphin,huawei-mate9,-15.083882853520969,0.012936688140923658,0.027835155976731654,-45.85880460053363
dolphin,huawei-mate9,-6.502089655514802,0.08084648999649677,0.09773387103162606,-46.243827055812744
dolphin,huawei-mate9,-17.176492279043735,0.010368739805998768,0.027732744073729897,-42.84722150318251
dolphin,huawei-mate9,-8.773005198997927,0.0541387431037999,0.07038169662751241,-47.75496481277092
dolphin,huawei-mate9,-15.713328102560533,0.01105646437431431,0.02627933567187948,-45.80900374540632
dolphin,huawei-mate9,-7.18092213852197,0.07643722902779684,0.09405879840712511,-46.76287390956973
dolphin,huawei-mate9,-21.652241216658275,0.002609655825272368,0.01295871236609192,-46.35503920743495
dolphin,huawei-mate9,-6.372101700915019,0.08998978651747495,0.11852855617866442,-47.25347084342252
dolphin,huawei-mate9,-20.574083134170497,0.004393151965472021,0.03492335490954971,-32.97561191138497
dolphin,huawei-mate9,-21.37881355891885,0.004416707764642912,0.010852962849235169,-40.35847151914009
dolphin,huawei-mate9,-7.954333832341468,0.06536977866155007,0.08658928448925461,-45.83318279628537
dolphin,huawei-mate9,-4.138762972241286,0.14667863607054385,0.17026723447927508,-46.24972270700725
dolphin,huawei-mate9,-14.174074861677505,0.015460960324010287,0.03711595718930092,-47.92485498806727
dolphin,huawei-mate9,-15.54571143082156,0.017902422460176485,0.04481674001773228,-29.601156906522398
dolphin,huawei-mate9,-15.927706424750628,0.011545501238775888,0.03269351542064648,-44.71660914336213
dolphin,huawei-mate9,-1.8249389337426425,0.2776399571948247,0.3173929782189214,-45.677166517299895
dolphin,huawei-mate9,-13.867252174761116,0.01479625787444335,0.030571066429835567,-46.4483768431017
dolphin,huawei-mate9,-16.77159126411736,0.007802546151087504,0.036166908876333496,-48.26613781752577
dolphin,huawei-mate9,-15.496439949851526,0.016001697026832226,0.05105791862881869,-27.83328809971952
dolphin,huawei-mate9,-20.54017696524317,0.004666692421646925,0.021898208522123597,-41.32861859721658
dolphin,huawei-mate9,-18.983685052874463,0.004976227248919167,0.02732625287653019,-47.4389383502766
dolphin,huawei-mate9,-7.465063870867768,0.09186742197849948,0.17141392803916514,-32.016234595022766
dolphin,huawei-mate9,-13.428997626563675,0.024522654916605265,0.042195457572448865,-42.155982950488955
dolphin,huawei-mate9,-17.793698861280163,0.007135914081995046,0.02121990688032445,-45.46512882635256
dolphin,huawei-mate9,-17.604718664253912,0.007284766110026752,0.04759243324133256,-32.84189020254764
dolphin,huawei-mate9,-16.11167251884047,0.009944631471652097,0.05464904731058451,-47.24133501518223
dolphin,huawei-mate9,-17.765360523541023,0.007529760877396276,0.057743295558373015,-34.442591814944365
dolphin,huawei-mate9,-10.901870655427635,0.03805229557574121,0.05099696913276316,-41.886991041280496
dolphin,huawei-mate9,-22.783749523660298,0.0021483639488005233,0.014894412312030725,-47.702434226626316
dolphin,huawei-mate9,-10.139456066881937,0.040853476368314656,0.060708617881996337,-45.596059567356235
dolphin,huawei-mate9,-12.709551908208601,0.020427954799634128,0.03461988205653836,-45.087521717353056
dolphin,huawei-mate9,-9.95974589500781,0.03760011537233028,0.057235080581115316,-47.48339776008962
dolphin,huawei-mate9,2.2854554667408338,0.7341953026011563,0.8534550519306817,-30.165051781865856
dolphin,huawei-mate9,-18.816860560927044,0.005267809846120413,0.021017412951082087,-47.97288199536552
dolphin,huawei-mate9,-16.397652922991476,0.00958511532479277,0.025090211479988887,-45.63705315338217
dolphin,huawei-mate9,-20.52586987193974,0.003177763494175598,0.013844000873880423,-46.52290668004682
dolphin,huawei-mate9,-14.385695836858183,0.013731370792293956,0.03332483322575811,-48.187979410030735
dolphin,huawei-mate9,-15.413401124098087,0.014073285182800948,0.06323220543093584,-34.71774190165142
dolphin,huawei-mate9,-21.40802832885894,0.003128851823458523,0.0195133878546712,-44.996323787318
dolphin,huawei-mate9,-22.396256637873503,0.002377076571609079,0.017999620114589707,-45.73071762679671
dolphin,huawei-mate9,-11.98200680204951,0.02570501250797021,0.039710460243448924,-46.61401251994214
dolphin,huawei-mate9,-19.687112477144066,0.00390747833331029,0.01946721825891194,-46.68688916430582
dolphin,huawei-mate9,-3.1478607329535575,0.16970657235480122,0.20918511693539252,-48.16592886506029
dolphin,huawei-nova2,-17.18048403277567,0.006786311082330592,0.2155941505780558,-60.06111008770916
dolphin,huawei-nova2,-8.054425243688673,0.0194560129180266,0.1071661733059935,-56.68718972363875
dolphin,huawei-nova2,-4.917420591177773,0.13877009236456542,0.35148328734613377,-60.8915485611123
dolphin,huawei-nova2,-16.572109640661587,0.007270526056766244,0.2621349108800896,-56.72956699102974
dolphin,huawei-nova2,0.12368491073556946,0.634429707705082,0.795427565326242,-57.947657685317175
dolphin,huawei-nova2,-10.11325561507145,0.017067266834291113,0.08764374783457116,-58.10209902151062
dolphin,huawei-nova2,-6.377095043028598,0.06502513975362642,0.19779920981725718,-59.72408046164843
dolphin,huawei-nova2,-15.72837497877475,0.007644934042542701,0.06337207762682565,-55.15533870475599
dolphin,huawei-nova2,-5.773814847556683,0.037810452629434624,0.11938226265100106,-56.60050114772568
dolphin,huawei-nova2,-26.00534396450129,0.002134168345705834,0.012637356947601609,-40.53485401529757
dolphin,huawei-nova2,-10.903467931566386,0.031165366391794284,0.17319895905898594,-59.491646026566514
dolphin,huawei-nova2,-20.73804011939742,0.004807643755228128,0.09426416367811165,-52.324234179621676
dolphin,huawei-nova2,-5.904384810314815,0.058314550550632366,0.1262256335305274,-55.53696790735355
dolphin,huawei-nova2,-16.694314151573874,0.004846908695267572,0.01035010588943775,-41.53451323485549
dolphin,huawei-nova2,-2.7282535609444505,0.09109804015831409,0.15308742341001494,-56.172056357681164
dolphin,huawei-nova2,-13.678220641666314,0.017313733158165402,0.08174510112353546,-57.829496866105586
dolphin,huawei-nova2,-27.580120178692233,0.000783339214830724,0.21973724273874815,-41.678494562695796
dolphin,huawei-nova2,-5.811658223298593,0.07812296224166852,0.10328884850746223,-53.407571543732466
dolphin,huawei-nova2,-1.7223921788626397,0.17115848202911646,0.19259477695448507,-44.50899334450667
dolphin,huawei-nova2,-15.964828507275,0.006230052307168028,0.41149741490481745,-38.450379827836954
dolphin,huawei-nova2,-5.447214483883142,0.061173741922299615,0.08563393379224692,-50.82348740459584
dolphin,huawei-nova2,-14.136587516027452,0.01109883538840313,0.030425631168307096,-50.73479203044475
dolphin,huawei-nova2,-4.28705652446853,0.07862973413792482,0.11175413838319762,-53.72874850664152
dolphin,huawei-nova2,-10.060722633833727,0.04626477072394945,0.13710692122735338,-56.84835555376284
dolphin,huawei-nova2,-12.781668580559804,0.024646181720776327,0.19085821224764085,-59.75112519846084
dolphin,huawei-nova2,-5.935208478913507,0.06567991622738703,0.10924961089024018,-53.67429721101125
dolphin,huawei-nova2,-8.245295403305791,0.038416809893166634,0.11803842430929444,-49.52325095283164
dolphin,huawei-nova2,-12.348958730198618,0.02562014784211463,0.06057049847456957,-53.55628244218228
dolphin,huawei-nova2,-15.743237770947642,0.004711867108978725,0.0734161850953385,-56.43865047472657
dolphin,huawei-nova2,-7.945878657039525,0.031461361168370894,0.5712088826028878,-51.27159681970983
dolphin,huawei-nova2,-10.459780538159515,0.021526157637228965,0.0964123059331165,-56.17289617033474
dolphin,huawei-nova2,-13.327760834022538,0.01444509077442498,0.06871912989493896,-52.74270920442157
dolphin,huawei-nova2,-16.706712827687763,0.009578692544899214,0.038287970938308824,-51.71599754404048
dolphin,huawei-nova2,-13.004145184020475,0.01998121420011683,0.12086128730589868,-50.89982106562058
dolphin,huawei-nova2,-12.194010258615416,0.02702726036108799,0.1944039203786164,-59.21524604842743
dolphin,huawei-nova2,-17.051663247834856,0.009179447470469424,0.22534507157060812,-60.05607972043443
dolphin,huawei-nova2,-18.043914619188687,0.005054456651306332,0.02736987715403341,-51.68146927494415
dolphin,huawei-nova2,-6.323455329721296,0.09148275569461833,0.14756895106275306,-50.82657839573002
dolphin,huawei-nova2,-4.82744408639285,0.11362751335997097,0.23534705319331628,-58.072339357577846
dolphin,huawei-nova2,-16.340765203898826,0.014152196127267036,0.020216448127865945,-48.44806480147979
dolphin,huawei-nova2,-6.316595608808873,0.04174672450904812,0.10183498323259757,-55.99282423035231
dolphin,huawei-nova2,-9.706903902160187,0.04307480333824556,0.19075956696610452,-59.19868949286287
dolphin,huawei-nova2,-10.82881511100904,0.03818596142085738,0.2422407516390421,-60.301455046014254
dolphin,huawei-nova2,-13.780644382151596,0.017132497117605613,0.034230709106465695,-49.36336194415267
dolphin,huawei-nova2,-12.172827948911644,0.02695272534486344,0.1092542345131191,-58.372288321924486
dolphin,huawei-nova2,-7.530576788005181,0.05114937789244915,0.07130108113830079,-52.32735175471775
dolphin,huawei-nova2,-18.17155398837195,0.009387546733414088,0.059875170070530746,-52.88960421242466
dolphin,huawei-nova2,-17.219750038898674,0.009792272648760307,0.12000520118918868,-59.5232314349051
dolphin,huawei-nova2,-9.830635412454722,0.04835702723021631,0.2069010738802003,-60.36608675212591
dolphin,huawei-nova2,-7.022762470127156,0.07507721149321966,0.10621357353757775,-55.552993517666145
dolphin,huawei-nova2,-13.955841889465187,0.019626823290353097,0.03356897622305011,-50.184820406379735
dolphin,huawei-nova2,-7.264305881367981,0.0468726540275199,0.12171119796968821,-56.104344303443405
dolphin,huawei-nova2,-6.37526150914236,0.12470785179858408,0.20970052537857553,-56.95235323183325
dolphin,huawei-nova2,-12.387415043372146,0.033591906844517544,0.1495057097435258,-57.7758824254829
dolphin,huawei-nova2,-10.440346322015833,0.046579240722909254,0.07962482706418349,-53.22355947248185
dolphin,huawei-nova2,-16.840487230834665,0.015459237434304014,0.03398435448472649,-49.88965466968766
dolphin,huawei-nova2,-22.900649327590465,0.0021069981603331345,0.015841392954229035,-49.84438866510484
dolphin,huawei-nova2,-10.551997032838816,0.01574022574305346,0.09806987389899678,-56.02532389650926
dolphin,huawei-nova2,-6.968006978738445,0.07076160792930251,0.188557507915895,-56.61975349928613
dolphin,huawei-nova2,-16.41490583342188,0.011291731171011605,0.16773455082832966,-60.129415894395606
dolphin,huawei-nova2,-7.210696442977381,0.05502859603192235,0.08544089653563879,-52.57852972075315
dolphin,huawei-nova2,-20.01065297829255,0.003718847679439091,0.01723870612412794,-49.18666159510468
dolphin,huawei-nova2,-16.103533939468406,0.013282123850658046,0.11433543079391058,-54.34883863868387
dolphin,huawei-nova2,-6.133042831761842,0.03294265576066712,0.10487888974563754,-56.864780333262395
dolphin,huawei-nova2,-6.109834738225947,0.10801134844312604,0.39871575977640683,-60.62396832110427
dolphin,huawei-nova2,-8.450057336930385,0.029393082202237034,0.09931811610612123,-57.13193881897992
dolphin,huawei-nova2,-4.445528889510649,0.07696564723446016,0.12300809991845639,-53.60054554894327
dolphin,huawei-nova2,-12.460889386064238,0.019238088220339296,0.08288628087130888,-56.636937795522726
dolphin,huawei-nova2,-10.539527230532599,0.04335340492414144,0.16596751662140358,-58.42333312866419
dolphin,huawei-nova2,-4.996031963542805,0.10070064232362987,0.12311781355614383,-52.088421558525475
dolphin,huawei-nova2,-16.193217938373245,0.012912915850948881,0.026555237704468198,-49.22755744077147
dolphin,huawei-nova2,-21.796843053587395,0.0027703469144441813,0.05844268104953387,-53.704750887985
dolphin,huawei-nova2,-13.07783359534427,0.007208123389537357,0.08989635066764821,-56.583930219886014
dolphin,huawei-nova2,-12.390162546067632,0.023032844965607528,0.36205134226385294,-60.659900059534884
dolphin,huawei-nova2,-14.027341289617308,0.009714428853597374,0.053807289662651185,-56.25055980002776
dolphin,huawei-nova2,-12.529181760632284,0.03204857169290988,0.0730487574476419,-51.90088908917681
dolphin,huawei-nova2,-12.987734613925515,0.0177698442571888,0.1443420574625462,-57.5971172836497
dolphin,huawei-nova2,-17.902256297263783,0.00835988801960617,0.12059360830078521,-59.74043767380469
dolphin,huawei-nova2,-11.220360363068185,0.037429946773654396,0.2826639996500997,-60.483477564912704
dolphin,huawei-nova2,-14.240396562638784,0.02247501307579458,0.051963168617472716,-52.22333593355209
dolphin,huawei-nova2,-15.253682059678761,0.007806388674910401,0.058664436338392766,-53.31944786547388
dolphin,huawei-nova2,-5.716097875296914,0.03956154015040046,0.11509614075464619,-56.3280418058627
dolphin,huawei-nova2,-9.015364571592158,0.035640483141913246,0.1361553005844102,-57.98146760055175
dolphin,huawei-nova2,-4.264666099384301,0.07556632725103662,0.10544067939647639,-51.45824128861061
dolphin,huawei-nova2,-19.62351862617527,0.004151286677883318,0.018279014746353343,-49.81577936592231
dolphin,huawei-nova2,-4.137980097163194,0.09813077659310827,0.13295718869446982,-52.29681034252549
dolphin,huawei-nova2,-10.234963521530819,0.03304125472211038,0.12452111110433087,-56.2007803529402
dolphin,huawei-nova2,-12.459607557452394,0.02466338976698356,0.13077638906686712,-57.75958331377602
dolphin,huawei-nova2,-9.0506910722005,0.05695564398897426,0.24164898755137737,-59.36654501999481
dolphin,huawei-nova2,-6.0189753793998015,0.07331276534399846,0.08724142230226763,-51.08606994405095
dolphin,huawei-nova2,-14.031213217125508,0.013229098693094495,0.033169416183226025,-48.76851171889629
dolphin,huawei-nova2,-17.10756037298963,0.01008221168149036,0.028953852849587076,-51.15628270594617
dolphin,huawei-nova2,-14.459206540405003,0.0063620775443053845,0.09741677640820351,-56.3195329733681
dolphin,huawei-nova2,-6.204524071655502,0.07450752720942075,0.10757357152701842,-55.06569773622773
dolphin,huawei-nova2,-15.375874302473758,0.016347806230347938,0.04009550115629831,-50.336124408630035
dolphin,huawei-nova2,-14.282320271117111,0.008278542474898986,0.06810912979369539,-56.432916615206345
dolphin,huawei-nova2,-12.53601224683723,0.017988194325794255,0.19992752363189825,-57.12779642209884
dolphin,huawei-nova2,-15.465966096567843,0.014470388987295085,0.11417007375119693,-59.38695855235943
dolphin,huawei-nova2,-14.133836239023323,0.014008930079248862,0.04390493430285725,-55.07557128216568
dolphin,huawei-nova2,-13.362936765556906,0.027919494465264493,0.06871049803515644,-51.01248006157451
dolphin,huawei-nova2,-21.469258813857728,0.002057143409841232,0.014628077217037424,-48.48492270275092
dolphin,huawei-nova2,-6.363855447855869,0.04709962017745367,0.10864955440549488,-54.512990797422674
dolphin,huawei-nova2,-14.124258239223229,0.012207418461872616,0.12003535240571822,-55.98514842038777
dolphin,huawei-nova2,-6.179959044963217,0.09249384511267246,0.20190799523794697,-57.39022118798634
dolphin,huawei-nova2,-14.546351208637361,0.008968703246971951,0.024542669960071768,-47.41765645567817
dolphin,huawei-nova2,-21.837349659894805,0.003078300207352906,0.020493667424405063,-49.88499679892203
dolphin,huawei-nova2,-4.898018447559333,0.11843890427491362,0.2168593368733173,-56.77436004863435
dolphin,huawei-nova2,-20.066814592790273,0.004271743996340287,0.10499009163751416,-58.62332963525108
dolphin,huawei-nova2,-10.088168813371434,0.026700138407994376,0.06462648901713948,-53.7303564003586
dolphin,huawei-nova2,-17.680379514426278,0.00728212361093246,0.03172158349464289,-49.2232805062643
dolphin,huawei-nova2,-14.886137709882794,0.012044317550135325,0.06205799716365607,-53.22731143375924
dolphin,huawei-nova2,-5.594064713661927,0.048829212366537866,0.1055150072398666,-56.625298670910894
dolphin,huawei-nova2,-13.437915164355088,0.012014847756863787,0.1917794160731231,-57.32008794954928
dolphin,huawei-nova2,-10.693717663554082,0.03159842799440393,0.1809271856957318,-58.20389434073337
dolphin,huawei-nova2,-14.689031176501091,0.00974556274152989,0.34325742492921535,-58.51592150500864
dolphin,huawei-nova2,-3.821417272242353,0.09109883544495341,0.13164844557631225,-55.23444300654933
dolphin,huawei-nova2,-12.23812126991821,0.015770303670078797,0.06519452083177811,-50.30375230081661
dolphin,huawei-nova2,-8.877933222904925,0.021206773153490083,0.10163971481242955,-56.619455222365374
dolphin,huawei-nova2,-20.53159856591334,0.0037605680995333565,0.15363924901376227,-59.00956831249925
dolphin,huawei-nova2,-12.780788325696367,0.017794351762986643,0.32138016501594563,-58.75007543671141
dolphin,huawei-nova2,-6.128285638196196,0.06202245496673071,0.11909346081171027,-55.79041088032102
dolphin,huawei-nova2,-5.567345063537439,0.05614606857055809,0.0888923882327955,-55.2917129129077
dolphin,huawei-nova2,-15.13147194682096,0.011515993432531539,0.09946624230426442,-57.79639911376255
dolphin,huawei-nova2,-5.302932679180612,0.06916495468508016,0.09325392430006411,-51.83265527904056
dolphin,huawei-nova2,-12.594917647916136,0.011754750545806297,0.03087535349458662,-48.52205776361696
dolphin,huawei-nova2,-10.190420502937323,0.02637135945591297,0.056656991408127556,-55.63718103622176
dolphin,huawei-nova2,-13.451392265589892,0.013776458450298035,0.31436804535158347,-57.857569310216455
dolphin,huawei-nova2,-8.46884154781934,0.03091754763567104,0.04722517151039999,-50.133734790009484
dolphin,huawei-nova2,-15.849059286394018,0.007371592892890971,0.05578745902348445,-51.42442276392983
dolphin,huawei-nova2,-4.44360123593446,0.07289956335053172,0.12462133140927187,-56.69500185503081
dolphin,huawei-nova2,-6.255837283040161,0.05772848171605136,0.09385275557852593,-53.55789197202401
dolphin,huawei-nova2,-15.142721476988715,0.015353361322278523,0.1090931117395096,-58.443839628489336
dolphin,huawei-nova2,-4.287135064075071,0.0683379496842438,0.14080690380367605,-57.001731777400416
dolphin,huawei-nova2,-7.317062567612896,0.049340753947531374,0.18516530316976826,-58.079095158547744
dolphin,huawei-nova2,-13.781934722266929,0.017976312883169223,0.1944580564474846,-60.33274048476086
dolphin,huawei-nova2,-13.288919604981487,0.024844023799694345,0.11275482035805258,-55.48329111068037
dolphin,huawei-nova2,-7.671532448388762,0.03756486909761631,0.2528678182724588,-57.72505923679862
dolphin,huawei-nova2,-3.4206820466411414,0.19317756250265183,0.38765139782413816,-59.89027702424998
dolphin,huawei-nova2,-12.097257974034822,0.015371497875243681,0.5149200046489091,-58.27571736631202
dolphin,huawei-nova2,-12.485150952937943,0.01622905877748506,0.06344573828950983,-55.57223982504154
dolphin,huawei-nova2,-14.25024901160904,0.017306296651013905,0.0762201474187762,-53.829535983403474
dolphin,huawei-nova2,-15.35048300047264,0.012462975473165501,0.17775468447682033,-58.024396239143094
dolphin,huawei-nova2,-8.79365947445214,0.0412360118569509,0.5384827937164596,-58.962741940744706
dolphin,huawei-nova2,-9.3220369399816,0.0433784579368646,0.08675829052277509,-53.95633861970453
dolphin,huawei-nova2,-13.478502277058745,0.02597619095045638,0.06597223694319146,-49.78188149414948
dolphin,huawei-nova2,-4.733326039458419,0.14314933876558414,0.19324936048929095,-51.497217700903676
dolphin,huawei-nova2,-6.921133905513331,0.041893906345130044,0.09656133972603562,-56.57615289141915
dolphin,huawei-nova2,-2.94708580675844,0.16103320791348774,0.2825071856341503,-58.32519567515722
dolphin,huawei-nova2,-15.781657270428703,0.006912754640406439,0.48652911349166694,-58.374979145292315
dolphin,huawei-nova2,-8.529256384908694,0.033230636138294176,0.07838542499891936,-54.100797717651176
dolphin,huawei-nova2,-15.85687347164394,0.008413016464983143,0.09297206474612933,-50.57753122511837
dolphin,huawei-nova2,-15.87013564542393,0.0060853032298059965,0.09375708473185594,-56.52116446119898
dolphin,huawei-nova2,-20.662818343000136,0.002345156948416662,0.4673356030789282,-58.23620046266609
dolphin,huawei-nova2,-8.403364740575784,0.047393389579056755,0.12220311296616668,-55.16452054116138
dolphin,huawei-nova2,-5.970574492153822,0.1393553713777233,0.22786906641609522,-53.49746558407756
dolphin,huawei-nova2,-15.044572180933892,0.005285690762686787,0.08759743354559256,-56.87016542629966
dolphin,huawei-nova2,-12.925078201700412,0.013257555031200652,0.4882863480889729,-58.09936113152237
dolphin,huawei-nova2,-7.350597502005679,0.10472823248870315,0.15784089217359112,-51.24433802564269
dolphin,huawei-nova2,-17.27246580572343,0.012446127881933191,0.058555947064034795,-50.07215683668456
dolphin,huawei-nova2,-9.068228672204057,0.03654869141843786,0.0755181615365959,-56.14643755085831
dolphin,huawei-nova2,-6.290369834983023,0.08556392858292533,0.1772762650001027,-57.797569976590346
dolphin,huawei-nova2,-11.400594005865667,0.0341809359067897,0.1430672297109206,-58.77848349917434
dolphin,huawei-nova2,-9.217328182180498,0.03805973823928315,0.48847723740958504,-58.40792901691022
dolphin,huawei-nova2,-11.67557855810212,0.028414743155970333,0.09559944559350184,-52.25593483406865
dolphin,huawei-nova2,-19.572271485734202,0.006833080299286334,0.05139896636015041,-49.28244416200589
dolphin,huawei-nova2,-22.321727603833097,0.0033015197289398006,0.08496112285217675,-51.510405020421885
dolphin,huawei-nova2,-17.15045915959448,0.004594115564298929,0.06581686966252374,-56.71379598778533
dolphin,huawei-nova2,-4.836451392385927,0.10574290786311281,0.24493579114151245,-58.12255301514425
dolphin,huawei-nova2,-10.742172143522328,0.03722973900119165,0.1757247984455847,-59.343945597037695
dolphin,huawei-nova2,-9.3742650383627,0.04489999452287116,0.09421389012581555,-54.25480642927788
dolphin,huawei-nova2,-20.517013093853386,0.004388540322948471,0.08026025740291504,-51.64202778687556
dolphin,huawei-nova2,-8.008273710432315,0.0551976029524221,0.12473034504032954,-52.8182543824424
dolphin,huawei-nova2,-2.8792537067732544,0.09067994632428894,0.1919517450496302,-56.42860980674807
dolphin,huawei-nova2,-9.091277329309007,0.03863535971489662,0.1177007010250494,-58.36693151894801
dolphin,huawei-nova2,-8.29114513588618,0.05473538638952578,0.22582987631668208,-59.04025842389145
dolphin,huawei-nova2,-10.546416744988221,0.023470642212775648,0.49704879609056435,-58.10975499743488
dolphin,huawei-nova2,-4.22530311182182,0.09272805988576298,0.1541311907934029,-54.61544774722086
dolphin,huawei-nova2,-16.004463045244307,0.010413220104895808,0.062086578903741266,-50.30868445241194
dolphin,huawei-nova2,-8.038815443483948,0.11084910515204754,0.16880192932086432,-50.62973900225411
dolphin,huawei-nova2,-7.81322904270392,0.06409005977318231,0.12731943976391683,-55.379179588436635
dolphin,huawei-nova2,-18.491474713456263,0.005409084871462183,0.09581004653750018,-58.23232868540272
dolphin,huawei-nova2,-8.784365820287551,0.058821385776963594,0.22251972784972726,-59.15715725472367
dolphin,huawei-nova2,-11.286962684917958,0.024005015398415354,0.47913546497889314,-58.04398293212434
dolphin,huawei-nova2,-7.274708604353897,0.07671625612666014,0.14674129941664643,-53.58075282054391
dolphin,huawei-nova2,-22.248233760235596,0.0036316371068092,0.04356918189504609,-49.20912331497618
dolphin,huawei-nova2,-8.172956802202023,0.08400233504694554,0.14215845185726173,-51.247256680384154
dolphin,huawei-nova2,-16.34461774499925,0.007536998377979616,0.11827044812675246,-58.16148143858352
dolphin,huawei-nova2,-8.839249552513786,0.05680595324339699,0.20766448179897645,-59.033893244810045
dolphin,huawei-nova2,-9.952557078956765,0.016801944705714875,0.6256798938379574,-55.787142615489245
dolphin,huawei-nova2,-7.439057354536358,0.059207825645025115,0.1268332911211538,-53.172738419981144
dolphin,huawei-nova2,-16.91797505805671,0.010658609596092933,0.054375295225297084,-49.95886702463581
dolphin,huawei-nova2,-7.085644567050544,0.0752078017251893,0.19273882391983155,-57.76880999143752
dolphin,huawei-nova2,-18.64381040280677,0.006769124056844214,0.15670888959755358,-57.98807143149617
dolphin,huawei-nova2,-10.359487468247346,0.027620293929464777,0.47171027686471073,-57.43596301347286
dolphin,huawei-nova2,-8.638119967587018,0.048864888566164534,0.11235841101998681,-52.57440148740932
dolphin,huawei-nova2,-6.836162686209812,0.06419071397139599,0.1935647666067523,-57.896057364562736
dolphin,huawei-nova2,-8.25037479687625,0.04986886991577603,0.1001736447063118,-54.20837222907032
dolphin,huawei-nova2,-16.070101556312395,0.00811005841764129,0.08185892085210177,-51.728045842342105
dolphin,huawei-nova2,-15.713902884844074,0.005648864580103088,0.06580544097619292,-56.311727752419564
dolphin,huawei-nova2,-1.3711570892977196,0.19549651799539033,0.2678534351536826,-56.253096725883665
dolphin,huawei-nova2,-22.46886776582007,0.0023990611343800284,0.202698547090542,-59.12735295876416
dolphin,huawei-nova2,-12.87214920489461,0.018472118404522005,0.06185442868305313,-53.50391356245812
dolphin,huawei-nova2,-18.2366830584344,0.0077633164936909685,0.03893024160541574,-50.38243299958937
dolphin,huawei-nova2,-19.114322967856317,0.006709798160487025,0.07508841791486906,-53.57966635117411
dolphin,huawei-nova2,-10.726859343377846,0.014829113048519103,0.09041813020440716,-56.67996733439841
dolphin,huawei-nova2,-8.291233625013728,0.055242364963719336,0.125319837909396,-58.35693741527672
dolphin,huawei-nova2,-15.550161297975034,0.012345423540697264,0.17239432470462032,-58.83100773863128
dolphin,huawei-nova2,-8.988648186308826,0.03027879711832551,0.5430016694802844,-57.00593750576641
dolphin,huawei-nova2,-2.0578251530913385,0.19390517571478244,0.2811416682748178,-54.81948965379364
dolphin,huawei-nova2,-18.128773412208254,0.008774103969325962,0.05020788959376293,-51.397327909592754
dolphin,huawei-nova2,-12.545456205460965,0.009360542412575444,0.18642925321734494,-55.92426519273579
dolphin,huawei-nova2,-10.44775325517255,0.04008282816152236,0.19519056007603075,-58.6515344482285
dolphin,huawei-nova2,-10.452126494413577,0.032703788522600766,0.09682509705305227,-54.81618350293202
dolphin,huawei-nova2,-14.06015050451903,0.02311337575475188,0.062480517911935936,-52.23510357068814
dolphin,huawei-nova2,-22.380804850829943,0.003423647269676128,0.04594764550771691,-52.05394859896376
dolphin,huawei-nova2,-6.300403588425266,0.050250766147363436,0.16562833605813504,-56.39689097885605
dolphin,huawei-nova2,-10.923064616239206,0.030409921460428823,0.14616678591932192,-57.85272810144956
dolphin,huawei-nova2,-11.112684143021543,0.031157198775410865,0.2633882222263987,-58.345695742247514
dolphin,huawei-nova2,-3.8998350036586475,0.11089150711051715,0.569231076626579,-57.95286884659063
dolphin,huawei-nova2,-12.191762381554751,0.01708697222414528,0.23179953519439978,-53.251762876168726
dolphin,huawei-nova2,-20.823513464386465,0.00509346972044171,0.05168885601500893,-50.08479387979706
dolphin,huawei-nova2,-12.925335085370225,0.029575881279547557,0.07266284490793042,-53.606485442011056
dolphin,huawei-nova2,-4.516745651000836,0.07990435039811286,0.1592553931101843,-56.379638179789076
dolphin,huawei-nova2,-0.13583420284349185,0.31124054975990795,0.42766057393695506,-54.799960745248484
dolphin,huawei-nova2,-13.30701692359611,0.026967215381933043,0.0801815957943221,-51.30817564636096
dolphin,huawei-nova2,-26.178232013971062,0.0016914188818283177,0.03737074005523711,-50.65523831623097
dolphin,huawei-nova2,-4.29085877243098,0.11700036641129719,0.1980354295263939,-55.743888785239186
dolphin,huawei-nova2,-14.478494506478945,0.014230647176537114,0.2203718133346735,-58.53187186374717
dolphin,huawei-nova2,-21.3036862748241,0.0024055088137054552,0.41386009317440753,-57.93425896708817
dolphin,huawei-nova2,-11.974981923829201,0.026899974626025096,0.08920881675128707,-53.734064906441034
dolphin,huawei-nova2,-20.32080355190466,0.00520354314909059,0.05792483746426642,-51.61722151725709
dolphin,huawei-nova2,-13.240665473810303,0.020554979365563816,0.23287056012181775,-58.01376460585761
dolphin,huawei-nova2,-12.93989877892096,0.017961034049047326,0.11627307715099225,-52.07664087510818
dolphin,huawei-nova2,-9.957360921745101,0.03204050935581798,0.08659377215450431,-56.01221501929317
dolphin,huawei-nova2,-10.106829696189777,0.03319721772092814,0.19271696806520333,-56.22885117966299
dolphin,huawei-nova2,-6.2421476042008734,0.11971221892294595,0.28348231549952746,-58.43195100765254
dolphin,huawei-nova2,-20.471872400374146,0.0027117313722375288,0.4713913845525372,-58.06065618404038
dolphin,huawei-nova2,-19.971239294786884,0.0059077100258735004,0.06384570770324763,-53.07503970410248
dolphin,huawei-nova2,-7.357614339396918,0.030420880287963154,0.08890837983394587,-57.08216313145467
dolphin,huawei-nova2,-12.446976860457982,0.013082417140777142,0.09072938058174894,-55.83266086795263
dolphin,huawei-nova2,-13.327047753296348,0.03122341845837522,0.06704033721267863,-51.80273207534473
dolphin,huawei-nova2,-7.502144249236377,0.0555616707491443,0.19375368790819456,-57.988541115592575
dolphin,huawei-nova2,-6.272021911961428,0.09867497963666079,0.32582406842854417,-59.29096110702693
dolphin,huawei-nova2,-11.025292459816951,0.02909058644752445,0.08919112457838747,-54.498784954301094
dolphin,huawei-nova2,-9.556648548181514,0.025955572380290073,0.06723315464549656,-56.38239269923059
dolphin,huawei-nova2,-10.656982697786974,0.024979075637363502,0.43135270150936617,-58.29629887029368
dolphin,huawei-nova2,-2.2532959486927795,0.262490913034118,0.31929345691864214,-50.00113854439502
dolphin,huawei-nova2,-16.352937898215774,0.010340511173012294,0.03837739602382733,-50.88828652042827
dolphin,huawei-nova2,-15.21872187471443,0.009855304851170357,0.12586141941928183,-57.68365005036458
dolphin,huawei-nova2,-20.408615338938098,0.0034596471092506378,0.19321626268407183,-58.47604846149296
dolphin,huawei-nova2,-1.8229271479265647,0.17567733078767794,0.6245140614522586,-57.63701976000345
dolphin,huawei-nova2,-10.172419389538875,0.030653203109873205,0.08203036953839184,-54.152632108680585
dolphin,huawei-nova2,-4.448832041277489,0.17941466974151524,0.23118053599008023,-50.06803540774439
dolphin,huawei-nova2,-16.431491571904257,0.01398717541011452,0.04531608748911084,-52.443200712796155
dolphin,huawei-nova2,-13.762775555034843,0.0077531891861925845,0.08557257510020352,-56.557345594757386
dolphin,huawei-nova2,-4.894254328859757,0.10246919533477081,0.19858377882310713,-58.3647135295419
dolphin,huawei-nova2,-16.039568485721702,0.009675711108050288,0.1870350408547809,-58.602876283649664
dolphin,huawei-nova2,-8.44606865417438,0.04046128611862008,0.49776530821823955,-58.0484349535628
dolphin,huawei-nova2,-15.016376921937827,0.01659390638767842,0.059975809719013756,-50.86006475012154
dolphin,huawei-nova2,2.6560852265362933,0.2705253501891276,0.33572750417493086,-57.09343151554158
dolphin,huawei-nova2,-5.434418430875677,0.060119512602997464,0.2236208133463088,-56.7442349522826
dolphin,huawei-nova2,-18.36794886085424,0.006233792874275576,0.1793786272690076,-60.3429135132022
dolphin,huawei-nova2,-18.29631646387565,0.0022063665186427095,0.1273167500084423,-57.67357893949716
dolphin,huawei-nova2,-16.491945292846843,0.0046978951821056315,0.2251044799589481,-59.154700821948005
dolphin,huawei-nova2,-6.498030266924578,0.032846394261296985,0.10906120596313963,-57.101957687359
dolphin,huawei-nova2,-2.7338837477768694,0.08321707497301728,0.16266648737570477,-57.852734048229514
dolphin,huawei-nova2,-8.230885474462077,0.042412132820423824,0.20844509638216108,-58.80914675695873
dolphin,huawei-nova2,3.7004189547780935,1.1769102828190852,1.353816958041666,-55.795701127806694
dolphin,huawei-nova2,-6.755749112660117,0.06469743143874607,0.11953667469646616,-59.22250073925453
dolphin,huawei-nova2,-21.0545959182793,0.0026687245060567507,0.2701304239437488,-59.557244251255135
dolphin,huawei-nova2,-10.32262774576248,0.042276894132794805,0.1269535787652968,-55.321735629474446
dolphin,huawei-nova2,-7.907770583428013,0.08042055867219547,0.13776773315771942,-53.508591550493556
dolphin,huawei-nova2,-20.630883608629244,0.003620944932990379,0.12291554834084492,-58.66354489001643
dolphin,huawei-nova2,-14.160874085269565,0.01558295804582913,0.2827920780921755,-59.46234573473876
dolphin,huawei-nova2,-10.313088020761294,0.031477481142144235,0.0952906805980736,-55.37746227900754
dolphin,huawei-nova2,-9.927624918317777,0.04850603181466833,0.09557935229440229,-51.19739510016625
dolphin,huawei-nova2,-16.448207700571363,0.007170795219971868,0.26535108227852605,-58.41020349128552
dolphin,huawei-nova2,-3.1866308227476243,0.22966500958671046,0.4027264694551693,-60.93564634198632
dolphin,huawei-nova2,-14.479119892565894,0.01648099993844605,0.08583247703081885,-54.628287301406324
dolphin,huawei-nova2,-17.382131507462447,0.011187715179706495,0.08782860573070143,-55.18002106111502
dolphin,huawei-nova2,-14.297077105361097,0.014273675188487897,0.22118965881740185,-59.49673223169191
dolphin,huawei-nova2,-8.925784256890612,0.04293158704574342,0.34909155555761817,-58.91158580383909
dolphin,huawei-nova2,-3.330138365003059,0.07923114476946011,0.1920862576351248,-56.973955876113074
dolphin,huawei-nova2,-18.126277610351128,0.006898316224516976,0.08819338531931548,-54.79530748312855
dolphin,huawei-nova2,-11.699663848891852,0.0443283332820191,0.11930830686459726,-54.497140482116265
dolphin,huawei-nova2,-5.273686008392319,0.04393488068501605,0.15988997234980265,-56.54897817634678
dolphin,huawei-nova2,-14.589763490535944,0.01194819345675269,0.1370407619255419,-58.33276886166772
dolphin,huawei-nova2,-14.615751583073921,0.021789322596174266,0.06863335467242862,-52.74151571828745
dolphin,huawei-nova2,-8.364051712428873,0.05583048798698804,0.2456730704315243,-56.77277068146828
dolphin,huawei-nova2,-17.713859232120516,0.002447249497743929,0.04523344961408377,-56.97603250337279
dolphin,huawei-nova2,-17.506552647401428,0.00584439845283197,0.08173275815601823,-58.72332714816473
dolphin,huawei-nova2,-7.760674410928077,0.06378373084861583,0.32419722577352206,-59.75179547933544
dolphin,huawei-nova2,-8.800556094289968,0.02662938801475516,0.12494900194915455,-56.78370176446366
dolphin,huawei-nova2,-7.397861686851305,0.06788504027088285,0.19523796822132516,-54.17160275745118
dolphin,huawei-nova2,-18.0343924208159,0.002378021458092354,0.0568958671859436,-56.87904024775234
dolphin,huawei-nova2,-20.48839045178323,0.0031554814692464025,0.21016106001501286,-58.90113223771877
dolphin,huawei-nova2,-9.648743750637042,0.046659809087814794,0.2899741476166206,-59.80217012273081
dolphin,huawei-nova2,-5.925342557702276,0.0440921228467434,0.15594107627130072,-55.846450646823186
dolphin,huawei-nova2,-2.2360369544878136,0.32421564922398083,0.4588691933615308,-55.161945115117746
dolphin,huawei-nova2,-21.33329866203717,0.0034304769330124603,0.14032105610983095,-58.775631922064804
dolphin,huawei-nova2,-16.12769630695405,0.008819337522442698,0.29663529588065807,-59.70378527051463
dolphin,huawei-nova2,-7.866437548064696,0.023335218098378165,0.1574811078838136,-55.66392757090029
dolphin,huawei-nova2,-12.972944626894183,0.016528743689219062,0.21686956030873075,-58.117665910522824
dolphin,huawei-nova2,-10.857904630185553,0.03360949969852476,0.23820825962687855,-59.1861739795727
dolphin,huawei-nova2,-17.95802608071874,0.00644456619740247,0.24417555540259428,-59.86404631877215
dolphin,huawei-nova2,-10.064698218567278,0.028786968906031593,0.12981537670622342,-55.22987276104307
dolphin,huawei-nova2,-10.395437940461434,0.04447940527082749,0.10546236741839139,-53.738178332640985
dolphin,huawei-nova2,-3.8414055999144754,0.32727096753247464,0.38821598055277534,-52.52814225072343
dolphin,huawei-nova2,-12.830293138183642,0.023081002907278714,0.08237703972288611,-57.928846235030676
dolphin,huawei-nova2,-8.607400404310669,0.05762552915623785,0.3105645361325816,-59.20438762341515
dolphin,huawei-nova2,-15.378452079355158,0.021203679661767037,0.04390097155775783,-49.91895641707087
dolphin,huawei-nova2,2.775309458187225,0.28818183666607555,0.3702207306250546,-56.99992417305179
dolphin,huawei-nova2,-18.422135122008306,0.0057477891049652384,0.06148928888695402,-58.85441735395016
dolphin,huawei-nova2,-17.01988986608631,0.006057464296240129,0.3103858555778611,-59.35356925424885
dolphin,huawei-nova2,-7.003956412037017,0.09673400520901565,0.27306550698108667,-62.20775842949451
dolphin,huawei-nova2,-4.379892103602727,0.05212152475975983,0.16593637362018812,-56.90911679843388
dolphin,huawei-nova2,-11.847986221378834,0.03167612179519175,0.2126433364179295,-59.67858490372141
dolphin,huawei-nova2,5.270043100239333,0.7726264239726258,0.9198393835588361,-57.33141927618193
dolphin,huawei-nova2,1.6687198307569509,0.6313081419579097,0.7871687615457608,-57.60294240632858
dolphin,huawei-nova2,-6.161311133900924,0.1758542937394958,0.23714598795831737,-52.17750236052589
dolphin,huawei-nova2,-10.467928122568225,0.012604162815607074,0.08097935926105446,-57.21107311154073
dolphin,huawei-nova2,-9.295170730990495,0.051804348644714,0.11477403424604501,-58.53900881809071
dolphin,huawei-nova2,-13.742476767322371,0.019236358203158187,0.2551632902285661,-60.168624178086915
dolphin,huawei-nova2,-4.186886747996117,0.16126232355365613,0.25288686213662254,-54.30246796606859
dolphin,huawei-nova2,-0.5434432335617091,0.5529933085238998,0.6602130648010007,-51.791264683126954
dolphin,huawei-nova2,-13.612833153982153,0.02587834946676081,0.11127632980253628,-53.813942281056754
dolphin,huawei-nova2,-10.91168012967286,0.01186139569079478,0.07165545056156497,-56.996118027326176
dolphin,huawei-nova2,-5.262069255164109,0.07609007668902927,0.15696622035002789,-56.71444808098898
dolphin,huawei-nova2,-15.457664569236096,0.013308340720645889,0.09915657155159735,-53.52554087109192
dolphin,huawei-nova2,-14.685135031553845,0.005068091475777164,0.08161742294510788,-57.17149724181919
dolphin,huawei-nova2,-11.235143643674096,0.02620029045633938,0.08196293396225994,-58.53807821275027
dolphin,huawei-nova2,-12.094429841576877,0.02615966188449857,0.22855921015514444,-59.22017430800703
dolphin,huawei-nova2,-7.4135203209195595,0.07739465854679305,0.34772498916158223,-59.886195656910495
dolphin,huawei-nova2,-6.791602266739288,0.04418980923852564,0.1384444542144663,-57.076369787949794
dolphin,huawei-nova2,-4.693528539020767,0.1280129640139378,0.21293767273175615,-55.594762438184674
dolphin,huawei-nova2,-12.597627857503484,0.032713670153526435,0.12694677003862526,-57.36303088489149
dolphin,huawei-nova2,-14.734615371910936,0.011595416206549743,0.09370939553631208,-59.27785155813073
dolphin,huawei-nova2,-17.192951875952033,0.007599448493818819,0.36342279135808025,-59.37580677369232
dolphin,huawei-nova2,-13.241156085940469,0.019677050728270168,0.14637767641029784,-55.84287759959963
dolphin,huawei-nova2,-16.168572166369618,0.015225766223747874,0.09572775969429001,-53.08565695360501
dolphin,huawei-nova2,-2.0150705835907887,0.09745344123891972,0.18916961555133635,-56.99056673346678
dolphin,huawei-nova2,-13.871104338695865,0.018783135500028632,0.07233178155487666,-58.849966124520215
dolphin,huawei-nova2,-19.010561725765264,0.005712850325521924,0.158164041393755,-58.96253502489891
dolphin,huawei-nova2,-16.774126556168948,0.0078209519859765,0.24133173583374182,-57.79740347611387
dolphin,huawei-nova2,-10.058168556848404,0.06027047371439749,0.12720759373735102,-52.25099339211903
dolphin,huawei-nova2,-9.302001107880876,0.021412785734353217,0.0911914237443043,-57.033692488414644
dolphin,huawei-nova2,-9.129349317664259,0.028923138824765444,0.10421871450805062,-56.878454450151416
dolphin,huawei-nova2,-11.491889534296295,0.036787726978659556,0.1303539084675112,-54.268368103673374
dolphin,huawei-nova2,-13.265949342610154,0.029256532763759103,0.1148519700806748,-53.59986798969394
dolphin,huawei-nova2,-12.432761895688387,0.010002457060007155,0.06916328954783178,-57.052914554773125
dolphin,huawei-nova2,-21.769391311225572,0.0031186484857664847,0.14893262145271785,-59.41622991706357
dolphin,huawei-nova2,-1.4276440052757815,0.21566579489560805,0.32741867928971274,-55.50244905378153
dolphin,huawei-nova2,-19.078705994788994,0.005007810295266147,0.2121923592705559,-51.091127300269065
dolphin,huawei-nova2,-7.120391948798252,0.10574605083949237,0.1823014057285211,-54.77588558954907
dolphin,huawei-nova2,-8.529596914195604,0.020232632255863664,0.07225889318635614,-57.058236065455574
dolphin,huawei-nova2,-5.222267940356251,0.12067658400398681,0.17721253527435782,-58.677753164684425
dolphin,huawei-nova2,-8.950037751658856,0.06114406014775386,0.2196546489830483,-59.895240752250096
dolphin,huawei-nova2,-19.199018093484668,0.006455972196997119,0.13977048542871034,-61.239990178600124
dolphin,huawei-nova2,1.3773156708437195,0.36428876601531024,0.4725925042976518,-56.40949151557205
dolphin,huawei-nova2,2.5353554649493915,0.8164405631332498,0.9492785756811859,-53.72285498332644
dolphin,huawei-nova2,-18.30494144377643,0.007965533592732284,0.0856429796450851,-54.29895457363813
dolphin,huawei-nova2,-8.045103027837454,0.025332778105298125,0.11422921567500384,-56.881201811895075
dolphin,huawei-nova2,-8.073761510808925,0.0530329236285056,0.15523782361872104,-58.55228695843288
dolphin,huawei-nova2,-11.60844785804068,0.02966725822174246,0.3202510250332134,-60.326857708861866
dolphin,huawei-nova2,-2.2600358855696143,0.13030260829748824,0.23467546250441076,-56.41756311440496
dolphin,huawei-nova2,-6.373897213676111,0.11880845452854763,0.21714646436164034,-56.57399560661182
dolphin,huawei-nova2,-14.696452714829626,0.012414241387089832,0.28027055542197415,-58.98090257072906
dolphin,huawei-nova2,-17.8952218824326,0.00835464636454585,0.14618812458903938,-60.9863293132975
dolphin,huawei-nova2,-11.077800218422034,0.028891167409152537,0.07761715821187802,-55.88047482557607
dolphin,huawei-nova2,-2.8355054912334934,0.3380553576748291,0.40618601019509176,-53.39751026309858
dolphin,huawei-nova2,-11.165700004720833,0.02382690326675947,0.19182398967494743,-57.059008261280866
dolphin,huawei-nova2,-14.749685375039066,0.016810189331969216,0.23233134938985225,-60.50808269584158
dolphin,huawei-nova2,-10.294079359012287,0.014181466444637485,0.06364711694859633,-57.159060310546735
dolphin,huawei-nova2,-8.444919887678118,0.045439158524081445,0.12417988214390367,-55.460924864814544
dolphin,huawei-nova2,-16.992491372692932,0.002982647248529881,0.07150280140504699,-57.01929262930206
dolphin,huawei-nova2,-14.375258830001247,0.015312624151088618,0.16122678246187191,-59.41416992710606
dolphin,huawei-nova2,-6.629920555928489,0.059863949954672174,0.13140251476884135,-55.9351396109166
dolphin,huawei-nova2,-13.058710111146803,0.016713006826535596,0.21650877751210856,-56.51718960489539
dolphin,huawei-nova2,0.37533172575267953,0.15435823996234171,0.23146888989307002,-57.04525425954599
dolphin,huawei-nova2,-18.395911313897535,0.006652862082020019,0.15337534258819746,-59.631310524609525
dolphin,huawei-nova2,-14.810618359799552,0.013538908317406846,0.31819995526198036,-59.64088606560692
dolphin,huawei-nova2,-0.5936195467320206,0.3841630806691292,0.5547354555723434,-55.54066683216394
dolphin,huawei-nova2,-5.440750733825115,0.046380028528089805,0.14500315311569695,-56.81722966217865
dolphin,huawei-nova2,-14.100379231186299,0.011024495278785943,0.14403535339401435,-57.744771695442445
dolphin,huawei-nova2,-3.1987330164878363,0.07037380332618269,0.17353003207694132,-57.9496818015421
dolphin,huawei-nova2,-11.970491103373375,0.02734483308633256,0.19835444369677407,-60.740557230735604
dolphin,huawei-nova2,-3.1194969889208233,0.15546013663323824,0.3251996660118713,-57.91616706588368
dolphin,huawei-nova2,-19.4262477597475,0.005489604404027376,0.20740334431528434,-59.73446707901944
dolphin,huawei-nova2,-1.76404052561304,0.13061908667394098,0.23588612695692007,-57.38348048097576
dolphin,huawei-nova2,-20.946381393502666,0.00282026116667291,0.1434482678394215,-59.05670467935983
dolphin,huawei-nova2,-7.023441942619034,0.09268048469397054,0.2691643633835926,-59.063794331821214
dolphin,huawei-nova2,-7.976192673021226,0.07073021499587111,0.30466154680422364,-59.55676470421814
dolphin,huawei-nova2,-8.089268278359732,0.06423116510421945,0.11352902424608122,-54.385053937663955
dolphin,huawei-nova2,-6.857081300985573,0.08132426113613682,0.1270145119315296,-52.827637190510075
dolphin,huawei-nova2,1.2579337485491986,0.2220468733092184,0.37168695860590123,-56.53613919537211
dolphin,huawei-nova2,-4.5679665966683665,0.10182405064469381,0.2825544208952687,-57.756138608638466
dolphin,huawei-nova2,-14.112353671188735,0.016919709639371002,0.1560294293104311,-59.09746613836474
dolphin,huawei-nova2,-12.302947903022353,0.023359031690031427,0.08269941445177566,-52.41509771610986
dolphin,huawei-nova2,-10.714410832320848,0.040903321105228825,0.18562722519295,-56.73034153117496
dolphin,huawei-nova2,-20.868781683176326,0.001344659157712192,0.07498551658370908,-56.77145892726096
dolphin,huawei-nova2,-11.707307094377237,0.023351688155302423,0.1499625586553769,-57.910883178549135
dolphin,huawei-nova2,-20.898708979468438,0.0037974340481751515,0.17471556935598687,-59.33216023413674
dolphin,huawei-nova2,-5.08769876638894,0.05208132480661294,0.21678949954342672,-57.11869367790093
dolphin,huawei-nova2,-0.6598376940052499,0.33704042764320086,0.4640333081369744,-56.7861041762031
dolphin,huawei-nova2,-8.350812740659727,0.021928283667633115,0.09248563906063198,-56.9734494241948
dolphin,huawei-nova2,-7.483042954614162,0.05405955062722652,0.2046144497627475,-57.87880191160994
dolphin,huawei-nova2,-18.21460270795078,0.00560374749382449,0.27711426455563626,-59.41961660820516
dolphin,huawei-nova2,-1.9680233823511077,0.1318470035864107,0.2603644968526541,-57.11076965923516
dolphin,huawei-nova2,-8.924651616974163,0.05976190641416442,0.17433633876347288,-55.934373886529684
dolphin,huawei-nova2,-13.165398917966424,0.021764084227133343,0.19128912856279986,-59.361523592064756
dolphin,huawei-nova2,-14.625178827209144,0.013692952373883764,0.2641840953340801,-59.89588258796374
dolphin,huawei-nova2,-0.5604438896217936,0.47536484196988754,0.561480971421266,-52.82193461711231
dolphin,huawei-nova2,-14.100597523114331,0.006914908590271008,0.048184979767894716,-57.30205972436539
dolphin,huawei-nova2,-10.809086781652109,0.025544884895680554,0.20752427413285096,-57.35953931509789
dolphin,huawei-nova2,-5.002114069560905,0.046928926281245814,0.16058922952126375,-57.412809500148384
dolphin,huawei-nova2,-4.036829600212005,0.2094027036992768,0.3333050192456993,-55.80636922093856
dolphin,huawei-nova2,-19.066128017250044,0.004326719865068144,0.14501275137623282,-56.70869441672295
dolphin,huawei-nova2,-8.299547616904398,0.055785774285417845,0.2933131261631014,-59.2986691305489
dolphin,huawei-nova2,-16.630098441356303,0.009327343725664725,0.24098836737564946,-59.84886934773566
dolphin,huawei-nova2,-13.398695786650588,0.007078621253147357,0.06987644510120758,-56.68093793732349
dolphin,huawei-nova2,0.393966726380241,0.31038369099851354,0.42209493330085596,-55.200468742947336
dolphin,huawei-nova2,-5.951752435576435,0.09435651104813568,0.29247842733002644,-58.89788592228267
dolphin,huawei-nova2,-4.4287143540625395,0.05644321944133213,0.11476919720863583,-57.08673194312595
dolphin,huawei-nova2,-14.179386882409538,0.013522773647727596,0.13621923434387312,-57.542283923525616
dolphin,huawei-nova2,-20.74740721825146,0.0035226029480453897,0.2048162966251583,-58.02248080516292
dolphin,huawei-nova2,-12.36026494489222,0.012477863869923196,0.10148164260882353,-57.010520228437
dolphin,huawei-nova2,-17.519866635177348,0.009132004038638298,0.10352964509625519,-56.08580642297333
dolphin,huawei-nova2,-13.604986880682898,0.01921898301303577,0.2259993377778946,-59.02685378061058
dolphin,huawei-nova2,-18.811689706414253,0.004932201515994959,0.3060251273265998,-59.68666373302192
dolphin,huawei-nova2,-4.440150541055957,0.0935374323984473,0.17183987698918113,-55.68755033513948
dolphin,huawei-nova2,-10.416201318040208,0.06620228574110817,0.15181066059520917,-53.641916122257776
dolphin,huawei-nova2,-10.702002102348791,0.023786408472811885,0.10945500120998862,-55.98423943584397
dolphin,huawei-nova2,-13.450799757007479,0.01997933889929248,0.08330228450631108,-57.453308312915745
dolphin,huawei-nova2,-18.237674260349493,0.007694033418110693,0.19812109630548402,-58.139643933168045
dolphin,huawei-nova2,-8.63517045946005,0.06284466266404336,0.29553341380826426,-59.75368669518409
dolphin,huawei-nova2,-13.36251727646709,0.033278793607832,0.07642380271585811,-52.45835481759272
dolphin,huawei-nova2,-23.811987609319807,0.0025453726313654115,0.10988116903021945,-57.01550183109899
dolphin,huawei-nova2,-20.900604998276727,0.0013004662690109467,0.06280277735574041,-56.954513971055725
dolphin,huawei-nova2,-9.179598085335027,0.037358704289885976,0.18495961876100375,-57.410159650553815
dolphin,huawei-nova2,0.11308387376562937,0.10658978735770808,0.6556066473886063,-54.331841159534974
dolphin,huawei-nova2,-10.85600391213081,0.028227488592427085,0.17808083795009916,-57.63323764351266
dolphin,huawei-nova2,-9.260986710995752,0.047521929208171124,0.29412599465998573,-58.71191338228254
dolphin,huawei-nova2,-18.899981531210884,0.005226680478021773,0.11044080024716689,-58.64348525918995
dolphin,huawei-nova2,-16.743238545910167,0.011611092332547378,0.0781231501768915,-53.63003575407613
dolphin,huawei-nova2,-12.255798061092332,0.037514488050167015,0.08192168179178982,-52.478875541199514
dolphin,huawei-nova2,-14.117870432204175,0.005659513148445662,0.11337923089157417,-56.73467917181565
dolphin,huawei-nova2,-12.265379800893726,0.01999439259913237,0.14593331407431753,-58.50647757997885
dolphin,huawei-nova2,-23.092971100516948,0.0020277368345479807,0.1965717511968699,-59.14131416341971
dolphin,huawei-nova2,-13.800045740871248,0.016322282888334864,0.14525336911647801,-55.18215053018011
dolphin,huawei-nova2,-19.588975231933226,0.005311014990606928,0.12347864042195826,-56.317781634250785
dolphin,huawei-nova2,-14.615771381021322,0.010881357102481557,0.15100908053127354,-58.1544823949954
dolphin,huawei-nova2,-16.723606469466393,0.008193936034890537,0.20759595525936664,-58.99826623224242
dolphin,huawei-nova2,-2.626405116349484,0.10162468078800671,0.1840547152044496,-56.93682000450813
dolphin,huawei-nova2,-6.487077005047141,0.03196367732435147,0.16009785442211946,-57.011545838960586
dolphin,huawei-nova2,-6.750450060347025,0.07588159092678806,0.18066727499376645,-58.50511409168032
dolphin,huawei-nova2,-8.927888591841226,0.025480469810743145,0.6622848938185225,-56.102341978712815
dolphin,huawei-nova2,-2.1245955802115386,0.12846728902680932,0.19650267022157644,-57.262928461369924
dolphin,huawei-nova2,-5.099143698253687,0.067765955074677,0.13639111460532163,-56.30967787879261
dolphin,huawei-nova2,-8.502443011484871,0.056263534905969775,0.41994958780661074,-59.30854036544591
dolphin,huawei-nova2,0.2765104805403299,0.3309894091512205,0.43480646369490655,-55.91783570036888
dolphin,huawei-nova2,1.0811768439499507,0.6292677295309189,0.7903784934050827,-54.82567517133113
dolphin,huawei-nova2,-7.262679706480075,0.06387884356725189,0.30478074480148387,-57.035346509915115
dolphin,huawei-nova2,-6.503496297935972,0.10576225135214964,0.3707787271079221,-59.83596532271024
dolphin,huawei-nova2,-2.377490578179586,0.13084890770474103,0.2098545376501649,-56.82287572376448
dolphin,huawei-nova2,-29.75039348029145,0.0008017824150391986,0.06436444446529468,-52.210363791898146
dolphin,huawei-nova2,-6.971334792422294,0.06422269123914853,0.11866615614106221,-55.79888251517461
dolphin,huawei-nova2,-14.293884728620556,0.015061026931668203,0.09152179458999768,-58.197827542373545
dolphin,huawei-nova2,-15.598631589617636,0.00943227359496707,0.4538205047854763,-58.91687244469484
dolphin,huawei-nova2,-11.694902718736714,0.0229373142432184,0.06941551491400058,-56.07661246632211
dolphin,huawei-nova2,-19.835488846003933,0.007585210817792414,0.05038203195467623,-51.27325187361228
dolphin,huawei-nova2,-2.802477828962357,0.10239861094528434,0.18059133226882582,-56.36181110363326
dolphin,huawei-nova2,-15.672341358090023,0.015131925936850539,0.12148192516674583,-58.64305528131587
dolphin,huawei-nova2,-6.312623326650484,0.061630371306127515,0.17781465727369358,-56.2808766125778
dolphin,huawei-nova2,-2.607603659694818,0.3200711302779443,0.39536141781344647,-53.519572907283646
dolphin,huawei-nova2,-19.54733254113243,0.006390597581794386,0.11651446468267733,-53.11986075462707
dolphin,huawei-nova2,-9.24944314965899,0.027663464972553467,0.12222785173850459,-55.921356796188064
dolphin,huawei-nova2,-15.483426225730144,0.011797924746739498,0.11169892651621281,-57.90976307532104
dolphin,huawei-nova2,-12.188971694818227,0.03282536249768636,0.14705469868143853,-58.71723849914944
dolphin,huawei-nova2,-10.969577217027009,0.00894883050210856,0.7949420512940909,-53.54785163311159
dolphin,huawei-nova2,-14.407790324141592,0.008409196769256095,0.06937069404761591,-57.12895044065511
dolphin,huawei-nova2,-5.672897577992525,0.11069122923276288,0.27974089021083914,-58.46392747625611
dolphin,huawei-nova2,-8.996873598035158,0.058632325244184165,0.25520648233239124,-59.411742786009505
dolphin,huawei-nova2,-10.526914906840803,0.030147928625198748,0.4531353392521185,-58.667560426811235
dolphin,huawei-nova2,-2.7174799026957563,0.07288300207180985,0.2133244837826665,-57.32729408664753
dolphin,huawei-nova2,-14.55815435452929,0.0219679673304195,0.08228759051380438,-54.915568037750106
dolphin,huawei-nova2,-20.56526587251788,0.004085567057712382,0.22163845170834065,-58.91736400606706
dolphin,huawei-nova2,-15.921999720933481,0.00508787585204909,0.6849785723629219,-56.19791504720189
dolphin,huawei-nova2,-13.04958019833694,0.024173071491809226,0.08182787874188903,-54.806907863002735
dolphin,huawei-nova2,-12.175125420249893,0.011451279739687471,0.068660986073503,-56.848205376250185
dolphin,huawei-nova2,-6.663503713542779,0.07155207602216802,0.19682240999143866,-58.02483643887214
dolphin,huawei-nova2,-10.666719189800704,0.014359020501060799,0.08589816019504672,-56.84268663437945
dolphin,huawei-nova2,-11.89775878457259,0.022445212037441233,0.14398943991386973,-57.82317969174893
dolphin,huawei-nova2,-13.274583221677329,0.019943800672500435,0.31631383475443997,-59.423157518744496
dolphin,huawei-nova2,-15.161472289430156,0.01724045941555387,0.055777935675728,-52.040591618626244
dolphin,huawei-nova2,-20.1099753006795,0.0038650867966746076,0.20354601141194173,-59.23630318163095
dolphin,huawei-nova2,-11.673633279105541,0.013021190214784347,0.09224428920704884,-56.79615115634998
dolphin,huawei-nova2,-13.802365995221768,0.007178239475477873,0.06721796250253799,-57.48992370728965
dolphin,huawei-nova2,-15.901646108304915,0.009164447284664446,0.1254927796760186,-56.80332444629994
dolphin,huawei-nova2,-13.373866872521557,0.01599142845208119,0.14915300467173334,-56.585975987670885
dolphin,huawei-nova2,-4.486013650343047,0.06449166682035391,0.1458445164178939,-56.779907435240375
dolphin,huawei-nova2,-11.317476536505847,0.0209648109022951,0.13807304581911442,-58.9197731566897
dolphin,huawei-nova2,-14.920490643817029,0.015967290689833612,0.2102744646836737,-60.77164747087088
dolphin,huawei-nova2,-16.136511180428382,0.013480913389812117,0.05506378352434612,-52.19606962636146
dolphin,huawei-nova2,-12.987996461720195,0.014090666866458835,0.09386557189255394,-58.924166033265465
dolphin,huawei-nova2,-7.421870161107442,0.08046799168524918,0.11022712054050435,-54.64449979463494
dolphin,huawei-nova2,-22.01326661547972,0.004354809241962807,0.05965973641671527,-53.2727990292652
dolphin,huawei-nova2,-11.753444057161657,0.017573144271900834,0.08590426717016049,-55.521910145110766
dolphin,huawei-nova2,-9.864607768240422,0.034209663744912557,0.12594968591774294,-57.95568013935842
dolphin,huawei-nova2,-13.969097628698226,0.016578575586652235,0.23440541912071483,-59.55367892134134
dolphin,huawei-nova2,-16.861539531957895,0.004739830403829582,0.08832055292613979,-57.34886606744667
dolphin,huawei-nova2,-11.478051432309055,0.017543200704278134,0.06832377184948278,-56.19460260974527
dolphin,huawei-nova2,-6.963608382903258,0.06945607930458421,0.13007740100470194,-57.709199101820175
dolphin,huawei-nova2,-7.292739873843517,0.07648338737710245,0.2569438886899727,-58.534752602890016
dolphin,huawei-nova2,-2.535735565012194,0.22317742809226443,0.28515247466171717,-55.11156590691869
dolphin,huawei-nova2,-9.860383869782066,0.04697812006961579,0.14230634751655863,-54.32605346274207
dolphin,huawei-nova2,-18.52660730466465,0.002798376273489855,0.0876378560736879,-56.460378953677186
dolphin,huawei-nova2,-12.372372258808879,0.019023810005514473,0.1124957599762586,-58.53458564573201
dolphin,huawei-nova2,-15.495283282897054,0.011816806824874208,0.29284755028477333,-60.110522916002864
dolphin,huawei-nova2,-13.582428985606645,0.008302436176743314,0.0577375048124057,-57.5878490535264
dolphin,huawei-nova2,-18.92956934717043,0.00540764760346377,0.07585150831922427,-56.65845062761687
dolphin,huawei-nova2,-19.086506440210695,0.006280839353603042,0.1227235425372358,-54.75016543259825
dolphin,huawei-nova2,-14.678667775872768,0.0062222513917020005,0.08003949155460599,-56.836204284869886
dolphin,huawei-nova2,-10.852044897041948,0.03125059037616918,0.11580067925445132,-58.23528440762896
dolphin,huawei-nova2,-7.04246953398894,0.07323299189182925,0.47750692729222727,-59.31264290461861
dolphin,huawei-nova2,4.187579943658006,0.4023868555095292,0.49363841007282777,-57.692301929900665
dolphin,huawei-nova2,-12.418053240716807,0.03835508922365531,0.11852343094662486,-55.1062666468942
dolphin,huawei-nova2,-14.006698169336818,0.024660558618526902,0.10305311255479839,-52.59741428606609
dolphin,huawei-nova2,-16.219146069815714,0.008951428408969135,0.11869875233179185,-57.76102679685871
dolphin,huawei-nova2,-16.207036551512605,0.011328043737393583,0.18881646694246795,-59.28520673318987
dolphin,huawei-nova2,-19.714116818006108,0.0030179651559342647,0.5104686893230407,-58.19209686974471
dolphin,huawei-nova2,-10.036594915181173,0.03395883104607114,0.08318333121722694,-56.22766867725903
dolphin,huawei-nova2,-15.878218410885195,0.014756840165574745,0.07487764470251908,-54.093721706115986
dolphin,huawei-nova2,-11.854007318782951,0.021300749768503987,0.1586582952064131,-58.100193695347116
dolphin,huawei-nova2,-18.675937555342173,0.00489809554903084,0.40684916847707614,-59.052023135235494
dolphin,huawei-nova2,-14.352614656877591,0.006238937489760899,0.06297644078697107,-57.852598187378376
dolphin,huawei-nova2,-13.823660838655698,0.01793317694073271,0.11089612510927549,-56.90322029601808
dolphin,huawei-nova2,-9.559119328705423,0.06562932443060711,0.1547476639362136,-56.26716620001663
dolphin,huawei-nova2,-9.222155152116457,0.03714202212028577,0.16634645013070304,-58.28708397109401
dolphin,huawei-nova2,-18.135047519757975,0.00550572142564635,0.4265865342987206,-58.7341565161237
dolphin,huawei-nova2,-5.561736620584963,0.061416590907780864,0.12554555472507245,-57.48851644847066
dolphin,huawei-nova2,-9.8807441173187,0.027208698341475088,0.15369584174611634,-57.90961292683369
dolphin,huawei-nova2,-19.922406273307978,0.007381818560120021,0.0780191742539683,-57.17264445588535
dolphin,huawei-nova2,-15.64013851720981,0.004582951719854957,0.07990908785548455,-56.705059492190344
dolphin,huawei-nova2,-5.647933946953476,0.09017031736364486,0.5450581466475491,-58.75343164654754
dolphin,huawei-nova2,-15.01064449009505,0.009566238403565987,0.0971807862544844,-57.54224009701951
dolphin,huawei-nova2,-8.517365333225404,0.02909761168676941,0.13683924676744416,-56.54521031488664
dolphin,huawei-nova2,-15.670902196637218,0.00875217972261138,0.14767203288582226,-58.15961684843137
dolphin,huawei-nova2,-15.614131086488346,0.010615826747587705,0.25320816232718474,-59.489724643058196
dolphin,huawei-nova2,-17.413310128911508,0.007102923210636509,0.3873507723498871,-59.4734877614528
dolphin,huawei-nova2,-4.901303530051231,0.0805440331445088,0.14776537597500322,-57.1204199911358
dolphin,huawei-nova2,-9.364958056831949,0.07085929275861087,0.12552978504397702,-55.09396919956684
dolphin,huawei-nova2,-16.267100094639513,0.013707181793964266,0.06915841902766127,-54.36712335771687
dolphin,huawei-nova2,-8.91865372834475,0.05511844147234673,0.16664184810139346,-57.39194344688573
dolphin,huawei-nova2,-8.018775778317918,0.07701383947406945,0.27006676543010677,-59.28341968715834
dolphin,huawei-nova2,-9.982389858664432,0.04242667903450866,0.09342557956206186,-55.53183848810106
dolphin,huawei-nova2,-7.196424556491786,0.0312611688128314,0.11769264216577036,-56.76519036880905
dolphin,huawei-nova2,-18.571901054797312,0.004218048799631869,0.09671776960004015,-58.369851954946405
dolphin,huawei-nova2,-15.742924843471746,0.013044774116874889,0.16900143086165448,-59.290817270788565
dolphin,huawei-nova2,-19.84557887640817,0.004155788908971672,0.32349250452106476,-59.634540706219575
dolphin,huawei-nova2,-16.881544479194236,0.013857948710670993,0.05762672674648156,-53.37362028796821
dolphin,huawei-nova2,-17.33733939483149,0.008121350945884792,0.10653042631469473,-57.65115586495134
dolphin,huawei-nova2,-8.532027832734933,0.0575447128152595,0.38279672929153297,-60.04659169952322
dolphin,huawei-nova2,-17.721230896604833,0.009168456029662759,0.05880766291863267,-54.33636883547444
dolphin,huawei-nova2,-17.49478230402952,0.009429594126806938,0.0668392380937095,-56.20146194191981
dolphin,huawei-nova2,-13.390042735092615,0.01223646159043043,0.064876024075618,-56.432871681575435
dolphin,huawei-nova2,-10.297634500052355,0.03317968737183679,0.14784377679997207,-58.73545102476356
dolphin,huawei-nova2,-17.22226048517752,0.007212280700245428,0.35192315545842534,-59.58706891089765
dolphin,huawei-nova2,-4.516688485261222,0.0826470051777329,0.16914144165846948,-56.63605011349546
dolphin,huawei-nova2,1.3490371213812433,0.6042863433461229,0.6946211692674994,-55.57956757671683
dolphin,huawei-nova2,-15.602018562015793,0.01482022965084591,0.07482828916544783,-54.892579004214866
dolphin,huawei-nova2,-15.796443205677065,0.005579191981446817,0.0709546496368417,-56.71870048155881
dolphin,huawei-nova2,-7.2695884113790035,0.06435888381919248,0.1743363664207879,-58.09285117883344
dolphin,huawei-nova2,-15.655767409089167,0.016697043003155318,0.05434329478071535,-53.51556616618204
dolphin,huawei-nova2,-12.913534299001498,0.009971123475432707,0.06132708991193569,-56.72414431532653
dolphin,huawei-nova2,-9.758645736805494,0.03359325603429831,0.10550614084100149,-58.7876290823666
dolphin,huawei-nova2,-12.166389601595453,0.028817406906465434,0.21703173919959592,-59.585565210689495
dolphin,huawei-nova2,-10.759830035594804,0.0120798852129034,0.09429485087285885,-57.84249869676651
dolphin,huawei-nova2,-12.332387901263427,0.022026102302640873,0.060498723889800564,-55.82612273153771
dolphin,huawei-nova2,-8.845110790535774,0.03573287614281012,0.09746701572969134,-56.12625359530027
dolphin,huawei-nova2,-13.373120609408545,0.010837083664190813,0.1857866390245887,-58.11762396975918
dolphin,huawei-nova2,-9.200510172789881,0.04773281715425158,0.26122472383111,-59.59414971773697
dolphin,huawei-nova2,-16.43807205756879,0.010623969521778196,0.23760711191803766,-60.59545281762058
dolphin,huawei-nova2,-7.34003163546669,0.029406982075887454,0.10350375658313805,-57.598334601573875
dolphin,huawei-nova2,-7.605743871217744,0.02432909364060542,0.288897519180133,-55.54556198613375
dolphin,huawei-nova2,-7.350699854078963,0.061977394341600385,0.19669271249113235,-58.0025098563958
dolphin,huawei-nova2,-10.486982811194387,0.03742058632137643,0.2229822199428117,-59.193708769816205
dolphin,huawei-nova2,-11.119173901514994,0.03911876563700383,0.21278969830298877,-60.537665865113354
dolphin,huawei-nova2,-9.947212306346065,0.03254002514720096,0.07735883993140204,-55.56724969279522
dolphin,huawei-nova2,-2.459986950949948,0.17356041244712028,0.26740925001737625,-57.357772295539
dolphin,huawei-nova2,-25.822007086175773,0.001852592398901011,0.05671770982316398,-56.14561838719911
dolphin,huawei-nova2,-6.262034696859739,0.051637832322286636,0.09547642122153142,-56.92144168191106
dolphin,huawei-nova2,-17.19160152679946,0.006483266042669261,0.09625688797851409,-58.68232692201197
dolphin,huawei-nova2,-16.767720423689838,0.009157811314529637,0.2084456254241684,-59.315253547619704
dolphin,huawei-nova2,-16.360299725630313,0.010247516656933402,0.256654854642463,-60.32554047394385
dolphin,huawei-nova2,-12.77194611405491,0.025725824663519622,0.16521165902059645,-57.54146951067539
dolphin,huawei-nova2,-11.575223051563988,0.019420893110334497,0.12957037686005318,-55.66510200380339
dolphin,huawei-nova2,-12.999223382549772,0.017584954684093313,0.1397473499857051,-57.28502462502775
dolphin,huawei-nova2,-10.080248049597333,0.04029407112664802,0.23192108043991588,-58.39078351843182
dolphin,huawei-nova2,-16.404739344787178,0.01168348400767705,0.16646394497323652,-60.12472659915836
dolphin,huawei-nova2,-5.064262685287408,0.11006364189797312,0.20128972454488875,-55.46614390306277
dolphin,huawei-nova2,-13.467339088904653,0.02632311569589125,0.05176705597881419,-54.0189021716677
dolphin,huawei-nova2,-10.157300759664258,0.04807696175559891,0.10784547581636088,-55.46954532673749
dolphin,huawei-nova2,-15.279757823753581,0.011297076461694705,0.09611277087412678,-57.68896590682538
dolphin,huawei-nova2,-22.563261782990406,0.002341032226896729,0.16521621473355266,-58.483793875623846
dolphin,huawei-nova2,-18.174863340624952,0.005587989958247421,0.28785248837362737,-58.87459520395939
dolphin,huawei-nova2,-6.890271427238222,0.08316591161893616,0.11768941637486653,-54.99668072267761
dolphin,huawei-nova2,-9.891608943090116,0.03337004600813087,0.12863967255574077,-57.04622802545667
dolphin,huawei-nova2,-14.218436997109587,0.015015791612430584,0.1825631171423256,-58.81831649923826
dolphin,huawei-nova2,-3.558475212829163,0.16889392875172513,0.22230601047974807,-55.07791314826352
dolphin,huawei-nova2,-14.270683363530592,0.015556643828627969,0.051683334177536844,-54.11494558258089
dolphin,huawei-nova2,-15.829243422972487,0.00455242387919548,0.08602406744486307,-57.33116405537925
dolphin,huawei-nova2,-16.47147303085813,0.007302801038920798,0.1364306069973385,-58.31865660059379
dolphin,huawei-nova2,-9.88430090112531,0.03637292326611353,0.2670394854088361,-58.553991828137235
dolphin,huawei-nova2,-7.095266385253753,0.05457567725998828,0.1139696223107925,-56.48806162775423
dolphin,huawei-nova2,-7.702492174048237,0.0760130298371089,0.15274752194940594,-57.422359214541274
dolphin,huawei-nova2,-10.848585197610745,0.04337580935355646,0.16722589749232816,-58.299828296273645
dolphin,huawei-nova2,-14.092897230938018,0.017070181430428568,0.19949555033216435,-58.29748715735205
dolphin,huawei-nova2,-17.651290916595165,0.00547832847220401,0.3349380282639192,-58.127342628410254
dolphin,huawei-nova2,-7.292541962415885,0.06515070203054327,0.12133270400143625,-55.794398364718106
dolphin,huawei-nova2,-1.0961996238314669,0.1611410679180165,0.20916152223691786,-55.903225785389175
dolphin,huawei-nova2,-18.95217102985218,0.004862278388987585,0.1890966058533741,-58.813879512265935
dolphin,huawei-nova2,-12.351943437295498,0.018404728291746535,0.3283802764101069,-58.05312838797572
dolphin,huawei-nova2,-12.159602607392037,0.026525460550532072,0.05363785766401557,-52.39297737165161
dolphin,huawei-nova2,-13.21270197378273,0.03171797656156058,0.08468725018845692,-54.131699994881195
dolphin,huawei-nova2,-13.26473880102056,0.01067502163049434,0.054993871778061885,-56.788380464000774
dolphin,huawei-nova2,-16.391410577684155,0.007604070256586061,0.07480212352721816,-57.31219220563862
dolphin,huawei-nova2,-9.524259968490226,0.03243480131072961,0.3417745123613289,-57.988178029622816
dolphin,huawei-nova2,-8.195740988720253,0.04591937953522788,0.11040635672533704,-55.70732731756528
dolphin,huawei-nova2,-1.714970706919277,0.35451903883642755,0.4155082279485755,-54.02647697741817
dolphin,huawei-nova2,-19.88208538122927,0.00558224362875029,0.11263190576576965,-57.096099009766654
dolphin,huawei-nova2,-15.832942755508022,0.0041671632750622245,0.06624141968237242,-57.168194370961075
dolphin,huawei-nova2,-11.219998164378747,0.02505710702688262,0.12171284780565225,-58.470560606121644
dolphin,huawei-nova2,-6.316442184616876,0.056526131428543326,0.43706357828649606,-57.5423439728921
dolphin,huawei-nova2,-15.19885729488257,0.004946672379592581,0.09167503345383742,-57.385034272198645
dolphin,huawei-nova2,-19.281219572785847,0.005468503510386407,0.07272399440822555,-57.54625419160846
dolphin,huawei-nova2,-8.332644906153483,0.050067631901040036,0.28110378757211696,-58.82012990377408
dolphin,huawei-nova2,-13.988095762109653,0.005831589500210683,0.09263454206984174,-57.02273506041835
dolphin,huawei-nova2,-20.251212445574378,0.002274288206123865,0.12056507040673876,-58.85388675506601
dolphin,huawei-nova2,-14.936568952814707,0.0098212807558276,0.1427514409981117,-58.964919093680535
dolphin,huawei-nova2,-15.310967065534323,0.00717546981745509,0.1159195455721369,-54.45838868138867
dolphin,huawei-nova2,-4.38310536238348,0.08141054491604567,0.14585910323112913,-56.70549163689267
dolphin,huawei-nova2,-11.262291749626836,0.021293073487702017,0.14818406259917638,-59.04030148175789
dolphin,huawei-nova2,-2.6318281679818023,0.1258683770260853,0.6480772211244136,-57.074048530797235
dolphin,huawei-nova2,-8.507811016045338,0.037425619169466344,0.0811269787876457,-54.38734166825889
dolphin,huawei-nova2,-14.109089317614231,0.014572982027557087,0.06213907438607274,-51.23901937690441
dolphin,huawei-nova2,-18.894528311252593,0.003716004303091733,0.09676190789626844,-52.670949278810596
dolphin,huawei-nova2,-12.3738358136306,0.01921092074762652,0.15965006682110347,-58.13892056266967
dolphin,huawei-nova2,-3.02809694903916,0.1888413221542087,0.37748593441611705,-59.148293222992514
dolphin,huawei-nova2,-7.693782567989737,0.03411736423800113,0.09315031152147757,-55.67834301885996
dolphin,huawei-nova2,-15.014935806698519,0.006449550694188152,0.11120810447996012,-53.16898095780081
dolphin,huawei-nova2,-4.119968748472628,0.059521712836894954,0.13516733927963057,-57.13392387299339
dolphin,huawei-nova2,-8.866180066592094,0.03598925212071861,0.16128235690384682,-58.67495408791014
dolphin,huawei-nova2,-12.826169149645875,0.013762192814172857,0.3550798456601757,-57.651100282301364
dolphin,huawei-nova2,-2.1579047733833474,0.1006640674395786,0.17904196489919322,-55.898259536844684
dolphin,huawei-nova2,-15.163585481449871,0.006855335489684065,0.0873776235107023,-52.20021570217039
dolphin,huawei-nova2,-13.34674928537234,0.007944619658494806,0.18368693725135035,-53.788801618390245
dolphin,huawei-nova2,-7.3081348158446735,0.051503789870444364,0.2001400728738226,-58.87496591055027
dolphin,huawei-nova2,-16.301657469134717,0.00435863324841189,0.47154379249830547,-56.17193770470096
dolphin,huawei-nova2,-10.080646895128861,0.014533673536300876,0.10461889891364742,-56.86100904203226
dolphin,huawei-nova2,-14.18797359381385,0.005880827700896867,0.14289138750599864,-53.54962509922057
dolphin,huawei-nova2,-21.51672512653755,0.002399987170553241,0.09362685371442017,-53.97451686407813
dolphin,huawei-nova2,-13.563558837469875,0.0067894327103433655,0.11027446591988928,-56.83703416996579
dolphin,huawei-nova2,-17.754069653959256,0.0053964635101163925,0.12929944945041552,-58.62791637014118
dolphin,huawei-nova2,-5.042181354590486,0.10651170780564342,0.3273866847791514,-58.99803935856748
dolphin,huawei-nova2,-17.257663365962813,0.002969857312083593,0.5336356829974124,-55.24632118055109
dolphin,huawei-nova2,-12.177790102576038,0.021612791316804665,0.0892154018909612,-54.7521101790214
dolphin,huawei-nova2,-18.020170133774787,0.0046041205235226364,0.17706130700189007,-53.45757202434011
dolphin,huawei-nova2,-13.114416912368313,0.008173670509634093,0.06130665119311814,-57.142138942102115
dolphin,huawei-nova2,-19.340544170839355,0.003267862418482563,0.1873647912187218,-58.583404965803254
dolphin,huawei-nova2,-6.408568320090797,0.0682271008041572,0.3268569763836917,-59.069055891295356
dolphin,huawei-nova2,-5.927289473854012,0.048667412686072616,0.14353952688130717,-55.946292454643036
dolphin,huawei-nova2,-15.93844426040991,0.005572303511233085,0.18499539774941198,-54.44890495159495
dolphin,huawei-nova2,-15.352426758295774,0.004805797053547957,0.08496579584223633,-57.03681925467891
dolphin,huawei-nova2,-12.869110506363697,0.01757565420139221,0.2223946496132257,-58.773675002115795
dolphin,huawei-nova2,-8.357186878776462,0.023062297213578147,0.5213937577593887,-55.148024020508466
dolphin,huawei-nova2,-6.154271458302355,0.05156486091689783,0.1349493307764906,-56.33262300267496
dolphin,huawei-nova2,-9.94073766328755,0.018417542192548184,0.2053925679303177,-52.187421652296834
dolphin,huawei-nova2,-14.967685260661177,0.005037021727586187,0.09179757390601986,-57.29362398250381
dolphin,huawei-nova2,-8.793503472021492,0.0417962452840792,0.21817643993887523,-58.82537300782961
dolphin,huawei-nova2,-18.31858943345423,0.0023780164869651524,0.09809811630001498,-55.50364426533352
dolphin,huawei-nova2,-16.017420333014172,0.006843630328277872,0.0833367296349435,-51.657764903339626
dolphin,huawei-nova2,-14.619976270495423,0.013398840063944293,0.10238749627544551,-52.6389406295487
dolphin,huawei-nova2,-17.593832769767534,0.005847554935301043,0.1046081006154739,-58.67039964923681
dolphin,huawei-nova2,-13.092057203485016,0.016929464556573494,0.22804568820372229,-58.77925499935496
dolphin,huawei-nova2,-6.230382525202039,0.054941619705994954,0.12942052140113633,-56.10919859916636
dolphin,huawei-nova2,-16.642285605564442,0.00840435136916391,0.08737435580905124,-52.80601678565097
dolphin,huawei-nova2,-11.010661562835171,0.0144625946838766,0.08616250453760509,-57.48010385747144
dolphin,huawei-nova2,-13.014837604589776,0.01699052176531285,0.22583439350400686,-59.268965286392344
dolphin,huawei-nova2,-18.75235511600338,0.003591863630639532,0.39632491464590286,-58.2350341743017
dolphin,huawei-nova2,-11.197525486430566,0.02429925821302479,0.15419551840698262,-54.042192187786284
dolphin,huawei-nova2,-9.045213998425746,0.027305332626976087,0.21368088015343978,-52.289804608310135
dolphin,huawei-nova2,-10.840708319564559,0.013987889487244803,0.09670794941196893,-57.314147065471644
dolphin,huawei-nova2,-19.991352051624038,0.0038543286454655696,0.10877868409097224,-57.768873623281216
dolphin,huawei-nova2,-18.70755700552,0.0051805897039406,0.1971688972920491,-58.43869425457474
dolphin,huawei-nova2,-21.258123686675027,0.002465658302828338,0.34300149684725634,-58.30717047065201
dolphin,huawei-nova2,-4.192260898611648,0.051575843066267495,0.15393325476684835,-57.33456632742812
dolphin,huawei-nova2,-20.02750365117514,0.0037722257278756076,0.13402416571372075,-52.56249972543966
dolphin,huawei-nova2,-5.8742965601201425,0.03869079254626329,0.10094566358920742,-57.376570231042656
dolphin,huawei-nova2,-19.35852259901207,0.0036825951333371324,0.11900359413997944,-58.25538799547172
dolphin,huawei-nova2,-22.364983796910657,0.001837585799619827,0.29997496502019405,-58.53726084658248
dolphin,huawei-nova2,-3.0294689715267653,0.0839808311311499,0.1749500130102793,-55.3179707130801
dolphin,huawei-nova2,-12.805570407850617,0.009784035602875227,0.16522390739980458,-52.245928371266494
dolphin,huawei-nova2,-20.677697874381707,0.004000911893418212,0.08248138107593336,-55.38133434656555
dolphin,huawei-nova2,-9.537148536452827,0.020365946794110787,0.07377080813882779,-57.16745657104642
dolphin,huawei-nova2,-8.90268262464488,0.044769234349059744,0.29842321470936156,-59.025363996902456
dolphin,huawei-nova2,-5.454167700895672,0.044764591040674824,0.13033105215097535,-57.83810656502507
dolphin,huawei-nova2,-18.10147922178004,0.0036578710506929074,0.0867445518004844,-51.003165787334986
dolphin,huawei-nova2,-4.915443147046367,0.10428940579328459,0.30602405365629637,-58.73888103309491
dolphin,huawei-nova2,-21.65589605984441,0.0019858649977812608,0.37902449412082534,-57.96355512611257
dolphin,huawei-nova2,-13.143349109109844,0.008760779736491827,0.11217455057141835,-51.80218823589552
dolphin,huawei-nova2,-11.595586295430127,0.02249519771300559,0.1330954168114399,-53.95002864744747
dolphin,huawei-nova2,-11.710092683894242,0.02212594299061281,0.1782122661439245,-58.3144355220177
dolphin,huawei-nova2,-16.973167957899992,0.005638818081123762,0.4452432306057346,-57.8325514304618
dolphin,huawei-nova2,-15.267978714334964,0.010742291954487825,0.08235429602984372,-54.85360132310302
dolphin,huawei-nova2,-7.514541300702094,0.06434081489705132,0.329794694912497,-59.213787327980604
dolphin,huawei-nova2,-9.286129737218044,0.01933136311621792,0.661296664696212,-55.40208841679195
dolphin,huawei-nova2,-11.408497201697356,0.015840796415902823,0.09769448371497852,-55.91945938906914
dolphin,huawei-nova2,-12.462071009983017,0.018619401076314997,0.06682988591857257,-50.77405163427379
dolphin,huawei-nova2,-10.543488334561344,0.024289803233081393,0.13831130222809412,-52.22167030625766
dolphin,huawei-nova2,-18.313428107222197,0.004756670664219575,0.24299795759230614,-58.607435393865295
dolphin,huawei-nova2,-7.077787813373504,0.0621720720034747,0.5085286361919814,-58.39428950569916
dolphin,huawei-nova2,-5.8205927733138205,0.04424803591492814,0.11710881716564929,-57.05935789749216
dolphin,huawei-nova2,-19.434055220413647,0.003064805674078624,0.10951272675589933,-52.08826282356735
dolphin,huawei-nova2,-8.804110374587282,0.04854583200874786,0.22414396876111353,-59.27247113205673
dolphin,huawei-nova2,-3.1623867947256383,0.12039398387486791,0.5326273009673683,-57.407295276341685
dolphin,huawei-nova2,-25.395972361405956,0.0015981338933018275,0.03445779499180244,-51.23320329677088
dolphin,huawei-nova2,-8.866066490899163,0.03325812239476307,0.0930629465390809,-56.7289388612906
dolphin,huawei-nova2,-19.787343562325034,0.003264443305805314,0.16304390892840567,-57.44679299964182
dolphin,huawei-nova2,-4.336021808791383,0.1289389424082517,0.3213329508328507,-58.79579974623506
dolphin,huawei-nova2,-12.95381110497777,0.015547323266751248,0.3281158202142704,-58.48501206717768
dolphin,huawei-nova2,-17.16803649112395,0.005713572144971528,0.05339517477786135,-53.184416312967066
dolphin,huawei-nova2,-12.706169868747232,0.01688219505524257,0.14645338942261896,-52.5130529128138
dolphin,huawei-nova2,-14.617876559445032,0.010027794592713577,0.06859585026432898,-54.340190445875585
dolphin,huawei-nova2,-16.707355638641044,0.006640116992965965,0.08043676528415357,-51.07553941096395
dolphin,huawei-nova2,-18.294552790410986,0.0025315075343843897,0.06351974506774187,-57.464203903953646
dolphin,huawei-nova2,-16.00530100098189,0.007294674058957636,0.1370500786834819,-58.34973012175139
dolphin,huawei-nova2,-13.93217456098303,0.01411453915755823,0.2347175065780954,-59.16945284114121
dolphin,huawei-nova2,-8.62114095469089,0.05263839990738602,0.32333401378842164,-59.55697286058441
dolphin,huawei-nova2,-14.485259246176803,0.011520127689591757,0.09631916371845914,-52.852799731557916
dolphin,huawei-nova2,-16.95552695502891,0.0031700817378196734,0.07239317608945334,-57.513588778531016
dolphin,huawei-nova2,-12.434643470334596,0.018980099714133235,0.3306882918534792,-59.113676985770944
dolphin,huawei-nova2,-2.870750007258238,0.13679523716213882,0.20787418441904398,-54.532827425642836
dolphin,huawei-nova2,-15.732161218709917,0.0053770703917030375,0.10649535066169273,-52.936655781761544
dolphin,huawei-nova2,-13.55553615435648,0.013910803425062979,0.3455615699315561,-59.100093376661874
dolphin,huawei-nova2,-10.003511012540358,0.026121571812952955,0.0688972683166634,-54.91450997763526
dolphin,huawei-nova2,-11.196750387176502,0.01662554236497891,0.07802575924622086,-53.24000739414756
dolphin,huawei-nova2,-10.134714468809365,0.026741346271391703,0.1796693999381757,-51.385922648757045
dolphin,huawei-nova2,-6.269591149922363,0.03786993775988556,0.11825965660357271,-57.08843300044275
dolphin,huawei-nova2,-11.01758204127469,0.026330303758400907,0.23723949605232666,-58.411811642216634
dolphin,huawei-nova2,-6.561982084322877,0.0375346639358926,0.11963959131379702,-56.05266581463149
dolphin,huawei-nova2,-16.41007715598201,0.006954850052142771,0.05514321253556881,-52.67061689042663
dolphin,huawei-nova2,-18.214380471921057,0.003937111175100527,0.08214547655777983,-51.3662843308859
dolphin,huawei-nova2,-9.59547180514523,0.018060869492172508,0.0821799214644698,-57.19269286010216
dolphin,huawei-nova2,-7.958648961543394,0.04586340119156247,0.3315640887215169,-57.80770835933992
dolphin,huawei-nova2,0.6387840648178973,0.26976431019110014,0.34327394399119304,-53.608265431757715
dolphin,huawei-nova2,-2.6858362654457353,0.18220626117951824,0.2686192792699531,-58.698971705566066
dolphin,huawei-nova2,-19.678606508494,0.00451945868229953,0.24449232172464383,-59.941536759647114
dolphin,huawei-nova2,-11.878956262101601,0.01155575243680255,0.08880013119531975,-56.13139898074004
dolphin,huawei-nova2,-13.63102249457903,0.010463207198931897,0.08739088457399449,-52.75106748706519
dolphin,huawei-nova2,-17.335311819104582,0.0037985025353410476,0.11512547972038012,-53.82747349792613
dolphin,huawei-nova2,-3.944756671646465,0.06364713635518589,0.12582995087486235,-58.07319790444778
dolphin,huawei-nova2,-5.206688703634642,0.09604191815669233,0.27966098855301746,-58.858850526583765
dolphin,oppo-k3,-13.430967683508658,0.01831024719976258,0.09417424053457531,-41.18526674130685
dolphin,oppo-k3,-18.903051002056916,0.003783842199969265,0.08734886382016412,-41.410731557378966
dolphin,oppo-k3,-9.454833283274684,0.03678551938335332,0.0931050777268685,-38.464589461911764
dolphin,oppo-k3,-7.01011929152355,0.03579326033469141,0.04013096769085194,-24.115161719829782
dolphin,oppo-k3,-6.709327194551584,0.03776999591281435,0.048167074916890436,-28.51063907422703
dolphin,oppo-k3,-16.301190173490824,0.004905975679647926,0.025973186746340415,-36.55720978694226
dolphin,oppo-k3,-6.320227233010129,0.042905945909425834,0.05249958434025889,-25.393596789022325
dolphin,oppo-k3,-7.13755274581049,0.05812960742491157,0.07313161815797935,-27.83556370521343
dolphin,oppo-k3,-6.766412476716226,0.05285895113192392,0.0555663732233331,-24.543019758665807
dolphin,oppo-k3,-9.166340768847466,0.03986231615750677,0.057246271886502546,-25.65017155867764
dolphin,oppo-k3,-6.3348983241910615,0.07290924914243947,0.08513400585209661,-21.96408049505509
dolphin,oppo-k3,-6.945678584359115,0.05453752523221042,0.07138207516062477,-19.98119329911566
dolphin,oppo-k3,-9.434664549432124,0.023429795486728466,0.024069195039380542,-18.261995498185087
dolphin,oppo-k3,-11.579231168648539,0.014017763135102126,0.017453107543954176,-21.177078802284726
dolphin,oppo-k3,-14.737874641540301,0.006027971768724632,0.00846537177599848,-29.233861863997173
dolphin,oppo-k3,-7.29904253964092,0.037110437668392116,0.039456854252096864,-22.322881482878504
dolphin,oppo-k3,-8.743135783566277,0.030920456047297828,0.04016326588173483,-25.710747744809815
dolphin,oppo-k3,-7.7667898197104,0.0370692958011975,0.04427048432930035,-28.170923228600998
dolphin,oppo-k3,-16.6064694503175,0.005098244285891069,0.013298263038195784,-34.86569796567898
dolphin,oppo-k3,-8.124332549880277,0.04410932282828128,0.04923098576697073,-22.241445944971822
dolphin,oppo-k3,-8.918334517226008,0.03232556722564956,0.037972763803726356,-19.681420729623575
dolphin,oppo-k3,-11.725132589542532,0.018749421308641653,0.04900115883340703,-33.00781121746911
dolphin,oppo-k3,-11.723675181178228,0.015493726299882157,0.028760493930409865,-22.432183432768586
dolphin,oppo-k3,-7.7817776445954845,0.07658195087811973,0.08857013243458094,-30.46377039385036
dolphin,oppo-k3,-7.716751579056639,0.07304315670066186,0.08093206038249336,-28.163149515895164
dolphin,oppo-k3,-22.729107450729053,0.0021314252175090084,0.009232222741356568,-36.31989479871008
dolphin,oppo-k3,-10.75414913189009,0.05347335126827457,0.07173206401338468,-26.3321512974667
dolphin,oppo-k3,-8.837145044320138,0.02788742718761727,0.034905051166477595,-28.845366622558792
dolphin,oppo-k3,-7.99290688699111,0.033186799776590274,0.041001894117270316,-26.76914412473398
dolphin,oppo-k3,-8.41873907150479,0.03227217075277977,0.03993911094524644,-29.103213244625938
dolphin,oppo-k3,-16.031549190983235,0.005713844440421294,0.017705378445621686,-36.1804418073261
dolphin,oppo-k3,-8.357271194317711,0.0396690409522026,0.04511713645158571,-22.723774672962136
dolphin,oppo-k3,-9.238844384241961,0.028654093832083907,0.0374588830657903,-20.64210753384309
dolphin,oppo-k3,-10.379798197899827,0.024844348401096443,0.02600544321161204,-23.386198741954438
dolphin,oppo-k3,-6.878585107956207,0.04225546197998185,0.056752369581797295,-27.192700062930303
dolphin,oppo-k3,-17.171999807609176,0.004301012455542801,0.01995984098720422,-34.255834510800966
dolphin,oppo-k3,-10.51397839148646,0.026727374170277752,0.035486434730233204,-22.094591272596702
dolphin,oppo-k3,-11.492991531264034,0.01596689865058404,0.027083646072603877,-19.521652027162155
dolphin,oppo-k3,-9.472331669089733,0.03243757507407657,0.03816354530057446,-27.437732875827137
dolphin,oppo-k3,-10.15492795302876,0.028893563596061194,0.036917143299299515,-24.943779603427064
dolphin,oppo-k3,-9.670812858180074,0.03347960129224293,0.037809758291978815,-26.474542272076498
dolphin,oppo-k3,-16.793678099549993,0.006153451807644345,0.011137095227186767,-33.56559334473629
dolphin,oppo-k3,-10.507154827222635,0.03539500413814026,0.0416440037075081,-20.13001488760989
dolphin,oppo-k3,-14.90032880307487,0.01573551774867763,0.01760355611380756,-28.682857783880532
dolphin,oppo-k3,-8.134600262595125,0.08034651883785021,0.11392206238854255,-29.56030895723746
dolphin,oppo-k3,-13.588224743890917,0.025109865943086493,0.039327322792878795,-29.054809946719825
dolphin,oppo-k3,-21.45454572940278,0.004305884786476415,0.01980877139919579,-35.289702170437714
dolphin,oppo-k3,-12.388054013585661,0.03236159147432843,0.043605517570132285,-22.630647246126358
dolphin,oppo-k3,-10.033722347046393,0.04417470417417601,0.05652159590975277,-20.254472009624436
dolphin,oppo-k3,-12.171608599013526,0.041490014490762984,0.05712020961831348,-28.954066457291084
dolphin,oppo-k3,-15.30679830947036,0.01820324439923359,0.02143529198586224,-27.606511328468528
dolphin,oppo-k3,-10.9935968685494,0.05433272084576938,0.0700343293886251,-28.306798582866026
dolphin,oppo-k3,-11.982669286930417,0.04635839632164241,0.06271388743578493,-22.990899640360276
dolphin,oppo-k3,-7.496182180419123,0.051937725490333306,0.059960260446791716,-27.80947446625659
dolphin,oppo-k3,-11.02455681396899,0.029855473352687394,0.03948895597269344,-27.17362184945133
dolphin,oppo-k3,-13.651560950101377,0.018810028396570404,0.02882929648919741,-23.349698174091884
dolphin,oppo-k3,-11.362574648268463,0.024981329588800727,0.10753218401512293,-38.230749085115214
dolphin,oppo-k3,-15.078419883808415,0.010869066120123911,0.09239055798151122,-43.93739450306512
dolphin,oppo-k3,-11.715078478012549,0.02813859985768581,0.052785060792555044,-28.5637435819594
dolphin,oppo-k3,-9.161242679752288,0.04795158736339224,0.075314455907047,-26.757745201346754
dolphin,oppo-k3,-9.216540821008532,0.05804552001056148,0.06744694096431945,-27.916066518725657
dolphin,oppo-k3,-6.933407370199609,0.04427595881388522,0.04739053610426733,-23.500338910746233
dolphin,oppo-k3,-11.328123181060887,0.02865887863761014,0.038125559913834976,-24.534204051965457
dolphin,oppo-k3,-10.875498260796421,0.029792838511696805,0.034419977742498095,-26.20653899597371
dolphin,oppo-k3,-11.068096504424114,0.03389492259022329,0.03997098736487768,-20.707558768431863
dolphin,oppo-k3,-13.493241510060505,0.02105269506783408,0.026604255813094918,-18.173956790534728
dolphin,oppo-k3,-15.35488192008337,0.007406872838603302,0.030320682428378754,-32.8758076963759
dolphin,oppo-k3,-7.785136807951941,0.034362251166538106,0.05018264963160186,-30.74922434283945
dolphin,oppo-k3,-21.384453436503566,0.0018985588306426986,0.02446517301569837,-39.025088205122685
dolphin,oppo-k3,-12.93933050650724,0.023335148250550934,0.029844329817822927,-32.947225029597526
dolphin,oppo-k3,-9.37757340980545,0.05830679253026332,0.07162533805444683,-30.876962533268767
dolphin,oppo-k3,-13.493505373764577,0.024980675476424973,0.04269580657260964,-32.13244534817983
dolphin,oppo-k3,-20.15239412869958,0.005805726853617943,0.021219071195655356,-38.5104537934867
dolphin,oppo-k3,-13.190756126504525,0.03129339267713812,0.04847587620836971,-25.86928866797046
dolphin,oppo-k3,-10.81884241700626,0.04902670451875354,0.06440957072030552,-23.00471160917288
dolphin,oppo-k3,-7.813599077514039,0.029336688799777515,0.0408934528305171,-29.397436947167392
dolphin,oppo-k3,-9.526469747254081,0.022533174770841085,0.035914855527684676,-29.172008133632126
dolphin,oppo-k3,-10.860891116655708,0.01682705626669212,0.03063302406638005,-31.358875408655827
dolphin,oppo-k3,-6.202275614155851,0.04424256825244337,0.05439666109702906,-22.31666867326371
dolphin,oppo-k3,-9.365251669367785,0.033260069770812875,0.03847999865559961,-27.43814000824733
dolphin,oppo-k3,-8.220986720525918,0.04262080290226694,0.045931326397147726,-21.414351067171093
dolphin,oppo-k3,-10.84072985493169,0.02174756784658858,0.02636206963022504,-25.502022680884146
dolphin,oppo-k3,-10.099733534130513,0.030427095925908126,0.034065519612610846,-26.628970773152894
dolphin,oppo-k3,-14.694355464680807,0.011800256526587784,0.016284290822013152,-31.664771055082056
dolphin,oppo-k3,-10.330845331579845,0.03221511428856692,0.038039541686643856,-21.046131705563194
dolphin,oppo-k3,-13.167672520591765,0.015783522086474325,0.020559548855543775,-18.60336954706765
dolphin,oppo-k3,-11.456691963845714,0.03669300315403974,0.04587428826008387,-29.21551780694566
dolphin,oppo-k3,-10.82125981190045,0.028129557454416188,0.034958690007995584,-27.666587642648352
dolphin,oppo-k3,-11.23758150542262,0.038058230623245766,0.045847101731798956,-28.988011020362812
dolphin,oppo-k3,-19.31826688543646,0.0063936625191632025,0.016129611146361755,-34.934323616491405
dolphin,oppo-k3,-16.063308861199374,0.014477537487738614,0.01874102561545224,-28.61238134286247
dolphin,oppo-k3,-13.305904927811788,0.022289108845676888,0.0317918738674738,-29.818316996014254
dolphin,oppo-k3,-19.31618223745753,0.00555662949660168,0.015826114865761187,-33.57018456849576
dolphin,oppo-k3,-15.10107659112286,0.017859187330189895,0.0294668972690275,-23.494076148056138
dolphin,oppo-k3,-12.95796701704598,0.01185489702337359,0.015878851516193542,-25.96228713789756
dolphin,oppo-k3,-10.529596833125678,0.022725470476048705,0.02437711004461986,-20.275156032524315
dolphin,oppo-k3,-11.73290305946553,0.015917266443416293,0.019086968195965955,-24.158427086709725
dolphin,oppo-k3,-10.61243745411025,0.026049794979507282,0.029539085456141343,-18.99600121529175
dolphin,oppo-k3,-22.167450921707463,0.001957952437144774,0.009719127986055063,-33.837269753481884
dolphin,oppo-k3,-12.612317044570533,0.020632486707682484,0.03025409573155628,-22.449889962269513
dolphin,oppo-k3,-6.113784763854663,0.061837928924885315,0.08138264914959976,-28.980159325316585
dolphin,oppo-k3,-8.581054217562944,0.03921427822952552,0.04584315851240218,-26.104499882845268
dolphin,oppo-k3,-10.333758283775229,0.029100197191882185,0.04100952635073212,-29.7676192849574
dolphin,oppo-k3,-10.160489280385189,0.03327732784852778,0.04882614571606911,-31.34508039745041
dolphin,oppo-k3,-18.601552719481205,0.005025642610426301,0.02350344796120515,-37.42905946681718
dolphin,oppo-k3,-8.582306894068243,0.04629194639640634,0.05743749199915841,-22.134582970997773
dolphin,oppo-k3,-8.833971060352338,0.042978698282535345,0.05329275146261081,-22.088034369385092
dolphin,oppo-k3,-6.4065795876701195,0.08296654982930528,0.10565710523714811,-30.244881988249645
dolphin,oppo-k3,-11.862432739277352,0.01758551193240633,0.024081614527767123,-28.22157076655108
dolphin,oppo-k3,-20.814976899367686,0.0026672349186099833,0.016438403643422334,-35.81636270040048
dolphin,oppo-k3,-11.833422041042683,0.035250573720777265,0.05017944150717255,-25.805935398572444
dolphin,oppo-k3,-11.200161612676824,0.033775488905758856,0.045918024515680805,-21.896062751655002
dolphin,oppo-k3,-8.862359041254669,0.026638431584214008,0.034426858396395296,-26.900401819667824
dolphin,oppo-k3,-8.768008172830358,0.030490145551568586,0.03330886491664894,-21.693070438045492
dolphin,oppo-k3,-9.997695995307225,0.022523738899427173,0.029658026499979187,-26.34688329494594
dolphin,oppo-k3,-9.766709172452321,0.033021930110297006,0.04100959496559975,-20.883069285444744
dolphin,oppo-k3,-9.202913232060833,0.022498117262718092,0.02776815875417747,-18.19669236628601
dolphin,oppo-k3,-12.046202500178536,0.013075789100609178,0.013992392129902368,-18.75417814370449
dolphin,oppo-k3,-9.551085964997178,0.02110448156217352,0.024581915295209127,-24.394313927545053
dolphin,oppo-k3,-9.263307487457206,0.036823105859512824,0.04258611828983247,-24.059016042538936
dolphin,oppo-k3,-8.234074981452856,0.03486005168820473,0.04531118723429523,-27.53338275284928
dolphin,oppo-k3,-14.314306766995594,0.0213427598778685,0.046044614343139834,-34.83016341825721
dolphin,oppo-k3,-21.28111714276639,0.0039203879261430295,0.039691797848906335,-36.88987561048391
dolphin,oppo-k3,-14.918870037674791,0.01866238456209271,0.06063314632054176,-37.81811941035055
dolphin,oppo-k3,-5.990010478558609,0.1434732216741141,0.19224843272307401,-30.173218297188292
dolphin,oppo-k3,-6.414231338291594,0.14399804528341392,0.21036705422107826,-25.51314988569336
dolphin,oppo-k3,0.2873014766680401,0.7213874117895994,0.8410158740699216,-33.24439621842934
dolphin,oppo-k3,-12.09808935532128,0.03103779160415354,0.05692659275105542,-30.92326283731216
dolphin,oppo-k3,-14.484648319116818,0.01809661870372066,0.0459128422451129,-33.834604174737706
dolphin,oppo-k3,-22.79039876331712,0.0028721398321866474,0.02094340918599224,-37.445074436078535
dolphin,oppo-k3,-13.732005512305472,0.0268616077698314,0.04266441073683091,-29.467375337224546
dolphin,oppo-k3,-7.894092434863383,0.07890821501131036,0.10092122681300975,-28.198333921302023
dolphin,oppo-k3,-10.63542106160938,0.047414935426677136,0.07899414383776976,-28.088568777985596
dolphin,oppo-k3,-18.422079388328218,0.00816186272453132,0.027007104881357852,-35.34396164523531
dolphin,oppo-k3,-9.172228889340612,0.06802373698016655,0.08881371909652508,-23.730833923497052
dolphin,oppo-k3,-11.699004240781557,0.039852640867878444,0.05053234979935244,-20.135360713562996
dolphin,oppo-k3,-11.45429277969802,0.02384002179713962,0.043688545074663035,-29.258582885162518
dolphin,oppo-k3,-11.999427380681354,0.022121206400318467,0.04117788772910687,-29.65607251788839
dolphin,oppo-k3,-11.619427556671278,0.02767700514392895,0.04143756525180486,-22.47704411605507
dolphin,oppo-k3,-15.109986434514834,0.010589312492467157,0.025515505459297136,-20.117699205682293
dolphin,oppo-k3,-7.991491693311654,0.0766238293565117,0.1631327013610981,-31.228869157129218
dolphin,oppo-k3,-16.122803587479012,0.014819077619494695,0.0354976906901847,-32.42860862451218
dolphin,oppo-k3,-13.119257167421154,0.02588201504239273,0.07097493591645644,-24.575922706058925
dolphin,oppo-k3,-13.41708630933698,0.020804844790592674,0.07706521679993329,-21.48413561533209
dolphin,oppo-k3,-11.42268043960022,0.04119941611674525,0.0739046441760801,-25.6737903269928
dolphin,oppo-k3,-9.872026211970098,0.06797480057664018,0.09834837909225157,-27.57747163304833
dolphin,oppo-k3,-11.0474682506259,0.04699077637587957,0.08354583071619687,-27.37329703302276
dolphin,oppo-k3,-11.236107450336924,0.04786397137455765,0.08195114316346326,-27.69938846532458
dolphin,oppo-k3,-21.77361038918665,0.004463493831958225,0.033686241894076735,-34.19315127126418
dolphin,oppo-k3,-17.194485618600478,0.01259470697648068,0.041748165392336375,-20.46356918233798
dolphin,oppo-k3,-10.477357281456802,0.05044890665936847,0.1135920997528926,-31.150557232329163
dolphin,oppo-k3,-12.028452008913055,0.038913631093259876,0.062376084276759225,-31.381055515359787
dolphin,oppo-k3,-6.528225042219548,0.09707300636168743,0.14983159925725978,-28.56244300379843
dolphin,oppo-k3,-6.942227850643581,0.09487986137555934,0.1445948306636839,-29.458368094400463
dolphin,oppo-k3,-7.95735555414148,0.0664968275843522,0.11178883759812984,-29.024093555800032
dolphin,oppo-k3,-21.058784318238647,0.0033141806660360582,0.056374501484737376,-35.40959055885529
dolphin,oppo-k3,-17.20193904455947,0.007247720918509977,0.0679719686981779,-20.40287475073796
dolphin,oppo-k3,-5.030008624303153,0.1823577813759995,0.24551790587884836,-29.372561481643032
dolphin,oppo-k3,-20.147116455656985,0.006320976779607021,0.02488118308432118,-32.202251640784255
dolphin,oppo-k3,-10.178133268460638,0.051743217441319087,0.09732109134931705,-27.226427490291798
dolphin,oppo-k3,-20.856343019932634,0.004416664401694795,0.06258905282164036,-36.38106055752427
dolphin,oppo-k3,-14.751210564106422,0.016799681854499107,0.07003399094161446,-23.115730890775794
dolphin,oppo-k3,-16.791849694897955,0.00948109846674064,0.07625503688302199,-20.484147216313403
dolphin,oppo-k3,-14.179671462180355,0.021404513911385283,0.05663007879936508,-29.275725655919373
dolphin,oppo-k3,-11.608907717775017,0.04043754452960028,0.04921744394204144,-26.88857955114439
dolphin,oppo-k3,-11.4446820821594,0.03349100642141423,0.08814801686960033,-28.38416228101177
dolphin,oppo-k3,-10.181571022702228,0.04957419444992109,0.08513638565894245,-28.255410690397152
dolphin,oppo-k3,-18.596005695072428,0.006937347646276815,0.06386656356780972,-35.05967220137109
dolphin,oppo-k3,-14.52118294941025,0.02711309297683233,0.04931265438290711,-27.93627341884787
dolphin,oppo-k3,-2.2195469962204855,0.44500478737555565,0.49967162745622695,-28.406211548268306
dolphin,oppo-k3,-13.528194445605571,0.030504423282613644,0.05939606712181618,-26.436018437283128
dolphin,oppo-k3,-13.642445504484659,0.03122021109614942,0.05863180813524804,-26.990821086555997
dolphin,oppo-k3,-16.863637590743636,0.013676177104376509,0.051755164538031216,-21.14670075492334
dolphin,oppo-k3,-18.26892038159435,0.010983909052474506,0.042878355508209016,-19.269204018626407
dolphin,oppo-k3,6.346268744436699,1.2428420119946797,1.4829866858673086,-30.154697501592572
dolphin,oppo-k3,-21.722585780190286,0.00188786284910586,0.051294191925513835,-36.819009649410006
dolphin,oppo-k3,-14.62122247510157,0.013192118900201456,0.04521282225843042,-22.874677414631435
dolphin,oppo-k3,-13.73895685902683,0.01231414157036514,0.0611751352843151,-21.60342784714938
dolphin,oppo-k3,-17.698478776703205,0.012182228062097726,0.05569383523267986,-32.271207892509025
dolphin,oppo-k3,-6.598423664673376,0.10876441456504661,0.15956275815492146,-28.194057803399954
dolphin,oppo-k3,-18.873061381594486,0.008498911823136099,0.031862700918655264,-36.67596786694112
dolphin,oppo-k3,-7.896334204083382,0.10610903046928721,0.14287424122129339,-21.347023315622778
dolphin,oppo-k3,-24.88987962100809,0.001796826823041846,0.050459026135103974,-36.027405389164905
dolphin,oppo-k3,-16.90534099227471,0.009810929010251247,0.03345020825494149,-21.65448448482225
dolphin,oppo-k3,-17.89696362169481,0.008667583364144693,0.051468132908913215,-19.763791983796548
dolphin,oppo-k3,0.6433495513795648,0.5315874677661507,0.6473509863584092,-33.066307851778745
dolphin,oppo-k3,-5.905655839305377,0.12802263885231008,0.17341702471259474,-35.007433490662045
dolphin,oppo-k3,-8.702636855118623,0.06226120677385564,0.11286920301387142,-30.16316958669003
dolphin,oppo-k3,-18.26753017496662,0.00818454743610157,0.05229791108071554,-35.898323516951855
dolphin,oppo-k3,-12.835935379013083,0.029718683935875255,0.06070791344416233,-25.586972080969947
dolphin,oppo-k3,-12.655411254892801,0.02801072247538557,0.07811612338574953,-22.14431294704585
dolphin,oppo-k3,-9.39188589325287,0.07817532266984932,0.13078878726181886,-31.783754518447182
dolphin,oppo-k3,-20.08613988380351,0.005756847858889619,0.03724228659423526,-35.28680328971971
dolphin,oppo-k3,-12.149503204687615,0.03602257473042612,0.05763727526479233,-21.521618736497935
dolphin,oppo-k3,-6.68245816868028,0.08251919478812818,0.1307669076861371,-29.097381841725163
dolphin,oppo-k3,-4.287281453307914,0.17463539657158444,0.19909100080297273,-30.755810713889908
dolphin,oppo-k3,-10.406656006250255,0.04950877351761111,0.06664340543178877,-22.47088430659403
dolphin,oppo-k3,-5.305567395841001,0.16031268647737162,0.19176753159098087,-19.72492898380853
dolphin,oppo-k3,-4.789773359279619,0.1899966351680985,0.25199313866029,-30.43691811300933
dolphin,oppo-k3,-15.616548123680138,0.01752964152481735,0.04429680670311359,-32.26366085726073
dolphin,oppo-k3,-9.79973579507137,0.06276282635378369,0.10546370669475287,-28.961111272858155
dolphin,oppo-k3,-16.02364861176141,0.014350196124924218,0.055807316892394064,-22.30244158244833
dolphin,oppo-k3,-4.760989788363694,0.19801800313984724,0.22007105688910486,-28.619964533526378
dolphin,oppo-k3,-21.09488646827073,0.004402803226645131,0.025417332699602113,-37.26457509300484
dolphin,oppo-k3,0.10650809254254046,0.5965678450204903,0.6901684824259036,-25.029004204894576
dolphin,oppo-k3,-11.846611521442922,0.03723325264093933,0.052094448930017107,-21.404467810055785
dolphin,oppo-k3,-14.746741734803756,0.018566425860603784,0.0469654752569451,-30.6274402112805
dolphin,oppo-k3,-15.384151607651797,0.017621921835110767,0.047225662789709855,-31.14334869165921
dolphin,oppo-k3,-26.546005697271454,0.0013175529031070612,0.040257017138110265,-37.13251955374157
dolphin,oppo-k3,-17.667058069872258,0.011855293505438173,0.02807408201991803,-20.27508437529007
dolphin,oppo-k3,-10.628767145025433,0.04736766722919974,0.08887682331783228,-29.42922730504157
dolphin,oppo-k3,-8.690457026405085,0.08654539013358936,0.10044735513114796,-28.02847218073241
dolphin,oppo-k3,-10.64294035586146,0.052558725615779955,0.08393754348736578,-27.479289126498397
dolphin,oppo-k3,-21.13476954174574,0.004581780166115255,0.035133279032374384,-33.699220023271025
dolphin,oppo-k3,-6.325674760235528,0.12836088102051882,0.1741093739895586,-19.615718852876558
dolphin,oppo-k3,-10.007872364677786,0.07702615570973302,0.08471242611640872,-28.286366697174927
dolphin,oppo-k3,-5.431799244950181,0.21547239862458029,0.23709184712690998,-27.66607646481721
dolphin,oppo-k3,-10.810684168881483,0.0557249750447094,0.07439806819527077,-28.318505528341355
dolphin,oppo-k3,-23.132839808304787,0.003441465900416307,0.021843624960976648,-34.73429572102451
dolphin,oppo-k3,-17.46787675131779,0.013081607609093514,0.03202703565793027,-20.05315821897422
dolphin,oppo-k3,-17.855995897472553,0.009455875333233593,0.018810074660303648,-33.742512939603074
dolphin,oppo-k3,-10.617604210323854,0.0429048480403613,0.06485755981956363,-30.15406668666195
dolphin,oppo-k3,-22.00906987496659,0.0029675155511241424,0.0462530564810125,-38.073688386585985
dolphin,oppo-k3,-12.86173584861401,0.030783237070203022,0.04807135689791746,-25.572835147777933
dolphin,oppo-k3,-12.732287373842656,0.02695043115990378,0.05847195462395067,-20.722492504409296
dolphin,oppo-k3,-4.560385252321345,0.23989973741447015,0.2601289712498673,-29.853620692661266
dolphin,oppo-k3,-9.78796404188367,0.061448172646065426,0.08017212405859193,-30.534453351343913
dolphin,oppo-k3,-20.71754887474335,0.004951747839601741,0.04073298502132933,-36.70395833367674
dolphin,oppo-k3,-13.178073019870325,0.030343167195635113,0.04671642568632581,-24.124472218743716
dolphin,oppo-k3,-13.44178022216471,0.027329486510059946,0.047471615628050044,-22.063091076096363
dolphin,oppo-k3,-8.637007563060585,0.055381737187529326,0.09528440788079738,-28.143613556201693
dolphin,oppo-k3,-12.440120911971192,0.02363989446939572,0.056781599833481654,-29.296067408961903
dolphin,oppo-k3,-12.848869790192342,0.02484338364686488,0.04426310119402196,-22.724629549684746
dolphin,oppo-k3,-6.487324783374735,0.08818377489652315,0.1311360032574632,-20.400356081115802
dolphin,oppo-k3,-9.336868359749781,0.04864542074322837,0.07775220512006835,-29.674820713949025
dolphin,oppo-k3,-7.907055512030972,0.07696655905017181,0.09311658348070717,-28.79954374282674
dolphin,oppo-k3,-14.466242381442331,0.014165094047002048,0.030710365149705876,-22.287385603665104
dolphin,oppo-k3,-1.514684887787444,0.3597837971750202,0.423782398214903,-31.867326451680917
dolphin,oppo-k3,-17.96694149863138,0.00931166384428387,0.018649957816757406,-33.27987230298663
dolphin,oppo-k3,-20.89121506076575,0.003937928468731112,0.03780683222710255,-37.031321667850115
dolphin,oppo-k3,-11.084836041545232,0.04342995536068465,0.06802817981638444,-21.18899349148357
dolphin,oppo-k3,-12.830932900652492,0.021663830734740368,0.048813012451460996,-53.30947011014557
dolphin,oppo-k3,-4.235764766064864,0.22349595447460044,0.3620480695044488,-41.58865484684739
dolphin,oppo-k3,-23.602939201145404,0.0028579764958460412,0.08333787892911641,-46.36910950070018
dolphin,oppo-k3,5.450775210026659,1.889548263383926,2.2666524733332705,-39.00779073717834
dolphin,oppo-k3,3.315313688069338,0.9457529532770762,1.3352117520296385,-39.18119882800529
dolphin,oppo-k3,-26.016761470900434,0.0016287101239758804,0.08531394891554274,-43.95632217228319
dolphin,oppo-k3,-17.503517180144563,0.008583501175997474,0.08178035685972371,-39.97297972601674
dolphin,oppo-k3,-19.69884925395411,0.0035569748252173555,0.10227621451621428,-46.16890219293899
dolphin,oppo-k3,-13.996807814069081,0.018545693860814727,0.1496453126789333,-36.886275287718135
dolphin,oppo-k3,-10.49588722850314,0.04565247872849597,0.15500325688361402,-33.453006582975526
dolphin,oppo-k3,-11.790262162175464,0.052582635441121454,0.08753865872375191,-38.97596527968097
dolphin,oppo-k3,-17.41526304796752,0.00884272453841647,0.060985945104120705,-34.2151742141481
dolphin,oppo-k3,-10.634048469001097,0.03422050059949131,0.0861019603027558,-27.806329956392123
dolphin,oppo-k3,-11.836652521005472,0.04124800932205755,0.07216928370008321,-24.784904375648896
dolphin,oppo-k3,-11.17866869291313,0.034245377054213544,0.05561828241690574,-30.256457354623947
dolphin,oppo-k3,-15.886487317798553,0.012317785884921757,0.021908706733815415,-31.17842352005428
dolphin,oppo-k3,-6.229989988733613,0.103280158733871,0.13230297141915393,-29.05449690781989
dolphin,oppo-k3,-21.65016906070282,0.0028875729731813364,0.023775877920764837,-33.6766602707118
dolphin,oppo-k3,-6.318433692505491,0.14934502281250342,0.17335251146695219,-27.131712175216776
dolphin,oppo-k3,-2.045145001224759,0.29306110329698976,0.3405225006203837,-21.513434900577746
dolphin,oppo-k3,-2.2814019382731985,0.2777930491347004,0.4030715645216639,-36.78253727540141
dolphin,oppo-k3,0.4385044833068008,0.3383166329631565,0.4538277647844987,-32.03752837299517
dolphin,oppo-k3,-8.451783260004847,0.046061217635107274,0.24246307104471213,-36.93855055671104
dolphin,oppo-k3,-21.885361263382773,0.002658885509302229,0.09491076798929605,-39.75078432534302
dolphin,oppo-k3,-15.73719543870018,0.010272170191643408,0.14586159039494892,-34.50445208937255
dolphin,oppo-k3,-3.263472573832997,0.14286257744694178,0.30105367598046157,-28.07183003097996
dolphin,oppo-k3,-12.514641068943044,0.020825172865792833,0.09986676462006565,-36.09333502339577
dolphin,oppo-k3,-6.6402468495668465,0.08779772364281015,0.14088206022126393,-32.61529057165011
dolphin,oppo-k3,-11.110348239151953,0.037893316728352534,0.10842435507738292,-34.996384223319176
dolphin,oppo-k3,-24.073522640868443,0.002201598176347887,0.050587062179494796,-39.26083652064384
dolphin,oppo-k3,-11.461676990287561,0.04684802748852447,0.0890927579235314,-31.046020415665524
dolphin,oppo-k3,-11.196963040167883,0.03211381596574146,0.09525753991324519,-25.186770635614856
dolphin,oppo-k3,-6.694122628213389,0.15102211319100048,0.20751347535920073,-32.31087202010868
dolphin,oppo-k3,-10.20452250739739,0.057717002419269255,0.09453875122716839,-28.79574097930326
dolphin,oppo-k3,-8.453530516340242,0.09553040833360701,0.14027101269913184,-31.525851151016617
dolphin,oppo-k3,-22.542129554340747,0.003887211339644294,0.05818036315315814,-37.638535647410656
dolphin,oppo-k3,-11.666282972591928,0.04812361277300403,0.08024212708376126,-24.98374982385611
dolphin,oppo-k3,-5.753818672155568,0.1925284863251458,0.25006934438041295,-23.016534233185237
dolphin,oppo-k3,-5.565851626471785,0.08533163636720323,0.16584060054027996,-31.860989164782016
dolphin,oppo-k3,6.420374578938423,1.706411280436959,1.9530232792155218,-34.48293358102743
dolphin,oppo-k3,-14.886062237307867,0.011335251186845842,0.15680133712648323,-34.20155251167502
dolphin,oppo-k3,-18.714005400840563,0.0035306954825428836,0.08471998822243278,-35.33655033054339
dolphin,oppo-k3,-5.7687763435519335,0.05574329150718848,0.11893507189944005,-30.29659725245333
dolphin,oppo-k3,-22.895216731597294,0.0020881155074067973,0.07469467674798971,-35.31950811417793
dolphin,oppo-k3,5.22398446482136,1.4600928319876905,1.8172103185015924,-35.30512011397212
dolphin,oppo-k3,1.280077999672993,0.40407338388455644,0.5093894371887338,-42.59946131111433
dolphin,oppo-k3,-7.155870521910417,0.07918848966541787,0.14613763063481477,-28.525771157516722
dolphin,oppo-k3,-8.433701961853012,0.07980411891141516,0.1578494089377487,-31.589128178594127
dolphin,oppo-k3,-10.577684936798269,0.05994413781440585,0.09681864985408917,-25.788151206615915
dolphin,oppo-k3,-7.196800759354286,0.10446202740031624,0.18385372062286046,-34.23751063876486
dolphin,oppo-k3,-17.8208101810833,0.008917425060136206,0.02257026194771741,-35.02785865955326
dolphin,oppo-k3,-21.591225440669426,0.004039928214765342,0.05635599020007309,-37.3301002995059
dolphin,oppo-k3,-12.74275361959667,0.032727278213770694,0.07203140757688575,-23.19508944732114
dolphin,oppo-k3,-14.546920027488458,0.028783895906959307,0.05428523140269442,-32.098569812422824
dolphin,oppo-k3,-15.965648676977867,0.021351579090649015,0.028867816839667396,-30.278400499981977
dolphin,oppo-k3,-11.901912732822524,0.04491889703567552,0.0694378026320336,-27.98138982193023
dolphin,oppo-k3,-13.219764703322754,0.038349493416664014,0.05525512120288437,-23.901773445260144
dolphin,oppo-k3,-11.234547341831862,0.06081312720027448,0.08637528240467715,-21.77078519485661
dolphin,oppo-k3,-12.733094148519136,0.03579077750580507,0.11280181374629712,-30.247757123720724
dolphin,oppo-k3,-12.525690685920935,0.035676185540018404,0.13177037802825345,-26.35540005726703
dolphin,oppo-k3,-7.944256983758518,0.02116720296292527,0.5840485549275186,-53.99499907357915
dolphin,oppo-k3,-14.881835276827013,0.016493533966038074,0.44255773450369595,-49.438447574151695
dolphin,oppo-k3,-12.578384177664812,0.03836129629834213,0.09514976314051937,-34.26089645604399
dolphin,oppo-k3,-4.403642550062931,0.0659925773332888,0.2369953404930624,-44.940430629765295
dolphin,oppo-k3,-6.237966712936177,0.12731448796310552,0.1765002603613957,-29.581264092169512
dolphin,oppo-k3,-12.189324209012842,0.039876655484002314,0.06734136478143635,-29.31234306330048
dolphin,oppo-k3,-21.68131364089804,0.004151738265290771,0.048028366968491144,-36.156808177724834
dolphin,oppo-k3,-7.235099041139572,0.12038152961482247,0.18556528906289738,-25.61276143686971
dolphin,oppo-k3,-13.43762229532382,0.0303524379496221,0.06276513710534595,-22.15956147012893
dolphin,oppo-k3,-10.57863247005087,0.032987683512880554,0.10686616805565591,-34.65428587839821
dolphin,oppo-k3,-21.68376439723569,0.0025654992921024748,0.02280589710725318,-37.76806542534326
dolphin,oppo-k3,-2.4795986704277198,0.22039940828292337,0.26469577015896617,-30.554073161282325
dolphin,oppo-k3,-12.339772647711227,0.025201484396222516,0.08898528885457255,-33.06706290772665
dolphin,oppo-k3,-20.79710722670329,0.004829727718468363,0.045558458806932246,-37.637887023774034
dolphin,oppo-k3,-10.600666956708217,0.05557760846187674,0.09475134377474444,-28.56433678977291
dolphin,oppo-k3,-11.302264076745217,0.03837282157726302,0.049076655313023264,-36.20735577307284
dolphin,oppo-k3,-7.860114077309792,0.08378312726486777,0.12015152900347661,-32.00803597270544
dolphin,oppo-k3,-21.602370777162577,0.0033230860386833376,0.04362282836228422,-39.88166433006467
dolphin,oppo-k3,-16.60837122002234,0.009876695442879793,0.06741337366248648,-42.62433423652283
dolphin,oppo-k3,-9.005376673890883,0.04782625153560022,0.11507630745394054,-32.510436087424694
dolphin,oppo-k3,-9.162638027834278,0.06021135393387098,0.10259886181435993,-32.52106643809856
dolphin,oppo-k3,-3.054757101087506,0.2831538111444089,0.37398394430312737,-33.03260976554361
dolphin,oppo-k3,-4.764482367709264,0.19690128917199434,0.27335080892030605,-32.412967010894384
dolphin,oppo-k3,-9.407043311696965,0.05023995157103509,0.08593439722172148,-32.032404461951415
dolphin,oppo-k3,-7.291587949655333,0.08355866246846391,0.14361679977497144,-30.254910495474682
dolphin,oppo-k3,-7.373921485281781,0.10169749390484924,0.1809175138712174,-31.46843696802588
dolphin,oppo-k3,-20.660400704876736,0.004429722035939883,0.06260426670551648,-35.984738209682014
dolphin,oppo-k3,-10.809504267008842,0.05692858606987189,0.0949073680541063,-26.430722571914078
dolphin,oppo-k3,-14.771425669233702,0.022059149311640082,0.07970215869390851,-22.78487592017173
dolphin,oppo-k3,-8.521544908267813,0.06486711762744253,0.10862599076060232,-31.246179582229182
dolphin,oppo-k3,-3.0761429014186055,0.25478486176305215,0.3503766036138302,-33.25419888100383
dolphin,oppo-k3,-9.67004108369476,0.0558355713607538,0.13701978351285093,-25.828003774821884
dolphin,oppo-k3,-18.1753233503303,0.008902729638469274,0.03608700196986666,-35.94119455196866
dolphin,oppo-k3,-12.799562815049399,0.030002688186704665,0.059191291439919615,-31.224122955536583
dolphin,oppo-k3,-23.004519288123014,0.002934704638322801,0.039605333181062054,-37.3411918740885
dolphin,oppo-k3,-15.476772854719778,0.01595225040839312,0.08240548246392425,-22.91951344635458
dolphin,oppo-k3,8.150853783187257,2.952618508322771,3.363271205900177,-34.53165301516539
dolphin,oppo-k3,1.9141862888862462,0.4793314486163614,0.539200228504458,-40.062104763733046
dolphin,oppo-k3,-7.6150917632640525,0.06759192252143072,0.08672274457033176,-29.395536649099448
dolphin,oppo-k3,-5.131703367853968,0.11737740752842796,0.15452279449832876,-32.44866846084912
dolphin,oppo-k3,-14.007829150603985,0.019069186735461117,0.08242333447571722,-34.91835596358157
dolphin,oppo-k3,-18.60183580426058,0.005462883246010245,0.024053434341842823,-37.7079717630849
dolphin,oppo-k3,0.22144914474207406,0.47419446626992795,0.5175319405049565,-31.07695122500362
dolphin,oppo-k3,-11.935793153983559,0.03060218836689094,0.0784125597457023,-32.20129331462631
dolphin,oppo-k3,-23.862061741914275,0.002031283890728006,0.050878698655371916,-37.36570371395002
dolphin,oppo-k3,-16.80974678182258,0.010733245591693218,0.08212213854633842,-30.111699603430342
dolphin,oppo-k3,-16.454617383685534,0.007979969080467142,0.05683985065037819,-41.808489372723656
dolphin,oppo-k3,-7.910825519436859,0.08675319004906472,0.14761167590038096,-31.459417993351888
dolphin,oppo-k3,-6.162480746682246,0.13566956709141573,0.19601742150451443,-32.939338952789065
dolphin,oppo-k3,-9.69733074921384,0.0651014221257781,0.16732401175308986,-32.29619174424458
dolphin,oppo-k3,-9.37096112089823,0.07784619757721661,0.14796995767869908,-23.792046418505954
dolphin,oppo-k3,-3.4010362051692216,0.2628242321661537,0.381709945659036,-39.65381849606507
dolphin,oppo-k3,-1.0215051500193946,0.544569937291776,0.623655941061112,-32.623485767237284
dolphin,oppo-k3,-19.539277161523504,0.008107747488287867,0.02795518493910746,-37.69228972198431
dolphin,oppo-k3,-11.16076144198286,0.0481676637321558,0.0981373943048234,-33.70603786352007
dolphin,oppo-k3,-9.207070156836007,0.041109842677216867,0.0827958006281148,-33.65031218208294
dolphin,oppo-k3,5.484510754663217,0.5813673101339957,0.6454883607681634,-36.30694746007762
dolphin,oppo-k3,-3.4122175512274326,0.08980372845516651,0.1372341451815394,-32.47224330606572
dolphin,oppo-k3,2.121669887536333,0.4032555302216351,0.4989688578963012,-34.597731074705315
dolphin,oppo-k3,-20.510099151061276,0.002510699854434401,0.037968613873649894,-38.6038598536826
dolphin,oppo-k3,-10.738296571159518,0.02304553788499589,0.05856230607475029,-22.646977108137065
dolphin,oppo-k3,-3.336200188447066,0.20402201040067217,0.25091732267787253,-33.094175705143314
dolphin,oppo-k3,6.595359184051826,1.931042033226957,2.094706012664467,-31.07297018253138
dolphin,oppo-k3,-10.887215621547677,0.016425028776051048,0.02886413856086111,-28.953775584366316
dolphin,oppo-k3,-0.5565665935234048,0.22571802076669903,0.25979480637814634,-30.761364169811237
dolphin,oppo-k3,-21.70375343806874,0.002617281236657366,0.030203036461142568,-37.24675423036103
dolphin,oppo-k3,-4.255330119295538,0.1379077337583686,0.15974323839944335,-25.967198668710413
dolphin,oppo-k3,1.2967343154070523,0.42159697999651335,0.4791008734277485,-22.623701921204447
dolphin,oppo-k3,3.0850884395870426,0.6411372930528598,0.8479052897662771,-37.69462131936776
dolphin,oppo-k3,-1.98430415655236,0.2227628564773974,0.3054318190435765,-39.36638216560566
dolphin,oppo-k3,-6.5183541899929605,0.11240236651671436,0.16898233567557186,-31.465491874844002
dolphin,oppo-k3,-8.077518786283074,0.09319621746507183,0.14630481324056807,-32.2739051973048
dolphin,oppo-k3,-18.147710945269374,0.010163458991232012,0.05120027671740407,-38.29649542698271
dolphin,oppo-k3,-9.645674137539311,0.08895974367779218,0.11813747423615396,-26.705242805078097
dolphin,oppo-k3,-16.161797417441708,0.013706145040730032,0.07177209785705115,-41.62286137074125
dolphin,oppo-k3,-23.93528247576354,0.0024558840950249052,0.04877378833887332,-44.29778822237029
dolphin,oppo-k3,-15.893166650633006,0.011396287512457809,0.06636174796159593,-40.90321406470686
dolphin,oppo-k3,-7.704379562338229,0.07574283315342513,0.11496885340310807,-29.31294213182458
dolphin,oppo-k3,-21.435454090345722,0.0033616231394276693,0.06274275673225882,-38.82701941156254
dolphin,oppo-k3,-5.08125695757773,0.172548153522704,0.21574411256158754,-33.334850263821025
dolphin,oppo-k3,-9.629534570450286,0.05121897783198239,0.07225657726808299,-31.449855453098866
dolphin,oppo-k3,-19.542767971111054,0.0060717510801175465,0.02062946949333098,-34.61034804386661
dolphin,oppo-k3,-9.584308414471858,0.048957044681014,0.07541909122974222,-27.011281784226504
dolphin,oppo-k3,-6.370554130984224,0.09231564449368837,0.1647379167285035,-31.696235730144178
dolphin,oppo-k3,-16.168611322088534,0.01059195398194249,0.029952496621297533,-30.17352585916236
dolphin,oppo-k3,-1.5966504271956692,0.1955605712794015,0.21544134788423475,-26.361391365775894
dolphin,oppo-k3,-16.88119024646003,0.006572816134400203,0.024183301886728813,-33.810457963687696
dolphin,oppo-k3,-13.451215230173801,0.022600600275201013,0.03792624773375264,-23.20682989708513
dolphin,oppo-k3,-13.787953728418923,0.014071816180366235,0.19102109307411771,-39.904217076193945
dolphin,oppo-k3,-20.380436395844114,0.003150056621517825,0.033536182961217874,-32.10177595891811
dolphin,oppo-k3,-10.13887432469051,0.04679422609162183,0.09150512624656457,-32.14933202044063
dolphin,oppo-k3,-3.4910102853760803,0.2497259382588159,0.3266567824910266,-43.90354958532333
dolphin,oppo-k3,-13.317697849650902,0.02156264569587455,0.06822757809645542,-32.02552108956462
dolphin,oppo-k3,-16.163805800066573,0.010835210148955075,0.15427323167808116,-27.617304884089826
dolphin,oppo-k3,-6.196461779132193,0.13108281579756648,0.21667295241720336,-31.22600049162213
dolphin,oppo-k3,-17.38953291646757,0.01095715450783939,0.03212449329584141,-36.74600517740648
dolphin,oppo-k3,-11.29214767897803,0.04240757079289859,0.08016642019054643,-29.09830776962693
dolphin,oppo-k3,-11.87843622835022,0.041085531450770055,0.07952819157490264,-29.9521548118723
dolphin,oppo-k3,-25.25576769788415,0.0017418726968392569,0.04360651549241447,-36.259997490052136
dolphin,oppo-k3,-10.254186204925153,0.05893116280620219,0.09663570131267213,-24.050479371959817
dolphin,oppo-k3,-15.429359764615773,0.00910969752023364,0.08131548941761334,-33.68887489049723
dolphin,oppo-k3,-6.61887702974928,0.11192465795362087,0.17511271582644727,-32.40981483579647
dolphin,oppo-k3,-23.81773971429059,0.0018580583871933229,0.05507356421401174,-37.18439037615238
dolphin,oppo-k3,-4.276924758571271,0.20552649875908355,0.3526836410224833,-35.13511000121953
dolphin,oppo-k3,-0.5747040714453491,0.5060333451033251,0.6495104745659283,-27.247194120268432
dolphin,oppo-k3,-1.2722598626196286,0.1758080386510989,0.3229203542545547,-38.42105958872121
dolphin,oppo-k3,-27.68648709561928,0.0004292427498661676,0.08156304048443143,-37.43416407020458
dolphin,oppo-k3,-5.16137579061811,0.09423581973831763,0.16845929271727006,-29.472501608478744
dolphin,oppo-k3,-5.4587785267960856,0.07918102089375421,0.12655313518323702,-32.15951084787788
dolphin,oppo-k3,-19.16518643361121,0.004046801548331742,0.04925864999464765,-37.18003354174998
dolphin,oppo-k3,-15.65205042811844,0.012551675733082865,0.08290192429539368,-32.532745337470644
dolphin,oppo-k3,-12.419896443099015,0.02123819589277903,0.09054748416989615,-26.765246344592803
dolphin,oppo-k3,-6.924137663010023,0.09568484994100607,0.27157718531693614,-35.58551176153586
dolphin,oppo-k3,-13.676050811821721,0.010604865359151968,0.05438526111245232,-33.67835484871364
dolphin,oppo-k3,-11.388550960431134,0.04119248904259158,0.08887246691620192,-30.600603826727696
dolphin,oppo-k3,-24.350230188849096,0.002213623132039939,0.04188988510724512,-34.84533489881338
dolphin,oppo-k3,-11.050000584066913,0.047052368707261864,0.10805023454703869,-31.06411171087676
dolphin,oppo-k3,-11.634381608705208,0.04238866402523925,0.11188954804966958,-24.175847322868766
dolphin,oppo-k3,-8.23105980396245,0.08135408248342312,0.1361400836445192,-34.86279503839389
dolphin,oppo-k3,-9.13292979402852,0.07557428400847202,0.11149802993996076,-29.81308705202364
dolphin,oppo-k3,-11.011601391747448,0.04405253660647318,0.08995228422091632,-28.290371012047157
dolphin,oppo-k3,-9.967289399127147,0.05589514930210853,0.09271560750117323,-23.95405696986205
dolphin,oppo-k3,-13.068993214915201,0.04138215870805335,0.04592084751182774,-32.3893038059222
dolphin,oppo-k3,-10.55249828532725,0.063839785744686,0.08722074011970435,-29.518092425627266
dolphin,oppo-k3,-23.646457709666606,0.003242476468921654,0.02272308973528541,-35.14991762462574
dolphin,oppo-k3,-13.943342152315081,0.027784564250557316,0.06290210665467856,-25.67621793048607
dolphin,oppo-k3,-15.21758886753341,0.0242256756737047,0.04622014498349898,-23.642598497783162
dolphin,oppo-k3,-14.974672670474515,0.012603329114709074,0.2422432178644366,-40.66877090308769
dolphin,oppo-k3,-16.737120823247505,0.009149149507692904,0.02518603835017908,-39.44277090019872
dolphin,oppo-k3,-4.196397739834769,0.15603247730991937,0.19021542146168935,-32.25722136426873
dolphin,oppo-k3,-24.784772088785548,0.0016400447162248587,0.04483679204595671,-38.0782820188505
dolphin,oppo-k3,-18.009265343689073,0.003576257393291395,0.28183214132927703,-43.35995032872333
dolphin,oppo-k3,-7.591212109202421,0.07367106189325291,0.30939408360167386,-35.46608549685265
dolphin,oppo-k3,-15.547902198320207,0.01897349372470325,0.03989349349983196,-42.47223043820132
dolphin,oppo-k3,-6.348302995411597,0.11755381896137067,0.14442889692459057,-29.49536561565866
dolphin,oppo-k3,-4.365624336439101,0.23373622358216148,0.2584276164693956,-31.858046579532097
dolphin,oppo-k3,-20.064927024840014,0.006491242256763016,0.027976163426975443,-36.90614751318022
dolphin,oppo-k3,-18.62864473796682,0.010385532521690636,0.08899277994469215,-36.2747594900838
dolphin,oppo-k3,-3.405856358807245,0.3257446942751714,0.4354218684502178,-33.02034645557003
dolphin,oppo-k3,0.25420696076582944,0.51944527280395,0.5795887717397292,-31.941235620421367
dolphin,oppo-k3,-9.77446612934429,0.05306855853743753,0.08493990873201586,-28.884592821545084
dolphin,oppo-k3,-0.9188611918513152,0.46581435819307543,0.5562204036000858,-30.445101378108824
dolphin,oppo-k3,-12.474865512038626,0.03628520228820298,0.0617159589632832,-25.87960615286601
dolphin,oppo-k3,-10.260944808872134,0.053319898354591194,0.12124748257943106,-43.83810189413247
dolphin,oppo-k3,-5.293686924101565,0.12240759119901995,0.16821246963006506,-29.091288597610717
dolphin,oppo-k3,-20.24566949295567,0.004475863355288101,0.10612261928422705,-34.31272097268509
dolphin,oppo-k3,-25.673076842169642,0.0012494973322992415,0.05060763330534575,-37.159697004082616
dolphin,oppo-k3,-14.61119842671559,0.017587638972973656,0.11667252618929626,-31.367365442829055
dolphin,oppo-k3,-10.129302981270458,0.038280663186669256,0.2172533608244899,-35.16422142949676
dolphin,oppo-k3,-2.480627999227539,0.3323468939399667,0.42265849737274197,-38.135862940345405
dolphin,oppo-k3,1.1546838300995428,0.677059487015736,0.7928957066038835,-32.462825683153866
dolphin,oppo-k3,-22.760797712220366,0.002755982624040144,0.041469393507913635,-36.784074900375515
dolphin,oppo-k3,-3.3745297402115244,0.19610260592118445,0.30870243092176913,-28.504609621531763
dolphin,oppo-k3,-4.954248723039835,0.1255720747043875,0.1768951709295641,-30.1744106543566
dolphin,oppo-k3,-7.806474954947063,0.08711390681201328,0.11583742081016721,-31.157581703003995
dolphin,oppo-k3,-8.966897718041867,0.09297132807775649,0.1486322177777227,-30.304405264525563
dolphin,oppo-k3,-0.0733578005671663,0.4847632655165276,0.5506696308498396,-33.019209437540674
dolphin,oppo-k3,-8.124223564257383,0.0786917867083326,0.11192895768785592,-28.007487088310917
dolphin,oppo-k3,-23.90563469351966,0.0020217072081548174,0.043307283483413186,-34.73837519694864
dolphin,oppo-k3,2.4759562948051523,1.0106612894716667,1.2335214200398452,-31.17379640483502
dolphin,oppo-k3,-14.670003383055516,0.021150340176096835,0.0873475400957329,-24.10383436735019
dolphin,oppo-k3,-5.438011194196952,0.17881050743415772,0.2176103378831821,-31.29309903317548
dolphin,oppo-k3,-11.351334229275036,0.028384347704930007,0.0781234619862629,-31.102504418177613
dolphin,oppo-k3,-20.889445222431636,0.005315468597183508,0.022966186353278815,-33.89228698461808
dolphin,oppo-k3,-11.7290004283388,0.04833674123443186,0.10195216783738367,-29.904527550527767
dolphin,oppo-k3,-14.746694837212162,0.026215906514527144,0.048999720410363004,-24.397639412503665
dolphin,oppo-k3,-11.574624145096777,0.05439096570777864,0.1059026781572085,-31.125637416247905
dolphin,oppo-k3,-14.306175652651644,0.02481036465896834,0.04014765814228716,-29.13226772226054
dolphin,oppo-k3,-14.109932981007983,0.027162045026170093,0.05903179531949544,-26.662706511936083
dolphin,oppo-k3,-4.642726784451846,0.20262195604853508,0.2415892512502305,-32.51210051647571
dolphin,oppo-k3,-13.59904789311128,0.020480753853991052,0.03537932081237378,-31.856616012118756
dolphin,oppo-k3,-16.177481786224977,0.01456408438254064,0.03326747964522739,-29.258313139125764
dolphin,oppo-k3,-15.239579040315075,0.01964705695388994,0.05346042940240932,-30.397111765989344
dolphin,oppo-k3,-14.213378585113595,0.019282490660252845,0.12302680218194208,-36.91319322110683
dolphin,oppo-k3,-20.07151259792139,0.006145688198625739,0.015331289478012619,-33.95421744844683
dolphin,oppo-k3,-11.949675930890589,0.03987438140529243,0.05876470978223904,-27.017495513453518
dolphin,oppo-k3,-16.953573197494045,0.015068135057346629,0.03288778169760128,-28.420145694570937
dolphin,oppo-k3,-23.078335530977775,0.00342157373913668,0.043685314502159386,-35.65274306793181
dolphin,oppo-k3,-12.244516310389976,0.035441719950485846,0.08690199914996773,-31.03806798698828
dolphin,oppo-k3,-11.739291272450066,0.03958911483440335,0.09908024286640868,-25.637427958296833
dolphin,oppo-k3,-12.035809031927013,0.03279215790567603,0.07129212591876635,-41.347886791255284
dolphin,oppo-k3,-6.069346037383899,0.1709342345771241,0.18967317206904447,-30.869814284099633
dolphin,oppo-k3,-5.018254211356945,0.11770864168245296,0.19811247686285613,-36.68719686625417
dolphin,oppo-k3,-10.624455313975762,0.05247680620967789,0.08157178023953289,-29.138880301711822
dolphin,oppo-k3,-12.047635615533313,0.042511162897020276,0.07214294127025318,-30.24620258944957
dolphin,oppo-k3,-19.38246996674153,0.008625946145573335,0.025398834543231906,-34.986719326082664
dolphin,oppo-k3,-10.270043505294016,0.0513141517308368,0.07601065370354586,-27.341018510247462
dolphin,oppo-k3,-0.4706970528723808,0.41067122789692995,0.4694834325438344,-32.95570838697078
dolphin,oppo-k3,-10.59137981014837,0.04286992699439456,0.07267683617763135,-28.77491758277783
dolphin,oppo-k3,-9.944437501254596,0.06415953959963336,0.08128289829108361,-29.199184966664845
dolphin,oppo-k3,-20.437439920524156,0.0048402330447076276,0.019929845146653555,-33.81003282588968
dolphin,oppo-k3,-15.06424439169448,0.013726163809311102,0.04717928940450343,-32.25724657227692
dolphin,oppo-k3,-9.496583814950913,0.05265114580478066,0.07058958855669954,-29.216719133855907
dolphin,oppo-k3,-22.02932811242627,0.0028379863786951475,0.01785091101282965,-34.84090898070024
dolphin,oppo-k3,-14.638363702822357,0.020075212933316135,0.04022604306604058,-22.946462471426518
dolphin,oppo-k3,-20.305349064795948,0.0033800008113927422,0.28220435953744677,-39.00443004313385
dolphin,oppo-k3,-4.524685813140779,0.14283113820176188,0.2145830201468422,-44.90493477014801
dolphin,oppo-k3,-9.103765209846932,0.06814154985105969,0.10215393174200041,-30.723469122855967
dolphin,oppo-k3,-13.317206555703734,0.03155127314870871,0.057957056494834014,-32.872680768339265
dolphin,oppo-k3,-25.87195146436946,0.001845361817873542,0.020074944279199727,-40.99815216610773
dolphin,oppo-k3,-19.451159983522917,0.008879767433985374,0.05085005308517665,-42.85078699783105
dolphin,oppo-k3,-23.941026312398115,0.0027661276106764887,0.03719079012428913,-46.7762111607285
dolphin,oppo-k3,-7.319927053544754,0.020676666440573248,0.04008214229981876,-37.48078676046391
dolphin,oppo-k3,-16.20920315699876,0.015247747176266063,0.022939373476636358,-32.439081220893236
dolphin,oppo-k3,-16.068791660072755,0.011701907023372522,0.027153948449159734,-36.29230610583075
dolphin,oppo-k3,-10.964289407216722,0.026188555160505767,0.03156498832261474,-26.858027188066945
dolphin,oppo-k3,0.5862128084424443,0.3296637776633616,0.3736759351664378,-34.47218555732674
dolphin,oppo-k3,-18.029287431809472,0.008584295967163898,0.025443439946861646,-38.065520961588966
dolphin,oppo-k3,-23.773878302437332,0.0016850974273031076,0.02952145749748457,-41.67012094931495
dolphin,oppo-k3,-11.610854297724345,0.05329159470102183,0.05305994888978969,-26.805104885772813
dolphin,oppo-k3,-8.184526815045839,0.09716181970739453,0.11515852393450564,-30.84812661161316
dolphin,oppo-k3,-17.197669140999395,0.012513309702749227,0.020591384285502813,-35.66072899140731
dolphin,oppo-k3,-11.256762913974686,0.04739880732037436,0.10074149259970357,-29.942608474911093
dolphin,oppo-k3,-5.524215844173669,0.11216047315885759,0.1269210306170782,-28.515362295932448
dolphin,oppo-k3,-19.59613001064088,0.0050263349595913625,0.012677179553971359,-33.86758723581005
dolphin,oppo-k3,-7.253919614539813,0.11977293615074976,0.1350919424172086,-27.4729170389611
dolphin,oppo-k3,-2.1965218663938444,0.25205197257081774,0.2787538090183001,-22.13031080386108
dolphin,oppo-k3,-9.658550106742883,0.03640039304110693,0.03875963145324008,-28.14336924371133
dolphin,oppo-k3,-6.586339705457091,0.08543423671840893,0.12784937635633623,-36.064512823758186
dolphin,oppo-k3,-10.095465420703448,0.026717526501221882,0.04769668444020723,-25.056251784124335
dolphin,oppo-k3,-10.543239753916001,0.052464998742322126,0.07858522261800846,-33.294317681699475
dolphin,oppo-k3,-9.364074077454296,0.056645869050452546,0.06500092595090726,-29.29687041071881
dolphin,oppo-k3,-14.123129369334604,0.02372347280776758,0.04755800887983512,-29.529375296455235
dolphin,oppo-k3,-11.827706392123476,0.05353118311583611,0.11192584014355055,-27.68308513750672
dolphin,oppo-k3,-4.410232007760452,0.17714653787211243,0.2449801934458653,-33.4047304278682
dolphin,oppo-k3,-10.478553664554202,0.03773940569165656,0.04283198600009253,-28.910989437086663
dolphin,oppo-k3,-9.123764012988897,0.0784466565075998,0.09583098605920554,-28.45608194575388
dolphin,oppo-k3,-20.376814519537998,0.006139382624551018,0.021253158043553825,-34.905830491923325
dolphin,oppo-k3,-15.87540746696041,0.01662746496881642,0.050357532750936025,-25.34151977418981
dolphin,oppo-k3,-3.9891409626073204,0.13014256078574085,0.16079535506627388,-33.18034673782052
dolphin,oppo-k3,-13.663918373938056,0.012164266210970226,0.020873043885957156,-28.261252628843057
dolphin,oppo-k3,-5.753845082390775,0.08207024464616675,0.10149629275350318,-30.963870471050505
dolphin,oppo-k3,-17.0719672322084,0.008374498735009674,0.032777799672979155,-37.83767306856687
dolphin,oppo-k3,-7.963147780463701,0.10046158504793856,0.17541171346248952,-34.41219355846622
dolphin,oppo-k3,-11.597814812266712,0.02444380631642626,0.03065565578051079,-28.05009813431868
dolphin,oppo-k3,-4.813464764449421,0.1058435988702497,0.12955551836381493,-30.881049953618817
dolphin,oppo-k3,0.9517136325031123,0.4460455964995932,0.4583841654198851,-33.27093702464834
dolphin,oppo-k3,-18.00269878465359,0.00859888788629923,0.03270833673882429,-38.01722066029391
dolphin,oppo-k3,-3.0504143264318917,0.22674174953890674,0.3226816507665504,-34.74638364257388
dolphin,oppo-k3,-8.056435772551335,0.05733837767963328,0.07516270463573176,-29.534608452146536
dolphin,oppo-k3,-18.540370185017252,0.0070836350832276535,0.0315177060231006,-36.96575991123031
dolphin,oppo-k3,-5.781500016629529,0.10488544274365004,0.12605309893179031,-25.885305820202667
dolphin,oppo-k3,-3.06963690054767,0.2550808085739734,0.28636693541519026,-33.722657003038464
dolphin,oppo-k3,-19.24519198039532,0.0075034468848748995,0.04414661646431426,-39.28156962562347
dolphin,oppo-k3,-12.17334326834294,0.038452097847658906,0.06283519923838667,-31.541949164274726
dolphin,oppo-k3,-3.1956429563666333,0.23889719553398792,0.27302939098950096,-32.61901652060147
dolphin,oppo-k3,-17.524803321608687,0.013313204743686066,0.01830349468300894,-33.19130981080815
dolphin,oppo-k3,-10.662351632845958,0.05871876455734886,0.08726482705442198,-30.12912947049545
dolphin,oppo-k3,-21.69926770132944,0.00493736116472818,0.023544866900103784,-35.23886470336271
dolphin,oppo-k3,-2.717181705146885,0.42629119421823064,0.4818237722877634,-26.88773409189727
dolphin,oppo-k3,-17.525985882946713,0.00879420867682131,0.01910568826818101,-38.638770261709
dolphin,oppo-k3,-0.6848999319157272,0.28703859584979724,0.3362083413012221,-30.88916330798422
dolphin,oppo-k3,-13.753321655452591,0.0014442319138971654,0.6744713533418792,-45.548620548868385
dolphin,oppo-k3,-5.861126543579313,0.09478189856666823,0.12275890959466212,-32.50682509092111
dolphin,oppo-k3,-7.943493508963848,0.041339144841657655,0.04617374483419613,-27.3181872859637
dolphin,oppo-k3,-5.169541598038125,0.14137839871791705,0.18236910942521384,-31.744975126713282
dolphin,oppo-k3,-3.266798909920901,0.2486137720347058,0.28902477592599046,-34.49457078436346
dolphin,oppo-k3,-18.642864190627545,0.008826352217286133,0.024440356049991528,-26.84135843822635
dolphin,oppo-k3,-11.832717358278778,0.02569417972777216,0.04165584990020303,-29.67047687953052
dolphin,oppo-k3,-8.909709850596562,0.06759303227542311,0.09204424025391195,-31.153947953814203
dolphin,oppo-k3,-21.90661114616671,0.0035894509104018577,0.02307406497951388,-37.867758426756524
dolphin,oppo-k3,-12.336073659060308,0.0316533969133897,0.03966808808697599,-28.479884636141634
dolphin,oppo-k3,-0.16246334632769444,0.5930937681253761,0.66123145226643,-24.341093956963093
dolphin,oppo-k3,-11.598940979814094,0.04242827612261305,0.0786194867519713,-35.27311699351137
dolphin,oppo-k3,-13.299888833057237,0.019177167130911384,0.02146866619950099,-28.362610349089575
dolphin,oppo-k3,-10.894407330525,0.03200288243233161,0.04202060844870825,-29.547592763166616
dolphin,oppo-k3,-12.48099461826044,0.028753801405438085,0.04680775305526137,-32.267112586847546
dolphin,oppo-k3,-20.93366471048375,0.004414736651200661,0.023247191795722225,-37.334891536396825
dolphin,oppo-k3,-13.749435917463668,0.026146032552800725,0.04690436428913862,-28.708873227483572
dolphin,oppo-k3,1.809611368117539,0.7935286374175992,0.8817305591071697,-35.06538071423936
dolphin,oppo-k3,-8.374936867592643,0.04153735518768662,0.049569085520288846,-28.869527020863206
dolphin,oppo-k3,-7.8780500150611275,0.08313138558138311,0.1057208655754587,-32.29539569087734
dolphin,oppo-k3,-17.339358788168134,0.01179060900872962,0.04044589861057874,-40.89976531147147
dolphin,oppo-k3,-9.66617543861224,0.04620815950629847,0.0628270749470614,-29.82534903886442
dolphin,oppo-k3,-7.693947960056324,0.053670971065963836,0.0765090851526609,-25.93772669267902
dolphin,oppo-k3,-10.75365450549093,0.02777045708595034,0.031671654681619255,-26.375047335984775
dolphin,oppo-k3,-18.18652265864622,0.007190932808424476,0.01657211835225221,-36.241087036360796
dolphin,oppo-k3,-8.904978336982417,0.01082889302866426,0.03496078993704497,-33.789962880805014
dolphin,oppo-k3,-3.9360748463526605,0.06431112281113989,0.08067093865886533,-26.155584808061043
dolphin,oppo-k3,-9.29028322448354,0.0464703847267641,0.06658978748242296,-28.837715932824366
dolphin,oppo-k3,-20.02676921837796,0.005431022562499342,0.016436227213897755,-36.53432716263652
dolphin,oppo-k3,6.576045647787867,2.695434871670799,3.0200698580895646,-34.82713258965021
dolphin,oppo-k3,1.5795668903889513,0.40242034578011676,0.4480074186833023,-28.95879639671545
dolphin,oppo-k3,-9.708488520920005,0.04424611686088558,0.053056445701197726,-31.658243724281242
dolphin,oppo-k3,-15.951536382194725,0.013675447260161414,0.017386552947026155,-31.76749178038781
dolphin,oppo-k3,-17.793486304218764,0.011866109122067823,0.03401775809847917,-39.620229472911966
dolphin,oppo-k3,8.926465410660526,5.463624387209884,5.949366966876764,-32.73476571118405
dolphin,oppo-k3,-11.410111138790963,0.05847833230512706,0.10702705659712428,-30.12670215949333
dolphin,oppo-k3,-11.270770828071576,0.04479940307295629,0.05997449975501409,-30.997098339621587
dolphin,oppo-k3,-13.79740488679268,0.026011918380567683,0.02970107031998194,-27.873132031375825
dolphin,oppo-k3,-12.716467337847615,0.02732235045525329,0.03351938545231677,-27.784996122007314
dolphin,oppo-k3,-12.4724417873749,0.033581257028295,0.03980583703451956,-28.962561728818375
dolphin,oppo-k3,-20.391256462112434,0.005649435654482232,0.012977493012677303,-35.42527627991092
dolphin,oppo-k3,-3.6779861565593657,0.28011966104357144,0.30912788192403895,-23.397252718779132
dolphin,oppo-k3,-1.3961790893585668,0.3273235324300222,0.39469699356991844,-33.74761656388469
dolphin,oppo-k3,-14.041585384411029,0.014631091353340113,0.0224227461494812,-27.762624786583203
dolphin,oppo-k3,-10.42212051509076,0.04700914335974969,0.05316060805913657,-28.7499844989854
dolphin,oppo-k3,-18.23707506550099,0.008033038912446723,0.01582018286628162,-35.032206236943445
dolphin,oppo-k3,-3.4450025127527777,0.28791821528212125,0.3334174574981006,-29.250866563623575
dolphin,oppo-k3,-2.2028205163587855,0.2406172863149459,0.28957705207312656,-26.135267471716137
dolphin,oppo-k3,-7.36960365349883,0.07270365691246274,0.08872551823667807,-31.28863225614296
dolphin,oppo-k3,-9.669237333123544,0.03535972502240996,0.039964281130984665,-26.839354997887575
dolphin,oppo-k3,-11.465506318248089,0.03677190970457695,0.04172056688957118,-28.017876181107916
dolphin,oppo-k3,-19.451630182471867,0.005153630056923787,0.01189097269165474,-34.96571623293802
dolphin,oppo-k3,-12.185951991048203,0.028059944604075543,0.03448877302883815,-37.81227061710345
dolphin,oppo-k3,-10.341909433958055,0.03992615109372562,0.05724183633880109,-32.19164655409027
dolphin,oppo-k3,-12.918788551424319,0.032651171842290945,0.05691734445133167,-30.852291432117738
dolphin,oppo-k3,2.0219225598198354,1.1127190893656633,1.2345356723889975,-30.107931172998246
dolphin,oppo-k3,-8.136764500614438,0.04604963810515123,0.09602275263363674,-38.92900561686945
dolphin,oppo-k3,-9.588712017745992,0.06871158654137281,0.0835786279653615,-31.690586724234173
dolphin,oppo-k3,-10.748593737023294,0.06635521072651239,0.0779402190695004,-26.65031583712464
dolphin,oppo-k3,-2.8899482677339288,0.2646203342572107,0.3273676703524131,-29.977075538532745
dolphin,oppo-k3,-5.345869356737532,0.08214294129054016,0.09836920987282982,-29.55637622387439
dolphin,oppo-k3,-5.09242198326787,0.1060719749195691,0.12187278663865174,-25.679657221510233
dolphin,oppo-k3,-8.058915424913028,0.055694145884722455,0.06677614983941164,-28.475778647059656
dolphin,oppo-k3,0.6202540573490292,0.5253665040304111,0.6024856993376649,-32.12376828354558
dolphin,oppo-k3,-14.276728910990677,0.018580960178005763,0.023448082125873983,-27.161282727948016
dolphin,oppo-k3,-10.564400062222226,0.03716374569873971,0.045659064258958396,-28.819030530423557
dolphin,oppo-k3,-17.822479756853827,0.00655806751883012,0.012896831961988008,-33.07185458343236
dolphin,oppo-k3,-3.423307513044641,0.28415817909914065,0.3039113859071518,-25.80281379114281
dolphin,oppo-k3,-9.581777410464742,0.06376094227245013,0.08934102605616985,-25.926931946396692
dolphin,oppo-k3,-7.005408283085803,0.09642265258624975,0.10616037482056243,-37.81884549939121
dolphin,oppo-k3,-9.524237879041259,0.05482581127583485,0.06841045374903908,-28.71385693785081
dolphin,oppo-k3,-19.125911650055674,0.006577355162915249,0.020786273591930977,-37.94941314318004
dolphin,oppo-k3,-12.53027659434116,0.03141347725534832,0.05020976952959173,-27.108546267778948
dolphin,oppo-k3,-12.88827315439488,0.01932770785289569,0.06722402587419483,-34.70233130334701
dolphin,oppo-k3,-21.85657079219345,0.002113174560709477,0.047020985205308764,-40.36176897287521
dolphin,oppo-k3,-19.632743321614083,0.0019986299031755144,0.1447947566530533,-42.18560239025404
dolphin,oppo-k3,-14.916441988748216,0.00844293326946624,0.20813588462960983,-45.478771920999634
dolphin,oppo-k3,-12.52340784173346,0.01654044027452338,0.06950979390771554,-32.985998931399784
dolphin,oppo-k3,-11.631811771641608,0.004032077603073155,0.2385544390768799,-42.62701995019269
dolphin,oppo-k3,-10.926718436818605,0.03283059726255757,0.049341407011349266,-24.400105851508375
dolphin,oppo-k3,-11.899380752662898,0.021554103117080725,0.04940922830527107,-21.099090742480385
dolphin,oppo-k3,-14.934185791840225,0.013100167529362132,0.03630239934189788,-30.062147086790766
dolphin,oppo-k3,-9.393129169329404,0.0445571232178596,0.09952405135358776,-29.595320873687978
dolphin,oppo-k3,-3.017964945435494,0.14541633994847658,0.24542154705044497,-33.08590838509507
dolphin,oppo-k3,-16.390691071086454,0.004549297840953151,0.10436310095515694,-37.17367893979307
dolphin,oppo-k3,-12.594995692681763,0.015168858071715235,0.053299513610571225,-25.88135234435162
dolphin,oppo-k3,-4.461946392217726,0.05340724160424716,0.14698090611094478,-30.170106196185927
dolphin,oppo-k3,-8.849153276467153,0.015847847221980176,0.0735554840520273,-26.908753645900806
dolphin,oppo-k3,-12.335310886002908,0.003263647562878431,0.16666370896933927,-37.03098673527694
dolphin,oppo-k3,-15.809824315312671,0.0023477143939257487,0.2171275656716079,-32.794543706068616
dolphin,oppo-k3,-12.186686251894221,0.032881174199202216,0.054160227473772235,-30.00908491065377
dolphin,oppo-k3,-3.6395057410965475,0.06030970560847664,0.1545341421363927,-29.823325590275054
dolphin,oppo-k3,-16.77776237660771,0.001456032892521436,0.19344592917876197,-37.710146774755074
dolphin,oppo-k3,-10.743973765900037,0.028836987503911466,0.0945586163011071,-24.63005528026455
dolphin,oppo-k3,-6.921733711606323,0.057169845735806725,0.14429896594667377,-31.97198570504845
dolphin,oppo-k3,-12.44448628983779,0.031262593805483456,0.06171195792772534,-29.247670195675866
dolphin,oppo-k3,-8.350933731668897,0.028300315976484972,0.1394143870867787,-31.22402429955639
dolphin,oppo-k3,-15.721807093679585,0.004161079701956859,0.12574942482882534,-36.78910682076258
dolphin,oppo-k3,-10.524948563459564,0.03060752061184243,0.09187834481019426,-28.21507597095614
dolphin,oppo-k3,-11.90568235980371,0.023942194875001613,0.07942590635917306,-25.58916576814645
dolphin,oppo-k3,-18.901878509163307,0.0023726221305624667,0.22710965758640064,-32.83720088424478
dolphin,oppo-k3,-16.758444580103216,0.006100282802850279,0.10559269804578338,-33.42862727342345
dolphin,oppo-k3,-9.319251928283707,0.03389836631945455,0.11875817927036933,-30.27626594672189
dolphin,oppo-k3,-6.677689484610774,0.053359741925941,0.14574956760755878,-33.13056294225141
dolphin,oppo-k3,-14.591291902618169,0.0046036573610861425,0.23399428446737625,-37.87292705342955
dolphin,oppo-k3,-10.580688445597719,0.01949408449706706,0.10100172755359868,-24.47055698019332
dolphin,oppo-k3,-11.220826216108222,0.01059530111241223,0.15120407516938855,-20.446965264739774
dolphin,oppo-k3,-12.880785459551255,0.006210386929319982,0.11141357363059914,-35.17178245699557
dolphin,oppo-k3,-12.935977293601917,0.01702235619256028,0.1063470443865041,-27.319345603760155
dolphin,oppo-k3,-11.784206440510147,0.013008871104046676,0.14035337517289442,-22.27113986943641
dolphin,oppo-k3,-5.643576735311216,0.055274623306119104,0.13578142171207536,-28.565047446860024
dolphin,oppo-k3,-17.214083958376627,0.004693042745117283,0.04008275469826992,-31.827677967398387
dolphin,oppo-k3,-6.875407861786924,0.030402236193272363,0.1381910844216918,-28.435483249633833
dolphin,oppo-k3,4.352734808019104,0.24012467440131732,0.38747075558109106,-31.494808745504063
dolphin,oppo-k3,-19.262956639524443,0.0014181095927771697,0.14845860819098627,-35.63549514418626
dolphin,oppo-k3,-14.493435902713937,0.006667129733925223,0.12296864607615507,-24.063176228755076
dolphin,oppo-k3,-4.893399329397324,0.097700424585876,0.17310245622811352,-29.397260525909488
dolphin,oppo-k3,-10.686115548386379,0.0430307732750873,0.06390178704527938,-30.14833610132409
dolphin,oppo-k3,-5.6654252764140836,0.0757917334437512,0.16208252948111565,-29.62659768659648
dolphin,oppo-k3,-8.700424218465624,0.02306950854526557,0.17343825298091717,-30.126523479048505
dolphin,oppo-k3,-14.706132643948864,0.01268613048210359,0.0978927713904266,-23.39829091931764
dolphin,oppo-k3,-16.714886134956682,0.0033041546434960135,0.19590938400501007,-38.09038771073378
dolphin,oppo-k3,-10.70206050784686,0.030714812472906448,0.1813738949584633,-32.05398660324511
dolphin,oppo-k3,-12.998434467071531,0.015828269532604453,0.2607543010671716,-30.256138167121275
dolphin,oppo-k3,-21.943582203263876,0.0021311143389691643,0.08383535376360497,-35.255043041284864
dolphin,oppo-k3,-10.792084005745295,0.030964024343666838,0.11383315358465151,-28.773072648784925
dolphin,oppo-k3,-4.433214990494782,0.05482159203017259,0.2752485937527802,-34.74239015305974
dolphin,oppo-k3,-3.8040530742918848,0.033343725650549334,0.182220169769103,-29.709170973898512
dolphin,oppo-k3,-2.2758012406505905,0.09498510383405315,0.23974674081553995,-28.299122413370775
dolphin,oppo-k3,-2.2975369302354314,0.06961005151107134,0.22341654892109056,-28.998336163658397
dolphin,oppo-k3,-11.671942338020818,0.00892907970970958,0.1667489275380642,-21.86764543297479
dolphin,oppo-k3,-16.72781639375137,0.007436386472635939,0.06565293744270434,-36.18539190327101
dolphin,oppo-k3,-3.258109638413921,0.13130072420731984,0.23877281626460187,-31.265692778324286
dolphin,oppo-k3,-5.106021077759536,0.05967613796975523,0.2254891860564275,-37.38401536113487
dolphin,oppo-k3,-22.399667605780316,0.0018633637224204616,0.09195127015498683,-38.7347523858089
dolphin,oppo-k3,-14.48191463243694,0.00924946206849953,0.11302704617799192,-25.509863721713486
dolphin,oppo-k3,-16.443825344821114,0.005920924106140881,0.07364552270710337,-19.987521523475802
dolphin,oppo-k3,-18.148014421806657,0.004023684999636515,0.04073773128035144,-31.673724885494536
dolphin,oppo-k3,-4.056313040815052,0.07791397463026054,0.1845552058984681,-30.65542123626407
dolphin,oppo-k3,-12.77485487035402,0.024376220580081712,0.058711210679606704,-28.461038120065396
dolphin,oppo-k3,-13.181023300192141,0.008222381134333642,0.10795030340113353,-20.132746018097457
dolphin,oppo-k3,-11.846266045504736,0.02876432563844445,0.054528368049462546,-31.322796237646756
dolphin,oppo-k3,-7.988241121975587,0.020258516644799014,0.15106544351220672,-33.08827384445236
dolphin,oppo-k3,-16.14321455394657,0.005196376587581369,0.11036515940928567,-36.77798930389583
dolphin,oppo-k3,-18.341101737913128,0.006061510614910871,0.0598951116988961,-29.86912168262004
dolphin,oppo-k3,-9.96909751879067,0.035027611639364784,0.09205772651273085,-32.661029493521184
dolphin,oppo-k3,-14.019551491579145,0.019659919038663733,0.03372330772333325,-32.23449954032355
dolphin,oppo-k3,-11.362666744331715,0.02521576248898628,0.04099428602517225,-24.059379652904433
dolphin,oppo-k3,-16.412926645811567,0.005650716076602698,0.03762463044504863,-31.231872809620498
dolphin,oppo-k3,-4.144452538129325,0.1083699734838082,0.1685723664929104,-29.50081181033324
dolphin,oppo-k3,-10.648980037334654,0.017270032896874808,0.14008981939584794,-36.21102770165794
dolphin,oppo-k3,-11.673341757766433,0.012877765383414045,0.07160973163415243,-28.265502034513364
dolphin,oppo-k3,-11.89326843886266,0.01367992308850938,0.05152657403310658,-21.10977894281062
dolphin,oppo-k3,-5.487244993812719,0.05915980879953683,0.15584674212666647,-30.243440547920606
dolphin,oppo-k3,-19.58687988068992,0.0033361932835449994,0.10784542735921204,-36.59364728157359
dolphin,oppo-k3,-9.398902794429985,0.026541848929506114,0.09461137936932563,-30.958985059818048
dolphin,oppo-k3,-11.27545708426499,0.016633775644160034,0.05849388794244094,-24.44512572510711
dolphin,oppo-k3,-18.296498038724216,0.004962130196104478,0.018496303293199665,-30.73270541567597
dolphin,oppo-k3,-7.291371827382246,0.04472201318148159,0.08688627475857448,-29.661029500115955
dolphin,oppo-k3,-2.9983320108631837,0.1599937411308835,0.19847086898167685,-28.653630033656107
dolphin,oppo-k3,-17.141895647755966,0.004753092644348925,0.06364850841795516,-36.03184728790263
dolphin,oppo-k3,-17.840251543594597,0.009032860090560922,0.028790048687791486,-21.896598408490917
dolphin,oppo-k3,-22.359230348117745,0.0025698978169322417,0.017564259872656238,-32.72359075917854
dolphin,oppo-k3,-6.784191630057281,0.06911495598065172,0.12171133301651092,-28.80579664867646
dolphin,oppo-k3,-2.6299069763244436,0.19863264289662624,0.2754638019552168,-30.63976122885725
dolphin,oppo-k3,-20.37672768390796,0.0033338590630190637,0.06859278910332084,-35.288883022176385
dolphin,oppo-k3,-6.353121628984479,0.052967089375499335,0.12714949551088245,-28.55145379818842
dolphin,oppo-k3,-21.35895878624463,0.0017454288460445233,0.0382643307007273,-33.736937158091465
dolphin,oppo-k3,-7.99339025806712,0.03988239497196208,0.11126365252829737,-27.754268047746532
dolphin,oppo-k3,1.6774762179172262,0.3017015738806964,0.48928232906476016,-32.151394932760354
dolphin,oppo-k3,-20.379219086649478,0.0021380323107124126,0.08694883211168856,-34.0747227057328
dolphin,oppo-k3,-14.847360329470495,0.012457361651151123,0.06958660179902135,-21.676396816990184
dolphin,oppo-k3,-10.362160065824506,0.020066166663996386,0.11055001379144073,-29.47193066379221
dolphin,oppo-k3,-22.047531621664767,0.0012690124904840606,0.11075817825549847,-35.605713081766424
dolphin,oppo-k3,-4.13288568848127,0.12255096550625837,0.19163994778526292,-25.495899239584105
dolphin,oppo-k3,-9.456056592208933,0.02390135919026971,0.11927236193244142,-21.92866943263896
dolphin,oppo-k3,-2.4210167401616185,0.07659527981355117,0.17283978036194694,-29.567221779649763
dolphin,oppo-k3,-14.476576758852422,0.014002799798739408,0.022730442825221256,-29.513689866929504
dolphin,oppo-k3,-2.3933628680608803,0.05354110069551415,0.14339489987814782,-28.226238764495495
dolphin,oppo-k3,-15.561553666635415,0.003972301601491794,0.09856090009324586,-35.385875611002646
dolphin,oppo-k3,-6.093906685590872,0.05864731595126675,0.0953412778810528,-28.937275415361796
dolphin,oppo-k3,-8.993446340464539,0.03207607535112864,0.03991661217486005,-27.153915325656698
dolphin,oppo-k3,-6.708812642868597,0.04619198796152296,0.08565519026784234,-27.58108323767648
dolphin,oppo-k3,-2.0759576180847255,0.09795423226391946,0.1918592071211614,-32.36268737253843
dolphin,oppo-k3,0.062329949394478015,0.33591112732545203,0.43743510507532385,-27.6520134473682
dolphin,oppo-k3,-10.01880992643746,0.02389792470468568,0.08595827304275767,-29.214199022966326
dolphin,oppo-k3,-12.825074151356546,0.02173562457761928,0.03227328960051614,-27.73194775123052
dolphin,oppo-k3,-7.173289022972083,0.035551013342241186,0.09664576882816289,-27.861042539509707
dolphin,oppo-k3,-6.750683707488268,0.05988952925168312,0.11289664162973036,-23.40043997445796
dolphin,oppo-k3,-12.208921357562645,0.013337750045430793,0.03203936348451117,-20.538610972782408
dolphin,oppo-k3,-6.609950244901992,0.06022932415858095,0.13003714464022714,-31.407834233909654
dolphin,oppo-k3,-6.155020186941579,0.052311996496056404,0.11004875452557157,-30.336994887621863
dolphin,oppo-k3,-17.318298630965216,0.0036754448210817524,0.08347080674410932,-36.24892499464731
dolphin,oppo-k3,-11.334343821679262,0.02202650119458029,0.06742789020815973,-25.433141679994
dolphin,oppo-k3,-8.356429574744542,0.024944604011612515,0.09348489668503461,-24.098411429255314
dolphin,oppo-k3,-5.078619681574736,0.04073924884208697,0.15590516050224285,-32.314468144444845
dolphin,oppo-k3,-5.8078539588847615,0.02722123755028709,0.1217739005437822,-30.58292628976533
dolphin,oppo-k3,-8.200436613069463,0.015492223695987177,0.21018890360207473,-34.63487215530161
dolphin,oppo-k3,-10.935485896932116,0.020896771701732746,0.06528322515403624,-27.959139846857667
dolphin,oppo-k3,-3.6820894919436293,0.30850507137683836,0.45292318471161325,-35.37109789186833
dolphin,oppo-reno,-6.222529249090116,0.09531425145317604,0.45354510433505985,-56.5981307752549
dolphin,oppo-reno,0.0964210297649447,0.5643136020288533,0.7906306722013525,-48.95783392787335
dolphin,oppo-reno,-8.853962139807393,0.04587421471319448,0.24116753941930705,-53.26100273396497
dolphin,oppo-reno,-12.991223495575955,0.013734301975295288,0.055301500876733044,-46.35219884189254
dolphin,oppo-reno,-12.080694021903845,0.021320514547791977,0.1065274543673579,-44.146112673786824
dolphin,oppo-reno,-14.253555119151677,0.020332658890127392,0.04152638304802606,-46.122438482217866
dolphin,oppo-reno,3.695630877840492,0.34537956998687946,0.5753136091098967,-33.890724413240385
dolphin,oppo-reno,-20.108766594673355,0.00249207594162142,0.010310669452112096,-39.974977524537636
dolphin,oppo-reno,-18.78425892677287,0.0033064299420654496,0.014980055872987213,-39.64857001213879
dolphin,oppo-reno,12.119581319167434,0.7684376746189144,0.8250465635708082,-39.44206736734763
dolphin,oppo-reno,-11.99584227373939,0.022964615935852684,0.0488136425178665,-44.52152616460897
dolphin,oppo-reno,-20.428318325143138,0.005640136538331534,0.04643400678277311,-50.82906242984478
dolphin,oppo-reno,-1.1988971977600669,0.15622429947156205,0.5223240893095533,-44.45166054060464
dolphin,oppo-reno,-24.247001990589542,0.0018709975039792725,0.06641980332362775,-47.87767450215422
dolphin,oppo-reno,-20.65798455943994,0.004690046182146953,0.049724885491020346,-48.254557444492406
dolphin,oppo-reno,-14.573406909537848,0.01814753241515214,0.11962526122878248,-49.85884890060876
dolphin,oppo-reno,-12.258892449781115,0.025428969266810722,0.08428491966349316,-49.30699903291849
dolphin,oppo-reno,-13.72637833341972,0.017661144993021786,0.08565350489562334,-47.93669615222771
dolphin,oppo-reno,-18.07616424327716,0.008072451388607965,0.043112415582690446,-44.84194620780043
dolphin,oppo-reno,-20.37388422619934,0.004071461570954318,0.01722201451989791,-41.70837170303649
dolphin,oppo-reno,-21.03499697622027,0.0035876376567059963,0.022522262039536046,-43.63393382552008
dolphin,oppo-reno,-24.05515283609429,0.003266802757594601,0.03546291759658778,-43.686003101759
dolphin,oppo-reno,-24.565212454522964,0.00284812875146269,0.020308974542075645,-41.095296186200976
dolphin,oppo-reno,-20.043185435415033,0.0057281300338769305,0.0264193460076257,-44.89900256574768
dolphin,oppo-reno,-21.86873924883692,0.0033186483781596004,0.025903042218616855,-43.054941798279
dolphin,oppo-reno,-24.662363266506247,0.0015910483611044877,0.02601316002211872,-43.02508830241238
dolphin,oppo-reno,-19.027402747850935,0.007897214662140222,0.023694074533394418,-44.55647259065371
dolphin,oppo-reno,-22.771546442695044,0.0024912866117465043,0.03507929549236896,-42.18047693069052
dolphin,oppo-reno,-18.551502334801103,0.0056010988231126645,0.07059743360645533,-47.77608384571798
dolphin,oppo-reno,-15.59458535593068,0.020998814289716033,0.07324490063871246,-48.255795052226496
dolphin,oppo-reno,-21.07033692592131,0.005906248459192691,0.04535284175859647,-45.758539411649394
dolphin,oppo-reno,-21.613801064320178,0.004562970529963496,0.03342893846900922,-44.8219549803985
dolphin,oppo-reno,-12.82573226438849,0.017991519279626972,0.14082415727622283,-51.26264042911751
dolphin,oppo-reno,-16.311210244823375,0.007270261739958688,0.03839983672996936,-47.54880382191039
dolphin,oppo-reno,-14.254220401247917,0.009686414681935374,0.048385332432383105,-46.308596998483495
dolphin,oppo-reno,-21.29831261709842,0.003992179078837492,0.028095401298831674,-44.995428517625705
dolphin,oppo-reno,-19.73604289411539,0.004845361352678236,0.02348422174936308,-41.68776651284878
dolphin,oppo-reno,9.85450928114943,0.7151694398563581,0.7735359553616985,-34.98959067187008
dolphin,oppo-reno,-16.60103575805315,0.015333171405725694,0.03276538441563272,-43.70649116927907
dolphin,oppo-reno,-9.695053288755323,0.07376495413821928,0.15092399798794115,-45.82262925700472
dolphin,oppo-reno,-23.736208843168892,0.003018875059618755,0.03527839359828798,-44.37041363974093
dolphin,oppo-reno,-17.448158926648052,0.005654341065701247,0.0182746956342314,-42.63740452413428
dolphin,oppo-reno,-16.74254666360684,0.006172281764177271,0.024340103721081828,-41.54945010518878
dolphin,oppo-reno,-19.755810511072283,0.004943755341083126,0.02396745441140049,-43.47750806319514
dolphin,oppo-reno,-19.566972064468544,0.005617129239956787,0.03362272457446845,-47.37517032113111
dolphin,oppo-reno,-23.140117080141774,0.003291240323906541,0.03259206337469933,-46.17544899147508
dolphin,oppo-reno,-15.249069488649747,0.013249007258129893,0.05812115150259516,-44.04025361051247
dolphin,oppo-reno,-21.04084688905672,0.0034746010263873076,0.02460745312223665,-44.75187347360094
dolphin,oppo-reno,-16.14042866605397,0.009002930109310088,0.01649244033685125,-42.074417688500546
dolphin,oppo-reno,-18.399484332513904,0.0045380786175516045,0.02653751969983601,-41.69810700713385
dolphin,oppo-reno,-18.328938471034423,0.0033900921530790095,0.028750084386802634,-41.630450620901854
dolphin,oppo-reno,-6.902000303232171,0.09757408659725504,0.19314029784406717,-46.89024816242473
dolphin,oppo-reno,-15.459015173447765,0.009714810969484894,0.04717515258678784,-45.286353654243456
dolphin,oppo-reno,-14.084999547366628,0.013636611426758946,0.07539808792132166,-43.563111733609574
dolphin,oppo-reno,-23.190551212767893,0.0032360277112335445,0.08102957333143437,-52.15844988596632
dolphin,oppo-reno,-10.72091089277391,0.05094298903338371,0.13164173716506797,-48.94755447178091
dolphin,oppo-reno,-12.562302177669093,0.03165697005715591,0.15244169384018758,-47.91302917453655
dolphin,oppo-reno,-20.296562701530018,0.007550671732112612,0.02741595914899568,-45.68308861624067
dolphin,oppo-reno,-19.292497853492186,0.008199268466176088,0.033827878695552475,-44.77129210742872
dolphin,oppo-reno,-20.072994992461584,0.006813801854915146,0.04796342094015669,-44.082102330734756
dolphin,oppo-reno,-22.361762693604202,0.003525314579391594,0.031935059480859895,-45.46881346970963
dolphin,oppo-reno,-22.32844657710052,0.002791563860611989,0.060562274175694014,-44.33305861237818
dolphin,oppo-reno,-23.67208394999505,0.00329892249690995,0.03905705771193548,-46.35378675643054
dolphin,oppo-reno,-22.535477033996855,0.0037646953893194957,0.051786941629590376,-45.97975806037206
dolphin,oppo-reno,-20.753445144043496,0.005181053836738863,0.11888258548775579,-45.82293531156431
dolphin,oppo-reno,-21.567889721742727,0.005729953113273956,0.03310862459119556,-44.28043739583072
dolphin,oppo-reno,-21.097552144862384,0.005736366081708417,0.025928269507729435,-43.930062523007464
dolphin,oppo-reno,-23.552186178390834,0.0033182250830268148,0.055659313633125894,-43.52863830360143
dolphin,oppo-reno,-22.388160577832284,0.004059771552544448,0.05543341003483496,-44.819072997675505
dolphin,oppo-reno,-21.92324267716424,0.004650900090962956,0.03834141923200781,-46.42058560762231
dolphin,oppo-reno,-21.33059675666182,0.003818152041974278,0.08559880813175798,-45.88729599509533
dolphin,oppo-reno,-27.142901649946282,0.0016152536621767686,0.030227446476297826,-43.6637174253488
dolphin,oppo-reno,-25.6203983817758,0.0020851547602638403,0.05516440950338635,-44.06726965205918
dolphin,oppo-reno,-20.898759409196987,0.0060221656580473504,0.036720033754160386,-45.38478985049876
dolphin,oppo-reno,-18.1297636503719,0.009724680659113612,0.0913131318094509,-43.93098382506378
dolphin,oppo-reno,-25.229786930938353,0.0027797330581590027,0.016805109047754074,-41.810159724054856
dolphin,oppo-reno,-25.999642597443806,0.002136489592560597,0.03325768286580286,-42.016631104527775
dolphin,oppo-reno,-27.674906991820706,0.0014457823899227055,0.038336528711403174,-41.31446583215955
dolphin,oppo-reno,-21.625530070702425,0.004071415959914345,0.07049630013325478,-45.07759431121117
dolphin,oppo-reno,-18.612830260947604,0.011329622689206993,0.04152432929333075,-46.08540633650585
dolphin,oppo-reno,-18.63528159700483,0.009960669162015304,0.07469478093666265,-45.706765218271805
dolphin,oppo-reno,-19.61241449141053,0.00841814828596942,0.04022137131396855,-46.05585365812195
dolphin,oppo-reno,-20.44812232687011,0.005910142171858666,0.08412680271712533,-45.78244803895117
dolphin,oppo-reno,-19.45442273657578,0.007111180843941603,0.12110792840985275,-44.670620532829865
dolphin,oppo-reno,-16.803647253567593,0.016935661581697705,0.046432308289586686,-47.164478882461395
dolphin,oppo-reno,-22.150709968343737,0.004483798953572644,0.07104556638934179,-45.58332800008902
dolphin,oppo-reno,-20.72955391678481,0.006063728865114017,0.07275466513596913,-45.308322745570734
dolphin,oppo-reno,12.220173194226579,1.4125036863669467,1.4282587996725622,-36.402960726548976
dolphin,oppo-reno,-20.611666359935242,0.005817152130392172,0.060516934981002614,-43.10433825351919
dolphin,oppo-reno,-19.107297711878676,0.008509721936326518,0.07578096589642394,-46.27382203422048
dolphin,oppo-reno,-25.059532596068372,0.002284089962222384,0.08363302094923993,-45.38992272247253
dolphin,oppo-reno,-15.71977105658176,0.017445690232133645,0.10918674146821254,-46.5524646530012
dolphin,oppo-reno,-21.937381797727777,0.0042612279039247825,0.0891414666098766,-45.416287119527404
dolphin,oppo-reno,-23.52876512949559,0.003503015504927779,0.06391742953661915,-46.978787152649744
dolphin,oppo-reno,-24.333356253409065,0.002457840397713336,0.1009778092571319,-45.90136805914884
dolphin,oppo-reno,-16.59585413736238,0.018087449740563727,0.048013402720472664,-43.128343101672314
dolphin,oppo-reno,-21.84383573606909,0.005240606212352981,0.03923036259410709,-43.91662947009415
dolphin,oppo-reno,-10.145586303285095,0.06615287165749316,0.11301528534000284,-45.65403313556285
dolphin,oppo-reno,-21.30706762571497,0.004751590699950471,0.05131447550928093,-45.13013789435473
dolphin,oppo-reno,-19.99390889629324,0.005563085908424779,0.12671793473924728,-47.184297532618096
dolphin,oppo-reno,-16.55817343480438,0.017594912441435955,0.0736416166989734,-45.31534447062211
dolphin,oppo-reno,-21.876071162785152,0.004608879383498029,0.05644525698228735,-46.262064778090405
dolphin,oppo-reno,-20.299588777499196,0.004414343570482596,0.07989018262561186,-45.41685728472362
dolphin,oppo-reno,-22.467998828752084,0.003939942041035203,0.06957802655432913,-46.040428237422404
dolphin,oppo-reno,-21.733076954666082,0.0033158269810832936,0.06144034100620623,-44.058952904134685
dolphin,oppo-reno,-21.462530752674137,0.004226601761060294,0.07349879257027114,-44.68217293168203
dolphin,oppo-reno,-14.895463640057269,0.02224659266421077,0.18904858050127554,-55.27739700861513
dolphin,oppo-reno,3.1156364426550804,0.48324424187447046,0.7149760953495053,-51.61951675416905
dolphin,oppo-reno,-5.044194940943152,0.10861362154975429,0.36601825351031647,-53.88907273940475
dolphin,oppo-reno,-0.7167814124210269,0.5849152249904718,0.6909393855946898,-48.71200345080652
dolphin,oppo-reno,-16.905662116911948,0.012027468332422974,0.11550981211956514,-49.16439565314538
dolphin,oppo-reno,-18.998392667578216,0.007175729762470318,0.030521618103732797,-43.64053804877435
dolphin,oppo-reno,-17.874500216278054,0.010496411423861074,0.05445110890512592,-46.48732793923255
dolphin,oppo-reno,-12.876218137429943,0.029689221841316442,0.1633948841355506,-49.15167187006407
dolphin,oppo-reno,-12.178049618175084,0.048440015064613914,0.11908363125362847,-46.062234055190025
dolphin,oppo-reno,-7.2132555274017385,0.10828748320302488,0.2865833436060315,-49.44154438850993
dolphin,oppo-reno,-21.348230583352592,0.0044779768684633185,0.0973101839175016,-48.35270014987926
dolphin,oppo-reno,-5.7438892363621905,0.08831725293123568,0.21888504941023823,-46.93489410524268
dolphin,oppo-reno,1.8810769481608203,1.0669832960037564,1.2497826918341666,-45.302973291217455
dolphin,oppo-reno,-18.723326945700254,0.0092517814272605,0.06755668182534333,-45.07827822176246
dolphin,oppo-reno,-20.63937517962785,0.0064783724463908865,0.0561774551681369,-47.705908747547085
dolphin,oppo-reno,-22.007906741758717,0.004126895243252921,0.08552067157817306,-47.349860867439205
dolphin,oppo-reno,-19.331325896119424,0.007542159777725789,0.05425541728563328,-46.149579501163615
dolphin,oppo-reno,-24.151340943787837,0.0034010275870268608,0.02169205382406914,-43.020608179598995
dolphin,oppo-reno,-19.924653635592318,0.008682341297674737,0.04910327544471801,-43.28884046660789
dolphin,oppo-reno,-15.54198040964029,0.017630017558692198,0.08582195626260826,-45.10951777520784
dolphin,oppo-reno,-21.84032654699319,0.005840629503196744,0.040284663958290313,-47.33964108906906
dolphin,oppo-reno,-19.040499459301166,0.00964145881290278,0.10113573974571148,-48.848248927160085
dolphin,oppo-reno,7.59266502245279,0.6972425391457292,0.7714669986592547,-34.88580084290173
dolphin,oppo-reno,-17.96552875653131,0.01241414583561441,0.04979824105653242,-46.96412135853627
dolphin,oppo-reno,-14.778462353029848,0.02201860438852285,0.07263094822222332,-46.459225834719575
dolphin,oppo-reno,-15.838498459613572,0.021839979286033817,0.0505141041938362,-47.61304697187498
dolphin,oppo-reno,-17.801476682308746,0.012260901062626318,0.09868050078916298,-47.18210235157006
dolphin,oppo-reno,-10.623715875089697,0.060564989462994004,0.14149926376897198,-46.633466847801515
dolphin,oppo-reno,-17.362115165371087,0.009878008752275107,0.16684001475961177,-49.75008927083476
dolphin,oppo-reno,-6.789029577053737,0.14296852900741824,0.21929746275896322,-48.25746472881203
dolphin,oppo-reno,-23.27079207932424,0.003913776995661048,0.05025916472092286,-45.46575587081819
dolphin,oppo-reno,-24.2123979142616,0.0029023138262252507,0.057833139807318835,-45.633304202899424
dolphin,oppo-reno,-21.032788029068982,0.006374520842823285,0.030226772699546465,-46.64210657041916
dolphin,oppo-reno,-20.684152754005343,0.004928424465481776,0.0607093454278467,-47.876503165610785
dolphin,oppo-reno,-19.94557958178824,0.008013556783858351,0.0416914761275162,-46.72580861082703
dolphin,oppo-reno,-21.619368046396247,0.004471928896475585,0.04464881604950204,-45.80041247160392
dolphin,oppo-reno,-18.269196308047764,0.011027412748174634,0.11968802757343022,-47.650442911399715
dolphin,oppo-reno,-21.91643552725999,0.004641873144870139,0.0877750387085702,-47.378882597005905
dolphin,oppo-reno,-9.351217159338676,0.07730385271024562,0.2670380843391486,-46.391594172414294
dolphin,oppo-reno,-23.325899115798926,0.003801718206157407,0.06474673671633424,-47.98240293141837
dolphin,oppo-reno,-7.576326818420471,0.11603146765249299,0.22838816699513348,-44.75770426678558
dolphin,oppo-reno,-13.114596649222959,0.025649451004707738,0.15957995214490514,-50.977192146939394
dolphin,oppo-reno,-19.057188420298893,0.005871159195301473,0.0698933749152206,-47.907730201290704
dolphin,oppo-reno,-19.30711480002619,0.0075969255491912,0.09902332909734766,-48.179467176157324
dolphin,oppo-reno,-10.206032026789293,0.043528541755997074,0.08032277128817994,-46.14616215318755
dolphin,oppo-reno,-20.025302607973625,0.007578142303051173,0.09099608446646304,-47.83438314833208
dolphin,oppo-reno,-19.839932723240118,0.007515714808040851,0.08614097111106808,-47.79719653287279
dolphin,oppo-reno,-17.621355052428743,0.01111865330382639,0.1922040736745583,-53.56247017400972
dolphin,oppo-reno,-19.676797891547977,0.0073623632711626264,0.12791492070689797,-51.488052228291714
dolphin,oppo-reno,-10.084774690072917,0.0687597270179082,0.15955838283183707,-45.747106416686705
dolphin,oppo-reno,-19.09475055669501,0.008645924662655539,0.04202146062265116,-44.44715629679809
dolphin,oppo-reno,-7.0870102778220385,0.11350991024474909,0.20941474507246127,-46.85314712504483
dolphin,oppo-reno,8.205391935810418,0.7102111621702449,0.7555942429578423,-35.871914257814204
dolphin,oppo-reno,-14.682700797705834,0.021310955035832708,0.05676585043588754,-45.04274584488922
dolphin,oppo-reno,8.772825933242318,0.7108183444159654,0.7725391069554992,-35.856577686029674
dolphin,oppo-reno,-23.135348457117058,0.003445216188999484,0.06591965218816732,-46.88707606966073
dolphin,oppo-reno,-21.583669323574483,0.004070500286009133,0.058544072679119666,-44.92711921055081
dolphin,oppo-reno,-6.9918805530595005,0.11258603231205816,0.2558819651595039,-48.47611864958686
dolphin,oppo-reno,-2.241181004927779,0.3862648245335073,0.537966892733436,-49.956626551337976
dolphin,oppo-reno,9.055774975116735,0.7762061033154846,0.8433241184140055,-35.90430053999716
dolphin,oppo-reno,-22.09930570736729,0.004278247675780328,0.05244191321870512,-45.45929073261094
dolphin,oppo-reno,-13.551220876970724,0.03116548312313902,0.11636579572882881,-47.99086290942743
dolphin,oppo-reno,-17.71068378175077,0.01152546042983575,0.0935051439170799,-46.58609667876577
dolphin,oppo-reno,-24.96655754463783,0.002076641058834854,0.05425830023570755,-45.996895978758864
dolphin,oppo-reno,-5.491319344957977,0.12046126968995315,0.33980512782910377,-46.522551991927
dolphin,oppo-reno,-18.904487087643382,0.005828687274504306,0.11551083417929048,-47.895111296493425
dolphin,oppo-reno,-22.15129958738981,0.0031965307803666666,0.06486991916913959,-46.99228334111892
dolphin,oppo-reno,-19.19600361802709,0.008915874765984792,0.04760331327718557,-44.62018018985078
dolphin,oppo-reno,-13.673102646597533,0.03311242857522045,0.07601167743539954,-44.84400893873975
dolphin,oppo-reno,-23.49694495749382,0.003304310648135363,0.04627571699392794,-43.89315907907657
dolphin,oppo-reno,-10.661550716518274,0.059474522904695945,0.11766473793891702,-46.10539034248887
dolphin,oppo-reno,-20.66837126705419,0.006077797679297185,0.054435440085341215,-44.97159065225887
dolphin,oppo-reno,9.161924857390751,0.7862128926844337,0.8428630627416207,-33.557414558366155
dolphin,oppo-reno,-23.45290252794626,0.003852385321361912,0.029047513052777075,-42.446616750339885
dolphin,oppo-reno,-17.754462825511872,0.010993382208564974,0.09617847868271871,-47.34951894545418
dolphin,oppo-reno,-13.635606906028405,0.027331897910880226,0.1254068325940117,-48.60488662078802
dolphin,oppo-reno,-19.51566886758682,0.007106835725563671,0.0825366140124804,-47.078373191554164
dolphin,oppo-reno,-11.056229205200864,0.05924791509901884,0.13276574108731218,-44.95683806586239
dolphin,oppo-reno,3.573168691007277,1.8003210913288634,2.001711683027614,-46.898431080616064
dolphin,oppo-reno,-16.221287496117178,0.019908665116003834,0.03480755279520528,-44.10978019915473
dolphin,oppo-reno,-12.184251477289976,0.04512244817141992,0.10366833928313278,-45.0268482671757
dolphin,oppo-reno,-22.109799754021395,0.004564543039572498,0.031493617399112946,-44.001043285932354
dolphin,oppo-reno,-20.49973153495575,0.006760624773069015,0.059924517279487506,-46.629364537283344
dolphin,oppo-reno,-23.16500244549504,0.003561004687161123,0.04382385405969276,-46.367255017978835
dolphin,oppo-reno,-10.661770138364062,0.052698145797549806,0.1464898776346672,-47.544467661701105
dolphin,oppo-reno,-22.703754997670007,0.0034205481397985267,0.04499628122405995,-45.7687565757016
dolphin,oppo-reno,-21.0503788737511,0.006001032029172486,0.035607476732771134,-47.05574148723289
dolphin,oppo-reno,-19.65833073518201,0.007463131099581319,0.037668050431199876,-45.61014633454907
dolphin,oppo-reno,-12.110099739687731,0.04801778567081449,0.09191996228332308,-44.29365923182857
dolphin,oppo-reno,6.026938859956706,0.6296159909525486,0.7010756039104338,-37.11829746870541
dolphin,oppo-reno,7.601683274278846,0.7007214738517544,0.7805101102012848,-35.39498580807367
dolphin,oppo-reno,-0.4213622870420951,0.6892712115974411,0.7886880064284898,-44.93859025962807
dolphin,oppo-reno,-19.608935041406376,0.008152239262836059,0.03880894009628496,-42.665467093201606
dolphin,oppo-reno,8.256737531148273,0.7696483902705068,0.830534289114735,-36.11525685231101
dolphin,oppo-reno,-26.522193665934406,0.001877848250091231,0.03318217023382206,-44.43519858113457
dolphin,oppo-reno,-9.046643234785066,0.09654907779018491,0.13330608806249294,-44.344541939147234
dolphin,oppo-reno,-22.45530537146636,0.004340156247820379,0.05629245814177684,-42.46544578419635
dolphin,oppo-reno,8.269041947206663,0.7408119846242186,0.8106374590495304,-34.57535155457761
dolphin,oppo-reno,-27.327050564920597,0.0014588772834748889,0.03514437187589649,-44.46584573204135
dolphin,oppo-reno,-23.60568851828788,0.00314457592579121,0.12989475064898903,-44.03663526980879
dolphin,oppo-reno,10.243554645755806,0.8099606604729123,0.8778151652899452,-35.99456681018363
dolphin,oppo-reno,-20.046706241046202,0.007569545344945275,0.07362784604264246,-47.431600606894705
dolphin,oppo-reno,-19.516279217892517,0.007215834730725395,0.1553333852373411,-44.706901161714995
dolphin,oppo-reno,8.732365878852121,0.7171152331585886,0.7885803393571159,-37.01310416650669
dolphin,oppo-reno,-8.068690335257774,0.1318178807255006,0.16179217929948644,-43.75267123497168
dolphin,oppo-reno,-18.963330097544336,0.009348240482967821,0.10805322570107043,-45.27618332018535
dolphin,oppo-reno,9.427886121094927,0.7881674629127169,0.8472166526734316,-37.196216087532825
dolphin,oppo-reno,-12.465893621810409,0.04250577482123523,0.09513602452693158,-45.41774335815627
dolphin,oppo-reno,-23.317621739843236,0.002700492505852563,0.03450274885385418,-44.88002050947724
dolphin,oppo-reno,8.874575908255906,0.7711304971730593,0.8301743258402239,-36.30284767656791
dolphin,oppo-reno,9.093172279078818,0.736451459643377,0.8097517178604616,-36.04621523039249
dolphin,oppo-reno,6.665664578757518,0.7017742327005864,0.7444474569645072,-37.1912988463444
dolphin,oppo-reno,-13.571052148594454,0.02695190590513617,0.2617764229064864,-56.627881745503586
dolphin,oppo-reno,-7.79280660697632,0.1253868366311791,0.19316636878768395,-53.41191061110713
dolphin,oppo-reno,-5.561829804906699,0.19399648167272204,0.22376872716187954,-44.05570238589449
dolphin,oppo-reno,-14.860952935010678,0.01923155482969929,0.046152569050533276,-44.08907679716589
dolphin,oppo-reno,-18.601372798034323,0.006766082020355963,0.0369353776598148,-42.50520852622152
dolphin,oppo-reno,-22.74404855082271,0.003943614367521729,0.048366882726584105,-46.45825603388447
dolphin,oppo-reno,-16.305341154720846,0.01669839210450061,0.1014095362326638,-46.23471163405739
dolphin,oppo-reno,-19.80772417483921,0.006592977691912869,0.07971467140533128,-45.92854410152488
dolphin,oppo-reno,-21.969588092210266,0.004962059930093924,0.0607437865088234,-46.265921856931804
dolphin,oppo-reno,-8.260814381696418,0.10641768240036902,0.1510734594012166,-45.018725274725355
dolphin,oppo-reno,-20.748579866399027,0.00547092373518548,0.10685815051273681,-44.93845399370629
dolphin,oppo-reno,-20.811085574355914,0.005639636847245897,0.062231115142118675,-47.79479086832646
dolphin,oppo-reno,-17.978678677701502,0.009262152347716353,0.06254975514258385,-46.72787467365965
dolphin,oppo-reno,-21.624672982238067,0.003936432124785551,0.07131221868405711,-45.314691553637026
dolphin,oppo-reno,-18.898615651330836,0.0081955140060816,0.05980722257850561,-50.75608288466007
dolphin,oppo-reno,-21.410187966879683,0.004843030185666202,0.0631859907176238,-48.1998153691519
dolphin,oppo-reno,-20.873479042597808,0.005995982209524221,0.053745316012388515,-46.61980587940397
dolphin,oppo-reno,-17.653265872030637,0.011374892653322515,0.10148704430896663,-46.54461013321172
dolphin,oppo-reno,-22.40917204950332,0.004917342546415229,0.032710449767913145,-44.90748107634165
dolphin,oppo-reno,-21.363107938235927,0.005687271745894745,0.056910708115313714,-44.49604097398723
dolphin,oppo-reno,-18.816506932484394,0.010082095505194942,0.035923699302602925,-46.783285983667355
dolphin,oppo-reno,-24.462328710441454,0.002248941729007593,0.06444497759197314,-46.861351072955415
dolphin,oppo-reno,-22.028281410366212,0.0031271047416036105,0.07268525167824484,-45.92779785307147
dolphin,oppo-reno,-1.5152812678569472,0.5515306453048014,0.7132680539254772,-48.91847991931846
dolphin,oppo-reno,-11.902885110745823,0.04818576872687592,0.16606415311728834,-49.732644714914656
dolphin,oppo-reno,-17.937330466767992,0.012026280399280921,0.07039018760131283,-46.49000401613008
dolphin,oppo-reno,-18.825823406371033,0.00875547298946473,0.047112557641921404,-48.23674157214129
dolphin,oppo-reno,-19.086421079801173,0.007976337439090587,0.0826707911963416,-46.169263355322684
dolphin,oppo-reno,-22.286135977257725,0.004556196146032484,0.037065975516244,-46.94488036098842
dolphin,oppo-reno,-5.663816834783435,0.15867098804744983,0.2909112728483744,-47.37282716763731
dolphin,oppo-reno,-21.259337608868563,0.004805077637038972,0.05636738193103874,-46.07122756607139
dolphin,oppo-reno,-18.413923793397583,0.010412116951970236,0.07111449536671476,-48.78962825751156
dolphin,oppo-reno,-17.893995753163924,0.009852369265990268,0.0839233388530816,-49.08831833078574
dolphin,oppo-reno,-21.413643236165363,0.005372699990103929,0.034172413192331594,-46.569489323316944
dolphin,oppo-reno,-9.995039901487074,0.07386453616785651,0.1303424349385294,-46.26678213940125
dolphin,oppo-reno,-21.71549019540738,0.0046077976069770765,0.023262215514946696,-44.90469128352727
dolphin,oppo-reno,-21.6022051948258,0.005738708511743887,0.0721070182889656,-48.05552260186262
dolphin,oppo-reno,8.84921805837304,0.739630375322055,0.7953435134430233,-34.55695461298298
dolphin,oppo-reno,-22.13112569299345,0.0043928480773478785,0.02362972586926674,-42.92994193920417
dolphin,oppo-reno,-22.73044716352249,0.0038710798910759525,0.035410511375189566,-44.362119887593124
dolphin,oppo-reno,-25.075324992778313,0.002532935575383266,0.021190498050750087,-44.589674234034014
dolphin,oppo-reno,-22.6836207802614,0.0032314397753573777,0.038350025092382924,-44.294441699622986
dolphin,oppo-reno,-21.200200216985582,0.0038952070230218253,0.02917204870494542,-42.99149813567298
dolphin,oppo-reno,-14.667324972034425,0.024339150702862234,0.11238375069284828,-47.31255852473683
dolphin,oppo-reno,-17.493097760607025,0.010843387320582985,0.07708664747315827,-46.841080753600465
dolphin,oppo-reno,5.683007450614768,0.662329560920118,0.7296398665732627,-37.829663919948004
dolphin,oppo-reno,-21.798300041075073,0.005395041025983528,0.035080290637688284,-44.804530780122235
dolphin,oppo-reno,-20.755704795234273,0.006091347648755877,0.06762102308281655,-45.96454852871126
dolphin,oppo-reno,7.727790899699193,0.6840926902249354,0.7578391827355889,-38.40582710447999
dolphin,oppo-reno,-17.316750144174648,0.010968625058628187,0.05892615450098098,-45.62517081550921
dolphin,oppo-reno,-20.298648353494674,0.004786741029508554,0.06146614187259414,-45.65447341019615
dolphin,oppo-reno,7.708301847628319,0.7336641044229275,0.7953912439280735,-38.99148369730191
dolphin,oppo-reno,-21.43551960523118,0.0037022985867007896,0.057198377405947784,-45.54803003796091
dolphin,oppo-reno,4.369975965043656,0.6104106209070624,0.6814072340822853,-38.55828992353344
dolphin,oppo-reno,-18.30576558761129,0.009190914261198902,0.05420134041472513,-47.221486345660644
dolphin,oppo-reno,-10.375719040891822,0.030282594183011234,0.40499597719914676,-56.42717085237325
dolphin,oppo-reno,-7.559882598172726,0.04082025534120534,0.5417381495956113,-57.01985684005847
dolphin,oppo-reno,-13.057170658613417,0.014122109970087145,0.40257492859720895,-54.390829903378865
dolphin,oppo-reno,-6.84711992602281,0.056492343136144624,0.2924132390030366,-52.04913948470693
dolphin,oppo-reno,-9.097850224193314,0.04641960182082743,0.2819222951882709,-49.471281666486746
dolphin,oppo-reno,-18.31304952604466,0.006156865817300672,0.11170107978512961,-49.422073149821976
dolphin,oppo-reno,-19.676349067939146,0.0038549926387186563,0.14339881827493273,-49.32436020360743
dolphin,oppo-reno,-18.343116449753328,0.00787621230475502,0.08067305581085969,-45.11703103211927
dolphin,oppo-reno,-18.830712564911945,0.002062838137160799,0.1882885414394429,-49.77437629944284
dolphin,oppo-reno,4.93885014031867,0.22893054453441794,0.4929773831866141,-49.16190003723479
dolphin,oppo-reno,-11.730234100893238,0.008954103524051002,0.18749916697213106,-47.204634738030926
dolphin,oppo-reno,-14.65206011804678,0.007054996340367333,0.21442482670142293,-50.10365941257977
dolphin,oppo-reno,1.6761543075456116,0.15654252925014903,0.42539095188253234,-49.45668762021539
dolphin,oppo-reno,-7.5037444318978554,0.04003419082781175,0.28509539807413564,-45.25311714939286
dolphin,oppo-reno,-21.582990694528167,0.0032070445499249984,0.10271413304087174,-48.47527693435343
dolphin,oppo-reno,1.5841220748041729,0.45059057549893916,0.6333727989992601,-47.519384874655906
dolphin,oppo-reno,-14.598081885725783,0.012243180176933025,0.2344479347330823,-48.706397104823225
dolphin,oppo-reno,-11.095908673502526,0.016588177906082725,0.3025083709667671,-50.26068734860708
dolphin,oppo-reno,-7.469420582620234,0.0396996275025078,0.3693151346568301,-47.72294535577369
dolphin,oppo-reno,-12.266853813141111,0.02426331473746309,0.166192097408328,-46.55803155232533
dolphin,oppo-reno,-13.009212602857394,0.01539466104670804,0.24844743565798116,-49.17157877456508
dolphin,oppo-reno,-13.376223916845047,0.011086724896532115,0.2755922452211194,-46.621835333908365
dolphin,oppo-reno,-19.390718950454872,0.002998899150183981,0.20062554563257565,-47.284928240143856
dolphin,oppo-reno,-5.21203681725396,0.0511634835631308,0.23938709851735468,-46.26669159898558
dolphin,oppo-reno,-15.694410916913494,0.005845455532552507,0.19487503780236623,-46.357251437940874
dolphin,oppo-reno,-9.33281016976315,0.0506815574484745,0.15485722668184046,-45.91380543317256
dolphin,oppo-reno,-15.586146039571931,0.010313894037990119,0.17014134076798287,-48.78448381046749
dolphin,oppo-reno,-6.7373177857823805,0.04632302382961897,0.27385081568811787,-48.767131128142516
dolphin,oppo-reno,-16.640539300855906,0.0053343916845666655,0.23564593096440306,-48.83550584001354
dolphin,oppo-reno,-20.26997577499241,0.006065461165543606,0.08947428985243065,-45.378489289555326
dolphin,oppo-reno,4.627420762478247,1.1326929544256752,1.3646788599210635,-46.36571807958748
dolphin,oppo-reno,0.22712038283234437,0.11005999901301478,0.4137395750327843,-49.3903460833926
dolphin,oppo-reno,-16.76409569155714,0.0040304849411502055,0.15919935051326436,-46.91138408350809
dolphin,oppo-reno,-3.103326409713654,0.14728070308345265,0.30524574587153314,-47.29145902887359
dolphin,oppo-reno,-19.277366039376716,0.004220700933191618,0.13533217748475596,-46.67089109710143
dolphin,oppo-reno,-18.50150942445729,0.0073054699993198285,0.08420872922742056,-49.6121080109334
dolphin,oppo-reno,-15.933700440990066,0.012002224943154562,0.13541162075081825,-48.81018461323195
dolphin,oppo-reno,-17.76242505395564,0.006527016697801301,0.12613109418068877,-47.70777191123933
dolphin,oppo-reno,-3.709657526497561,0.11357536451065006,0.3773476073383107,-51.604327760912284
dolphin,oppo-reno,-23.47645507861769,0.0024817568588848737,0.10667412524387328,-47.121926370816205
dolphin,oppo-reno,-19.560247002016553,0.005665881389502253,0.07633861167065595,-45.66696423752131
dolphin,oppo-reno,-15.966676486730037,0.010070580513487231,0.1201787671583051,-45.714019178095995
dolphin,oppo-reno,-9.93223927069096,0.0581086098882472,0.15105068081964132,-45.88123760722794
dolphin,oppo-reno,0.6791865580851336,0.4974186764816262,0.6321550392056295,-47.12992896246661
dolphin,oppo-reno,-11.874761053872568,0.026228806225307263,0.12213084444494528,-45.769118928044165
dolphin,oppo-reno,-20.292165701335435,0.003527149056622149,0.14591665354277675,-47.12895032037915
dolphin,oppo-reno,-8.9324763984871,0.056500339061657474,0.15298974066583923,-46.3131298248694
dolphin,oppo-reno,-13.885405771763077,0.01006252662635759,0.1387917897107096,-46.9299614028159
dolphin,oppo-reno,-18.32794476617964,0.004152972950127288,0.12133626255239946,-46.3333073001661
dolphin,oppo-reno,-20.74021235391271,0.003615972293149965,0.06253156206636597,-46.05698110045131
dolphin,oppo-reno,-3.4063470415192443,0.17643704748843658,0.2573022030249378,-46.82017730546236
dolphin,oppo-reno,-20.2997652038963,0.0038731192191857424,0.07043111632937597,-44.69778246556365
dolphin,oppo-reno,0.5387678652733692,0.4144897815571933,0.5111550228100582,-43.555649732981294
dolphin,oppo-reno,-21.75954405469745,0.0025743863762133588,0.041068400064897786,-43.61639293746972
dolphin,oppo-reno,-22.454040355261327,0.0026447943757988627,0.10506555115252238,-47.846391174210254
dolphin,oppo-reno,-11.225952138273348,0.036359146384086806,0.12210881389144634,-46.54714231769172
dolphin,oppo-reno,-20.977904827459856,0.0032310987635558656,0.06502309411203373,-46.48259395569741
dolphin,oppo-reno,-16.395537682834288,0.005620605365213041,0.14405928664815273,-47.6908561322573
dolphin,oppo-reno,-10.711848622711207,0.02033472133357137,0.1726212630077076,-48.75922506535212
