set,cat,prom,stab,f,sb
benign16k,speech_noisy,17.12078978044393,0.5,4099.609375,36.950045526727855
benign16k,speech_noisy,26.010139403242988,0.375,4564.453125,20.57460926057731
benign16k,speech_noisy,6.864027111082805,0.03125,4738.28125,22.353628831442162
benign16k,speech_noisy,7.275965930287413,0.0,7634.765625,21.08267165510535
benign16k,speech_noisy,7.630183218563758,0.0,5048.828125,32.21658635876621
benign16k,speech_noisy,9.215856708657,0.03125,5718.75,22.078354662987838
benign16k,speech_noisy,9.612198598213311,0.0625,7019.53125,28.24999548857033
benign16k,speech_noisy,19.299235708386192,0.125,6556.640625,14.637139084546062
benign16k,speech_noisy,7.171366891371477,0.03125,7300.78125,18.097784912212227
benign16k,speech_noisy,9.051045837166903,0.125,5142.578125,23.253862693441256
benign16k,speech_noisy,5.830171434146237,0.03125,4710.9375,27.422267428420106
benign16k,speech_noisy,13.753616537202738,0.03125,6603.515625,20.39763591658437
benign16k,speech_noisy,11.780257908290992,0.0,5392.578125,23.553041814878487
benign16k,speech_noisy,7.6530725216524615,0.03125,6861.328125,19.098874782446543
benign16k,speech_noisy,5.822468023696132,0.0,6250.0,22.39048241408709
benign16k,speech_noisy,10.497244409567841,0.0,7156.25,15.221834860899213
benign16k,speech_noisy,8.186487869213352,0.03125,6626.953125,23.00362721718234
benign16k,speech_noisy,6.092132899890018,0.0,7474.609375,22.4839765696173
benign16k,speech_noisy,6.5404564531616955,0.09375,6601.5625,22.65467248950182
benign16k,speech_noisy,7.785251867717207,0.1875,5949.21875,21.89983127749582
benign16k,speech_noisy,5.691958278282371,0.0,6210.9375,31.98242981578258
benign16k,speech_noisy,5.996712620359688,0.03125,5613.28125,33.04115984944164
benign16k,speech_noisy,12.768203610176954,0.03125,6119.140625,22.097648581341026
benign16k,speech_noisy,4.693296120969677,0.0,6777.34375,27.18018057624402
benign16k,speech_noisy,7.68780693217758,0.0,7318.359375,20.48940111393668
benign16k,speech_noisy,7.648081247415874,0.0,7318.359375,20.519752992307453
benign16k,speech_noisy,10.844001863508538,0.03125,5634.765625,14.187137166987796
benign16k,speech_noisy,7.790666331055306,0.03125,5781.25,21.333245378827183
benign16k,speech_noisy,7.2306194619788755,0.03125,4507.8125,33.978045484705746
benign16k,speech_noisy,7.286421036951765,0.09375,6017.578125,20.89473481879113
benign16k,speech_noisy,14.190488258921974,0.03125,5300.78125,27.028448137240566
benign16k,speech_noisy,9.147132105196135,0.09375,4460.9375,27.806200357542096
benign16k,speech_noisy,9.700103423879241,0.21875,6156.25,23.8862747256389
benign16k,speech_noisy,16.513978179948893,0.0625,4400.390625,22.256813943539505
benign16k,speech_noisy,10.022478954998576,0.03125,7619.140625,27.115892720237472
benign16k,speech_noisy,14.07388280831222,0.03125,4287.109375,24.711471164073217
benign16k,speech_noisy,5.515650053214273,0.03125,7519.53125,28.30587624699598
benign16k,speech_noisy,7.9553759897524685,0.03125,4310.546875,37.38036843321218
benign16k,speech_noisy,9.868830396323517,0.0,5515.625,31.41197482034744
benign16k,speech_noisy,11.06125677777868,0.0,4654.296875,35.978897315561134
benign16k,music_guitar_piano,29.693598874256594,0.125,4640.625,20.39074690825467
benign16k,music_guitar_piano,52.06855658112133,0.0625,4326.171875,39.88242353203341
benign16k,music_guitar_piano,23.686765978380393,0.8125,4003.90625,93.08416186979457
benign16k,music_guitar_piano,19.73118113579187,0.90625,4003.90625,92.52805814650218
benign16k,music_guitar_piano,49.378713531307184,0.71875,4087.890625,36.689676272898055
benign16k,music_guitar_piano,14.004172153465717,0.0625,6976.5625,17.028494099777273
benign16k,music_guitar_piano,5.140203249295425,0.0,6847.65625,19.320038781712853
benign16k,music_guitar_piano,36.898213810336884,0.8125,5443.359375,11.316801451003194
benign16k,music_guitar_piano,9.810519812481573,0.15625,6285.15625,14.19203919487
benign16k,music_guitar_piano,34.46195643466156,0.15625,4660.15625,20.180561478466977
benign16k,music_guitar_piano,27.828345879997386,0.21875,5970.703125,23.137274163878374
benign16k,music_guitar_piano,64.37120150843293,0.8125,4363.28125,14.882507633589505
benign16k,music_guitar_piano,11.2406455929505,0.03125,4671.875,50.10456414433844
benign16k,music_guitar_piano,27.035041483844367,0.4375,4041.015625,93.75624380940998
benign16k,music_guitar_piano,17.83430878262739,0.78125,4039.0625,93.96932384394104
benign16k,music_guitar_piano,25.98504577217762,0.09375,6031.25,5.550757241637926
benign16k,music_guitar_piano,32.75388944205666,0.09375,5412.109375,10.96303977081184
benign16k,music_guitar_piano,26.257749568162183,0.40625,4802.734375,47.438531646867204
benign16k,music_guitar_piano,16.838448342549,0.15625,5531.25,58.18212758066545
benign16k,music_guitar_piano,30.231041539111075,0.5,4767.578125,11.081676114175501
benign16k,music_guitar_piano,28.327131708632294,0.90625,4009.765625,93.8301507734378
benign16k,music_guitar_piano,19.306175896372935,0.8125,4009.765625,92.59206373830195
benign16k,music_guitar_piano,34.771623269923936,0.03125,5830.078125,37.69824981061241
benign16k,music_guitar_piano,18.88781275248212,0.90625,4162.109375,95.36441915196764
benign16k,music_guitar_piano,20.26488298497449,0.375,4437.5,18.88876954396575
benign16k,music_guitar_piano,29.325658960880233,0.84375,4039.0625,27.96887640258145
benign16k,music_guitar_piano,16.671345528522593,0.34375,5191.40625,14.54675269389152
benign16k,music_guitar_piano,27.514036987525373,0.21875,4757.8125,22.246646324813035
benign16k,music_guitar_piano,44.50404346868285,0.21875,4951.171875,39.466975785877494
benign16k,music_guitar_piano,11.118359674507303,0.03125,4621.09375,18.97317221369225
benign16k,music_guitar_piano,14.824754109419587,0.28125,4193.359375,82.7439436876902
benign16k,music_guitar_piano,15.971269258688778,0.4375,4031.25,92.60850306741295
benign16k,music_guitar_piano,6.123004274229373,0.09375,4281.25,36.12346424319788
benign16k,music_guitar_piano,45.81917032190012,0.65625,4984.375,64.30710513809493
benign16k,music_guitar_piano,37.3893103945596,0.1875,4767.578125,38.79154358047198
benign16k,music_percussive,30.078539751899243,0.0625,4738.28125,14.681068997714085
benign16k,music_percussive,19.66727828563439,0.1875,4267.578125,15.388781979834212
benign16k,music_percussive,16.661665727114155,0.09375,6376.953125,15.096544348524699
benign16k,music_percussive,15.538124364299321,0.09375,7369.140625,18.76852829862921
benign16k,music_percussive,24.200581788848787,0.125,5181.640625,11.688021186964697
benign16k,music_percussive,11.421980714651426,0.15625,4449.21875,52.81048157121901
benign16k,music_percussive,11.410889079183747,0.0,5587.890625,21.107725267145465
benign16k,music_percussive,16.53177788816882,0.0625,5685.546875,13.82235649949183
benign16k,music_percussive,9.17960118842727,0.15625,6203.125,12.649713986960919
benign16k,music_percussive,5.497825924259814,0.125,7332.03125,23.02318031828814
benign16k,music_percussive,6.605553119920003,0.03125,4341.796875,21.058056705939773
benign16k,music_percussive,6.345894090038996,0.0,6763.671875,23.774432877539603
benign16k,music_percussive,12.871123888025977,0.375,4740.234375,39.186027168696086
benign16k,music_percussive,16.379361559030897,0.28125,5558.59375,47.634125028876106
benign16k,music_percussive,14.597498416966687,0.4375,4115.234375,60.55138369501427
benign16k,music_percussive,37.3174487683265,0.03125,4064.453125,15.318474631696136
benign16k,music_percussive,27.63129568802178,0.75,6080.078125,19.398760395874614
benign16k,music_percussive,6.974417276767852,0.15625,4205.078125,31.429431803419693
benign16k,music_percussive,8.337058177228869,0.125,4066.40625,16.465363165681083
benign16k,music_percussive,9.875234208159824,0.15625,4013.671875,15.055522069452174
benign16k,music_percussive,6.861412708038401,0.0625,7029.296875,12.2409765728643
benign16k,music_percussive,6.845969533251306,0.03125,5000.0,20.409712029400495
benign16k,music_percussive,5.5054121970971295,0.0,5626.953125,19.008732063354834
benign16k,music_percussive,51.815384632744156,0.6875,5087.890625,8.620521015735125
benign16k,music_percussive,26.03854625502202,0.375,4394.53125,10.351069277971522
benign16k,music_percussive,21.70961504280414,0.125,4781.25,14.64471988364139
benign16k,music_percussive,20.246462949405114,0.125,5101.5625,13.889161417967511
benign16k,music_percussive,10.570850101193273,0.0,7255.859375,19.309842821889507
benign16k,music_percussive,17.30201330197741,0.0,5951.171875,14.514645422477454
benign16k,music_percussive,14.050769579066205,0.125,7314.453125,13.128948596682726
benign16k,music_percussive,26.295750469056088,0.0625,4769.53125,11.998735980732683
benign16k,music_percussive,19.730528688991512,0.09375,7521.484375,25.459215886622538
benign16k,music_percussive,33.77473911228478,0.125,6304.6875,18.575507672416414
benign16k,music_percussive,7.487355958806589,0.0,7837.890625,23.267247952098874
benign16k,music_percussive,9.307640738948294,0.0,7837.890625,22.544282719157977
benign16k,music_percussive,17.541194883153935,0.15625,5787.109375,14.239556318697046
benign16k,music_percussive,14.73290596205618,0.03125,7455.078125,13.531364559410498
benign16k,music_percussive,13.309184742253464,0.125,7222.65625,13.14486397024925
benign16k,music_percussive,13.128477904447706,0.28125,6259.765625,12.967075734770768
benign16k,music_percussive,9.326489989557956,0.09375,6541.015625,14.895504334402201
benign16k,music_percussive,30.01753549520366,0.0625,5666.015625,41.51298328385887
benign16k,music_percussive,6.274175672897329,0.03125,6546.875,21.476966540939255
benign16k,music_percussive,6.84739991030775,0.03125,6441.40625,20.567888897356905
benign16k,music_wind_brass_vocal,31.342774733385397,0.3125,4423.828125,39.765716407534484
benign16k,music_wind_brass_vocal,23.403513732736123,0.375,4109.375,26.595642703665327
benign16k,music_wind_brass_vocal,49.23480244988658,0.75,4474.609375,11.795964876892635
benign16k,music_wind_brass_vocal,19.585775587602484,0.09375,4144.53125,42.362059740915726
benign16k,music_wind_brass_vocal,36.719194192691006,0.46875,4541.015625,37.76192996707756
benign16k,music_wind_brass_vocal,40.33010397580675,0.71875,4541.015625,37.16132765791674
benign16k,music_wind_brass_vocal,16.369374945994508,0.0625,4988.28125,33.16907629776021
benign16k,music_wind_brass_vocal,21.763202472718987,0.125,4707.03125,47.96361389759802
benign16k,music_wind_brass_vocal,39.44070934215259,0.0,5572.265625,22.92883611385367
benign16k,music_wind_brass_vocal,7.570931491829455,0.03125,7558.59375,27.339390382412795
benign16k,music_wind_brass_vocal,8.30337052310611,0.0625,4791.015625,51.949562724387604
benign16k,music_wind_brass_vocal,25.92197949860936,0.28125,4355.46875,40.06304358522517
benign16k,music_wind_brass_vocal,46.456515120733194,0.53125,4765.625,38.10382000378199
benign16k,music_wind_brass_vocal,14.56825986239042,0.0625,5621.09375,35.29582056615486
benign16k,music_wind_brass_vocal,20.323725261675648,0.125,4371.09375,51.03381256048999
benign16k,music_wind_brass_vocal,36.15353363961825,0.8125,4160.15625,25.494181417652296
benign16k,music_wind_brass_vocal,26.849660532788548,0.53125,4345.703125,33.54441611724974
benign16k,music_wind_brass_vocal,28.01760863044258,0.375,4156.25,45.365977882858004
benign16k,music_wind_brass_vocal,45.797075919017054,0.5625,4478.515625,28.36621172555641
benign16k,music_wind_brass_vocal,40.8737894140188,0.71875,4500.0,17.518576818521336
benign16k,music_wind_brass_vocal,31.680112256496457,0.125,6375.0,32.63951701876795
benign16k,hf_natural,26.29103059670485,0.125,5035.15625,1.2772792056757338
benign16k,hf_natural,15.084348461631201,0.03125,5035.15625,10.475151998208743
benign16k,hf_natural,13.551103646521824,0.25,5390.625,12.304093899926443
benign16k,hf_natural,24.0652401704874,0.59375,5609.375,20.462325646829072
benign16k,hf_natural,7.363416589467022,0.09375,5742.1875,29.66236958056261
benign16k,hf_natural,8.49869870277945,0.15625,5763.671875,26.149204890390315
benign16k,hf_natural,7.438660322096581,0.0,6228.515625,24.491657425546116
benign16k,hf_natural,11.165742698311888,0.0625,6832.03125,10.684205130833924
benign16k,hf_natural,9.391572021758762,0.0,5511.71875,25.635183132567626
benign16k,hf_natural,7.086464189942632,0.0625,6750.0,23.579310381032105
benign16k,hf_natural,12.231506695395623,0.0625,5599.609375,16.99899331840921
benign16k,hf_natural,17.140334968659914,0.03125,7628.90625,18.176205966006457
benign16k,hf_natural,46.28161836735775,0.3125,4347.65625,56.92005638780695
benign16k,hf_natural,4.986635015694219,0.03125,5164.0625,22.85550682017186
benign16k,hf_natural,17.85003567791903,0.1875,5078.125,19.50471851414686
benign16k,hf_natural,12.613167089665808,0.0625,5218.75,24.491180108758527
benign16k,hf_natural,10.81792431314652,0.03125,6865.234375,15.158210587256269
benign16k,hf_natural,9.0923575149978,0.03125,7796.875,15.079782288806154
benign16k,hf_natural,20.728185286572057,0.125,5164.0625,16.334777744508695
benign16k,hf_natural,7.6546150811632145,0.0,6943.359375,17.729646509133257
benign16k,hf_natural,12.474979365483591,0.125,4205.078125,16.055714254859154
benign16k,hf_natural,11.362228511131157,0.46875,4189.453125,16.5644945611947
benign16k,hf_natural,9.401780824956717,0.0625,4933.59375,19.174385523364016
benign16k,hf_natural,14.75901151944258,0.0625,4003.90625,-0.04403883215679383
benign16k,hf_natural,8.078289529378921,0.03125,6439.453125,24.450925323218375
benign16k,hf_natural,9.673842397876655,0.0625,6951.171875,18.580032273774044
benign16k,hf_natural,9.093108808986642,0.03125,7421.875,15.743564154072772
benign16k,hf_natural,9.845666286181213,0.03125,4449.21875,21.800870912256066
benign16k,hf_natural,6.099493985799128,0.03125,7619.140625,10.47818257651608
benign16k,hf_natural,6.340641777033369,0.03125,7548.828125,12.099534391029259
benign16k,hf_natural,18.46820588948863,0.0625,4525.390625,35.40154405036596
benign16k,hf_natural,38.28532090276775,0.90625,6591.796875,1.1982462646423204
benign16k,hf_natural,27.028398664149705,0.78125,4732.421875,13.632217800543492
benign16k,hf_natural,28.78704007652837,0.6875,4732.421875,12.59437664391289
benign16k,hf_natural,28.59420709554479,0.125,7041.015625,6.088411493453485
benign16k,hf_natural,18.363384581147045,0.375,5939.453125,18.401827520885114
benign16k,hf_natural,9.25007102263882,0.0,6318.359375,19.31611821438593
benign16k,hf_natural,17.59192272349442,0.15625,5238.28125,28.27026980066104
benign16k,hf_natural,28.519730162342725,0.0625,5753.90625,30.267322433141803
benign16k,hf_natural,8.679595302895834,0.0,7218.75,29.518072453111056
benign16k,hf_natural,7.639019073900386,0.03125,6740.234375,16.843554072203787
benign16k,hf_natural,19.774565284940458,0.40625,4355.46875,31.829191888775306
benign16k,hf_natural,9.460357910196592,0.28125,7646.484375,41.38914984648722
benign16k,hf_natural,12.972784974707324,0.0,4173.828125,39.77332612536004
benign16k,hf_natural,9.513124056915828,0.0,6205.078125,23.593070317292128
benign16k,hf_natural,0.0,0.0,4000.0,0.0
benign16k,environmental,11.349870830046385,0.0625,4279.296875,31.30302105106271
benign16k,environmental,9.170783078377326,0.09375,4890.625,27.98649527000733
benign16k,environmental,16.771015791908624,0.0625,4156.25,17.653058223053144
benign16k,environmental,5.695412024369659,0.0,7130.859375,24.059185572067776
benign16k,environmental,4.945993679333625,0.0,5777.34375,25.066796706236882
benign16k,environmental,5.666711389905956,0.03125,5753.90625,26.02245659630291
benign16k,environmental,9.408275437123095,0.03125,5425.78125,42.230962582282544
benign16k,environmental,15.292172540129016,0.21875,7642.578125,28.897017278071942
benign16k,environmental,20.167761579695053,0.28125,5095.703125,37.38102224423961
benign16k,environmental,8.153314366111317,0.0,5109.375,22.29577610716426
benign16k,environmental,14.639781593217563,0.09375,4556.640625,19.66548458686203
benign16k,environmental,6.13861448259361,0.03125,5089.84375,30.651265310181923
benign16k,environmental,26.14765696972303,0.21875,4126.953125,4.764616059783914
benign16k,environmental,6.422253038051103,0.0,7039.0625,22.156900696990114
benign16k,environmental,9.157550020955611,0.03125,4210.9375,21.09004855515447
benign16k,environmental,10.951791991844985,0.09375,4582.03125,21.316496978646544
benign16k,environmental,10.905752169684575,0.03125,6830.078125,19.65655955065404
benign16k,environmental,7.355063806885184,0.03125,6652.34375,16.0152429574595
benign16k,environmental,5.6986681699129065,0.0625,5876.953125,19.443585439558213
benign16k,environmental,9.665104321946316,0.03125,4869.140625,21.42444704595695
benign16k,environmental,8.562345581455396,0.0625,4568.359375,20.97319699544556
benign16k,environmental,7.95595596740845,0.03125,6140.625,18.182192796633565
benign16k,environmental,8.450350221134585,0.0,6023.4375,29.12025801983447
benign16k,environmental,6.758001411261063,0.0625,7666.015625,25.528257070416384
benign16k,environmental,9.513843350003242,0.0,7664.0625,24.19289470802123
benign16k,environmental,8.41653775097339,0.03125,5121.09375,50.013141277367055
benign16k,environmental,11.329352204096082,0.03125,5072.265625,39.43149244595284
benign16k,environmental,8.32017129915144,0.1875,5277.34375,19.394953594614876
benign16k,environmental,10.178136343382931,0.15625,5318.359375,18.944423577920052
benign16k,environmental,7.813293539182567,0.0,5285.15625,43.21146711584024
benign16k,environmental,11.004449594559716,0.03125,7517.578125,36.37979123838569
benign16k,environmental,10.095868392806238,0.0625,6021.484375,25.233222717925692
benign16k,environmental,12.73213115200619,0.0,4259.765625,22.24700554887567
benign16k,environmental,6.842561031718873,0.03125,6419.921875,23.27119066163725
benign16k,environmental,8.667264518206636,0.0625,4091.796875,24.12049179538924
benign16k,environmental,5.873775332716292,0.03125,4505.859375,20.401073977844742
benign16k,environmental,5.50541866206153,0.125,7828.125,24.09585124562849
benign16k,environmental,7.312002172950777,0.0625,6298.828125,18.826226384385166
benign16k,environmental,6.140832588140256,0.03125,4134.765625,74.48271565789298
benign16k,environmental,7.8859656756486345,0.03125,5716.796875,23.83507797214317
benign16k,environmental,5.073846181474025,0.0,6560.546875,23.510664316519907
benign16k,environmental,6.971658591236377,0.0,4660.15625,21.826581484067415
benign16k,environmental,11.650236570128513,0.125,4765.625,20.82248989536624
benign16k,electronic_device,8.404085245028583,0.03125,7496.09375,19.58216277652412
benign16k,electronic_device,11.26970799736388,0.09375,7214.84375,16.13473027177981
benign16k,electronic_device,7.965751095849981,0.0,4824.21875,18.3806165682238
benign16k,electronic_device,11.054451289842703,0.0625,7791.015625,33.54491217386179
benign16k,electronic_device,4.8356344101463264,0.0,4183.59375,94.3174806204957
benign16k,electronic_device,40.311243391973065,0.40625,6748.046875,12.141413423548196
benign16k,electronic_device,13.214509622223133,0.0,4662.109375,15.850475544588388
benign16k,electronic_device,11.500514598849662,0.1875,4007.8125,26.412932301100632
benign16k,electronic_device,6.517375298383229,0.0,5603.515625,20.21611921814841
benign16k,electronic_device,8.173639954427472,0.0625,5222.65625,28.19256228498476
benign16k,electronic_device,7.044840269907539,0.1875,4748.046875,22.428380601287877
benign16k,electronic_device,10.490142332582103,0.09375,7361.328125,17.559314945028678
benign16k,electronic_device,13.193069843656502,0.21875,6882.8125,20.050772226330018
benign16k,electronic_device,45.557256297653176,0.75,4185.546875,3.205549204374561
benign16k,electronic_device,21.312272949861352,0.59375,4187.5,26.326131639297508
benign16k,electronic_device,13.696489021026252,0.3125,6976.5625,15.580524928555352
benign16k,electronic_device,9.55762659327263,0.125,4619.140625,24.129161360424867
benign16k,electronic_device,6.8803810982190186,0.0625,5841.796875,18.168974144929052
benign16k,electronic_device,8.07207167030775,0.09375,7498.046875,14.463463517913297
benign16k,electronic_device,8.93274622945708,0.15625,4335.9375,13.389058619538105
benign16k,electronic_device,7.0197922647876325,0.03125,4339.84375,20.31980007669722
benign16k,electronic_device,7.246492647122409,0.125,5115.234375,21.544676001264406
benign16k,electronic_device,5.741775721115147,0.03125,6945.3125,82.89785336293393
benign16k,electronic_device,36.351226104962755,0.71875,4095.703125,-3.631124274583838
benign16k,electronic_device,48.95620731244754,0.21875,7408.203125,16.819576238591473
benign16k,electronic_device,16.031087883473745,0.0625,6843.75,36.649968948414994
benign16k,electronic_device,0.0,0.0,4000.0,0.0
benign16k,electronic_device,33.17922024091057,0.625,7812.5,12.836226454893385
benign16k,electronic_device,35.242741849118914,0.71875,4187.5,26.106742403710864
benign16k,electronic_device,3.388728748953298,0.03125,7835.9375,24.794783746215646
benign16k,electronic_device,34.23726071989269,0.15625,7007.8125,15.183877550951363
benign16k,electronic_device,31.50152937523805,0.09375,7007.8125,16.52858446045322
benign16k,electronic_device,6.2634337381596055,0.03125,6664.0625,25.160483332480183
benign16k,electronic_device,6.732662500705388,0.03125,5169.921875,25.12673194135454
benign16k,electronic_device,11.127031184804828,0.125,5816.40625,9.949614547931882
benign16k,electronic_device,12.006550496112808,0.0,4330.078125,18.933356632886426
benign16k,electronic_device,9.191726340253524,0.0625,5800.78125,22.79809369812626
benign16k,electronic_device,9.298618657466577,0.375,5109.375,62.137254432775315
benign16k,electronic_device,0.3716602208650954,0.0,6199.21875,86.5017850486316
benign16k,electronic_device,5.412283211729843,0.03125,6486.328125,20.91126666074444
benign16k,speech_clean,9.383708878287862,0.03125,7839.84375,14.883623712655805
benign16k,speech_clean,8.240670594128659,0.03125,7730.46875,26.828268474190402
benign16k,speech_clean,8.738566311187341,0.0,7585.9375,25.094771818898426
benign16k,speech_clean,9.64754654063988,0.0625,5849.609375,17.868706532421193
benign16k,speech_clean,8.981861934998477,0.125,7458.984375,19.769162230226087
benign16k,speech_clean,8.628916500835388,0.03125,7480.46875,20.147093445896612
benign16k,speech_clean,11.289157558055052,0.0625,5085.9375,26.745886449582006
benign16k,speech_clean,8.446597710668897,0.03125,7763.671875,22.026971063672374
benign16k,speech_clean,12.384218566649366,0.15625,6353.515625,17.32920212682129
benign16k,speech_clean,10.14928493373047,0.09375,4414.0625,35.43119024979795
benign16k,speech_clean,9.233058643266077,0.03125,6390.625,25.327937867181642
benign16k,speech_clean,12.339350129106577,0.03125,4503.90625,24.65748791310377
benign16k,speech_clean,8.320635330991536,0.0,5115.234375,30.94650823272903
benign16k,speech_clean,8.381637389228615,0.0625,6605.46875,23.628455267734477
benign16k,speech_clean,9.269726917364352,0.0625,5384.765625,29.541576027003877
benign16k,speech_clean,8.897352754425796,0.0,6775.390625,35.272403488052035
benign16k,speech_clean,8.833792595267454,0.0,4388.671875,35.399348718264456
benign16k,speech_clean,8.48698140642037,0.03125,6890.625,21.57766554273985
benign16k,speech_clean,11.489172374524259,0.0625,4449.21875,28.581260484656454
benign16k,speech_clean,11.941425132058555,0.0625,6390.625,16.33382775209671
benign16k,speech_clean,10.234164812344517,0.03125,5550.78125,25.99590263274787
benign16k,speech_clean,8.888030972986613,0.03125,4853.515625,25.550107504330512
benign16k,speech_clean,9.052114480513751,0.0625,5021.484375,27.07051754496453
benign16k,speech_clean,9.913703246889824,0.0625,7148.4375,21.29942858714205
benign16k,speech_clean,9.824219178096811,0.0,6955.078125,16.51459282148714
benign16k,speech_clean,8.100916945205192,0.0,4273.4375,28.714130045485824
benign16k,speech_clean,8.470760011041335,0.03125,6494.140625,25.666342211179728
benign16k,speech_clean,8.183881541601792,0.03125,4087.890625,33.82412868622451
benign16k,speech_clean,12.32998077585357,0.0625,6960.9375,15.54339185106687
benign16k,speech_clean,13.220906068167977,0.09375,4468.75,15.911801584669242
benign16k,speech_clean,8.888718498662527,0.0,4570.3125,26.87467175744954
benign16k,speech_clean,8.855826370864506,0.03125,6898.4375,18.561644452961115
benign16k,speech_clean,11.066455947109219,0.03125,6796.875,15.117577196701717
benign16k,speech_clean,7.845905300283533,0.03125,7363.28125,17.89078317533241
benign16k,speech_clean,10.876225001908566,0.09375,4390.625,25.38164806517659
benign16k,speech_clean,8.602802082057323,0.03125,4687.5,24.63961261446821
benign16k,speech_clean,9.00585013822888,0.0,7730.46875,18.988025753747205
benign16k,speech_clean,8.60210670789148,0.03125,4498.046875,42.335924629566655
benign16k,speech_clean,9.509965255684705,0.0625,5320.3125,37.173974159809866
benign16k,speech_clean,8.013428690476033,0.03125,6408.203125,19.182962358370926
benign16k,speech_clean,9.56429299878738,0.03125,6906.25,23.252448174091693
benign16k,speech_clean,8.677191264917454,0.0,5318.359375,34.124234954230246
benign16k,speech_clean,7.881895591348965,0.0,6046.875,22.289169384038775
benign16k,environmental,5.948841843028049,0.03125,7304.6875,21.820283263539775
benign16k,environmental,5.688922865911977,0.0,6638.671875,25.756604849169207
benign16k,environmental,5.680476117842872,0.0,7724.609375,27.278560630909073
benign16k,environmental,6.538927894174805,0.0,7531.25,23.91466020146794
benign16k,environmental,5.22478821938499,0.03125,7138.671875,15.351618810711667
benign16k,environmental,5.283851649733322,0.03125,4849.609375,25.738474972121136
benign16k,environmental,5.225171005438298,0.0,6017.578125,27.795945709890507
benign16k,environmental,6.021930947988864,0.03125,4341.796875,37.42642648411356
benign16k,environmental,6.132481708411959,0.0,5482.421875,25.627568173290918
benign16k,environmental,6.722022543549201,0.03125,7066.40625,20.44026349766892
benign16k,environmental,14.22084911112185,0.25,5701.171875,17.36345610300793
benign16k,environmental,9.420111616219742,0.0625,5482.421875,18.465454023656292
benign16k,hf_natural,8.089717254761226,0.21875,7371.09375,11.392291658931759
benign16k,hf_natural,10.824166436218974,0.0625,6441.40625,25.3744427747603
benign16k,hf_natural,8.882563815230924,0.0,4451.171875,40.32371357552467
benign16k,hf_natural,17.24277189364946,0.0625,5070.3125,7.983592235176672
benign16k,environmental,9.932936561045736,0.03125,7708.984375,18.22305263444123
benign16k,environmental,16.079472041770586,0.375,4097.65625,45.53701622206897
benign16k,environmental,6.523856429555437,0.0,4984.375,20.176595816723477
benign16k,environmental,5.566022123425455,0.0,6275.390625,20.289993094150645
benign16k,environmental,7.803498884195079,0.15625,4777.34375,34.53120545159623
benign16k,environmental,5.0774093132802705,0.03125,4607.421875,26.598153617158538
benign16k,environmental,8.667992750989491,0.03125,4033.203125,32.682478541893396
benign16k,environmental,6.5099335095191435,0.0625,5833.984375,31.571001017282438
benign16k,environmental,10.68999859901696,0.40625,4734.375,29.28856835253154
benign16k,environmental,7.727521549512588,0.15625,7833.984375,28.8941288829579
benign16k,environmental,9.788862370353229,0.0,6470.703125,19.75018953521006
benign16k,environmental,11.528855799734131,0.15625,4818.359375,16.8935025387939
benign16k,environmental,8.745672891285494,0.0,7044.921875,34.26570498445411
benign16k,environmental,7.324013308630413,0.0625,7130.859375,32.67622257082914
benign16k,hf_natural,8.515980198012087,0.125,4117.1875,49.80835953339223
benign16k,hf_natural,21.588748094813113,0.1875,4728.515625,29.380777415830252
benign16k,electronic_device,23.09313236120198,0.125,6314.453125,32.24687014713069
benign16k,electronic_device,11.05959719253076,0.0625,5199.21875,24.053893607366387
benign16k,electronic_device,7.907077051313948,0.03125,4416.015625,29.821356172578444
benign16k,electronic_device,9.909429225204605,0.0625,7050.78125,16.505053680567286
benign16k,electronic_device,9.937002374144171,0.375,6519.53125,26.53016335945
benign16k,electronic_device,8.145729015568833,0.0,7216.796875,5.0343328219655366
benign16k,environmental,7.818636377302639,0.03125,5755.859375,20.61169618860616
benign16k,environmental,32.09392380982673,1.0,4431.640625,1.3290235500524767
benign16k,environmental,19.26575768023161,0.78125,7685.546875,16.18166017966849
benign16k,environmental,24.774842064573846,0.34375,4703.125,6.040329176715336
benign16k,hf_natural,22.115992090276528,0.25,5173.828125,10.082746501262354
benign16k,hf_natural,23.285148016747186,0.0625,6707.03125,8.844470280599486
benign16k,environmental,9.247679774354808,0.0,6734.375,21.782268089300885
benign16k,environmental,3.742615411462026,0.03125,5998.046875,29.97351680826632
benign16k,environmental,9.931151621939705,0.0625,7132.8125,15.917273494252413
benign16k,environmental,9.351585642211475,0.03125,5486.328125,15.90743135945479
benign16k,electronic_device,30.583516290742814,0.71875,5085.9375,9.663153701015204
benign16k,electronic_device,37.67002518633642,0.4375,4000.0,-25.10161641023602
benign16k,environmental,14.346882039851153,0.03125,4757.8125,44.44770310938097
benign16k,environmental,9.539798254295434,0.03125,4326.171875,32.98764421210221
benign16k,hf_natural,20.671569511543794,0.125,6500.0,22.922781965452774
benign16k,hf_natural,7.245030544634204,0.03125,5966.796875,26.265727212540245
benign16k,environmental,9.95348855292427,0.09375,4062.5,44.930833525234476
benign16k,environmental,8.699704949282506,0.03125,6142.578125,41.0558776190858
benign16k,environmental,10.514536562315882,0.0,6929.6875,16.5089964453712
benign16k,environmental,7.863032517042939,0.0,6234.375,22.78054626359703
benign16k,environmental,13.051149119236342,0.0,7500.0,23.97473030788298
benign16k,environmental,28.520754874801412,0.0625,4154.296875,26.462188815611082
benign16k,music_full_mix,8.366675580800134,0.0,6923.828125,20.617353060482962
benign16k,music_full_mix,8.854436733678313,0.21875,6144.53125,23.362178048195034
benign16k,music_full_mix,9.267934938916824,0.09375,6167.96875,21.52847846710725
benign16k,music_full_mix,14.712484124902105,0.25,6146.484375,20.267453078180967
benign16k,music_full_mix,14.1526348697639,0.21875,6148.4375,25.0773702506396
benign16k,music_full_mix,14.532117499659563,0.09375,6851.5625,21.672963009855714
benign16k,music_full_mix,9.560626498349222,0.03125,7097.65625,20.42198587930464
benign16k,music_full_mix,15.615281504864093,0.1875,5294.921875,21.684053252857534
benign16k,music_full_mix,15.655329094391561,0.21875,4671.875,18.580444929757892
benign16k,music_full_mix,20.632137548212,0.4375,5210.9375,21.271719132053907
benign16k,music_full_mix,22.48821759566252,0.40625,5208.984375,15.600294490347725
benign16k,music_full_mix,18.24470747613944,0.125,4654.296875,19.419240163539722
benign16k,music_full_mix,11.64130174858279,0.0625,6853.515625,18.724929526878174
benign16k,music_full_mix,8.951653506206455,0.03125,5449.21875,30.73066060284399
benign16k,music_full_mix,15.189959880553872,0.09375,4865.234375,31.209675264235738
benign16k,music_full_mix,16.709563655449713,0.09375,7435.546875,22.05641992033828
benign16k,music_full_mix,12.12041202565618,0.125,4480.46875,33.1255669528692
benign16k,music_full_mix,19.96477392494797,0.125,7650.390625,15.546152013586488
benign16k,music_full_mix,8.65990461026955,0.03125,5283.203125,26.67053478648001
benign16k,music_full_mix,8.343962551416965,0.03125,6972.65625,24.436947218481627
benign16k,music_full_mix,11.294263334893074,0.09375,6054.6875,25.083963798372825
benign16k,music_full_mix,10.232065061158451,0.03125,6607.421875,25.01015234223216
benign16k,music_full_mix,14.515059359808077,0.34375,6525.390625,22.179236116451712
benign16k,music_full_mix,12.449544354540066,0.28125,6263.671875,22.434515859686265
benign16k,music_full_mix,8.31237844236054,0.03125,5673.828125,30.7879570776541
benign16k,music_full_mix,12.113885471651912,0.28125,4667.96875,28.91969639761186
benign16k,music_full_mix,11.338112294798506,0.03125,4955.078125,30.380296105982403
benign16k,music_full_mix,9.567374014444454,0.03125,7566.40625,14.450865653657385
benign16k,music_full_mix,6.2655036153901165,0.03125,4615.234375,45.97800953863786
benign16k,music_full_mix,29.39764025071456,0.125,5789.0625,31.80840524701742
benign16k,music_full_mix,8.046650646824943,0.09375,5164.0625,28.615143093680114
benign16k,music_full_mix,8.738903333958575,0.0,7500.0,17.978251362694607
benign16k,music_full_mix,11.478384840776172,0.25,4710.9375,27.081310206165128
benign16k,music_full_mix,23.49715839822197,0.21875,4181.640625,22.46773771267252
benign16k,music_full_mix,21.299471404692625,0.5,4150.390625,22.666189312482636
benign16k,music_full_mix,16.5302574830382,0.34375,4185.546875,19.938585556301586
benign16k,speech_noisy_mix,9.331270637955171,0.09375,7814.453125,17.28290630475247
benign16k,speech_noisy_mix,5.489357302856021,0.0625,4486.328125,34.18902261680793
benign16k,speech_noisy_mix,6.452366367369862,0.0,4476.5625,35.66636960247973
benign16k,speech_noisy_mix,8.938641520689728,0.03125,5849.609375,18.78387816502191
benign16k,speech_noisy_mix,6.646597659246652,0.0625,4958.984375,24.723720230288436
benign16k,speech_noisy_mix,8.841960162317307,0.0,4960.9375,18.500271892475656
benign16k,speech_noisy_mix,10.382440686580637,0.03125,5085.9375,26.879997867825512
benign16k,speech_noisy_mix,8.640392995456978,0.0625,7763.671875,21.96680751850288
benign16k,speech_noisy_mix,12.279462859211478,0.125,6353.515625,17.333166588539914
benign16k,speech_noisy_mix,10.09514776795794,0.09375,4414.0625,35.47037389830054
benign16k,speech_noisy_mix,9.032491144595625,0.03125,6398.4375,26.236559651572332
benign16k,speech_noisy_mix,12.288468939620934,0.03125,4501.953125,24.702200719556444
benign16k,speech_noisy_mix,8.076265938216494,0.0,5115.234375,31.08403952743096
benign16k,speech_noisy_mix,8.45066458864487,0.0625,6607.421875,23.584186306842916
benign16k,speech_noisy_mix,7.842742641625648,0.0625,5384.765625,29.934697672107184
benign16k,speech_noisy_mix,7.781001102960019,0.0,6777.34375,34.939840031513256
benign16k,speech_noisy_mix,7.077612750708411,0.03125,6144.53125,24.303150815607623
benign16k,speech_noisy_mix,28.8873285002851,1.0,4431.640625,14.091719557050437
benign16k,speech_noisy_mix,7.6634643562289,0.0625,4447.265625,28.662343952348728
benign16k,speech_noisy_mix,9.636034255135598,0.03125,6386.71875,16.532036903785713
benign16k,speech_noisy_mix,6.775945750925786,0.0,7126.953125,23.71990136053219
benign16k,speech_noisy_mix,8.027606859349703,0.0625,7017.578125,17.115389645956835
dolphin,google-pixel,7.694721903764545,0.1111111111111111,4123.046875,41.39989520448388
dolphin,google-pixel,12.459876409564998,0.058823529411764705,4214.84375,43.345944815743024
dolphin,google-pixel,8.513375814264649,0.09090909090909091,4181.640625,49.14595830634187
dolphin,google-pixel,6.54549363411644,0.0,4576.171875,38.8195932002248
dolphin,google-pixel,9.060997895894985,0.07692307692307693,4583.984375,37.3770617678328
dolphin,google-pixel,6.559768161978795,0.0,7285.15625,35.291517324796324
dolphin,google-pixel,7.394941914876597,0.07142857142857142,4873.046875,49.56401896510569
dolphin,google-pixel,6.899682431949259,0.09090909090909091,7732.421875,20.8070626130235
dolphin,google-pixel,8.822639343232254,0.2727272727272727,4144.53125,50.02618147592536
dolphin,google-pixel,7.093522154139237,0.0,4533.203125,52.278471502805246
dolphin,google-pixel,5.764183704562498,0.043478260869565216,6302.734375,21.99615677599064
dolphin,google-pixel,11.876691755890448,0.13043478260869565,4253.90625,41.81747999803251
dolphin,google-pixel,12.276045695206363,0.03571428571428571,4154.296875,44.8279213458317
dolphin,google-pixel,12.773887798487891,0.09090909090909091,5626.953125,22.887747893102276
dolphin,google-pixel,7.304977072810928,0.037037037037037035,7326.171875,17.185090279050158
dolphin,google-pixel,11.104069915866944,0.12,4201.171875,44.48975766279882
dolphin,google-pixel,6.491273037035995,0.045454545454545456,6255.859375,26.636914217788984
dolphin,google-pixel,10.553427514630343,0.0,6300.78125,14.648836083696072
dolphin,google-pixel,12.010850684344803,0.0,5371.09375,28.290443234173004
dolphin,google-pixel,7.900931678003957,0.0,5882.8125,21.833824247575325
dolphin,google-pixel,7.204317984192741,0.0,6177.734375,27.402686686698683
dolphin,google-pixel,8.195557946598598,0.045454545454545456,4212.890625,44.89027150296351
dolphin,google-pixel,11.16848072459473,0.058823529411764705,4468.75,46.50590355343435
dolphin,google-pixel,7.461055914808483,0.058823529411764705,4718.75,26.959530945737665
dolphin,google-pixel,7.386893136607284,0.0,7289.0625,19.736620140228204
dolphin,google-pixel,7.287574187847753,0.045454545454545456,7714.84375,30.58611606592745
dolphin,google-pixel,7.073265903997395,0.041666666666666664,4025.390625,49.74994556547408
dolphin,google-pixel,7.638137152024356,0.10526315789473684,7724.609375,21.235143762363116
dolphin,google-pixel,13.3310289976298,0.0625,7337.890625,15.245874031023535
dolphin,google-pixel,9.445081710177718,0.0,6302.734375,43.24083604715695
dolphin,google-pixel,6.444906344234653,0.045454545454545456,4646.484375,35.64332569842173
dolphin,google-pixel,9.795614490082016,0.09090909090909091,4181.640625,56.18458202280191
dolphin,google-pixel,8.463557414582425,0.0,4406.25,42.80251737842221
dolphin,google-pixel,8.050406314163723,0.09090909090909091,4130.859375,53.630114253568564
dolphin,google-pixel,11.42253742933795,0.0,7435.546875,16.630307665981945
dolphin,google-pixel,8.877029776199421,0.05555555555555555,7818.359375,22.9041914658705
dolphin,google-pixel,9.862136357883713,0.058823529411764705,4994.140625,42.89134686472784
dolphin,google-pixel,9.028918150677043,0.037037037037037035,7054.6875,18.618398544592225
dolphin,google-pixel,11.641906933873187,0.047619047619047616,5113.28125,31.113810168652307
dolphin,google-pixel,11.648893404992307,0.037037037037037035,7107.421875,17.314742637562155
dolphin,google-pixel,7.986743994180671,0.038461538461538464,7517.578125,17.142824428475407
dolphin,google-pixel,7.623241484441863,0.0,5453.125,39.572140756313125
dolphin,google-pixel,7.056761365241911,0.0,4494.140625,45.899693619385204
dolphin,google-pixel,9.531500534958639,0.0,4505.859375,37.659845734076
dolphin,google-pixel,7.352074807796427,0.043478260869565216,4152.34375,43.36115189884537
dolphin,google-pixel,8.336905573149167,0.043478260869565216,7617.1875,22.493152639009924
dolphin,google-pixel,7.75372187717025,0.08,4470.703125,52.86941879090336
dolphin,google-pixel,11.227167481625045,0.0,4224.609375,43.052112786046656
dolphin,google-pixel,8.340625667495758,0.0,5464.84375,34.71947781715151
dolphin,google-pixel,6.6745937148810555,0.0,6853.515625,25.244501932268566
dolphin,google-pixel,5.344961405481939,0.0,7238.28125,22.54778623645358
dolphin,google-pixel,10.569001017293758,0.047619047619047616,4498.046875,37.69115378817927
dolphin,google-pixel,9.16196276023689,0.047619047619047616,4505.859375,43.573495982178834
dolphin,google-pixel,11.659268565640687,0.0,6156.25,21.9601960065317
dolphin,google-pixel,11.64905789232175,0.09090909090909091,5777.34375,37.46115234640366
dolphin,google-pixel,10.712846647435626,0.09090909090909091,5908.203125,29.914445268031216
dolphin,google-pixel,11.806607271907225,0.18181818181818182,4447.265625,42.75028193081891
dolphin,google-pixel,8.37917592145871,0.15384615384615385,7064.453125,22.593619496802717
dolphin,google-pixel,8.360962462953509,0.0,6443.359375,26.09002670191518
dolphin,google-pixel,9.219581813874655,0.0,5585.9375,37.14892124841829
dolphin,google-pixel,9.159299566538394,0.125,5406.25,42.27292675239619
dolphin,google-pixel,7.256885787139467,0.0,5740.234375,36.58350680631521
dolphin,google-pixel,7.513373809905673,0.0,6078.125,44.104975420944186
dolphin,google-pixel,9.163096615253181,0.05263157894736842,7160.15625,15.492548731802643
dolphin,google-pixel,8.513716904557896,0.0,4501.953125,61.717873302524794
dolphin,google-pixel,8.956852114813401,0.0,6072.265625,33.88271896320185
dolphin,google-pixel,7.961920859028297,0.0,5529.296875,43.64511296567733
dolphin,google-pixel,7.083104508778618,0.047619047619047616,6878.90625,17.6841175693784
dolphin,google-pixel,9.878769180311778,0.0,4003.90625,42.75189605565142
dolphin,google-pixel,10.135033586090842,0.09090909090909091,5607.421875,37.275054798057475
dolphin,google-pixel,7.920626543987723,0.0,4759.765625,25.992533460137317
dolphin,google-pixel,11.564465448190234,0.047619047619047616,4935.546875,42.49638734211022
dolphin,google-pixel,7.602097095661875,0.0,5322.265625,30.975353104419096
dolphin,google-pixel,12.356421091300831,0.13333333333333333,4466.796875,46.274634098730616
dolphin,google-pixel,10.66099552457797,0.05555555555555555,6964.84375,25.463818208070652
dolphin,google-pixel,8.311247989913795,0.0,4697.265625,41.77938295788099
dolphin,google-pixel,8.74867256505506,0.0,6578.125,44.30355978174412
dolphin,google-pixel,6.712047140964501,0.058823529411764705,4349.609375,50.226226619034676
dolphin,google-pixel,9.16107565392987,0.058823529411764705,5373.046875,35.653965857079484
dolphin,google-pixel,7.503379231028461,0.05555555555555555,4425.78125,48.348377731075715
dolphin,google-pixel,9.268413966392387,0.0,4359.375,55.02225076131044
dolphin,google-pixel,9.595841216307704,0.0,7796.875,21.27704026028499
dolphin,google-pixel,11.00213477756003,0.07142857142857142,5591.796875,26.968464576279366
dolphin,google-pixel,8.69536990107025,0.0,7628.90625,22.055909307705377
dolphin,google-pixel,8.63040245128066,0.0,4818.359375,42.75274562000664
dolphin,google-pixel,8.377484640919377,0.0,7076.171875,21.69190079324547
dolphin,google-pixel,8.406228125002016,0.0,4017.578125,44.361301823017165
dolphin,google-pixel,8.27261221900136,0.0,5402.34375,44.412966164541665
dolphin,google-pixel,12.354166487199123,0.1111111111111111,5781.25,29.323085147827523
dolphin,google-pixel,10.73333414619026,0.0,4058.59375,45.67437930964752
dolphin,google-pixel,13.604879391340717,0.09090909090909091,4509.765625,38.57452562100753
dolphin,google-pixel,8.572713970495371,0.0,6263.671875,35.08420600821995
dolphin,google-pixel,6.734394753264283,0.0,4343.75,45.672957438842765
dolphin,google-pixel,8.145474918963814,0.0,4099.609375,51.75299529151311
dolphin,google-pixel,8.770736016845504,0.0625,7166.015625,23.34070668879514
dolphin,google-pixel,8.021315666052743,0.0,4332.03125,57.584874972041334
dolphin,google-pixel,8.84213092111834,0.0,5384.765625,43.90759367660923
dolphin,google-pixel,6.333535712867956,0.0,7015.625,19.760606703216006
dolphin,google-pixel,7.444963863413591,0.038461538461538464,6548.828125,25.230604356902315
dolphin,google-pixel,6.766267615182798,0.22727272727272727,5525.390625,32.05913587954852
dolphin,google-pixel,7.857086853483594,0.0,6279.296875,42.55861556967187
dolphin,google-pixel,7.349891682567588,0.08333333333333333,7814.453125,22.157375690614455
dolphin,google-pixel,6.519473279572324,0.0,4322.265625,43.231919357791114
dolphin,google-pixel,7.8866165575363,0.0,7437.5,20.272421836396568
dolphin,google-pixel,8.865175798899301,0.0,6869.140625,21.429783104607324
dolphin,google-pixel,7.6452801978153815,0.045454545454545456,7583.984375,19.211749271667372
dolphin,google-pixel,8.511399048439571,0.0,6111.328125,37.19942629019759
dolphin,google-pixel,6.485279237109708,0.04,4121.09375,45.47622436690416
dolphin,google-pixel,7.870139374851959,0.12,5783.203125,30.618518815001565
dolphin,google-pixel,8.159350720352393,0.038461538461538464,5234.375,44.89036317233618
dolphin,google-pixel,7.801552452214764,0.0,4208.984375,29.61258030394965
dolphin,google-pixel,8.507002842898501,0.15,4382.8125,43.552491785157834
dolphin,google-pixel,12.216544683891428,0.1,4376.953125,50.072242246884144
dolphin,google-pixel,10.567814597917703,0.0,6050.78125,18.769017064809663
dolphin,google-pixel,11.396111389889327,0.0,5841.796875,42.2750286343262
dolphin,google-pixel,11.099281241300275,0.0,7609.375,23.975572701928847
dolphin,google-pixel,10.936670606960973,0.14285714285714285,4517.578125,44.21208526802543
dolphin,google-pixel,9.885566946768876,0.14285714285714285,4191.40625,43.347372680220026
dolphin,google-pixel,12.855163405092725,0.11764705882352941,4238.28125,43.63654358900882
dolphin,google-pixel,12.44834056920375,0.0625,7048.828125,24.17949611397838
dolphin,google-pixel,11.917914945159907,0.125,4230.46875,41.945653720665376
dolphin,google-pixel,11.97507450917999,0.42857142857142855,4398.4375,42.99945511965275
dolphin,google-pixel,12.888455303185452,0.21428571428571427,4396.484375,39.675367598131906
dolphin,google-pixel,7.578483023015977,0.05,4052.734375,41.55264649046842
dolphin,google-pixel,11.007912210971313,0.1,5175.78125,35.84493940525034
dolphin,google-pixel,6.755249917865157,0.047619047619047616,4646.484375,31.569166092278085
dolphin,google-pixel,12.8027309380374,0.0,5054.6875,34.44348924006416
dolphin,google-pixel,9.843625490785755,0.0,4255.859375,34.91072833295085
dolphin,google-pixel,13.873565450699388,0.0625,4236.328125,41.503992179283806
dolphin,google-pixel,8.522458150751575,0.0625,7066.40625,18.718793365877694
dolphin,google-pixel,9.620383309852173,0.0,7652.34375,22.094357392768824
dolphin,google-pixel,9.97161131697652,0.1875,4167.96875,45.001616723190445
dolphin,google-pixel,15.11234322310878,0.05555555555555555,4074.21875,32.33199073498189
dolphin,google-pixel,9.58718151407082,0.047619047619047616,5121.09375,30.06818975980124
dolphin,google-pixel,7.374078787379048,0.05263157894736842,6429.6875,23.0811262035105
dolphin,google-pixel,9.429635961575514,0.0,6427.734375,28.81819739302498
dolphin,google-pixel,11.35930416258276,0.0,7082.03125,27.712247111294865
dolphin,google-pixel,11.84144174465115,0.15384615384615385,4251.953125,41.02955673230443
dolphin,google-pixel,11.004988043478562,0.0,5287.109375,18.08795907415835
dolphin,google-pixel,14.907789739416103,0.2222222222222222,4201.171875,42.17995448324102
dolphin,google-pixel,11.789154858043247,0.0,7160.15625,32.04955654020101
dolphin,google-pixel,9.539952261271878,0.06666666666666667,4166.015625,43.08554114690097
dolphin,google-pixel,9.243351370829771,0.13333333333333333,4201.171875,44.54777675918268
dolphin,google-pixel,9.884192322988326,0.1111111111111111,4175.78125,40.040205834797604
dolphin,google-pixel,9.75386803973683,0.2857142857142857,4398.4375,43.90791111841635
dolphin,google-pixel,13.028064215846939,0.14285714285714285,4396.484375,39.646634625968545
dolphin,google-pixel,8.829632556230052,0.1111111111111111,7708.984375,19.004727167531822
dolphin,google-pixel,11.501809554623321,0.0,7136.71875,18.74906768531729
dolphin,google-pixel,9.806733686009977,0.0,4341.796875,43.697399109405175
dolphin,google-pixel,10.919712194526085,0.09090909090909091,4214.84375,41.33651032463352
dolphin,google-pixel,7.87821492708251,0.0,5955.078125,35.76369454153913
dolphin,google-pixel,10.0409313776575,0.06666666666666667,6636.71875,16.774955475310595
dolphin,google-pixel,8.937484593283202,0.13333333333333333,4314.453125,45.30698947942373
dolphin,google-pixel,9.227609554105612,0.058823529411764705,4375.0,41.53057969005487
dolphin,google-pixel,7.068227107203242,0.041666666666666664,5144.53125,52.22474294806341
dolphin,google-pixel,9.537748124724232,0.09523809523809523,4134.765625,38.755132571453444
dolphin,google-pixel,8.501202316414378,0.0,4283.203125,49.08264027383447
dolphin,google-pixel,10.192528859141177,0.05263157894736842,5550.78125,40.12525556217007
dolphin,google-pixel,8.720721811156437,0.05,4138.671875,40.97345170093374
dolphin,google-pixel,12.20663150601331,0.10526315789473684,4355.46875,44.44209611122817
dolphin,google-pixel,8.744661513139278,0.0,5378.90625,51.16441105750545
dolphin,google-pixel,9.432879668157526,0.0,6443.359375,19.395173564844544
dolphin,google-pixel,7.932397201834618,0.07692307692307693,4287.109375,39.9706564120633
dolphin,google-pixel,12.233049033553058,0.125,4265.625,39.59326842586621
dolphin,google-pixel,9.789579570203117,0.03571428571428571,7681.640625,21.113731559673816
dolphin,google-pixel,6.901395895576869,0.0,4392.578125,42.530372216089816
dolphin,google-pixel,14.324254004685727,0.1,5763.671875,31.43827556091406
dolphin,google-pixel,11.267804236984773,0.05555555555555555,5861.328125,36.46251521989639
dolphin,google-pixel,8.883703460673928,0.06666666666666667,7699.21875,19.994573761409505
dolphin,google-pixel,8.86766336849982,0.05555555555555555,4447.265625,58.191807354635216
dolphin,google-pixel,8.347024867473749,0.0,4199.21875,55.13915822983547
dolphin,google-pixel,8.583408691042578,0.0,7646.484375,18.15358560167017
dolphin,google-pixel,6.546502234629202,0.0,7580.078125,18.04626327152034
dolphin,google-pixel,6.819524870345646,0.0,4173.828125,47.9743780841026
dolphin,google-pixel,7.512218433842293,0.045454545454545456,4675.78125,28.496800528566762
dolphin,google-pixel,7.232787858392456,0.0,5783.203125,23.20447876005339
dolphin,google-pixel,8.097710483720078,0.045454545454545456,4191.40625,52.568116529393976
dolphin,google-pixel,10.010476481959003,0.2727272727272727,4195.3125,54.93624279545088
dolphin,google-pixel,5.64163176142587,0.0,4521.484375,43.15021450711125
dolphin,google-pixel,10.92483422819734,0.037037037037037035,5748.046875,28.5756209631407
dolphin,google-pixel,6.944781176142357,0.05,4158.203125,26.962240938391627
dolphin,google-pixel,9.244774333329318,0.047619047619047616,4185.546875,48.938850647275565
dolphin,google-pixel,10.783475372589777,0.1,4166.015625,53.72269209351533
dolphin,google-pixel,7.2626921548014,0.08,4097.65625,45.02223654012269
dolphin,google-pixel,14.427197705570052,0.04,5769.53125,19.11497042852448
dolphin,google-pixel,7.12970082748798,0.0,6898.4375,17.739646809242817
dolphin,google-pixel,7.996625725108387,0.05,4046.875,49.93207247225036
dolphin,google-pixel,11.573256758871082,0.1,4171.875,51.501051933577784
dolphin,google-pixel,7.7854824556282125,0.043478260869565216,6484.375,19.096545999618247
dolphin,google-pixel,13.22039353424914,0.30434782608695654,4191.40625,49.808623702412085
dolphin,google-pixel,7.686910086060934,0.13636363636363635,7710.9375,17.30030954424944
dolphin,google-pixel,14.936105627858197,0.18181818181818182,4195.3125,48.471187132589165
dolphin,google-pixel,8.187362180535786,0.0,5248.046875,34.91345644389376
dolphin,google-pixel,9.584209043654724,0.0,7125.0,20.998903204586515
dolphin,google-pixel,10.913450088413526,0.0,6714.84375,23.238745446523986
dolphin,google-pixel,6.597471413462586,0.0,4177.734375,26.039896274033435
dolphin,google-pixel,8.484661689772551,0.0,4447.265625,57.004516951100214
dolphin,google-pixel,8.101011463894494,0.041666666666666664,4841.796875,35.36887181589374
dolphin,google-pixel,6.990707857125841,0.0,4625.0,45.42906457904137
dolphin,google-pixel,12.571983753872814,0.125,4179.6875,51.773764436515634
dolphin,google-pixel,6.55063331546647,0.0,5128.90625,32.09004348141939
dolphin,google-pixel,7.512412645964972,0.05,7583.984375,16.63607205724383
dolphin,google-pixel,9.524382562189786,0.047619047619047616,4076.171875,52.87036412501662
dolphin,google-pixel,8.010241496936672,0.0,6490.234375,23.005942635567152
dolphin,google-pixel,8.28925569525498,0.05,4042.96875,47.29510245985637
dolphin,google-pixel,7.022490700811346,0.058823529411764705,4128.90625,61.39956934597283
dolphin,google-pixel,9.873557440665166,0.05263157894736842,4123.046875,41.857113824589504
dolphin,google-pixel,9.439076035342936,0.0,6962.890625,19.60117480923961
dolphin,google-pixel,7.231366884223235,0.0,7357.421875,15.365520531270247
dolphin,google-pixel,7.036473666772224,0.0,6388.671875,21.49041282404624
dolphin,google-pixel,7.784401571371092,0.0,6480.46875,22.886636785529216
dolphin,google-pixel,9.2307261135429,0.07692307692307693,4078.125,54.877699874331896
dolphin,google-pixel,9.335051454455169,0.03571428571428571,4093.75,45.04832241814277
dolphin,google-pixel,7.58718449629545,0.0,7673.828125,22.784191738237656
dolphin,google-pixel,8.99718637575701,0.0,4429.6875,57.434105431491815
dolphin,google-pixel,6.492113431523819,0.08695652173913043,4660.15625,33.41619908259723
dolphin,google-pixel,8.827040561972808,0.08695652173913043,4132.8125,54.49198559935847
dolphin,google-pixel,8.671612281385762,0.0,6218.75,26.96297010174193
dolphin,google-pixel,6.812294080097388,0.043478260869565216,4105.46875,55.99258437360582
dolphin,google-pixel,5.762059491713245,0.0,6708.984375,20.097488254196705
dolphin,google-pixel,8.124812264787877,0.043478260869565216,5458.984375,37.739949427064246
dolphin,google-pixel,10.674931682188173,0.17391304347826086,4109.375,55.47251333993691
dolphin,google-pixel,6.594562603268315,0.03571428571428571,4111.328125,45.548109871404364
dolphin,google-pixel,6.7362553659658175,0.03571428571428571,4875.0,36.92148559661931
dolphin,google-pixel,11.136247822798325,0.10714285714285714,4130.859375,46.77604481616112
dolphin,google-pixel,5.672257357412633,0.0,5105.46875,34.01155832368278
dolphin,google-pixel,10.27755657803769,0.08695652173913043,4447.265625,49.67500718930972
dolphin,google-pixel,10.85393377916047,0.07692307692307693,4119.140625,40.486608533950665
dolphin,google-pixel,8.074744451295985,0.0,7578.125,22.92684237579753
dolphin,google-pixel,6.6928718568693455,0.0,5046.875,21.885812267448905
dolphin,google-pixel,8.364620366273783,0.0,7558.59375,22.403157678228926
dolphin,google-pixel,12.538550688750362,0.08333333333333333,4240.234375,51.452085906935636
dolphin,google-pixel,12.424490809201842,0.1111111111111111,4138.671875,31.78709537696689
dolphin,google-pixel,6.4900144758111935,0.0,6984.375,26.2607151159766
dolphin,google-pixel,8.429942674896935,0.0,4250.0,37.60671631458982
dolphin,google-pixel,9.774354108833364,0.0,4246.09375,38.504660142983546
dolphin,google-pixel,14.685058127362538,0.13043478260869565,4351.5625,21.598866840482653
dolphin,google-pixel,9.686278648023404,0.0,4228.515625,50.132620675535705
dolphin,google-pixel,7.947365327391935,0.047619047619047616,4242.1875,57.578900923025394
dolphin,google-pixel,15.54643395124819,0.1111111111111111,4361.328125,34.86630631293045
dolphin,google-pixel,13.996195560898244,0.07407407407407407,4359.375,42.72416227641045
dolphin,google-pixel,15.873052642519866,0.06666666666666667,4332.03125,31.1587113421815
dolphin,google-pixel,13.211405218735493,0.0,4259.765625,33.40169553720099
dolphin,google-pixel,9.123209361054023,0.0,4371.09375,41.41771381134056
dolphin,google-pixel,14.339044231588403,0.0,5677.734375,22.221106717434417
dolphin,google-pixel,9.125612258675133,0.08695652173913043,5976.5625,17.645977178343053
dolphin,google-pixel,8.96641220275032,0.037037037037037035,5943.359375,23.552626242687325
dolphin,google-pixel,5.8830236719806805,0.043478260869565216,7574.21875,26.151196611778197
dolphin,google-pixel,13.446796595961715,0.07407407407407407,4214.84375,33.42405433450726
dolphin,google-pixel,15.376161122329592,0.07407407407407407,4214.84375,35.240161493559135
dolphin,google-pixel,9.676161723018453,0.06666666666666667,5580.078125,21.7942451023958
dolphin,google-pixel,14.721656076183564,0.037037037037037035,7093.75,10.908642323478265
dolphin,google-pixel,12.115228030446588,0.1,5187.5,31.47693143644584
dolphin,google-pixel,5.554338244890317,0.0,6996.09375,16.7064596613735
dolphin,google-pixel,10.235211521011934,0.0,5480.46875,38.53155114512849
dolphin,google-pixel,9.874296747934395,0.16666666666666666,7671.875,19.97869465824576
dolphin,google-pixel,6.086335988441036,0.0,7552.734375,19.546027336265865
dolphin,google-pixel,8.252534527904459,0.047619047619047616,7451.171875,16.590820616768806
dolphin,google-pixel,8.902617852638585,0.09523809523809523,4259.765625,49.21914941796801
dolphin,google-pixel,8.800889426936138,0.0,5173.828125,29.461713976911472
dolphin,google-pixel,8.177551699866186,0.04,7552.734375,22.398698540885896
dolphin,google-pixel,9.438231717925746,0.13333333333333333,4177.734375,38.83492146105537
dolphin,google-pixel,9.944073494428324,0.0625,4869.140625,31.05218817913545
dolphin,google-pixel,10.011084820717272,0.058823529411764705,4177.734375,46.776485989578795
dolphin,google-pixel,6.612456175342345,0.037037037037037035,7494.140625,17.676361077894505
dolphin,google-pixel,6.427877177286618,0.0,4150.390625,62.40819904209549
dolphin,google-pixel,7.777258959835578,0.0,6957.03125,24.750469009866194
dolphin,google-pixel,8.788399331194086,0.09090909090909091,4189.453125,55.68794729399621
dolphin,google-pixel,6.862559187713728,0.04878048780487805,4083.984375,44.49938348076313
dolphin,google-pixel,6.906085597370279,0.030303030303030304,4263.671875,48.4635287456189
dolphin,google-pixel,9.528401526465657,0.030303030303030304,4066.40625,47.623497804104986
dolphin,google-pixel,6.135193757036873,0.034482758620689655,4408.203125,62.73872639551171
dolphin,google-pixel,8.634078105223821,0.0,7644.53125,18.671891777075288
dolphin,google-pixel,6.554573929284814,0.0,6478.515625,36.21809783942732
dolphin,google-pixel,10.320911873031136,0.029411764705882353,4392.578125,36.357218523718274
dolphin,google-pixel,9.299440085689483,0.0,4142.578125,40.47566911189317
dolphin,google-pixel,11.866304754423922,0.06060606060606061,4390.625,43.11901146752884
dolphin,google-pixel,7.319463380398858,0.0625,4599.609375,40.60247223686478
dolphin,google-pixel,10.390895692173956,0.09375,4250.0,41.34127931169998
dolphin,google-pixel,10.552898885502955,0.09375,4230.46875,53.803486329318716
dolphin,google-pixel,14.264279543090794,0.12903225806451613,4257.8125,47.85528388054453
dolphin,google-pixel,5.540108252402092,0.1111111111111111,4189.453125,45.65719945998647
dolphin,google-pixel,6.487413453502569,0.0,6851.5625,26.635302585085032
dolphin,google-pixel,8.07951758680828,0.0,5509.765625,32.26903919886571
dolphin,google-pixel,12.00706696556648,0.06060606060606061,4392.578125,43.38734095352681
dolphin,google-pixel,8.90709638999489,0.0,4503.90625,38.85181697176072
dolphin,google-pixel,8.640007813290751,0.041666666666666664,4150.390625,44.439401387358934
dolphin,google-pixel,7.015268321006644,0.045454545454545456,7394.53125,20.30719620532041
dolphin,google-pixel,7.831966888852747,0.1,5462.890625,24.92653281897555
dolphin,google-pixel,9.908183859194466,0.05555555555555555,4550.78125,46.39704231535596
dolphin,google-pixel,8.219196051275048,0.0,7656.25,29.903071337395733
dolphin,google-pixel,6.633942600799273,0.0,5617.1875,23.296647773189424
dolphin,google-pixel,7.64957259187635,0.12,6523.4375,25.108409630097874
dolphin,google-pixel,12.80089403130674,0.045454545454545456,4503.90625,40.65603674561285
dolphin,google-pixel,10.046574527893895,0.043478260869565216,4492.1875,44.11840303311553
dolphin,google-pixel,13.679653432458252,0.0,4525.390625,39.08248223561821
dolphin,google-pixel,9.944272098100953,0.0,4158.203125,43.03790064977203
dolphin,google-pixel,14.150053695809078,0.1111111111111111,4503.90625,34.494119159906575
dolphin,google-pixel,10.357190538211412,0.05555555555555555,4503.90625,42.61723304619784
dolphin,google-pixel,7.322284917102465,0.041666666666666664,7767.578125,21.4685480324087
dolphin,google-pixel,11.0909236985988,0.0,5652.34375,34.466955656113264
dolphin,google-pixel,8.935821776537793,0.0,6072.265625,27.797219774317092
dolphin,google-pixel,8.207300525923586,0.03571428571428571,4556.640625,46.9701376781445
dolphin,google-pixel,12.632216049526477,0.09090909090909091,4595.703125,37.484692669182024
dolphin,google-pixel,10.786130816387384,0.0,5646.484375,26.81920285778274
dolphin,google-pixel,10.611780112503624,0.043478260869565216,4162.109375,45.76324662401072
dolphin,google-pixel,9.01818727296883,0.0,6982.421875,23.041089094842345
dolphin,google-pixel,9.276207100333181,0.0,5869.140625,34.341127850077775
dolphin,google-pixel,8.112596495356073,0.08333333333333333,4003.90625,43.47330672180256
dolphin,google-pixel,11.334793186245605,0.05555555555555555,4531.25,46.016688515928514
dolphin,google-pixel,5.975396271228433,0.0,5587.890625,21.058796142098018
dolphin,google-pixel,9.012748923324338,0.0,7501.953125,20.95514925660018
dolphin,google-pixel,10.340228816339035,0.0,4492.1875,44.45951024120126
dolphin,google-pixel,9.151898533546643,0.047619047619047616,4173.828125,48.517487776877985
dolphin,google-pixel,13.373131139618607,0.08695652173913043,5636.71875,30.132147715044887
dolphin,google-pixel,11.841321416634216,0.10714285714285714,4470.703125,38.855835592658536
dolphin,google-pixel,9.227055450933392,0.05263157894736842,4556.640625,48.196763573014806
dolphin,google-pixel,7.303356425207781,0.0,6730.46875,25.904724288079258
dolphin,google-pixel,8.780780973827959,0.045454545454545456,5224.609375,45.698147590731296
dolphin,google-pixel,9.900455495176928,0.02631578947368421,5259.765625,36.72158280810542
dolphin,google-pixel,9.737543625953023,0.08823529411764706,4617.1875,48.78306333953937
dolphin,google-pixel,7.270642033440097,0.0,5914.0625,29.71088246283818
dolphin,google-pixel,8.632852485229549,0.043478260869565216,4521.484375,46.69324754239324
dolphin,google-pixel,9.144242085082595,0.041666666666666664,4550.78125,54.90468675248171
dolphin,google-pixel,8.740614974553196,0.0,4222.65625,40.69194033684081
dolphin,google-pixel,9.028194092145412,0.0,5943.359375,39.61152386441433
dolphin,google-pixel,12.372104323590278,0.2692307692307692,4179.6875,42.12642443295572
dolphin,google-pixel,9.812245809724914,0.08333333333333333,4242.1875,31.773026681488545
dolphin,google-pixel,6.621510271593792,0.0,4373.046875,41.797181618847475
dolphin,google-pixel,8.479843571972339,0.08333333333333333,5644.53125,38.64357206764828
dolphin,google-pixel,10.894898818427976,0.0625,5248.046875,39.1605707492052
dolphin,google-pixel,5.1919801406744455,0.0,4244.140625,48.04655250686175
dolphin,google-pixel,11.83308680226989,0.08,6576.171875,24.0154408354937
dolphin,google-pixel,10.445131526147605,0.17391304347826086,4189.453125,42.0327867491057
dolphin,huawei-mate9,15.476168266878929,0.7058823529411765,4998.046875,10.834944069351511
dolphin,huawei-mate9,27.255553872362796,0.9545454545454546,6998.046875,1.2268377504290553
dolphin,huawei-mate9,21.145861940484124,0.5555555555555556,6998.046875,6.184106855855063
dolphin,huawei-mate9,18.389837182590682,0.5294117647058824,4998.046875,12.718796128168252
dolphin,huawei-mate9,19.335488092394755,0.45454545454545453,4998.046875,8.523762396524816
dolphin,huawei-mate9,18.697262474791657,0.3,4998.046875,9.274482116288599
dolphin,huawei-mate9,24.781959646511694,0.8,6998.046875,4.04129515559772
dolphin,huawei-mate9,25.219298324004292,0.7727272727272727,4998.046875,3.4552833875009723
dolphin,huawei-mate9,17.031302137812446,0.5,4998.046875,12.120543501876606
dolphin,huawei-mate9,18.014802494733175,0.391304347826087,4998.046875,10.236254432048773
dolphin,huawei-mate9,17.618299970635846,0.391304347826087,4998.046875,9.507624105542714
dolphin,huawei-mate9,24.170720891743386,0.9130434782608695,6998.046875,3.457383611327532
dolphin,huawei-mate9,20.785186341884312,0.35,4000.0,22.955867915041406
dolphin,huawei-mate9,15.676310909407093,0.30434782608695654,6998.046875,11.791741922824318
dolphin,huawei-mate9,13.428389332704555,0.3333333333333333,4998.046875,18.602178446852953
dolphin,huawei-mate9,18.398971572627744,0.3333333333333333,4000.0,20.806099919370602
dolphin,huawei-mate9,17.474526049544068,0.4074074074074074,6998.046875,7.624696283498249
dolphin,huawei-mate9,20.255522686055862,0.2222222222222222,4000.0,24.158799482712702
dolphin,huawei-mate9,17.27266999018788,0.42857142857142855,6998.046875,8.323424314295668
dolphin,huawei-mate9,19.974979282299188,0.7037037037037037,4998.046875,6.6513343639083
dolphin,huawei-mate9,18.04220020779924,0.7142857142857143,4998.046875,10.045230009304877
dolphin,huawei-mate9,24.177302766583068,0.8571428571428571,6998.046875,2.507488093192004
dolphin,huawei-mate9,17.00273795427968,0.5185185185185185,6998.046875,8.435421560955955
dolphin,huawei-mate9,16.33347937701072,0.2962962962962963,6998.046875,10.437364764827947
dolphin,huawei-mate9,18.756535040257745,0.5,6998.046875,7.6283149326819775
dolphin,huawei-mate9,19.756546148751838,0.68,4998.046875,6.620739767468795
dolphin,huawei-mate9,25.820486158114576,0.8,6998.046875,1.431577444715583
dolphin,huawei-mate9,17.995087080833457,0.5652173913043478,4998.046875,8.56911867777773
dolphin,huawei-mate9,20.004570958438848,0.5217391304347826,4998.046875,8.150680587146788
dolphin,huawei-mate9,19.637800979489015,0.6086956521739131,4998.046875,7.222545072475559
dolphin,huawei-mate9,21.83516320349659,0.8260869565217391,6998.046875,5.276030040965331
dolphin,huawei-mate9,17.54077806454287,0.17391304347826086,4000.0,22.127483125506224
dolphin,huawei-mate9,17.971521861816242,0.5454545454545454,4998.046875,8.931388825329758
dolphin,huawei-mate9,18.887699802935444,0.8181818181818182,4998.046875,8.457805856583898
dolphin,huawei-mate9,20.886379002358105,0.3181818181818182,4000.0,21.65432163760121
dolphin,huawei-mate9,15.17231039867751,0.45454545454545453,6998.046875,11.795123195097489
dolphin,huawei-mate9,17.87849367866187,0.44,4998.046875,8.261297523005274
dolphin,huawei-mate9,16.81149418399032,0.2962962962962963,6998.046875,9.339011667794686
dolphin,huawei-mate9,23.290774675115856,0.8260869565217391,6998.046875,3.815930426443101
dolphin,huawei-mate9,17.574268502852476,0.5652173913043478,6998.046875,8.559738314238745
dolphin,huawei-mate9,22.3070579318045,0.30434782608695654,4000.0,22.225700145262245
dolphin,huawei-mate9,15.369079222039701,0.4782608695652174,4998.046875,14.621593543711056
dolphin,huawei-mate9,17.52967540921182,0.2631578947368421,4998.046875,11.731412360189726
dolphin,huawei-mate9,10.290319911902756,0.10526315789473684,6000.0,19.062833686720897
dolphin,huawei-mate9,23.11913973002683,0.8695652173913043,6998.046875,3.4812149713359
dolphin,huawei-mate9,19.176144569473635,0.5,4998.046875,7.184790335931565
dolphin,huawei-mate9,16.51481530055233,0.391304347826087,4998.046875,10.371127606172273
dolphin,huawei-mate9,15.916328294560643,0.5,4998.046875,10.918657554927778
dolphin,huawei-mate9,25.449452181413548,0.9230769230769231,6998.046875,2.2892680938816663
dolphin,huawei-mate9,21.406782981557328,0.7916666666666666,6998.046875,3.835678881063125
dolphin,huawei-mate9,16.61224947091769,0.5384615384615384,6998.046875,9.511527933735351
dolphin,huawei-mate9,12.96567934172299,0.35,4998.046875,14.474897331927794
dolphin,huawei-mate9,17.94147891841726,0.3684210526315789,4998.046875,9.8958465487744
dolphin,huawei-mate9,20.376206217327706,0.65,6998.046875,5.41366470449992
dolphin,huawei-mate9,10.232571889453581,0.15789473684210525,6998.046875,17.925599235287592
dolphin,huawei-mate9,13.86348703754193,0.2,6998.046875,11.909923164208816
dolphin,huawei-mate9,16.983766898976043,0.36363636363636365,4998.046875,10.778487221680855
dolphin,huawei-mate9,15.7602534359051,0.29411764705882354,6998.046875,12.98656396583467
dolphin,huawei-mate9,14.344231283130625,0.4666666666666667,4998.046875,14.808426235394954
dolphin,huawei-mate9,14.507274800487352,0.09090909090909091,6001.953125,17.52577800618002
dolphin,huawei-mate9,20.856166932687103,0.5882352941176471,4998.046875,7.955966639237574
dolphin,huawei-mate9,17.13015485971023,0.16666666666666666,6998.046875,10.1656974078717
dolphin,huawei-mate9,16.622615124236788,0.23529411764705882,4998.046875,10.924926343460662
dolphin,huawei-mate9,11.503782733845838,0.23529411764705882,6998.046875,15.763524157194306
dolphin,huawei-mate9,14.224704036349593,0.47058823529411764,4998.046875,15.12779607793983
dolphin,huawei-mate9,15.67387682350197,0.35294117647058826,4998.046875,10.702948565940636
dolphin,huawei-mate9,13.974952150029694,0.4117647058823529,4998.046875,15.30534908108577
dolphin,huawei-mate9,17.902234612934322,0.5,4998.046875,8.933154787540065
dolphin,huawei-mate9,19.38381770564135,0.6363636363636364,4998.046875,7.298733754402322
dolphin,huawei-mate9,25.748791889606913,0.9545454545454546,6998.046875,2.12318312006176
dolphin,huawei-mate9,16.861804586680506,0.125,6000.0,16.93504656590191
dolphin,huawei-mate9,16.596264057226534,0.375,4998.046875,11.134300226566145
dolphin,huawei-mate9,18.192176435416485,0.3157894736842105,4998.046875,8.519366490384414
dolphin,huawei-mate9,12.82653335021088,0.0625,6998.046875,15.912915070367484
dolphin,huawei-mate9,23.36496429960185,0.7894736842105263,6998.046875,3.9116725240632215
dolphin,huawei-mate9,20.843958451668257,0.5625,4998.046875,8.21731949974427
dolphin,huawei-mate9,16.64376870296013,0.3888888888888889,6998.046875,10.630939950125073
dolphin,huawei-mate9,19.418453202626182,0.42105263157894735,6998.046875,8.842624496203308
dolphin,huawei-mate9,21.23201401279445,0.6842105263157895,4998.046875,7.8401918397988
dolphin,huawei-mate9,20.7240822750736,0.6,4998.046875,7.297595850026263
dolphin,huawei-mate9,25.01193137480319,0.85,6998.046875,3.6639112687447795
dolphin,huawei-mate9,21.178409724277316,0.25,4000.0,20.390962835752617
dolphin,huawei-mate9,16.42512391808401,0.4782608695652174,4998.046875,11.089601569811954
dolphin,huawei-mate9,13.607606326928959,0.21052631578947367,4998.046875,14.596619538873437
dolphin,huawei-mate9,20.235241628651522,0.6842105263157895,6998.046875,6.088538533525244
dolphin,huawei-mate9,21.18305516952212,0.43478260869565216,4000.0,24.1756184438118
dolphin,huawei-mate9,13.349200725801168,0.3181818181818182,4998.046875,17.628264142873267
dolphin,huawei-mate9,19.087547754050632,0.4117647058823529,4998.046875,8.373741148640608
dolphin,huawei-mate9,16.438261708564454,0.4444444444444444,4998.046875,11.009526368846053
dolphin,huawei-mate9,21.89461135692271,0.5294117647058824,6998.046875,6.209557563047952
dolphin,huawei-mate9,21.467568548673952,0.5294117647058824,6998.046875,6.218997537466931
dolphin,huawei-mate9,20.395806880157018,0.3888888888888889,4000.0,19.559677279226552
dolphin,huawei-mate9,14.33238019471527,0.3333333333333333,4998.046875,13.549861292122197
dolphin,huawei-mate9,18.786495040861993,0.35714285714285715,4998.046875,6.615524565428695
dolphin,huawei-mate9,17.887274689092024,0.4444444444444444,4998.046875,8.8773682250516
dolphin,huawei-mate9,16.208949167495632,0.48148148148148145,4998.046875,10.848464255342762
dolphin,huawei-mate9,18.667627546149618,0.4074074074074074,6998.046875,7.481712676744713
dolphin,huawei-mate9,17.444893497090156,0.23809523809523808,4000.0,21.397023484648024
dolphin,huawei-mate9,16.083400805081794,0.23076923076923078,4998.046875,10.546686320266065
dolphin,huawei-mate9,19.702995411004068,0.4782608695652174,6998.046875,7.28466189608155
dolphin,huawei-mate9,16.91287836632408,0.5769230769230769,4998.046875,9.115287882886312
dolphin,huawei-mate9,23.847878984923092,0.6086956521739131,4000.0,24.97280640951238
dolphin,huawei-mate9,11.858747693184156,0.08695652173913043,6000.0,18.426567117929608
dolphin,huawei-mate9,16.282552597452366,0.34782608695652173,4998.046875,11.028848508820202
dolphin,huawei-mate9,14.514416411007034,0.25,6998.046875,11.671861574502538
dolphin,huawei-mate9,16.657110826166374,0.30434782608695654,6998.046875,9.611797395410678
dolphin,huawei-mate9,21.57172144317876,0.6666666666666666,6998.046875,5.821993976161526
dolphin,huawei-mate9,16.917132178013077,0.5,4998.046875,9.972501778801245
dolphin,huawei-mate9,21.51695958593671,0.3333333333333333,4000.0,19.641858010239247
dolphin,huawei-mate9,12.611064056885354,0.43478260869565216,4998.046875,15.971619842496679
dolphin,huawei-mate9,20.813710482436065,0.47619047619047616,4998.046875,6.476179025662384
dolphin,huawei-mate9,15.48609303501813,0.35,4998.046875,11.80806045985481
dolphin,huawei-mate9,21.56298364799666,0.7368421052631579,4998.046875,6.624508752829234
dolphin,huawei-mate9,20.474199452162708,0.3684210526315789,4000.0,22.43281167597594
dolphin,huawei-mate9,20.25479354431448,0.8695652173913043,4998.046875,6.999577865755939
dolphin,huawei-mate9,21.85607033615193,0.5652173913043478,4998.046875,5.563335208004403
dolphin,huawei-mate9,16.92765237931347,0.2,6998.046875,9.245022029473644
dolphin,huawei-mate9,17.996569909732884,0.2916666666666667,4998.046875,10.449034564060193
dolphin,huawei-mate9,15.500461665178364,0.4166666666666667,4998.046875,12.276083720087907
dolphin,huawei-mate9,16.32206893091839,0.6666666666666666,4998.046875,14.064923700009007
dolphin,huawei-mate9,21.829725143680406,0.3333333333333333,6998.046875,6.552010556876482
dolphin,huawei-mate9,14.440211120544092,0.4166666666666667,6998.046875,13.006126224908662
dolphin,huawei-mate9,23.704563940516906,0.6,6998.046875,3.860707346346301
dolphin,huawei-mate9,20.769515946299094,0.7368421052631579,4998.046875,6.9369650769161595
dolphin,huawei-mate9,18.219651847336948,0.42105263157894735,4998.046875,9.948991563357495
dolphin,huawei-mate9,20.001942087782282,0.7619047619047619,4998.046875,8.087968077200344
dolphin,huawei-mate9,19.00846782105984,0.6666666666666666,4998.046875,8.321265084099318
dolphin,huawei-mate9,20.45527951207078,0.3157894736842105,4000.0,22.352521227450527
dolphin,huawei-mate9,17.554618506949026,0.47619047619047616,6998.046875,9.674322466515848
dolphin,huawei-mate9,24.832632145947557,1.0,4998.046875,5.879443936591816
dolphin,huawei-mate9,27.65484964599296,0.8333333333333334,6998.046875,4.511451043671132
dolphin,huawei-mate9,19.794295483915448,0.5454545454545454,4998.046875,12.226204219291052
dolphin,huawei-mate9,18.418835021536566,0.2727272727272727,4998.046875,11.507803453898598
dolphin,huawei-mate9,23.70765977002192,0.45454545454545453,6998.046875,7.40479288071493
dolphin,huawei-mate9,25.447448346663528,1.0,6998.046875,6.230771652216571
dolphin,huawei-mate9,27.17605970798534,0.8181818181818182,4998.046875,4.860247745095506
dolphin,huawei-mate9,15.135995917531645,0.0,7472.65625,25.167770358493648
dolphin,huawei-mate9,21.28072105126924,0.5454545454545454,4998.046875,10.616083784540464
dolphin,huawei-mate9,20.54947312572702,0.8125,4998.046875,7.8096052342430955
dolphin,huawei-mate9,17.62640467887111,0.3125,4998.046875,13.466599257532373
dolphin,huawei-mate9,21.003802292390944,0.5,4998.046875,6.828761093237242
dolphin,huawei-mate9,22.131442671486425,0.5833333333333334,6998.046875,6.531958589544214
dolphin,huawei-mate9,21.936262376674648,0.75,4998.046875,6.048951915339828
dolphin,huawei-mate9,19.742255282010404,0.3181818181818182,4000.0,25.401390725063795
dolphin,huawei-mate9,22.07541725694729,0.5263157894736842,4998.046875,6.847776414841461
dolphin,huawei-mate9,20.34194961090138,0.47368421052631576,4998.046875,8.052419011564652
dolphin,huawei-mate9,22.288834290067747,0.7368421052631579,4998.046875,5.210960935701713
dolphin,huawei-mate9,17.967558833062014,0.5263157894736842,4998.046875,9.812930088601954
dolphin,huawei-mate9,21.00547474161766,0.47368421052631576,4998.046875,7.164568374503018
dolphin,huawei-mate9,25.950487704937956,1.0,6998.046875,2.912751713975013
dolphin,huawei-mate9,20.09885191867278,0.631578947368421,4998.046875,8.102780365071446
dolphin,huawei-mate9,16.966898850061455,0.3157894736842105,4000.0,24.976797166450645
dolphin,huawei-mate9,17.635996851772333,0.42105263157894735,6998.046875,10.253228504464474
dolphin,huawei-mate9,20.216367377814322,0.5909090909090909,4998.046875,7.854143589197879
dolphin,huawei-mate9,24.20603765231565,0.7142857142857143,6998.046875,4.06595001461044
dolphin,huawei-mate9,20.421689113800625,0.5714285714285714,4998.046875,6.713091959413436
dolphin,huawei-mate9,20.748240168519374,0.3181818181818182,4000.0,27.17838857649609
dolphin,huawei-mate9,15.210908027313266,0.4090909090909091,4998.046875,15.145637857854046
dolphin,huawei-mate9,21.242909962281118,0.5238095238095238,4998.046875,6.452339963498554
dolphin,huawei-mate9,17.957201746998408,0.5263157894736842,4998.046875,9.49971923067347
dolphin,huawei-mate9,17.838454877240082,0.7894736842105263,4998.046875,10.075087418072911
dolphin,huawei-mate9,24.477533577574846,0.75,4998.046875,5.00979266283937
dolphin,huawei-mate9,16.108321691209767,0.14285714285714285,6000.0,18.61779654587275
dolphin,huawei-mate9,14.367109197511525,0.3125,4998.046875,16.410849852364482
dolphin,huawei-mate9,17.44776650822061,0.5294117647058824,4998.046875,9.337010593637526
dolphin,huawei-mate9,25.931800261667647,0.9411764705882353,6998.046875,3.4688619634957756
dolphin,huawei-mate9,20.111481167164875,0.13333333333333333,4000.0,25.05364927810679
dolphin,huawei-mate9,19.793110721004012,0.5882352941176471,6998.046875,7.329085608014046
dolphin,huawei-mate9,21.23639601591597,0.875,6998.046875,8.40038914761417
dolphin,huawei-mate9,20.76603139466691,0.3125,4000.0,26.17715993081541
dolphin,huawei-mate9,21.850052338288805,0.5555555555555556,4998.046875,7.005293647568274
dolphin,huawei-mate9,16.63981722837758,0.2631578947368421,4998.046875,10.707990037254566
dolphin,huawei-mate9,24.203534320985106,0.7647058823529411,6998.046875,4.532195495218575
dolphin,huawei-mate9,22.928382438718927,0.5,4998.046875,5.676530234378712
dolphin,huawei-mate9,20.66962761113283,0.2777777777777778,4000.0,24.581577582947347
dolphin,huawei-mate9,16.448654064205385,0.42105263157894735,6998.046875,10.695264647249038
dolphin,huawei-mate9,21.039478251079572,0.4444444444444444,4998.046875,7.858327089648158
dolphin,huawei-mate9,19.247519487564816,0.5,4998.046875,8.821960080760281
dolphin,huawei-mate9,14.669234504212326,0.5555555555555556,6998.046875,10.449621318325146
dolphin,huawei-mate9,20.508069135510752,0.6111111111111112,6998.046875,6.489593896420308
dolphin,huawei-mate9,19.671138278206953,0.4,4998.046875,9.447545767097337
dolphin,huawei-mate9,14.17609807500017,0.3333333333333333,6998.046875,12.853478240681927
dolphin,huawei-mate9,23.129965598742302,0.3076923076923077,6998.046875,6.818475209274135
dolphin,huawei-mate9,10.622673940146456,0.23076923076923078,7001.953125,15.43737520391846
dolphin,huawei-mate9,21.4223594855505,0.5,4998.046875,8.943404649349414
dolphin,huawei-mate9,20.15358936949511,0.5,6998.046875,9.521914379019098
dolphin,huawei-mate9,20.078936040103045,0.25,4000.0,24.968139954936998
dolphin,huawei-mate9,18.391086186397928,0.3076923076923077,6998.046875,10.178355391628822
dolphin,huawei-mate9,13.268410076884862,0.09090909090909091,5156.25,19.46687483071129
dolphin,huawei-mate9,20.000919878213367,0.75,6998.046875,9.20882149172713
dolphin,huawei-mate9,23.419056471925288,0.7272727272727273,6998.046875,7.731118078576177
dolphin,huawei-mate9,22.219093720061352,0.5833333333333334,4998.046875,9.280536525062873
dolphin,huawei-mate9,16.427690154661136,0.18181818181818182,4001.953125,27.54009594564499
dolphin,huawei-mate9,18.978797163933436,0.5454545454545454,6998.046875,12.863491366057037
dolphin,huawei-mate9,20.486029172613044,0.6666666666666666,6998.046875,8.043147816232366
dolphin,huawei-mate9,25.003130257201718,0.7777777777777778,6998.046875,4.36196415296001
dolphin,huawei-mate9,23.769864247292958,0.5789473684210527,4998.046875,4.838239530331324
dolphin,huawei-mate9,20.797089072224104,0.16666666666666666,4000.0,26.645430894960885
dolphin,huawei-mate9,17.92554914377733,0.5238095238095238,6998.046875,9.281391955004315
dolphin,huawei-mate9,16.21379451231479,0.2631578947368421,4000.0,25.025683071075587
dolphin,huawei-mate9,17.828720154127822,0.5263157894736842,4998.046875,11.66148018390135
dolphin,huawei-mate9,22.569143408442827,0.5,4998.046875,5.90646820833283
dolphin,huawei-mate9,14.440272228307975,0.25,6998.046875,12.722668595731857
dolphin,huawei-mate9,23.069946908093314,0.8888888888888888,4998.046875,4.688177659458434
dolphin,huawei-mate9,25.820248393278902,0.8,6998.046875,3.7925710989300048
dolphin,huawei-mate9,24.2204530318716,0.6666666666666666,6998.046875,3.8080337430001454
dolphin,huawei-mate9,15.993691123860799,0.3888888888888889,4998.046875,19.483485881557215
dolphin,huawei-mate9,21.859451271241042,0.5384615384615384,4998.046875,8.500172634310745
dolphin,huawei-mate9,20.93301992009279,0.7692307692307693,6998.046875,7.645646779168587
dolphin,huawei-mate9,18.870500693516007,0.38461538461538464,6998.046875,8.737178966941055
dolphin,huawei-mate9,17.75390378674311,0.23076923076923078,4000.0,23.080804498079065
dolphin,huawei-mate9,19.391463408912145,0.6923076923076923,4998.046875,10.410525732024258
dolphin,huawei-mate9,21.1084945365796,0.625,6998.046875,8.236648704438005
dolphin,huawei-mate9,21.10950045062475,0.625,4998.046875,8.290277044549843
dolphin,huawei-mate9,21.89875532073067,0.4375,4000.0,23.65650638887447
dolphin,huawei-mate9,17.93371490246328,0.5294117647058824,4998.046875,10.385483028517285
dolphin,huawei-mate9,23.00214876408758,0.5333333333333333,6998.046875,6.849211591721001
dolphin,huawei-mate9,21.15939262782213,0.7333333333333333,4998.046875,7.242860502927721
dolphin,huawei-mate9,24.311124796902014,0.9333333333333333,6998.046875,4.409501618911536
dolphin,huawei-mate9,24.40477561414336,0.8,6998.046875,3.9690349490278716
dolphin,huawei-mate9,17.55790160838915,0.2,4000.0,25.359154527855313
dolphin,huawei-mate9,17.18159527478751,0.4666666666666667,4998.046875,13.808290792311915
dolphin,huawei-mate9,20.79034226646222,0.6,4998.046875,6.447639833310818
dolphin,huawei-mate9,20.309081903623834,0.5769230769230769,6998.046875,5.999431216388516
dolphin,huawei-mate9,15.670445864124346,0.4230769230769231,6998.046875,10.702058451635605
dolphin,huawei-mate9,18.361140742629047,0.45,4998.046875,9.675474422478468
dolphin,huawei-mate9,24.181790165822214,0.8095238095238095,6998.046875,3.3547325390668914
dolphin,huawei-mate9,18.020836215985057,0.2857142857142857,4000.0,27.891195087481098
dolphin,huawei-mate9,16.2555441829724,0.45454545454545453,4998.046875,14.19372839388745
dolphin,huawei-mate9,19.305213377002744,0.5416666666666666,4998.046875,8.812077654258779
dolphin,huawei-mate9,18.996384210728394,0.5517241379310345,4998.046875,7.2709462054271405
dolphin,huawei-mate9,20.38634571922394,0.5862068965517241,6998.046875,5.551625938024155
dolphin,huawei-mate9,22.338097270750623,0.5172413793103449,6998.046875,4.596080254932184
dolphin,huawei-mate9,19.405420005503046,0.3793103448275862,4000.0,24.574128707751434
dolphin,huawei-mate9,21.61297322905307,0.6,4998.046875,6.71018548440236
dolphin,huawei-mate9,19.709739862741927,0.55,4998.046875,8.206489991981416
dolphin,huawei-mate9,22.257904815465906,0.8181818181818182,4998.046875,4.800611447882287
dolphin,huawei-mate9,24.230924425087125,0.6363636363636364,4998.046875,4.397127258581884
dolphin,huawei-mate9,16.11465106472373,0.4,4998.046875,9.630774597713819
dolphin,huawei-mate9,23.138708116871314,0.6818181818181818,6998.046875,4.459118487428708
dolphin,huawei-mate9,22.123152406463177,0.7,4998.046875,6.813683638024188
dolphin,huawei-mate9,15.276310258414938,0.1,4000.0,27.656434439919227
dolphin,huawei-mate9,16.884080098894785,0.36363636363636365,4998.046875,12.495332040610954
dolphin,huawei-mate9,18.396094738949643,0.45454545454545453,6998.046875,8.889277848626993
dolphin,huawei-mate9,21.025672008816002,0.8148148148148148,6998.046875,4.918289516543506
dolphin,huawei-mate9,24.579724308408217,0.8,6998.046875,3.9241611552013906
dolphin,huawei-mate9,22.775688484843457,0.8181818181818182,4998.046875,5.251359326702194
dolphin,huawei-mate9,17.02365200224223,0.37037037037037035,6998.046875,9.69120658210237
dolphin,huawei-mate9,20.967191335783042,0.6,4998.046875,6.613624082419465
dolphin,huawei-mate9,17.979160542978292,0.4,4998.046875,9.004665465540517
dolphin,huawei-mate9,21.116846636087175,0.6538461538461539,6998.046875,4.699156272166293
dolphin,huawei-mate9,17.852778040238974,0.4,6998.046875,8.614578849717436
dolphin,huawei-mate9,17.84396614794693,0.34782608695652173,4000.0,24.24266816715167
dolphin,huawei-mate9,21.39573906514852,0.5,6998.046875,6.677973941475099
dolphin,huawei-mate9,23.666774256109484,0.7272727272727273,6998.046875,4.253491611144243
dolphin,huawei-mate9,24.664413189199422,0.9,6998.046875,4.1137199963596585
dolphin,huawei-mate9,17.12596410904723,0.15,4000.0,24.878971410259144
dolphin,huawei-mate9,16.765195649726536,0.3,6998.046875,10.91392524283368
dolphin,huawei-mate9,15.828474371662267,0.1111111111111111,4998.046875,15.949195905475408
dolphin,huawei-mate9,26.471542058165483,0.7777777777777778,6998.046875,4.658883937838571
dolphin,huawei-mate9,20.57675752417059,0.3333333333333333,4998.046875,10.817791852346389
dolphin,huawei-mate9,24.80858667824728,0.45454545454545453,4998.046875,7.0347455774217575
dolphin,huawei-mate9,27.296709550687822,0.4,6998.046875,6.866999701930105
dolphin,huawei-mate9,27.21695942498402,0.6666666666666666,4998.046875,5.838268069683885
dolphin,huawei-mate9,20.650162097467472,0.6363636363636364,4998.046875,12.22660907454777
dolphin,huawei-mate9,21.21201529425268,0.6666666666666666,4998.046875,9.960363638156092
dolphin,huawei-mate9,24.036804275920275,0.7857142857142857,4998.046875,5.94618698307813
dolphin,huawei-mate9,20.33545486500519,0.4375,4998.046875,9.048187232306658
dolphin,huawei-mate9,25.383025176211454,1.0,4998.046875,3.7432634438915153
dolphin,huawei-mate9,16.03898902997547,0.2857142857142857,6998.046875,15.82470459939162
dolphin,huawei-mate9,21.864703591433695,0.6111111111111112,4998.046875,6.816858770268358
dolphin,huawei-mate9,18.32901231875455,0.2777777777777778,6998.046875,9.580811236509518
dolphin,huawei-mate9,21.689703568276187,0.5555555555555556,4998.046875,6.58279600216269
dolphin,huawei-mate9,20.065440510187273,0.35294117647058826,4000.0,23.852152876649257
dolphin,huawei-mate9,23.451045385461967,0.75,4998.046875,6.257277333634844
dolphin,huawei-mate9,20.239978920910872,0.6875,4998.046875,8.969353168436724
dolphin,huawei-mate9,19.154641012881115,0.5,4998.046875,8.661171508619724
dolphin,huawei-mate9,23.912713715970227,0.6111111111111112,6998.046875,4.766366856420828
dolphin,huawei-mate9,21.842682290824186,0.6428571428571429,4998.046875,8.011421311877836
dolphin,huawei-mate9,18.87010299907091,0.45454545454545453,4998.046875,8.520884463541048
dolphin,huawei-mate9,25.421801721877408,0.9047619047619048,6998.046875,2.4912790844092876
dolphin,huawei-mate9,19.67833927069246,0.6,4998.046875,7.961406842312084
dolphin,huawei-mate9,18.877622081907276,0.5454545454545454,4998.046875,8.37050439841278
dolphin,huawei-mate9,22.51916656913066,0.5,6998.046875,6.066125103822038
dolphin,huawei-mate9,14.90685106389256,0.3888888888888889,6998.046875,11.768020319654779
dolphin,huawei-mate9,22.023029775605295,0.8571428571428571,6998.046875,3.732582190621005
dolphin,huawei-mate9,26.37090934054349,0.7619047619047619,6998.046875,2.8458192378830383
dolphin,huawei-mate9,22.88359873268044,0.6111111111111112,6998.046875,4.975624127777915
dolphin,huawei-mate9,16.910476027156733,0.4444444444444444,4998.046875,18.46558192682131
dolphin,huawei-mate9,19.925347883638977,0.625,4998.046875,9.426332634533392
dolphin,huawei-mate9,19.76610962905923,0.6666666666666666,6998.046875,7.9067613937875105
dolphin,huawei-mate9,24.05287271364938,0.625,4998.046875,6.042763482661356
dolphin,huawei-mate9,20.491560716889197,0.6923076923076923,6998.046875,7.101561532079614
dolphin,huawei-mate9,24.534253194270534,0.9375,6998.046875,3.927800285739033
dolphin,huawei-mate9,18.758461841858406,0.625,4998.046875,9.105717772354282
dolphin,huawei-mate9,15.903015185432992,0.125,4000.0,27.269834835718502
dolphin,huawei-mate9,19.954623226216057,0.6153846153846154,4998.046875,9.04234458722202
dolphin,huawei-mate9,17.84173156144344,0.5,4998.046875,10.45878451262399
dolphin,huawei-mate9,22.699542182868328,0.8888888888888888,6998.046875,5.059201970644707
dolphin,huawei-mate9,26.439550089410048,0.8888888888888888,6998.046875,2.1521638239410077
dolphin,huawei-mate9,23.37443659468923,0.6666666666666666,4998.046875,4.454955144470635
dolphin,huawei-mate9,21.951572672239195,0.4,4998.046875,7.478401750042978
dolphin,huawei-mate9,17.295245483831636,0.42105263157894735,6998.046875,9.156598660471843
dolphin,huawei-mate9,24.867389561130935,0.7058823529411765,6998.046875,2.815519522461036
dolphin,huawei-mate9,17.18751739322424,0.11764705882352941,4000.0,24.47569442955853
dolphin,huawei-mate9,18.420878812252,0.4117647058823529,6998.046875,9.512261503846759
dolphin,huawei-mate9,24.675285640652405,0.5833333333333334,4998.046875,7.258621874997125
dolphin,huawei-mate9,21.987840090886223,0.75,4998.046875,9.606618174558433
dolphin,huawei-mate9,21.084736265159208,0.9,6998.046875,9.349786570861419
dolphin,huawei-mate9,15.842320975056396,0.3076923076923077,6998.046875,16.522315816878024
dolphin,huawei-mate9,20.976622670272178,0.5833333333333334,4998.046875,10.419979253641557
dolphin,huawei-mate9,15.997822143763955,0.2222222222222222,6998.046875,14.456719959952245
dolphin,huawei-mate9,24.546239710244414,0.3333333333333333,4998.046875,7.25041254400498
dolphin,huawei-mate9,27.292919444990005,1.0,6998.046875,4.393169653051635
dolphin,huawei-mate9,20.589280140513594,0.6666666666666666,4998.046875,11.41019253924969
dolphin,huawei-mate9,23.672916831904757,0.6,4998.046875,6.025618992408571
dolphin,huawei-mate9,17.156336151585208,0.47058823529411764,6998.046875,10.145295685582248
dolphin,huawei-mate9,17.39491012914661,0.6,4998.046875,11.541269339814935
dolphin,huawei-mate9,24.349346508404096,0.8235294117647058,6998.046875,3.307833208593374
dolphin,huawei-mate9,21.4374177724912,0.6,6998.046875,7.15068374913209
dolphin,huawei-mate9,17.53285581826752,0.11764705882352941,4000.0,23.477807117402225
dolphin,huawei-mate9,17.39242102260809,0.5333333333333333,4998.046875,13.093532126738172
dolphin,huawei-mate9,21.370597708593237,0.7142857142857143,6998.046875,8.155141382801801
dolphin,huawei-mate9,22.425296746317798,0.5555555555555556,6998.046875,5.8863138404813995
dolphin,huawei-mate9,26.202823940172387,0.9411764705882353,6998.046875,3.144501065370198
dolphin,huawei-mate9,15.542160206448614,0.4444444444444444,4998.046875,21.862881762306404
dolphin,huawei-mate9,18.247587523543146,0.3888888888888889,4998.046875,11.241482599309393
dolphin,huawei-mate9,23.205578152972038,0.7,4998.046875,5.222404754342338
dolphin,huawei-mate9,16.28436123790668,0.4,4998.046875,11.356588900193156
dolphin,huawei-mate9,23.462995518121602,0.5555555555555556,6998.046875,5.237388018093828
dolphin,huawei-mate9,26.919954398773655,0.95,6998.046875,1.3957204683576008
dolphin,huawei-mate9,17.159169613636678,0.3333333333333333,4998.046875,17.507244692373234
dolphin,huawei-mate9,19.128399956362642,0.4,4998.046875,9.330513719096414
dolphin,huawei-mate9,25.38005816604729,0.9,6998.046875,5.909555446463265
dolphin,huawei-mate9,19.896058278222682,0.7,4998.046875,13.493657193381999
dolphin,huawei-mate9,20.86933845711222,0.45454545454545453,6998.046875,10.642442447314899
dolphin,huawei-mate9,22.89319559386051,0.5625,4998.046875,6.673029733356607
dolphin,huawei-mate9,19.997032681129156,0.5625,6998.046875,8.999572273626143
dolphin,huawei-mate9,24.04328419192955,1.0,6998.046875,5.058079128814934
dolphin,huawei-mate9,23.49455944798052,0.8125,4998.046875,5.7869098303372795
dolphin,huawei-mate9,14.7122857852535,0.0,4000.0,28.818140429084977
dolphin,huawei-mate9,19.946363356001797,0.5,4998.046875,9.381942186371443
dolphin,huawei-mate9,23.100136439780286,0.6666666666666666,4998.046875,6.436129408870142
dolphin,huawei-mate9,21.804619723455914,0.4666666666666667,6998.046875,6.456258684520667
dolphin,huawei-mate9,26.967721922019543,0.9411764705882353,6998.046875,2.2239355995143866
dolphin,huawei-mate9,18.16210370310155,0.6470588235294118,4998.046875,20.407360739751525
dolphin,huawei-mate9,18.76690353860964,0.5333333333333333,4998.046875,11.298422865136764
dolphin,huawei-mate9,20.3699441045856,0.6153846153846154,4998.046875,6.612557100545775
dolphin,huawei-mate9,17.78667846084771,0.6363636363636364,4998.046875,9.008776749863562
dolphin,huawei-mate9,18.307271391583186,0.36363636363636365,6998.046875,9.061894134743344
dolphin,huawei-mate9,22.458451996980642,0.5909090909090909,6998.046875,5.394706591721503
dolphin,huawei-mate9,18.765520689830737,0.7272727272727273,4998.046875,8.466771497477612
dolphin,huawei-mate9,17.03328979116769,0.4090909090909091,4998.046875,19.14495673566526
dolphin,huawei-mate9,12.396309992228439,0.23809523809523808,6998.046875,13.975207879986328
dolphin,huawei-mate9,19.283932903510646,0.6,4998.046875,8.084340737149901
dolphin,huawei-mate9,15.241453871218866,0.5263157894736842,4998.046875,22.4697691129074
dolphin,huawei-mate9,23.189117413476083,0.7,4998.046875,5.387922558409577
dolphin,huawei-mate9,25.536982612423714,0.7222222222222222,6998.046875,3.8730424379486283
dolphin,huawei-mate9,25.216350489760202,0.9444444444444444,6998.046875,3.1103072973460737
dolphin,huawei-mate9,16.390894847619734,0.42105263157894735,4998.046875,19.65134522647547
dolphin,huawei-mate9,19.343998483860318,0.6,4998.046875,8.941372492182387
dolphin,huawei-mate9,23.63800043539392,0.85,6998.046875,4.492335970523561
dolphin,huawei-mate9,23.737920756853754,0.55,4998.046875,5.1178396731274445
dolphin,huawei-mate9,19.21288857598887,0.3684210526315789,6998.046875,9.57616500815684
dolphin,huawei-mate9,18.37204007178289,0.7222222222222222,4998.046875,9.205565496343617
dolphin,huawei-mate9,24.38021043361593,0.9230769230769231,6998.046875,2.485375300110024
dolphin,huawei-mate9,26.227169981846444,0.6666666666666666,6998.046875,3.030047366112625
dolphin,huawei-mate9,20.28199131425754,0.8333333333333334,4998.046875,7.482001576073504
dolphin,huawei-mate9,20.68425149446088,0.6875,4998.046875,8.368121553261181
dolphin,huawei-mate9,21.014803452199274,0.6086956521739131,4998.046875,6.8084309914103835
dolphin,huawei-mate9,21.04420972076285,0.4782608695652174,6998.046875,6.584679237565041
dolphin,huawei-mate9,26.69978301595703,0.8611111111111112,6998.046875,1.0228043625896908
dolphin,huawei-mate9,19.696551199878783,0.43478260869565216,6998.046875,6.855377650118389
dolphin,huawei-mate9,15.50725971373538,0.21739130434782608,4000.0,22.646312297248908
dolphin,huawei-mate9,22.692362673302682,0.4,6998.046875,5.992614399345227
dolphin,huawei-mate9,25.801001673302828,0.7777777777777778,6998.046875,3.4010361895880563
dolphin,huawei-mate9,18.44873588452316,0.5,4998.046875,8.906480619025988
dolphin,huawei-mate9,19.941919602001548,0.6,4998.046875,8.385292240385194
dolphin,huawei-mate9,17.681804534033688,0.4,6998.046875,10.696735403272719
dolphin,huawei-mate9,24.606165762278756,0.5555555555555556,6998.046875,5.535035917477577
dolphin,huawei-mate9,26.530592839617036,0.6666666666666666,6998.046875,4.506388077471
dolphin,huawei-mate9,24.765550068911693,0.7222222222222222,4998.046875,4.764272837100634
dolphin,huawei-mate9,19.546314781498424,0.4,6998.046875,9.35522148215762
dolphin,huawei-mate9,23.72459051754153,0.5625,4998.046875,5.937621683378086
dolphin,huawei-mate9,21.361953842420462,0.375,6998.046875,6.855876762176809
dolphin,huawei-mate9,24.65152442857746,0.6875,6998.046875,4.57118723332476
dolphin,huawei-mate9,24.681713457679223,0.45,4998.046875,4.3716440461763115
dolphin,huawei-mate9,19.707819091408027,0.375,6998.046875,9.540745513102323
dolphin,huawei-mate9,23.488101407868655,0.5909090909090909,4998.046875,4.816771690507378
dolphin,huawei-mate9,20.30253557601054,0.7619047619047619,4998.046875,7.160121568503305
dolphin,huawei-mate9,19.001482639829504,0.45454545454545453,4998.046875,7.232915862038558
dolphin,huawei-mate9,18.46597303625221,0.5909090909090909,4998.046875,17.47971383357366
dolphin,huawei-mate9,21.721636781595322,0.45454545454545453,4998.046875,5.685862403940155
dolphin,huawei-mate9,17.96208707087159,0.625,4998.046875,8.670308106029417
dolphin,huawei-mate9,19.11048052787949,0.6363636363636364,4998.046875,8.242860518485719
dolphin,huawei-mate9,24.221793645022927,0.6818181818181818,6998.046875,4.574133254750871
dolphin,huawei-mate9,18.414808278940953,0.5,4998.046875,8.840812922096596
dolphin,huawei-mate9,23.049859124775665,0.5454545454545454,6998.046875,5.333827647002991
dolphin,huawei-mate9,17.4775370266226,0.4090909090909091,4998.046875,9.692187296776389
dolphin,huawei-mate9,23.338695083362353,0.7727272727272727,6998.046875,4.968250881872567
dolphin,huawei-mate9,17.09694121899379,0.5,4998.046875,15.537946188877074
dolphin,huawei-mate9,19.83859613580924,0.5454545454545454,6998.046875,7.544943257359452
dolphin,huawei-mate9,23.026292692214966,0.5909090909090909,4998.046875,4.8978824741202045
dolphin,huawei-mate9,17.972798623582975,0.4090909090909091,4998.046875,9.04208321641132
dolphin,huawei-mate9,24.219578633063406,0.9090909090909091,6998.046875,3.5056794153959854
dolphin,huawei-mate9,27.142671348194057,0.8636363636363636,6998.046875,2.04616377090166
dolphin,huawei-mate9,17.068868814587404,0.5,4998.046875,17.87849544759158
dolphin,huawei-mate9,19.092148436722383,0.5909090909090909,4998.046875,8.080461707058756
dolphin,huawei-mate9,22.32986679795748,0.6956521739130435,6998.046875,5.069628944059907
dolphin,huawei-mate9,17.102952171656995,0.11538461538461539,4000.0,22.69086982861492
dolphin,huawei-mate9,23.094019040819845,0.7272727272727273,4998.046875,4.767211853881933
dolphin,huawei-mate9,17.877910767417347,0.36363636363636365,4998.046875,9.076795550742633
dolphin,huawei-mate9,18.94726438618332,0.2,6998.046875,8.493932451814395
dolphin,huawei-mate9,16.68969466154813,0.3,6998.046875,12.603800689861588
dolphin,huawei-mate9,19.341701505053436,0.47619047619047616,4998.046875,7.890252140292154
dolphin,huawei-mate9,26.028144954000403,0.7037037037037037,6998.046875,2.3435671669345575
dolphin,huawei-mate9,19.30627370515677,0.6,4998.046875,7.655301431262886
dolphin,huawei-mate9,22.87220845956999,0.6,4998.046875,5.6706407172137325
dolphin,huawei-mate9,18.611472327036367,0.65,4998.046875,9.20469823545725
dolphin,huawei-mate9,25.62917288206922,1.0,6998.046875,2.7134806170884755
dolphin,huawei-mate9,18.95389136409412,0.55,6998.046875,8.29925939883039
dolphin,huawei-mate9,22.865783511277982,0.4782608695652174,4998.046875,5.177706795570439
dolphin,huawei-mate9,18.646698038330555,0.5217391304347826,4998.046875,9.335377694216033
dolphin,huawei-mate9,25.52285321657206,0.9523809523809523,6998.046875,1.7839760508920122
dolphin,huawei-mate9,20.121544246299763,0.34782608695652173,6998.046875,7.83363737160005
dolphin,huawei-mate9,23.431601216455007,0.4782608695652174,4998.046875,5.194509673717401
dolphin,huawei-mate9,14.967524369628578,0.391304347826087,4998.046875,11.015048648567658
dolphin,huawei-mate9,18.659850093604888,0.43478260869565216,4998.046875,8.764779378981519
dolphin,huawei-mate9,19.605506350966607,0.5652173913043478,4998.046875,8.001062187477428
dolphin,huawei-mate9,18.2306380908991,0.22727272727272727,4000.0,24.649677985357744
dolphin,huawei-mate9,22.885732315499112,0.4,6998.046875,6.256388757460933
dolphin,huawei-mate9,11.002485710387745,0.23529411764705882,4998.046875,15.334947624832715
dolphin,huawei-mate9,23.774061340645645,0.5263157894736842,6998.046875,5.504470929010928
dolphin,huawei-mate9,27.94863266137805,0.9,6998.046875,1.8863332957147398
dolphin,huawei-mate9,18.363747043283468,0.5789473684210527,6998.046875,9.332033071329223
dolphin,huawei-mate9,19.798728763154116,0.8235294117647058,4998.046875,8.902866662908112
dolphin,huawei-mate9,20.363320800843837,0.631578947368421,4998.046875,7.466367063174058
dolphin,huawei-mate9,23.265023695854765,0.5,4998.046875,5.57105057629342
dolphin,huawei-mate9,20.829743346131778,0.6666666666666666,4998.046875,7.612483124543974
dolphin,huawei-mate9,23.240428429901527,0.6666666666666666,6998.046875,6.076179919749698
dolphin,huawei-mate9,21.210889660517836,0.3888888888888889,4998.046875,7.631400490067554
dolphin,huawei-mate9,23.262789068812225,0.6666666666666666,4998.046875,5.496569833039125
dolphin,huawei-mate9,19.69935822364897,0.7777777777777778,4998.046875,9.018606079980582
dolphin,huawei-mate9,19.15497702884268,0.47619047619047616,4998.046875,8.586446046253634
dolphin,huawei-mate9,21.724271838084064,0.7142857142857143,6998.046875,5.798956992484681
dolphin,huawei-mate9,25.199082990590966,0.8571428571428571,6998.046875,2.8319156537750967
dolphin,huawei-mate9,18.921866747029085,0.23809523809523808,4000.0,25.357817726735878
dolphin,huawei-mate9,23.257621807482934,0.45454545454545453,4998.046875,5.098857615788118
dolphin,huawei-mate9,20.07879153837419,0.5,4998.046875,7.758741211777837
dolphin,huawei-mate9,23.427599855522104,0.5909090909090909,6998.046875,4.83360066152763
dolphin,huawei-mate9,16.420946086079823,0.3181818181818182,4998.046875,19.539337801638887
dolphin,huawei-mate9,19.51341086607316,0.6363636363636364,4998.046875,7.938034273904258
dolphin,huawei-mate9,22.882757742951767,0.42857142857142855,6998.046875,5.533704558493392
dolphin,huawei-mate9,18.994884685969453,0.5454545454545454,4998.046875,8.509422466082272
dolphin,huawei-mate9,24.9115259037871,0.7619047619047619,6998.046875,4.039516526080515
dolphin,huawei-mate9,23.148990296252506,0.7142857142857143,4998.046875,5.2300767721628505
dolphin,huawei-mate9,19.487642248976144,0.6666666666666666,6998.046875,8.508590237799528
dolphin,huawei-mate9,23.614258220763148,0.5625,4998.046875,6.143589250348045
dolphin,huawei-mate9,17.960260171623233,0.25,6998.046875,10.67678913575255
dolphin,huawei-mate9,23.585113658733377,0.9375,6998.046875,4.267837303490259
dolphin,huawei-mate9,19.74967319159289,0.4375,4998.046875,9.248916331883049
dolphin,huawei-mate9,23.19562950381726,0.45,6998.046875,6.222688589280012
dolphin,huawei-mate9,15.514645197455621,0.2,6998.046875,11.265452899458644
dolphin,huawei-mate9,20.208016180688915,0.8,6998.046875,6.908682558519357
dolphin,huawei-mate9,16.84775537492493,0.5,4998.046875,19.63886831624619
dolphin,huawei-mate9,19.558534834938783,0.55,6998.046875,8.429657200502032
dolphin,huawei-mate9,23.14577865968519,0.6190476190476191,4998.046875,5.102572522181062
dolphin,huawei-mate9,19.961223568847373,0.631578947368421,4998.046875,7.781991612472408
dolphin,huawei-mate9,21.23728842070514,0.5789473684210527,6998.046875,6.1929005483779855
dolphin,huawei-mate9,22.6568378753215,0.7142857142857143,4998.046875,5.763206137362278
dolphin,huawei-mate9,17.337352388514105,0.47368421052631576,4998.046875,19.74910382666605
dolphin,huawei-mate9,20.072211892117195,0.3684210526315789,6998.046875,7.998896223509203
dolphin,huawei-mate9,18.902053231484416,0.6071428571428571,4998.046875,7.393280633643556
dolphin,huawei-mate9,22.940676067768337,0.7037037037037037,4998.046875,5.183666391167327
dolphin,huawei-mate9,17.79090230353573,0.1111111111111111,4000.0,22.18037389937232
dolphin,huawei-mate9,17.555564504991693,0.42857142857142855,4998.046875,10.156771184731985
dolphin,huawei-mate9,22.080881660999736,0.5,4998.046875,5.276123337380544
dolphin,huawei-mate9,21.072206207562687,0.56,4998.046875,7.485757880016628
dolphin,huawei-mate9,25.153805563698512,0.6538461538461539,6998.046875,2.6889715000507595
dolphin,huawei-mate9,18.1521527494359,0.3076923076923077,4998.046875,8.477770204176913
dolphin,huawei-mate9,17.10314830827467,0.08,4000.0,22.483155099360694
dolphin,huawei-mate9,18.50823728514331,0.4642857142857143,4998.046875,9.982161630705757
dolphin,huawei-mate9,23.32290146220224,0.75,6998.046875,4.315624393470804
dolphin,huawei-mate9,18.234289688025953,0.20833333333333334,4000.0,22.951215438086194
dolphin,huawei-mate9,23.756156287933848,0.5217391304347826,4998.046875,5.08283766445158
dolphin,huawei-mate9,27.280374926617696,0.8695652173913043,6998.046875,2.144994205369338
dolphin,huawei-mate9,23.72496330870483,0.7391304347826086,4998.046875,4.342597761373641
dolphin,huawei-mate9,19.369248415742064,0.6086956521739131,4998.046875,7.961360292404851
dolphin,huawei-mate9,19.04267623241698,0.4782608695652174,4998.046875,8.305048266367807
dolphin,huawei-mate9,26.26907651380388,0.9130434782608695,6998.046875,2.7973603364757067
dolphin,huawei-mate9,22.70366122847672,0.6956521739130435,4998.046875,4.834744377897133
dolphin,huawei-mate9,18.22647638188495,0.6521739130434783,4998.046875,14.628725092206194
dolphin,huawei-mate9,19.884126687804397,0.5416666666666666,4998.046875,7.9406663880797925
dolphin,huawei-mate9,22.520426583633153,0.56,4998.046875,5.199406999873748
dolphin,huawei-mate9,19.592708035094546,0.6086956521739131,4998.046875,8.216117956202782
dolphin,huawei-mate9,17.608585910084713,0.8,4998.046875,10.499968473523706
dolphin,huawei-mate9,25.014031963956164,0.782608695652174,6998.046875,2.6119075278088237
dolphin,huawei-mate9,16.996564466993604,0.1,4000.0,22.882512953772437
dolphin,huawei-mate9,19.417164156868793,0.56,4998.046875,7.689334581931869
dolphin,huawei-mate9,22.3047569172183,0.6896551724137931,4998.046875,4.713607330061325
dolphin,huawei-mate9,18.995443147814512,0.5,4998.046875,7.841809023495891
dolphin,huawei-mate9,23.735891886842396,0.5555555555555556,6998.046875,4.12337773277209
dolphin,huawei-mate9,19.88815919217916,0.6551724137931034,4998.046875,6.455337647691758
dolphin,huawei-mate9,17.400784018280604,0.17857142857142858,4000.0,22.92687496683847
dolphin,huawei-mate9,18.313085228863244,0.3793103448275862,6998.046875,8.060632936801621
dolphin,huawei-mate9,23.406757146119844,0.6521739130434783,4998.046875,4.977857647744781
dolphin,huawei-mate9,18.24008252974143,0.43478260869565216,4998.046875,9.106946167313701
dolphin,huawei-mate9,21.759261997865863,0.6086956521739131,4998.046875,6.807190532053118
dolphin,huawei-mate9,26.88140210891934,0.8260869565217391,6998.046875,1.7682050038777366
dolphin,huawei-mate9,19.973693765078778,0.6521739130434783,4998.046875,7.947270264491536
dolphin,huawei-mate9,20.03409310014581,0.43478260869565216,6998.046875,7.75482114099495
dolphin,huawei-mate9,23.889745240946354,0.9166666666666666,4998.046875,8.236134656624722
dolphin,huawei-mate9,28.752132901566398,0.9166666666666666,6998.046875,3.9183046207070467
dolphin,huawei-mate9,20.04628365816515,0.38461538461538464,4998.046875,9.611375729224124
dolphin,huawei-mate9,19.15551764766468,0.5625,4998.046875,10.015672530502497
dolphin,huawei-mate9,27.21300915062735,0.625,6998.046875,4.256483342925076
dolphin,huawei-mate9,18.099262653292797,0.5294117647058824,4998.046875,20.11200326249083
dolphin,huawei-mate9,19.375298099313014,0.5416666666666666,6998.046875,7.571779941345836
dolphin,huawei-mate9,22.603687872878588,0.75,4998.046875,5.6868771755723815
dolphin,huawei-mate9,24.28086293460978,0.6190476190476191,6998.046875,4.3393461001768
dolphin,huawei-mate9,22.14943626280565,0.5714285714285714,4998.046875,5.397405611922164
dolphin,huawei-mate9,17.693542151550943,0.4782608695652174,4998.046875,17.915980200838074
dolphin,huawei-mate9,18.95373490403665,0.5238095238095238,4998.046875,9.561344548690482
dolphin,huawei-mate9,23.07737653704325,0.6071428571428571,4998.046875,4.960060035645336
dolphin,huawei-mate9,18.66675147422295,0.5,4998.046875,8.510002948809127
dolphin,huawei-mate9,21.65154008848694,0.2692307692307692,6998.046875,6.620945893442075
dolphin,huawei-mate9,25.049040618124607,0.7037037037037037,6998.046875,2.1015393687223467
dolphin,huawei-mate9,19.56314774713158,0.5,4998.046875,7.128138082846753
dolphin,huawei-mate9,22.120380828548804,0.5,4998.046875,5.630182303719798
dolphin,huawei-mate9,19.86697200717832,0.5769230769230769,4998.046875,7.172177009016897
dolphin,huawei-mate9,26.228671411273453,1.0,6998.046875,1.7372621412874223
dolphin,huawei-mate9,21.1347177615707,0.8214285714285714,4998.046875,5.5675251505966425
dolphin,huawei-mate9,18.591022529446235,0.5769230769230769,4998.046875,13.48213700110607
dolphin,huawei-mate9,22.02498480290518,0.2916666666666667,6998.046875,6.238588231151033
dolphin,huawei-mate9,23.035525891263816,0.5238095238095238,4998.046875,5.373021945967239
dolphin,huawei-mate9,26.66717211471112,0.7916666666666666,6998.046875,1.456165974105417
dolphin,huawei-mate9,19.285232140723352,0.5238095238095238,4998.046875,9.355687634479503
dolphin,huawei-mate9,22.56988759856017,0.38461538461538464,4998.046875,5.136439044103773
dolphin,huawei-mate9,19.28377149852767,0.4444444444444444,4998.046875,7.805400113583445
dolphin,huawei-mate9,22.022912566820494,0.7407407407407407,4998.046875,6.293073249516187
dolphin,huawei-mate9,25.024020873984774,0.8518518518518519,6998.046875,1.9297071813654623
dolphin,huawei-mate9,20.013123619252042,0.5185185185185185,4998.046875,7.181227219018041
dolphin,huawei-mate9,17.87376536677293,0.15384615384615385,4000.0,21.246865199870484
dolphin,huawei-mate9,18.71956239533894,0.5769230769230769,4998.046875,9.642246149191852
dolphin,huawei-mate9,19.061289987977574,0.5185185185185185,4998.046875,8.83786668834792
dolphin,huawei-mate9,25.780376045188746,0.6470588235294118,6998.046875,2.6788899874669605
dolphin,huawei-mate9,23.656449684221357,0.7058823529411765,4998.046875,3.211968959099884
dolphin,huawei-mate9,19.263192966009242,0.47058823529411764,4998.046875,7.229422325720309
dolphin,huawei-mate9,22.064434954947856,0.5384615384615384,4998.046875,5.075381324036855
dolphin,huawei-mate9,19.935322739414445,0.6923076923076923,4998.046875,7.497422740236674
dolphin,huawei-mate9,21.045497315742935,0.8275862068965517,4998.046875,5.941711205967599
dolphin,huawei-mate9,23.709474024096835,0.5,6998.046875,4.6595056918473015
dolphin,huawei-mate9,21.903597537363552,0.5172413793103449,4998.046875,5.294430276951041
dolphin,huawei-mate9,19.331506317873348,0.4482758620689655,4998.046875,7.5078359227262315
dolphin,huawei-mate9,21.91255278626059,0.6521739130434783,4998.046875,5.6156360161975964
dolphin,huawei-mate9,19.55759490351946,0.5925925925925926,4998.046875,7.534473051455014
dolphin,huawei-mate9,24.95682466009643,0.782608695652174,6998.046875,3.797444392428691
dolphin,huawei-mate9,20.830628456065213,0.6956521739130435,4998.046875,6.915918300505114
dolphin,huawei-mate9,20.26480633433313,0.6086956521739131,4998.046875,7.456526409812543
dolphin,huawei-mate9,22.177031553955857,0.48,4998.046875,5.6450639418962645
dolphin,huawei-mate9,22.525802734602777,0.6,4998.046875,5.7028263828029715
dolphin,huawei-mate9,22.691424105694438,0.7916666666666666,4998.046875,5.065101511542531
dolphin,huawei-mate9,19.41671260098397,0.37037037037037035,4998.046875,7.778591121625845
dolphin,huawei-mate9,23.030300417170082,0.7407407407407407,4998.046875,4.530388865568477
dolphin,huawei-mate9,22.47579419315116,0.59375,4998.046875,5.62701044185075
dolphin,huawei-mate9,25.586358112196507,0.8125,6998.046875,1.3118064203217599
dolphin,huawei-mate9,21.662537852951488,0.5,6998.046875,4.915581572117813
dolphin,huawei-mate9,17.12582218446515,0.1111111111111111,4000.0,21.65188111418368
dolphin,huawei-mate9,22.778382702043743,0.5769230769230769,4998.046875,4.601447360636545
dolphin,huawei-mate9,20.525345457409387,0.7391304347826086,4998.046875,7.2834148549253666
dolphin,huawei-mate9,23.058786230419976,0.6538461538461539,4998.046875,5.4424049044175336
dolphin,huawei-mate9,19.39970894465047,0.6521739130434783,4998.046875,9.182167148395575
dolphin,huawei-mate9,19.443938685932864,0.7307692307692307,4998.046875,7.528819427007992
dolphin,huawei-mate9,21.00945747213379,0.6666666666666666,4998.046875,10.507644047092121
dolphin,huawei-mate9,22.013038057914542,0.5384615384615384,4998.046875,7.792865139112784
dolphin,huawei-mate9,27.644139312423256,0.8333333333333334,6998.046875,4.248007505500103
dolphin,huawei-mate9,22.734849373327577,0.5,6998.046875,7.143651103192048
dolphin,huawei-mate9,20.571355911402193,0.5,4998.046875,11.610277024550687
dolphin,huawei-mate9,22.3023535101061,0.6666666666666666,4998.046875,5.418706256398673
dolphin,huawei-mate9,26.20956126038294,0.6923076923076923,6998.046875,2.377351952442731
dolphin,huawei-mate9,18.93442375196973,0.2916666666666667,6998.046875,9.174754572365648
dolphin,huawei-mate9,17.844563766703487,0.6666666666666666,4998.046875,17.249796346551484
dolphin,huawei-mate9,21.101636811934412,0.5714285714285714,4998.046875,6.795734447711458
dolphin,huawei-mate9,11.851336601898524,0.2857142857142857,7000.0,11.4010812439798
dolphin,huawei-mate9,21.888652920507965,0.5416666666666666,4998.046875,6.66917908284038
dolphin,huawei-mate9,18.6882792256269,0.4583333333333333,4998.046875,13.025640898345124
dolphin,huawei-mate9,19.291339025563758,0.6363636363636364,4998.046875,7.508362623591865
dolphin,huawei-mate9,25.69099213064996,0.64,6998.046875,3.0956181750623135
dolphin,huawei-mate9,19.249806713816795,0.5151515151515151,6998.046875,7.250519928421837
dolphin,huawei-mate9,21.579842508752733,0.4,6998.046875,7.674313997712153
dolphin,huawei-mate9,20.3278623134524,0.5294117647058824,4998.046875,7.913586863955125
dolphin,huawei-mate9,28.665878989072148,0.9411764705882353,6998.046875,1.852350441197783
dolphin,huawei-mate9,21.952657310295464,0.4,6998.046875,6.749841267281934
dolphin,huawei-mate9,20.020201144335317,0.5,6998.046875,9.675993804138127
dolphin,huawei-mate9,18.784320679535497,0.4074074074074074,4998.046875,8.224396943922688
dolphin,huawei-mate9,24.478794624170078,0.5185185185185185,6998.046875,3.70854453230081
dolphin,huawei-mate9,19.646359894722295,0.4074074074074074,6998.046875,7.475797279877895
dolphin,huawei-mate9,22.697665027893805,0.6363636363636364,4998.046875,4.848438022544083
dolphin,huawei-mate9,21.849509053641995,0.5416666666666666,4998.046875,6.150262736074103
dolphin,huawei-mate9,26.30344507351998,0.9166666666666666,6998.046875,1.80566036924902
dolphin,huawei-mate9,23.722092639529563,0.6666666666666666,6998.046875,4.066886702333336
dolphin,huawei-mate9,18.28742391822132,0.5,4998.046875,9.83415463705581
dolphin,huawei-mate9,19.790577824846025,0.5416666666666666,4998.046875,7.768175696475082
dolphin,huawei-mate9,17.872119977643692,0.4418604651162791,4998.046875,9.133628994727262
dolphin,huawei-mate9,24.44081696281402,0.7209302325581395,6998.046875,2.4051522880014544
dolphin,huawei-mate9,21.857720343752092,0.4878048780487805,6998.046875,4.823428853097769
dolphin,huawei-mate9,22.636014984821855,0.6060606060606061,4998.046875,4.700398202479285
dolphin,huawei-mate9,19.346983855972525,0.5454545454545454,4998.046875,6.608775553911073
dolphin,huawei-mate9,19.30847575655814,0.5,4998.046875,7.393881395266244
dolphin,huawei-mate9,17.664066735092874,0.6060606060606061,4998.046875,16.996018755029958
dolphin,huawei-mate9,19.580436334690447,0.5517241379310345,4998.046875,7.265650320735679
dolphin,huawei-mate9,18.603095998090396,0.42857142857142855,4998.046875,7.199394097860303
dolphin,huawei-mate9,24.605454619904073,0.8571428571428571,6998.046875,1.6750455574404386
dolphin,huawei-mate9,22.46322185042102,0.45714285714285713,4998.046875,5.0959431739589744
dolphin,huawei-mate9,17.687367754389626,0.17142857142857143,4000.0,21.071044870484513
dolphin,huawei-mate9,18.519815556614574,0.5142857142857142,4998.046875,8.128273944197389
dolphin,huawei-mate9,24.947678969839103,0.75,6998.046875,2.5151344934459874
dolphin,huawei-mate9,26.63251667448634,0.8823529411764706,6998.046875,0.8120850281458061
dolphin,huawei-mate9,18.545999592532894,0.75,4998.046875,15.146581545789353
dolphin,huawei-mate9,19.34632231032461,0.46875,4998.046875,7.664356096688405
dolphin,huawei-mate9,25.379826432359707,0.8285714285714286,6998.046875,2.050006221611629
dolphin,huawei-mate9,26.292809430201594,0.875,6998.046875,0.548879307405806
dolphin,huawei-mate9,19.711522180602273,0.65625,4998.046875,7.373879608641365
dolphin,huawei-mate9,22.91582500430438,0.5,4998.046875,4.982470572149004
dolphin,huawei-mate9,24.963672702281627,0.8571428571428571,6998.046875,2.1105174919321246
dolphin,huawei-mate9,23.114836728059345,0.6111111111111112,4998.046875,4.0812443056349625
dolphin,huawei-mate9,17.997128668143063,0.5714285714285714,4998.046875,19.04410897511196
dolphin,huawei-mate9,19.378165163052756,0.45161290322580644,4998.046875,7.354649293930688
dolphin,huawei-mate9,25.109286919319366,0.7777777777777778,6998.046875,2.1377215012860185
dolphin,huawei-mate9,15.55236992396479,0.5555555555555556,4998.046875,26.018986447274838
dolphin,huawei-mate9,25.683928564075607,0.8484848484848485,6998.046875,2.050048612878638
dolphin,huawei-mate9,26.576883593610013,0.9375,6998.046875,1.9383291062313324
dolphin,huawei-mate9,24.121394831343594,0.696969696969697,6998.046875,3.3677709768545636
dolphin,huawei-mate9,18.050704775067317,0.7058823529411765,4998.046875,15.570229367033242
dolphin,huawei-mate9,19.460890350923137,0.42424242424242425,4998.046875,6.770919782183765
dolphin,huawei-mate9,22.359145014594517,0.5714285714285714,4998.046875,5.1503078927397485
dolphin,huawei-mate9,27.338396824002096,0.8095238095238095,6998.046875,2.9066440149473287
dolphin,huawei-mate9,24.147822850829613,0.6111111111111112,6998.046875,4.889394995887759
dolphin,huawei-mate9,19.224884571131028,0.7083333333333334,4998.046875,8.345456326823001
dolphin,huawei-mate9,21.441603655301336,0.7058823529411765,4998.046875,6.468059620920394
dolphin,huawei-mate9,17.130186352664325,0.5882352941176471,4998.046875,10.093665205264182
dolphin,huawei-mate9,26.393258397171863,0.95,6998.046875,3.536939474693263
dolphin,huawei-mate9,18.758255397457546,0.7,4998.046875,9.740827836672121
dolphin,huawei-mate9,18.319592140423197,0.4090909090909091,6998.046875,8.88988034830602
dolphin,huawei-mate9,20.987188977637757,0.5555555555555556,4998.046875,7.468191701559917
dolphin,huawei-mate9,23.550583127305238,0.55,4998.046875,6.063631542714645
dolphin,huawei-mate9,27.361643911510207,0.7777777777777778,6998.046875,2.328702802349264
dolphin,huawei-mate9,19.83142672986088,0.65,4998.046875,9.60170101033141
dolphin,huawei-mate9,22.04851876254405,0.5675675675675675,4998.046875,4.397273162904851
dolphin,huawei-mate9,17.549666667155194,0.5135135135135135,4998.046875,8.004935380098198
dolphin,huawei-mate9,22.40070101214347,0.75,4998.046875,4.974235567112547
dolphin,huawei-mate9,21.165284924113394,0.5,4998.046875,6.9282730860105985
dolphin,huawei-mate9,18.435843860106615,0.36363636363636365,4998.046875,8.615078644045528
dolphin,huawei-mate9,24.033971546703043,0.5909090909090909,4998.046875,5.018054354005622
dolphin,huawei-mate9,25.095160990436447,0.92,6998.046875,2.6314586714264236
dolphin,huawei-mate9,22.344102146860365,0.42857142857142855,4998.046875,5.778945593552002
dolphin,huawei-mate9,18.136270919715216,0.5714285714285714,4998.046875,18.515468337622018
dolphin,huawei-mate9,18.695312286205223,0.52,6998.046875,7.916417843242062
dolphin,huawei-mate9,27.6151042943375,1.0,6998.046875,1.1933845301459558
dolphin,huawei-mate9,21.9120222563528,0.6086956521739131,4998.046875,5.673736113171415
dolphin,huawei-mate9,21.66473773439415,0.6818181818181818,4998.046875,6.082859104387914
dolphin,huawei-mate9,19.15909229316061,0.4090909090909091,4998.046875,8.05679356813728
dolphin,huawei-mate9,24.2979006368996,0.4090909090909091,4998.046875,4.613428372736633
dolphin,huawei-mate9,17.457742763329563,0.45454545454545453,4998.046875,10.17682311956986
dolphin,huawei-mate9,19.520636249627287,0.3333333333333333,4998.046875,8.730135880296753
dolphin,huawei-mate9,19.312819186305617,0.3181818181818182,6998.046875,8.193318260050404
dolphin,huawei-mate9,26.98283675716749,0.8636363636363636,6998.046875,1.4163408016645993
dolphin,huawei-mate9,18.428072873070278,0.5454545454545454,4998.046875,17.548803826387886
dolphin,huawei-mate9,18.910305485267216,0.5555555555555556,4998.046875,9.497020411919245
dolphin,huawei-mate9,20.751753938959936,0.43478260869565216,6998.046875,6.76779723917603
dolphin,huawei-mate9,19.70483403059218,0.5416666666666666,6998.046875,7.953317371771806
dolphin,huawei-mate9,19.113769212486318,0.375,6998.046875,8.078807754585432
dolphin,huawei-mate9,20.420651148263104,0.5789473684210527,4998.046875,7.300687022936556
dolphin,huawei-mate9,22.88497115646004,0.6071428571428571,6998.046875,5.309997005736566
dolphin,huawei-mate9,26.501197438651353,0.7368421052631579,6998.046875,2.486377160267494
dolphin,huawei-mate9,18.793067116530082,0.6428571428571429,4998.046875,10.56564572697858
dolphin,huawei-mate9,19.192709551159822,0.4642857142857143,6998.046875,8.050442468418218
dolphin,huawei-mate9,21.975688858852706,0.7083333333333334,4998.046875,6.156411394101937
dolphin,huawei-mate9,21.70916472921816,0.7272727272727273,4998.046875,6.203958122277027
dolphin,huawei-mate9,21.178960303934105,0.36363636363636365,4998.046875,6.415005476161532
dolphin,huawei-mate9,15.793675665107386,0.21052631578947367,6998.046875,11.986026965833927
dolphin,huawei-mate9,26.11329245574695,0.9090909090909091,6998.046875,1.8820980293982146
dolphin,huawei-mate9,18.767804565618036,0.3157894736842105,6998.046875,8.633526971524336
dolphin,huawei-mate9,18.925414595858186,0.5217391304347826,4998.046875,14.131128677501119
dolphin,huawei-mate9,18.530322107199183,0.5263157894736842,4998.046875,9.250289837855046
dolphin,huawei-mate9,23.702449771039625,0.5263157894736842,6998.046875,5.547507876151284
dolphin,huawei-mate9,21.71724890245582,0.5789473684210527,4998.046875,6.227328546782846
dolphin,huawei-mate9,19.32765385363561,0.47368421052631576,4998.046875,10.605195525011293
dolphin,huawei-mate9,19.64852977940916,0.5833333333333334,4998.046875,7.868850779395759
dolphin,huawei-mate9,26.203207334240872,0.875,6998.046875,2.7328983553133117
dolphin,huawei-mate9,27.661650631204438,1.0,6998.046875,0.9768013834480621
dolphin,huawei-mate9,19.028715218119288,0.5714285714285714,4998.046875,8.833539081105291
dolphin,huawei-mate9,19.484306364271404,0.6666666666666666,4998.046875,8.425712252262274
dolphin,huawei-mate9,21.506634697293322,0.7083333333333334,4998.046875,6.059717130792225
dolphin,huawei-mate9,18.029608034827646,0.625,4998.046875,9.845932498493527
dolphin,huawei-mate9,20.950963583218012,0.7368421052631579,4998.046875,7.745986999565364
dolphin,huawei-mate9,18.52524957499051,0.5416666666666666,4998.046875,11.29092891624392
dolphin,huawei-mate9,20.413282352714262,0.6521739130434783,4998.046875,7.8907286405125685
dolphin,huawei-mate9,27.002120939078836,0.8095238095238095,6998.046875,1.9433813622699505
dolphin,huawei-mate9,22.275669966855872,0.6190476190476191,4998.046875,6.0868901759807095
dolphin,huawei-mate9,18.968364111647773,0.6086956521739131,4998.046875,12.546124865682074
dolphin,huawei-mate9,18.364878550461626,0.47619047619047616,4998.046875,10.024027563637073
dolphin,huawei-mate9,22.183822541223677,0.7391304347826086,4998.046875,5.708662496656479
dolphin,huawei-mate9,19.74142593297306,0.5,6998.046875,8.269859307703882
dolphin,huawei-mate9,15.897394988523843,0.34782608695652173,4998.046875,9.879048692954054
dolphin,huawei-mate9,24.643549958269382,0.43478260869565216,6998.046875,4.8206642589508695
dolphin,huawei-mate9,18.9061789847091,0.5652173913043478,4998.046875,14.432718778238076
dolphin,huawei-mate9,22.950142680297063,0.7058823529411765,4998.046875,6.447868281234155
dolphin,huawei-mate9,28.09209967217531,0.9545454545454546,6998.046875,1.4157533170092353
dolphin,huawei-mate9,23.684117786863837,0.5909090909090909,4998.046875,4.641865448335927
dolphin,huawei-mate9,18.25864476301271,0.4642857142857143,4998.046875,8.388707454120262
dolphin,huawei-mate9,27.055480650736293,0.8421052631578947,6998.046875,2.3131928802684225
dolphin,huawei-mate9,19.660912961506597,0.5263157894736842,4998.046875,8.720709734952623
dolphin,huawei-mate9,21.23995040602817,0.5217391304347826,4998.046875,7.023436359520061
dolphin,huawei-mate9,19.485463953876618,0.5714285714285714,4998.046875,8.05143071947656
dolphin,huawei-mate9,21.46026794920985,0.8571428571428571,4998.046875,6.86240627760144
dolphin,huawei-mate9,25.402377056174842,0.7391304347826086,6998.046875,4.0254503712314
dolphin,huawei-mate9,21.554154592505114,0.5909090909090909,4998.046875,6.02017862980282
dolphin,huawei-mate9,18.721292115293423,0.391304347826087,4998.046875,11.02313961670458
dolphin,huawei-mate9,18.24508315137652,0.5238095238095238,4998.046875,11.640641659930896
dolphin,huawei-mate9,19.334877435291943,0.5757575757575758,4998.046875,6.692468195502778
dolphin,huawei-mate9,24.24832093846257,0.5454545454545454,6998.046875,3.817861031643528
dolphin,huawei-mate9,20.464013287029843,0.4411764705882353,4998.046875,6.29216605874836
dolphin,huawei-mate9,18.797783877684303,0.23684210526315788,4000.0,23.18863224195121
dolphin,huawei-mate9,18.78384373608141,0.6176470588235294,4998.046875,7.635158628590222
dolphin,huawei-mate9,18.629915036637584,0.4782608695652174,4998.046875,8.60800950417811
dolphin,huawei-mate9,26.439696287504724,0.9230769230769231,6998.046875,0.5892385634142562
dolphin,huawei-mate9,21.736736944877023,0.6923076923076923,4998.046875,4.957372089028475
dolphin,huawei-mate9,18.004653052541997,0.4583333333333333,4998.046875,14.437654612082902
dolphin,huawei-mate9,19.433884912045798,0.5217391304347826,4998.046875,10.288676370260596
dolphin,huawei-mate9,19.19388734438637,0.2,4998.046875,8.56411550807585
dolphin,huawei-mate9,17.507176006243114,0.46153846153846156,4998.046875,17.457477050527622
dolphin,huawei-mate9,18.5968855926467,0.6,4998.046875,10.034221755786493
dolphin,huawei-mate9,18.48863680272163,0.4166666666666667,6998.046875,8.788601313620926
dolphin,huawei-mate9,17.540776255756285,0.12,4000.0,23.788681781537356
dolphin,huawei-mate9,20.75994949640041,0.5769230769230769,4998.046875,6.604801826967175
dolphin,huawei-mate9,18.8571000536907,0.5,4998.046875,11.043317981155646
dolphin,huawei-mate9,19.228514510704585,0.37037037037037035,4998.046875,8.65424271547983
dolphin,huawei-mate9,21.558230910883495,0.6071428571428571,4998.046875,5.779470769798719
dolphin,huawei-mate9,18.5034362753118,0.46153846153846156,6998.046875,7.763411957742678
dolphin,huawei-mate9,24.60407775684594,0.6428571428571429,6998.046875,3.501125700143084
dolphin,huawei-mate9,19.209082667042523,0.4642857142857143,4998.046875,7.942171048451709
dolphin,huawei-mate9,17.682187305106737,0.21428571428571427,4000.0,23.072239929276186
dolphin,huawei-mate9,21.960316513572067,0.5483870967741935,4998.046875,5.004591928006271
dolphin,huawei-mate9,17.96943052688657,0.45454545454545453,4998.046875,8.103007781657434
dolphin,huawei-mate9,24.840195126999262,0.75,6998.046875,3.1672653404617117
dolphin,huawei-mate9,22.337437987589112,0.84375,4998.046875,4.873593959049715
dolphin,huawei-mate9,16.97915099939658,0.36363636363636365,4998.046875,20.651745210868814
dolphin,huawei-mate9,19.611089378768114,0.5806451612903226,4998.046875,7.430154912706723
dolphin,huawei-mate9,17.43575823201418,0.44,4998.046875,8.716119552784939
dolphin,huawei-mate9,20.502044505516167,0.7916666666666666,4998.046875,7.5553412954022665
dolphin,huawei-mate9,25.032483608285368,0.625,6998.046875,4.578216497503655
dolphin,huawei-mate9,21.132248929507483,0.4166666666666667,4998.046875,6.215339416499611
dolphin,huawei-nova2,27.36263717446259,0.6363636363636364,4000.0,14.0870458834493
dolphin,huawei-nova2,44.77708365714133,1.0,4000.0,-1.715303390896488
dolphin,huawei-nova2,26.56368604175391,0.6363636363636364,4000.0,10.088611039300087
dolphin,huawei-nova2,21.89310705117235,0.7058823529411765,4000.0,18.625704923570673
dolphin,huawei-nova2,11.616837509397527,0.2222222222222222,7000.0,24.37432955585144
dolphin,huawei-nova2,44.07857563293945,1.0,4000.0,-4.916638148763522
dolphin,huawei-nova2,39.175701033982506,0.9545454545454546,4000.0,2.8224962051668667
dolphin,huawei-nova2,24.362636500907357,0.8181818181818182,4000.0,19.322806815146812
dolphin,huawei-nova2,43.114991662546316,0.9545454545454546,4000.0,-0.19102262269569326
dolphin,huawei-nova2,26.384411784981353,0.3,6246.09375,15.432145010970622
dolphin,huawei-nova2,19.087735290606062,0.47368421052631576,4000.0,17.180621420181787
dolphin,huawei-nova2,10.035802069377198,0.045454545454545456,4005.859375,33.78278901163683
dolphin,huawei-nova2,36.56215704825988,1.0,4000.0,9.449904058070901
dolphin,huawei-nova2,23.09528059657316,0.3,6919.921875,22.68976734411254
dolphin,huawei-nova2,41.34025508262924,1.0,4000.0,-0.43185726882102876
dolphin,huawei-nova2,18.55271800458941,0.7,4000.0,13.616547346269279
dolphin,huawei-nova2,37.25215157684859,0.30434782608695654,5580.078125,14.750294191405507
dolphin,huawei-nova2,35.41090413367013,1.0,4000.0,7.085764895252299
dolphin,huawei-nova2,28.267272640626317,0.85,4000.0,22.77374154319748
dolphin,huawei-nova2,21.764600837006384,0.4444444444444444,4000.0,26.286819167520036
dolphin,huawei-nova2,37.08446708295254,1.0,4000.0,11.191197712220154
dolphin,huawei-nova2,22.727450338682345,0.9047619047619048,4000.0,20.589820867073726
dolphin,huawei-nova2,39.170748869192806,0.8518518518518519,4000.0,4.790704512516019
dolphin,huawei-nova2,18.848841787647643,0.5357142857142857,4000.0,19.932572704177247
dolphin,huawei-nova2,17.64996422614084,0.25925925925925924,4000.0,22.5097721211582
dolphin,huawei-nova2,36.42317226969621,1.0,4000.0,5.8893852662504855
dolphin,huawei-nova2,29.266372874400503,0.8571428571428571,4000.0,16.278646325569056
dolphin,huawei-nova2,23.60807505627332,0.8333333333333334,4000.0,18.45018675099965
dolphin,huawei-nova2,41.34785615050022,0.7083333333333334,4000.0,-1.4580267308849608
dolphin,huawei-nova2,22.315261161212902,0.7272727272727273,4000.0,15.49317463673648
dolphin,huawei-nova2,38.10735978026244,1.0,4000.0,0.7760500794448099
dolphin,huawei-nova2,30.669943474224183,1.0,4000.0,12.939938090791568
dolphin,huawei-nova2,20.301706149126602,0.6956521739130435,4000.0,22.72014655962298
dolphin,huawei-nova2,32.381451894614486,0.6521739130434783,4000.0,4.7579841234461195
dolphin,huawei-nova2,21.43575588177123,0.5217391304347826,4000.0,15.318579522027829
dolphin,huawei-nova2,16.93568716354666,0.21739130434782608,4000.0,23.19990666005055
dolphin,huawei-nova2,24.213162149921686,0.9545454545454546,4000.0,20.061157153778055
dolphin,huawei-nova2,36.030089614186835,0.6363636363636364,4000.0,6.143826080566149
dolphin,huawei-nova2,23.220732643212756,0.8636363636363636,4000.0,12.431919251120746
dolphin,huawei-nova2,37.08721730063216,1.0,4000.0,11.556831955626595
dolphin,huawei-nova2,43.11485313649463,0.9629629629629629,4000.0,-0.22543018020379474
dolphin,huawei-nova2,20.031014348312027,0.7777777777777778,4000.0,14.871253666522929
dolphin,huawei-nova2,11.178723617963641,0.037037037037037035,7000.0,18.746989677705997
dolphin,huawei-nova2,24.61095149543084,1.0,4000.0,21.63242287159565
dolphin,huawei-nova2,16.508661421910176,0.6956521739130435,4000.0,18.498615770434338
dolphin,huawei-nova2,36.11032636386702,1.0,4000.0,7.972915166702888
dolphin,huawei-nova2,23.396399519553768,0.9615384615384616,4000.0,19.98975816275411
dolphin,huawei-nova2,19.183062571770137,0.6666666666666666,4000.0,15.364130573902411
dolphin,huawei-nova2,19.511965827540976,0.30434782608695654,4000.0,20.03425552066245
dolphin,huawei-nova2,41.52703509533464,1.0,4000.0,0.7511227098236202
dolphin,huawei-nova2,29.87281479093602,0.9565217391304348,4000.0,15.061890617889592
dolphin,huawei-nova2,43.21835901729101,0.95,4000.0,0.1961998680500231
dolphin,huawei-nova2,27.1620810090389,0.7894736842105263,4000.0,6.9648944775327095
dolphin,huawei-nova2,21.545306276013022,0.75,4000.0,16.212201555543515
dolphin,huawei-nova2,36.08427486510057,1.0,4000.0,6.037688923456594
dolphin,huawei-nova2,29.29490167293193,1.0,4000.0,15.067896804392362
dolphin,huawei-nova2,24.729433968637068,0.9090909090909091,4000.0,22.053878378465104
dolphin,huawei-nova2,40.520444525923764,0.9333333333333333,4000.0,0.9102312130590989
dolphin,huawei-nova2,32.18851062518512,0.8,4000.0,7.361860488375497
dolphin,huawei-nova2,18.076982992252155,0.17647058823529413,4000.0,23.542472466534477
dolphin,huawei-nova2,33.62215405631609,1.0,4000.0,13.477424134216495
dolphin,huawei-nova2,30.67632469359495,1.0,4000.0,17.56082528309388
dolphin,huawei-nova2,25.66188304445437,0.9411764705882353,4000.0,16.010937184920444
dolphin,huawei-nova2,44.55243855604181,1.0,4000.0,-2.2506576665816276
dolphin,huawei-nova2,10.751503662685664,0.05555555555555555,7000.0,17.904155820041893
dolphin,huawei-nova2,41.49382702378888,0.9444444444444444,4000.0,-1.909631068638761
dolphin,huawei-nova2,41.88236091494579,1.0,4000.0,-1.646918008873917
dolphin,huawei-nova2,25.059919053077692,0.6470588235294118,4000.0,9.42311974140925
dolphin,huawei-nova2,22.616706765900602,0.8823529411764706,4000.0,14.947691687004841
dolphin,huawei-nova2,35.349559264999286,1.0,4000.0,10.162103439701236
dolphin,huawei-nova2,28.944489654094113,1.0,4000.0,17.5263554170482
dolphin,huawei-nova2,24.932224749208856,0.96,4000.0,18.006367311303748
dolphin,huawei-nova2,43.789018453157695,1.0,4000.0,-1.8075585925423712
dolphin,huawei-nova2,10.787872430355065,0.13636363636363635,7000.0,18.088333208927445
dolphin,huawei-nova2,39.18805088257106,1.0,4000.0,1.970976800832852
dolphin,huawei-nova2,22.36466407679383,0.9473684210526315,4000.0,20.255988792656453
dolphin,huawei-nova2,31.89782941841304,0.9444444444444444,4000.0,3.886324797853522
dolphin,huawei-nova2,19.40092775600165,0.7777777777777778,4000.0,16.54398857222692
dolphin,huawei-nova2,13.252539623100787,0.25,7000.0,18.23960038212723
dolphin,huawei-nova2,29.926955686237903,0.9375,4000.0,13.281319587050502
dolphin,huawei-nova2,24.738769121857104,0.9090909090909091,4000.0,20.288800555424203
dolphin,huawei-nova2,44.10622853391669,1.0,4000.0,0.0355991366305207
dolphin,huawei-nova2,31.709661189384192,0.8636363636363636,4000.0,3.152738031793323
dolphin,huawei-nova2,32.16329509341405,0.9,4000.0,16.38361613140521
dolphin,huawei-nova2,25.215746997529607,0.9565217391304348,4000.0,20.885382577221954
dolphin,huawei-nova2,39.09959940568311,1.0,4000.0,8.758372912797945
dolphin,huawei-nova2,28.91010538931961,0.7727272727272727,4000.0,9.279440757990685
dolphin,huawei-nova2,16.517712979500374,0.5263157894736842,4000.0,20.54819314366146
dolphin,huawei-nova2,19.456858240278223,0.36363636363636365,4000.0,20.730772742256477
dolphin,huawei-nova2,35.14838691822622,1.0,4000.0,11.92026293724323
dolphin,huawei-nova2,30.08353878027711,1.0,4000.0,17.91367406515124
dolphin,huawei-nova2,22.609109554651795,0.8888888888888888,4000.0,21.97161992163656
dolphin,huawei-nova2,41.17404067781928,1.0,4000.0,0.41234708410176896
dolphin,huawei-nova2,36.30532746738561,1.0,4000.0,3.6865080098854968
dolphin,huawei-nova2,29.404047820993654,1.0,4000.0,15.135722676361729
dolphin,huawei-nova2,41.98387959189759,1.0,4000.0,-0.9370286325260933
dolphin,huawei-nova2,31.687419754594814,0.7857142857142857,4000.0,4.9990584769345725
dolphin,huawei-nova2,22.889948528745037,0.75,4000.0,13.647815617912775
dolphin,huawei-nova2,37.95834804243992,1.0,4000.0,3.891584582245887
dolphin,huawei-nova2,30.157434335827972,1.0,4000.0,13.73067334287775
dolphin,huawei-nova2,25.62314486549704,0.9230769230769231,4000.0,22.567903710840152
dolphin,huawei-nova2,40.96656402358357,0.9565217391304348,4000.0,4.891310762691578
dolphin,huawei-nova2,24.658397423341242,0.5652173913043478,4001.953125,12.495788724349575
dolphin,huawei-nova2,19.664197614744765,0.46153846153846156,4000.0,18.054659425739498
dolphin,huawei-nova2,29.41204056901617,0.9615384615384616,4000.0,19.09441575730866
dolphin,huawei-nova2,24.071701847386763,0.8695652173913043,4000.0,21.268880084568824
dolphin,huawei-nova2,28.534002512149897,0.6666666666666666,4000.0,7.8769709462230475
dolphin,huawei-nova2,19.669331302793083,0.7083333333333334,4000.0,17.293144221734384
dolphin,huawei-nova2,34.88100234057846,1.0,4000.0,6.375086341164602
dolphin,huawei-nova2,28.85612822690166,1.0,4000.0,17.52657362445425
dolphin,huawei-nova2,25.38221187588404,0.95,4000.0,19.073277109037075
dolphin,huawei-nova2,43.165114813163484,1.0,4000.0,-0.4496428392756358
dolphin,huawei-nova2,32.27525596496804,0.8571428571428571,4000.0,4.649061080036219
dolphin,huawei-nova2,21.324186709856647,0.8421052631578947,4000.0,15.78741475536657
dolphin,huawei-nova2,13.840945392423052,0.19047619047619047,4000.0,28.346010962035102
dolphin,huawei-nova2,39.55242459494531,1.0,4000.0,2.645596977700433
dolphin,huawei-nova2,30.020610198598575,1.0,4000.0,16.203231310156507
dolphin,huawei-nova2,42.54841842274246,1.0,4000.0,-0.9917827463029891
dolphin,huawei-nova2,21.15737228008736,0.84,4000.0,13.902010986465312
dolphin,huawei-nova2,18.879250105208143,0.21739130434782608,4000.0,25.349591250398493
dolphin,huawei-nova2,37.730482406125475,1.0,4000.0,2.4086672059259446
dolphin,huawei-nova2,41.878114835874754,1.0,4000.0,3.130234829094092
dolphin,huawei-nova2,18.026508749932262,0.5416666666666666,4000.0,18.023044619655327
dolphin,huawei-nova2,35.57238140794158,1.0,4000.0,10.193012641137212
dolphin,huawei-nova2,29.17197577968072,0.9583333333333334,4000.0,19.781396615636275
dolphin,huawei-nova2,30.1340503916921,0.7857142857142857,4000.0,10.710778150313903
dolphin,huawei-nova2,19.381618875527238,0.32142857142857145,4000.0,24.412014814519672
dolphin,huawei-nova2,35.90918687553729,1.0,4000.0,11.288162583416671
dolphin,huawei-nova2,23.672031205794923,0.9047619047619048,4000.0,21.322201673600205
dolphin,huawei-nova2,42.43360405324603,0.95,4000.0,0.1648588643130055
dolphin,huawei-nova2,36.58955863735835,1.0,4000.0,7.25246845339668
dolphin,huawei-nova2,28.906743657589914,1.0,4000.0,15.062953028650302
dolphin,huawei-nova2,44.73180855442999,0.6666666666666666,4000.0,-1.7431253132039557
dolphin,huawei-nova2,36.396300596659955,1.0,4000.0,3.0397293426381085
dolphin,huawei-nova2,26.514088663668744,0.6363636363636364,4000.0,11.686782193470439
dolphin,huawei-nova2,33.59367281562385,0.9166666666666666,4000.0,11.255214307472652
dolphin,huawei-nova2,31.635502726025535,0.9090909090909091,4000.0,4.219683639596014
dolphin,huawei-nova2,25.502849509734375,0.8461538461538461,4000.0,11.222437817258438
dolphin,huawei-nova2,12.432196581711295,0.09090909090909091,7000.0,20.578735502092897
dolphin,huawei-nova2,39.96565320478632,1.0,4000.0,2.378303817970145
dolphin,huawei-nova2,32.1433504773628,1.0,4000.0,13.287808509823094
dolphin,huawei-nova2,22.921636828123496,0.9375,4000.0,13.218402210943637
dolphin,huawei-nova2,10.627445976078462,0.0,7000.0,20.60385315095401
dolphin,huawei-nova2,37.21782975207806,1.0,4000.0,6.21533892255433
dolphin,huawei-nova2,30.06139153857285,1.0,4000.0,17.04134942819745
dolphin,huawei-nova2,26.419839169035313,0.9166666666666666,4000.0,19.867381936727128
dolphin,huawei-nova2,44.41542394586581,1.0,4000.0,-1.1953168085009616
dolphin,huawei-nova2,29.38926477890341,0.8181818181818182,4000.0,6.212148684587444
dolphin,huawei-nova2,15.589786275756637,0.22727272727272727,4000.0,29.82876563945437
dolphin,huawei-nova2,41.37724390656996,1.0,4000.0,4.9714834751047245
dolphin,huawei-nova2,31.393507366710637,0.9,4000.0,16.429640476816157
dolphin,huawei-nova2,45.635312309702215,1.0,4000.0,-1.555967527324492
dolphin,huawei-nova2,12.254109923770727,0.15789473684210525,4000.0,31.54268744795095
dolphin,huawei-nova2,39.47312896677427,1.0,4000.0,2.397843467868271
dolphin,huawei-nova2,25.01367629342478,1.0,4000.0,18.137386418554943
dolphin,huawei-nova2,45.40112555759882,1.0,4000.0,-2.049707638248501
dolphin,huawei-nova2,9.033057935973275,0.05555555555555555,7000.0,21.119356337522927
dolphin,huawei-nova2,33.14098149906056,0.9473684210526315,4000.0,12.273821344972458
dolphin,huawei-nova2,27.744832479986755,0.8636363636363636,4000.0,20.069555825707972
dolphin,huawei-nova2,42.15253385271008,1.0,4000.0,0.3405469867699997
dolphin,huawei-nova2,28.011589585982506,0.5909090909090909,4000.0,6.606987441601824
dolphin,huawei-nova2,22.042462392489966,0.9,4000.0,14.237053761235002
dolphin,huawei-nova2,17.29467956403002,0.2857142857142857,4000.0,26.413218049247313
dolphin,huawei-nova2,38.17414681026814,1.0,4000.0,7.149690832347579
dolphin,huawei-nova2,32.36660403693533,1.0,4000.0,15.900494141820891
dolphin,huawei-nova2,26.16930698269971,1.0,4000.0,18.986736970219546
dolphin,huawei-nova2,45.11654333557124,1.0,4000.0,-2.142562416714717
dolphin,huawei-nova2,30.974345503287537,0.7619047619047619,4000.0,3.68092350667218
dolphin,huawei-nova2,23.999585370390648,0.9523809523809523,4000.0,10.635813558149309
dolphin,huawei-nova2,35.64416999928653,1.0,4000.0,6.544538883206862
dolphin,huawei-nova2,33.16651517493773,0.9523809523809523,4000.0,12.631932503848628
dolphin,huawei-nova2,28.071672290648166,0.9333333333333333,4000.0,17.696037272305556
dolphin,huawei-nova2,45.34589285506917,1.0,4000.0,-1.407391619154361
dolphin,huawei-nova2,27.68961086698394,0.8888888888888888,4000.0,5.2731232941653055
dolphin,huawei-nova2,23.784592334600063,1.0,4000.0,11.83867205228253
dolphin,huawei-nova2,11.47887272269368,0.11764705882352941,7000.0,19.16456918493128
dolphin,huawei-nova2,36.723360532082765,1.0,4000.0,3.886255463736209
dolphin,huawei-nova2,31.452476183942807,0.9444444444444444,4000.0,14.787141963478447
dolphin,huawei-nova2,28.139240994761465,1.0,4000.0,20.035157789602586
dolphin,huawei-nova2,42.31072603712845,1.0,4000.0,1.4137136161695554
dolphin,huawei-nova2,26.50804920379352,0.7647058823529411,4000.0,6.61732603089325
dolphin,huawei-nova2,25.69139114656349,0.9411764705882353,4000.0,9.33786228096875
dolphin,huawei-nova2,11.119184812844537,0.0625,7000.0,19.229975891983166
dolphin,huawei-nova2,36.5495251803824,1.0,4000.0,6.442228115049558
dolphin,huawei-nova2,31.25524419109982,1.0,4000.0,17.16363264662518
dolphin,huawei-nova2,26.232733403817548,0.8947368421052632,4000.0,19.042568293600212
dolphin,huawei-nova2,26.87829813556337,0.7894736842105263,4000.0,6.219805717383836
dolphin,huawei-nova2,22.52834218433594,1.0,4000.0,11.380257768323672
dolphin,huawei-nova2,13.424519016413512,0.15789473684210525,4000.0,32.296148856496686
dolphin,huawei-nova2,37.857176033848816,1.0,4000.0,6.064818094978274
dolphin,huawei-nova2,31.72301494253169,1.0,4000.0,14.523826325192497
dolphin,huawei-nova2,27.294103293642394,0.6842105263157895,4000.0,6.894229086275683
dolphin,huawei-nova2,20.522377463084922,0.8421052631578947,4000.0,15.917278279410427
dolphin,huawei-nova2,18.84039071001122,0.4,4000.0,26.248481188357893
dolphin,huawei-nova2,26.297702272592616,0.75,4000.0,18.726179010105774
dolphin,huawei-nova2,29.829822833198037,0.8125,4000.0,5.847643581811541
dolphin,huawei-nova2,39.8599493057916,1.0,4000.0,1.3075114196674855
dolphin,huawei-nova2,33.31963908063983,0.9285714285714286,4000.0,12.722364317381183
dolphin,huawei-nova2,47.41887303479409,1.0,4000.0,-2.009690966076412
dolphin,huawei-nova2,45.10476530537173,1.0,4000.0,-1.6414216585103871
dolphin,huawei-nova2,27.592617148062004,0.8888888888888888,4000.0,10.488618009182968
dolphin,huawei-nova2,39.688779556675485,1.0,4000.0,5.376301542767568
dolphin,huawei-nova2,32.884432021973225,0.9523809523809523,4000.0,14.808275462437475
dolphin,huawei-nova2,25.338375638265333,0.8947368421052632,4000.0,18.274145139687754
dolphin,huawei-nova2,44.71196581607168,1.0,4000.0,-1.7525381044981931
dolphin,huawei-nova2,27.247133269027884,0.9473684210526315,4000.0,4.84970041739704
dolphin,huawei-nova2,25.207735918398242,0.8421052631578947,4000.0,10.365165326760158
dolphin,huawei-nova2,10.366983208999102,0.21052631578947367,7000.0,19.22589656589441
dolphin,huawei-nova2,40.89659320354592,1.0,4000.0,2.4427031585768004
dolphin,huawei-nova2,33.82848017550806,1.0,4000.0,11.896845411459019
dolphin,huawei-nova2,43.36127178310875,1.0,4000.0,0.02114781162920108
dolphin,huawei-nova2,21.791416951711113,0.8888888888888888,4000.0,13.09946543517003
dolphin,huawei-nova2,39.912017751382535,1.0,4000.0,-0.02896609403107663
dolphin,huawei-nova2,33.121684364692115,1.0,4000.0,12.393928360278352
dolphin,huawei-nova2,26.982941905556274,1.0,4000.0,19.778197548291168
dolphin,huawei-nova2,45.599373936124934,1.0,4000.0,-1.3143944843934934
dolphin,huawei-nova2,27.136653632307258,0.8125,4000.0,7.540829384821228
dolphin,huawei-nova2,25.88826661315919,0.8125,4000.0,12.205293060857581
dolphin,huawei-nova2,14.087771716109557,0.1875,7000.0,16.38938396520284
dolphin,huawei-nova2,37.70444498712048,1.0,4000.0,7.259291021541322
dolphin,huawei-nova2,32.151913530730866,1.0,4000.0,16.22833663241241
dolphin,huawei-nova2,24.241111368305667,0.5333333333333333,4000.0,20.549021343550287
dolphin,huawei-nova2,43.92183626294165,1.0,4000.0,-0.2514518671655464
dolphin,huawei-nova2,39.23186867706946,1.0,4000.0,4.086818242479119
dolphin,huawei-nova2,32.018746385219515,0.8666666666666667,4000.0,14.197046009420909
dolphin,huawei-nova2,25.216027386239986,0.8461538461538461,4000.0,20.25136768214398
dolphin,huawei-nova2,41.887189444907975,1.0,4000.0,0.19311095464658068
dolphin,huawei-nova2,24.798697263315162,0.896551724137931,4000.0,11.295711055372523
dolphin,huawei-nova2,16.93169148529799,0.19230769230769232,4000.0,28.057775784060013
dolphin,huawei-nova2,36.91830617757904,1.0,4000.0,4.7911707437841065
dolphin,huawei-nova2,32.637529575643455,1.0,4000.0,12.976004044400389
dolphin,huawei-nova2,24.905310977024513,0.8571428571428571,4000.0,13.6019464433022
dolphin,huawei-nova2,36.81359314164945,1.0,4000.0,8.332056084388338
dolphin,huawei-nova2,42.62265148686852,0.9655172413793104,4000.0,-1.1328449111810088
dolphin,huawei-nova2,27.26178322087138,0.75,4000.0,7.935875767479611
dolphin,huawei-nova2,22.98824364063637,0.8333333333333334,4000.0,14.113244931040654
dolphin,huawei-nova2,14.944807505682007,0.2413793103448276,4000.0,28.892332925706782
dolphin,huawei-nova2,24.11815154673745,0.75,4000.0,20.463069284468528
dolphin,huawei-nova2,45.30164416927714,1.0,4000.0,-2.6922915499918694
dolphin,huawei-nova2,40.85634350092367,1.0,4000.0,1.3921492189608329
dolphin,huawei-nova2,25.336630633252128,1.0,4000.0,20.198218804572083
dolphin,huawei-nova2,29.339044028694317,0.85,4000.0,5.069129900399022
dolphin,huawei-nova2,22.284676748106705,0.8,4000.0,13.423482282328397
dolphin,huawei-nova2,39.18228714134587,1.0,4000.0,4.944902949031864
dolphin,huawei-nova2,43.13014470747834,0.9629629629629629,4000.0,-1.497831818174792
dolphin,huawei-nova2,14.169189061362985,0.22727272727272727,4000.0,29.467729141006387
dolphin,huawei-nova2,31.769343584106977,1.0,4000.0,15.392701820336077
dolphin,huawei-nova2,24.579820746268325,0.92,4000.0,19.575529992738105
dolphin,huawei-nova2,27.534943729837394,0.6,4000.0,5.518909849405773
dolphin,huawei-nova2,22.956972548108652,0.782608695652174,4000.0,12.407687621676551
dolphin,huawei-nova2,12.485944072995679,0.16,4000.0,32.46259624883868
dolphin,huawei-nova2,38.552473002419944,1.0,4000.0,3.2177198137290155
dolphin,huawei-nova2,30.64227297571692,1.0,4000.0,14.840203150669035
dolphin,huawei-nova2,25.144505456635457,0.95,4000.0,20.128226427363295
dolphin,huawei-nova2,44.763008895036066,1.0,4000.0,-2.2161535233145053
dolphin,huawei-nova2,29.076582711222784,0.9545454545454546,4000.0,4.162649571067652
dolphin,huawei-nova2,22.791281553277372,0.85,4000.0,12.28204836651894
dolphin,huawei-nova2,9.315856787720804,0.0,7000.0,19.401018219749538
dolphin,huawei-nova2,31.198004865617662,0.95,4000.0,15.66428278704601
dolphin,huawei-nova2,47.94098208603408,1.0,4000.0,-2.7279764874592303
dolphin,huawei-nova2,37.16996650094019,1.0,4000.0,6.1671304934522375
dolphin,huawei-nova2,28.40170185196628,1.0,4000.0,10.68556390905989
dolphin,huawei-nova2,47.71352740132605,1.0,4000.0,-2.4720083701140907
dolphin,huawei-nova2,43.353057769832134,0.9,4000.0,5.111600754966515
dolphin,huawei-nova2,47.93763992653061,1.0,4000.0,-1.9871139069931545
dolphin,huawei-nova2,45.69448065946122,1.0,4000.0,-3.002070024611661
dolphin,huawei-nova2,40.3359228481694,0.9,4000.0,3.6202695781605336
dolphin,huawei-nova2,26.858190467963794,0.8571428571428571,4000.0,16.260213617484947
dolphin,huawei-nova2,32.46109553714578,1.0,4000.0,0.5949173477989809
dolphin,huawei-nova2,13.124689881713095,0.25,7000.0,16.712844759739326
dolphin,huawei-nova2,33.797818256533404,0.8571428571428571,4000.0,9.373975870729916
dolphin,huawei-nova2,24.571256858250194,0.8823529411764706,4000.0,19.282463444722172
dolphin,huawei-nova2,21.806984485592935,0.7647058823529411,4000.0,15.938787726119777
dolphin,huawei-nova2,14.497707475548808,0.11764705882352941,4000.0,26.572837625533413
dolphin,huawei-nova2,40.657565124235575,1.0,4000.0,1.1352690945928972
dolphin,huawei-nova2,31.529795647798025,0.8235294117647058,4000.0,14.672667538828499
dolphin,huawei-nova2,25.063760893142856,0.9375,4000.0,10.882296306322319
dolphin,huawei-nova2,11.866339185582135,0.1875,7000.0,18.655775459626675
dolphin,huawei-nova2,32.10722069099718,0.8125,4000.0,7.916151539233477
dolphin,huawei-nova2,23.215289572422463,0.6666666666666666,4000.0,18.0172040556144
dolphin,huawei-nova2,25.05908703001954,1.0,4000.0,11.901300833706497
dolphin,huawei-nova2,11.244380856929723,0.07142857142857142,7000.0,19.860429360053
dolphin,huawei-nova2,42.222243822201264,1.0,4000.0,-0.21271377180924106
dolphin,huawei-nova2,32.06260698155414,0.9285714285714286,4000.0,10.611690643619662
dolphin,huawei-nova2,25.780605783220096,1.0,4000.0,17.696615583335166
dolphin,huawei-nova2,45.63430290624271,1.0,4000.0,-1.4502323340101175
dolphin,huawei-nova2,28.290505450725405,0.9047619047619048,4000.0,4.581346235843226
dolphin,huawei-nova2,33.77638583418191,1.0,4000.0,10.221744720694483
dolphin,huawei-nova2,26.432788789964235,0.7777777777777778,4000.0,15.322190716094948
dolphin,huawei-nova2,46.48634156502828,1.0,4000.0,-3.0522651399251477
dolphin,huawei-nova2,29.24623197105592,1.0,4000.0,2.937497150966072
dolphin,huawei-nova2,10.872526224561042,0.05,7000.0,19.255058955302303
dolphin,huawei-nova2,43.51495236037417,1.0,4000.0,-2.6875562810248783
dolphin,huawei-nova2,25.05027397720238,0.6470588235294118,4000.0,17.814312076635325
dolphin,huawei-nova2,46.59126350436193,1.0,4000.0,-2.228284299730542
dolphin,huawei-nova2,24.19012218000232,0.8823529411764706,4000.0,11.512406995050286
dolphin,huawei-nova2,10.031029616902515,0.0625,7000.0,20.587392085943552
dolphin,huawei-nova2,39.609808826683576,1.0,4000.0,0.43786742689095665
dolphin,huawei-nova2,28.47502744441104,0.7692307692307693,4000.0,14.143163263134939
dolphin,huawei-nova2,21.997180830405227,0.875,4000.0,13.323857161646902
dolphin,huawei-nova2,12.147818544725993,0.23076923076923078,7000.0,18.859986858371393
dolphin,huawei-nova2,45.89566395511052,1.0,4000.0,-1.236550076882361
dolphin,huawei-nova2,26.233049881043954,0.9444444444444444,4000.0,5.964233588963328
dolphin,huawei-nova2,23.983555197448766,0.8571428571428571,4000.0,11.66082816406397
dolphin,huawei-nova2,10.382884583937397,0.2777777777777778,7000.0,18.55482067252497
dolphin,huawei-nova2,41.81775000082354,1.0,4000.0,-0.34276633209621865
dolphin,huawei-nova2,33.50085151026876,0.95,4000.0,9.588500426131727
dolphin,huawei-nova2,26.11779784381325,0.9,4000.0,20.5387258966697
dolphin,huawei-nova2,21.50669362318314,0.8421052631578947,4000.0,8.884888688071154
dolphin,huawei-nova2,15.598151655286202,0.3684210526315789,4000.0,26.857618902392446
dolphin,huawei-nova2,31.883975441660482,1.0,4000.0,15.333264247014846
dolphin,huawei-nova2,48.2460047999148,1.0,4000.0,-2.1447250933387783
dolphin,huawei-nova2,24.26235323413745,1.0,4000.0,10.968951022133574
dolphin,huawei-nova2,14.163320875671289,0.3,7000.0,17.907009969692517
dolphin,huawei-nova2,32.19458762499853,0.5,4000.0,11.9894670607605
dolphin,huawei-nova2,48.57304031752902,1.0,4000.0,-2.159189201731587
dolphin,huawei-nova2,24.194371018270857,0.8888888888888888,4000.0,13.389944173889107
dolphin,huawei-nova2,48.43218143474547,1.0,4000.0,-3.732252770692349
dolphin,huawei-nova2,40.96132636232706,0.8888888888888888,4000.0,3.6288717993161423
dolphin,huawei-nova2,25.34525235547136,0.6666666666666666,4000.0,19.076217703021687
dolphin,huawei-nova2,47.14980612815607,1.0,4000.0,-2.314453454895477
dolphin,huawei-nova2,18.313224666514245,0.7333333333333333,4000.0,15.02103900812638
dolphin,huawei-nova2,9.533610408455232,0.06666666666666667,7125.0,21.448207213271722
dolphin,huawei-nova2,37.68401370837806,1.0,4000.0,5.049003196380948
dolphin,huawei-nova2,32.970105040764096,1.0,4000.0,12.389528620611772
dolphin,huawei-nova2,23.096963153851505,0.7222222222222222,4000.0,19.176333215387693
dolphin,huawei-nova2,46.47119104550612,0.9444444444444444,4000.0,-2.733466673479699
dolphin,huawei-nova2,41.21551175108074,1.0,4000.0,-1.8214626504811555
dolphin,huawei-nova2,30.224376225825708,0.7142857142857143,4000.0,13.671436733166187
dolphin,huawei-nova2,45.727944656495396,1.0,4000.0,-2.1510991286676404
dolphin,huawei-nova2,31.622097302023036,0.95,4000.0,1.4840919345202894
dolphin,huawei-nova2,23.27798068689296,0.95,4000.0,13.195036599544972
dolphin,huawei-nova2,11.875340635930925,0.05,7000.0,17.809946496372365
dolphin,huawei-nova2,40.874977321595054,1.0,4000.0,-0.7499710589267933
dolphin,huawei-nova2,33.982831293468465,1.0,4000.0,8.441674741948784
dolphin,huawei-nova2,31.86047445585355,1.0,4000.0,11.823715941761279
dolphin,huawei-nova2,29.50288123008646,1.0,4000.0,4.673383643745435
dolphin,huawei-nova2,13.69003249497301,0.16666666666666666,7000.0,16.73103636565675
dolphin,huawei-nova2,37.31348809233032,1.0,4000.0,6.698915892978188
dolphin,huawei-nova2,26.153672092534023,0.9375,4000.0,16.863227349419667
dolphin,huawei-nova2,47.16246381363345,1.0,4000.0,-2.0976976603101316
dolphin,huawei-nova2,21.192063616623216,0.8461538461538461,4000.0,11.382930070109921
dolphin,huawei-nova2,25.146215183350037,1.0,4000.0,9.552150480705643
dolphin,huawei-nova2,12.923482805415247,0.0625,7000.0,17.104021418108545
dolphin,huawei-nova2,31.35767360799808,1.0,4000.0,13.535166378989071
dolphin,huawei-nova2,46.63197542325702,1.0,4000.0,-2.492904102402858
dolphin,huawei-nova2,42.01289861635365,1.0,4000.0,-1.8518123494010856
dolphin,huawei-nova2,32.98064450812747,0.9333333333333333,4000.0,11.503067668234772
dolphin,huawei-nova2,25.13913848066707,0.7727272727272727,4000.0,18.81604599577229
dolphin,huawei-nova2,44.01294641663503,1.0,4000.0,-2.1230728590441728
dolphin,huawei-nova2,25.48280998858128,1.0,4000.0,10.120721746085552
dolphin,huawei-nova2,38.185751744262305,1.0,4000.0,1.7326285765744092
dolphin,huawei-nova2,32.1260495028196,0.8636363636363636,4000.0,12.648712734583185
dolphin,huawei-nova2,25.742922549940943,0.9523809523809523,4000.0,16.09797997166808
dolphin,huawei-nova2,46.60970398065459,1.0,4000.0,-2.7788099987210386
dolphin,huawei-nova2,26.711884350206446,0.9,4000.0,7.790604579947075
dolphin,huawei-nova2,24.346131229962396,0.95,4000.0,11.019661910219018
dolphin,huawei-nova2,8.781970072538286,0.15,4000.0,28.65633546835864
dolphin,huawei-nova2,40.77729438230028,1.0,4000.0,-0.34097851319667616
dolphin,huawei-nova2,32.36316796291629,0.7619047619047619,4000.0,11.387233387051573
dolphin,huawei-nova2,23.233668506260912,0.9473684210526315,4000.0,17.949179325721005
dolphin,huawei-nova2,45.15015571200189,1.0,4000.0,-1.6814950361704983
dolphin,huawei-nova2,29.320429766634646,1.0,4000.0,3.664394029805585
dolphin,huawei-nova2,10.960041135654436,0.21052631578947367,7000.0,17.541485790442767
dolphin,huawei-nova2,38.15735577125082,1.0,4000.0,-0.1366116140940073
dolphin,huawei-nova2,25.22197579447942,0.8,4000.0,15.395818260954714
dolphin,huawei-nova2,26.97878627416172,0.8947368421052632,4000.0,10.336120497741687
dolphin,huawei-nova2,11.392256539577446,0.0,4523.4375,19.711235584931607
dolphin,huawei-nova2,43.73672151833267,1.0,4000.0,-4.330606133439686
dolphin,huawei-nova2,33.4008961421039,1.0,4000.0,5.946615120074671
dolphin,huawei-nova2,30.976365946374315,1.0,4000.0,4.165781734515823
dolphin,huawei-nova2,13.838529837670976,0.1,7000.0,15.994397162268877
dolphin,huawei-nova2,46.81708366420199,1.0,4000.0,-2.62137306879978
dolphin,huawei-nova2,31.404275404187544,0.9375,4000.0,9.531525256037014
dolphin,huawei-nova2,44.04097445476344,1.0,4000.0,-2.37278377317053
dolphin,huawei-nova2,23.90263880258202,0.8928571428571429,4000.0,11.431234597691782
dolphin,huawei-nova2,39.87409513524189,1.0,4000.0,0.17583182246026285
dolphin,huawei-nova2,24.06714745679416,0.6111111111111112,4000.0,16.777351825899796
dolphin,huawei-nova2,46.466335963840535,1.0,4000.0,-2.1983724731652163
dolphin,huawei-nova2,25.60343079543351,0.9444444444444444,4000.0,9.688535644549297
dolphin,huawei-nova2,12.109770205726761,0.05,4000.0,29.221464049781293
dolphin,huawei-nova2,33.52800914935426,0.7894736842105263,4000.0,8.397448881268446
dolphin,huawei-nova2,47.04257844073847,1.0,4000.0,-1.8220384800785032
dolphin,huawei-nova2,33.72906848309671,1.0,4000.0,4.4893162437872665
dolphin,huawei-nova2,46.56654352213694,1.0,4000.0,-4.555495784436267
dolphin,huawei-nova2,32.91584015870191,1.0,4000.0,11.461961860098961
dolphin,huawei-nova2,28.646576635134963,0.9375,4000.0,7.0358444040073636
dolphin,huawei-nova2,9.37222500289684,0.125,7000.0,20.69684263498837
dolphin,huawei-nova2,44.19823841566303,1.0,4000.0,-2.5715126957148984
dolphin,huawei-nova2,40.506222222264796,1.0,4000.0,2.6965664148369957
dolphin,huawei-nova2,23.455805437534238,0.8571428571428571,4000.0,12.742386252136107
dolphin,huawei-nova2,17.13934459734783,0.2857142857142857,4000.0,22.569001465176907
dolphin,huawei-nova2,35.996096364047716,0.8636363636363636,4000.0,9.22401254222785
dolphin,huawei-nova2,26.408854530714393,0.6363636363636364,4000.0,20.12017219519692
dolphin,huawei-nova2,45.991584711424906,1.0,4000.0,-0.5778279228951626
dolphin,huawei-nova2,20.8507340611866,0.5454545454545454,4000.0,14.336122209764646
dolphin,huawei-nova2,21.964877693515547,0.75,4000.0,14.252948120856379
dolphin,huawei-nova2,34.52282668561995,0.8636363636363636,4000.0,13.114642228780726
dolphin,huawei-nova2,30.13781296146189,1.0,4000.0,13.50228280071039
dolphin,huawei-nova2,46.9713050841717,1.0,4000.0,-1.8938240161135154
dolphin,huawei-nova2,26.18702958963739,0.8,4000.0,7.152825654890529
dolphin,huawei-nova2,25.01238655473138,0.9090909090909091,4000.0,11.4872287316486
dolphin,huawei-nova2,44.47517147260116,1.0,4000.0,-2.4032314648648074
dolphin,huawei-nova2,37.78883429713274,1.0,4000.0,4.591526932018246
dolphin,huawei-nova2,46.726957353963755,0.9545454545454546,4000.0,-1.8536364948063568
dolphin,huawei-nova2,28.98798024413729,0.9090909090909091,4000.0,3.898711377425588
dolphin,huawei-nova2,14.034877967874849,0.09090909090909091,4000.0,27.44007545178365
dolphin,huawei-nova2,43.26931078873868,1.0,4000.0,-2.5483748276680362
dolphin,huawei-nova2,37.393533431662206,1.0,4000.0,5.509799740495498
dolphin,huawei-nova2,24.717867549114942,0.9565217391304348,4000.0,10.207476826073705
dolphin,huawei-nova2,11.82582616637751,0.13043478260869565,7000.0,16.94916927513252
dolphin,huawei-nova2,35.137683393197264,0.8461538461538461,4000.0,10.728497693207732
dolphin,huawei-nova2,46.17235947434801,1.0,4000.0,-2.61760377878403
dolphin,huawei-nova2,24.243407837499916,0.85,4000.0,9.60331057752403
dolphin,huawei-nova2,44.07377275991222,1.0,4000.0,-2.462422344070456
dolphin,huawei-nova2,36.762956387793835,0.9545454545454546,4000.0,6.4990563241893575
dolphin,huawei-nova2,27.80203922260901,0.84,4000.0,15.643971978427727
dolphin,huawei-nova2,24.322394847095467,0.8571428571428571,4000.0,12.123980130048565
dolphin,huawei-nova2,11.941981901314463,0.047619047619047616,7000.0,18.141902207919387
dolphin,huawei-nova2,41.60192901116554,1.0,4000.0,-2.6410846531524323
dolphin,huawei-nova2,34.40394334055141,0.92,4000.0,7.724519594605414
dolphin,huawei-nova2,31.34979334202906,0.7058823529411765,4000.0,12.02298957099769
dolphin,huawei-nova2,46.975761974247746,1.0,4000.0,-2.334128045714923
dolphin,huawei-nova2,23.410641834366984,0.7058823529411765,4000.0,10.164470446602182
dolphin,huawei-nova2,24.347056312520138,0.8235294117647058,4000.0,13.298716278426063
dolphin,huawei-nova2,44.85469906115817,1.0,4000.0,-2.749867730836237
dolphin,huawei-nova2,26.98700924773965,0.7391304347826086,4000.0,17.178084301654913
dolphin,huawei-nova2,21.461648552330388,0.8695652173913043,4000.0,14.48802677563359
dolphin,huawei-nova2,13.079562702620109,0.13043478260869565,4000.0,27.230754685551318
dolphin,huawei-nova2,40.79694550186926,1.0,4000.0,-0.9436643830518303
dolphin,huawei-nova2,27.252073632187816,0.6086956521739131,4000.0,19.714042180946095
dolphin,huawei-nova2,45.166797458350274,1.0,4000.0,-0.49182149867131897
dolphin,huawei-nova2,24.2410420320858,0.7272727272727273,4000.0,6.9557068414008425
dolphin,huawei-nova2,21.454487929457585,0.7727272727272727,4000.0,14.572938315670342
dolphin,huawei-nova2,12.318322462276342,0.18181818181818182,4000.0,29.162567813059237
dolphin,huawei-nova2,34.971978443531114,0.9090909090909091,4000.0,11.873008196463871
dolphin,huawei-nova2,32.70037262250489,0.7058823529411765,6998.046875,0.8742469112442517
dolphin,huawei-nova2,46.666877422311586,0.95,4000.0,-2.3666609171116386
dolphin,huawei-nova2,29.868346279474252,0.8235294117647058,4000.0,5.461671316166637
dolphin,huawei-nova2,40.943508188629096,0.55,4000.0,3.8928190579824333
dolphin,huawei-nova2,30.616062382823102,0.8888888888888888,4000.0,5.340080747509264
dolphin,huawei-nova2,23.11500124749051,0.8888888888888888,4000.0,14.506661577620111
dolphin,huawei-nova2,41.24592563001154,0.8888888888888888,4000.0,2.68995196754331
dolphin,huawei-nova2,27.559798233235853,0.47619047619047616,4000.0,19.43374391788432
dolphin,huawei-nova2,34.830197462594214,0.875,4000.0,13.422753830389384
dolphin,huawei-nova2,46.958374793630625,1.0,4000.0,-1.6762476679737972
dolphin,huawei-nova2,29.176308070228572,0.8636363636363636,4000.0,4.368053941420268
dolphin,huawei-nova2,25.51189844260557,0.9090909090909091,4000.0,11.070521962964236
dolphin,huawei-nova2,36.35155653916081,0.8181818181818182,4000.0,9.271408210470607
dolphin,huawei-nova2,29.90708064223695,0.9,4000.0,12.877975094394456
dolphin,huawei-nova2,28.73331960424312,0.8636363636363636,4000.0,4.370144311124784
dolphin,huawei-nova2,25.471254764446925,0.8571428571428571,4000.0,9.88213967989933
dolphin,huawei-nova2,43.5102985286961,1.0,4000.0,-1.4741599811202735
dolphin,huawei-nova2,47.2546271185705,1.0,4000.0,-1.1641419274244906
dolphin,huawei-nova2,24.915687896005863,0.9375,4000.0,6.7226288035607595
dolphin,huawei-nova2,11.58709960037956,0.0625,7000.0,17.996891244171096
dolphin,huawei-nova2,45.09960144306906,1.0,4000.0,-4.052242465939742
dolphin,huawei-nova2,46.39418198227689,1.0,4000.0,-1.495700018226382
dolphin,huawei-nova2,13.55531427035497,0.15,4000.0,29.264177868821438
dolphin,huawei-nova2,43.490685652661696,1.0,4000.0,-0.3780113314736204
dolphin,huawei-nova2,36.613733118953064,0.95,4000.0,8.779153316264622
dolphin,huawei-nova2,21.99799871562513,0.6842105263157895,4000.0,9.461849620495242
dolphin,huawei-nova2,15.772761024250741,0.21052631578947367,4000.0,24.86082456750697
dolphin,huawei-nova2,44.03118458480289,1.0,4000.0,-1.7691398097489996
dolphin,huawei-nova2,26.116171380867243,0.8666666666666667,4000.0,19.98465546758534
dolphin,huawei-nova2,44.122268961502385,1.0,4000.0,-0.3287031423186738
dolphin,huawei-nova2,24.755024950034155,0.8571428571428571,4000.0,6.370639279619289
dolphin,huawei-nova2,14.662470549223912,0.14814814814814814,4000.0,28.837055935885296
dolphin,huawei-nova2,40.98084179290255,1.0,4000.0,0.28355615726213945
dolphin,huawei-nova2,32.35964769273009,0.9666666666666667,4000.0,13.28583495459048
dolphin,huawei-nova2,45.428168639028584,1.0,4000.0,-1.4405311129500398
dolphin,huawei-nova2,22.847405538239357,0.72,4000.0,13.889800931690509
dolphin,huawei-nova2,42.18116272541687,1.0,4000.0,-1.0139825251853802
dolphin,huawei-nova2,33.756389351959896,0.9230769230769231,4000.0,10.42164512477566
dolphin,huawei-nova2,26.698454194185686,0.9642857142857143,4000.0,17.975246888772766
dolphin,huawei-nova2,45.45590663710571,1.0,4000.0,-0.7828893826763582
dolphin,huawei-nova2,19.753218753200372,0.875,4000.0,11.356993170409226
dolphin,huawei-nova2,22.76154705739347,0.8333333333333334,4000.0,13.95753226317984
dolphin,huawei-nova2,15.999389987326538,0.35714285714285715,4000.0,32.67826957623314
dolphin,huawei-nova2,42.88931767686424,1.0,4000.0,-2.081948299304689
dolphin,huawei-nova2,29.577854293017708,0.6956521739130435,4000.0,12.181556608146568
dolphin,huawei-nova2,24.177959153583856,0.8260869565217391,4000.0,12.111095635516964
dolphin,huawei-nova2,14.243350560182492,0.21739130434782608,4000.0,28.387820987779232
dolphin,huawei-nova2,45.65052135522649,1.0,4000.0,-3.8637192372072344
dolphin,huawei-nova2,36.88755864709353,0.8260869565217391,4000.0,5.603691464453824
dolphin,huawei-nova2,22.92826805630287,0.8260869565217391,4000.0,14.343512092326705
dolphin,huawei-nova2,14.8833293163555,0.125,4000.0,31.867231615770702
dolphin,huawei-nova2,27.98506899676181,0.88,4000.0,14.382108823980142
dolphin,huawei-nova2,46.3465842816115,1.0,4000.0,-2.236445553617777
dolphin,huawei-nova2,28.588324048906017,0.88,4000.0,5.572592309465786
dolphin,huawei-nova2,45.32256492365019,1.0,4000.0,-1.6557291797337472
dolphin,huawei-nova2,28.34920661241793,0.5862068965517241,4000.0,6.176981573268759
dolphin,huawei-nova2,16.930000229361582,0.17857142857142858,4000.0,26.03156046835741
dolphin,huawei-nova2,33.83370571184008,0.9285714285714286,4000.0,10.755831682454646
dolphin,huawei-nova2,30.00992046692619,0.9565217391304348,4000.0,12.499793560936276
dolphin,huawei-nova2,46.43515066582715,1.0,4000.0,-1.3273552978937222
dolphin,huawei-nova2,45.70177907605688,1.0,4000.0,-4.186222836615035
dolphin,huawei-nova2,36.041882654429386,0.9130434782608695,4000.0,6.199655649382939
dolphin,huawei-nova2,29.1619238171169,1.0,4000.0,15.136136128497684
dolphin,huawei-nova2,44.98851816502514,1.0,4000.0,-0.553804456939167
dolphin,huawei-nova2,38.57374884926753,1.0,4000.0,-0.14472080773079013
dolphin,huawei-nova2,7.961849839717857,0.0,7000.0,21.305760117123288
dolphin,huawei-nova2,27.677017069146487,0.5882352941176471,4000.0,20.390731396078685
dolphin,huawei-nova2,37.16051041588766,1.0,4000.0,-0.4839018331653402
dolphin,huawei-nova2,46.52362017362623,1.0,4000.0,-4.363879340569654
dolphin,huawei-nova2,28.035282702359538,0.9523809523809523,4000.0,20.376816960560575
dolphin,huawei-nova2,46.23239978443485,0.9583333333333334,4000.0,-1.5583903536009704
dolphin,huawei-nova2,31.680128648332854,0.8333333333333334,4000.0,4.206909873250124
dolphin,huawei-nova2,21.87801868560709,0.6666666666666666,4000.0,14.427200515658246
dolphin,huawei-nova2,46.34941586268606,1.0,4000.0,-4.031974486945933
dolphin,huawei-nova2,45.23174455095429,1.0,4000.0,-1.1731200221000133
dolphin,huawei-nova2,29.681640877893855,0.7142857142857143,4000.0,6.376444951492143
dolphin,huawei-nova2,20.642856655683616,0.5555555555555556,4000.0,15.993834711474992
dolphin,huawei-nova2,43.17179387009688,1.0,4000.0,2.244836708148713
dolphin,huawei-nova2,28.128308860621033,0.9545454545454546,4000.0,17.499233919526795
dolphin,huawei-nova2,45.43952694594071,1.0,4000.0,-1.4907360216672292
dolphin,huawei-nova2,30.507931115116037,0.8461538461538461,4000.0,2.9958959444863895
dolphin,huawei-nova2,12.931965429961778,0.22727272727272727,4000.0,25.559396214979444
dolphin,huawei-nova2,45.621457597167336,1.0,4000.0,-3.9212332895103383
dolphin,huawei-nova2,38.8821208278336,1.0,4000.0,4.054415704491147
dolphin,huawei-nova2,29.781922020065394,0.8260869565217391,4000.0,14.957861684780937
dolphin,huawei-nova2,46.17181855469278,1.0,4000.0,-1.8826566699346103
dolphin,huawei-nova2,30.495840008167917,0.8333333333333334,4000.0,2.7185147053323395
dolphin,huawei-nova2,14.838211965565776,0.19047619047619047,4000.0,25.56295674520948
dolphin,huawei-nova2,46.26112488414056,1.0,4000.0,-4.934445314021293
dolphin,huawei-nova2,40.29951117317769,0.9523809523809523,4000.0,2.4970552897012315
dolphin,huawei-nova2,27.114302281072668,0.9230769230769231,4000.0,16.873388060367855
dolphin,huawei-nova2,29.56559961874794,0.8461538461538461,4000.0,3.2287852124998278
dolphin,huawei-nova2,22.515094521581176,0.8148148148148148,4000.0,11.790485984402068
dolphin,huawei-nova2,13.856965515957498,0.2608695652173913,4000.0,28.533704904146873
dolphin,huawei-nova2,42.722778112171284,1.0,4000.0,-0.15637201795321498
dolphin,huawei-nova2,38.430005609905564,0.9565217391304348,4000.0,8.734912454103172
dolphin,huawei-nova2,28.905970023133577,0.9259259259259259,4000.0,4.705644209402029
dolphin,huawei-nova2,13.516968435329105,0.25925925925925924,4000.0,28.82726892817166
dolphin,huawei-nova2,44.54090850490063,1.0,4000.0,-4.657267287692058
dolphin,huawei-nova2,36.77793757673135,1.0,4000.0,4.161646191285155
dolphin,huawei-nova2,28.861549077487894,0.9230769230769231,4000.0,12.521105258195092
dolphin,huawei-nova2,32.65706316213016,0.9285714285714286,4000.0,2.2544583692312683
dolphin,huawei-nova2,11.697474848836478,0.07692307692307693,7000.0,16.18335463799484
dolphin,huawei-nova2,45.532894656234916,1.0,4000.0,-4.254976104904838
dolphin,huawei-nova2,38.09502825092457,1.0,4000.0,5.811205410468684
dolphin,huawei-nova2,31.291580477099714,1.0,4000.0,11.117374729876275
dolphin,huawei-nova2,46.36820716047845,1.0,4000.0,-1.829794806998176
dolphin,huawei-nova2,13.995516965166601,0.13043478260869565,4000.0,29.043775790778298
dolphin,huawei-nova2,41.196946838519125,0.8260869565217391,4000.0,2.6847777296270414
dolphin,huawei-nova2,46.387970285090404,1.0,4000.0,-1.0929849367252622
dolphin,huawei-nova2,32.70100528561876,0.8888888888888888,4000.0,1.359034170227681
dolphin,huawei-nova2,24.697922183041925,0.9583333333333334,4000.0,9.551833908535977
dolphin,huawei-nova2,12.419373458312947,0.20833333333333334,7000.0,15.022497411331802
dolphin,huawei-nova2,43.30264597613224,1.0,4000.0,-2.4028695670966465
dolphin,huawei-nova2,37.28599555096517,0.84,4000.0,7.500298179523176
dolphin,huawei-nova2,29.871736230409198,0.71875,4000.0,12.311725516888464
dolphin,huawei-nova2,31.021230568929937,0.8888888888888888,4000.0,4.669241565956951
dolphin,huawei-nova2,22.797368402155456,0.84375,4000.0,12.272621534879795
dolphin,huawei-nova2,42.02916363863804,1.0,4000.0,0.7972789350549436
dolphin,huawei-nova2,46.594329555383894,1.0,4000.0,-1.5768158745685175
dolphin,huawei-nova2,32.833525410947686,0.9130434782608695,4000.0,1.8365552352410086
dolphin,huawei-nova2,22.209306496350294,0.782608695652174,4000.0,13.121472376141483
dolphin,huawei-nova2,17.25763747705396,0.17391304347826086,4000.0,24.154269960871954
dolphin,huawei-nova2,25.87012347269558,0.5384615384615384,4000.0,19.82331110966382
dolphin,huawei-nova2,29.606635130179868,0.9166666666666666,4000.0,5.338849128306366
dolphin,huawei-nova2,11.96381278974863,0.07692307692307693,7000.0,18.17282483239594
dolphin,huawei-nova2,37.485375398703496,0.8461538461538461,4000.0,8.120160102665041
dolphin,huawei-nova2,28.53977916557419,0.5384615384615384,4000.0,14.629916894149503
dolphin,huawei-nova2,45.84868662570089,0.9615384615384616,4000.0,-2.510070808183692
dolphin,huawei-nova2,32.12202888992154,0.8461538461538461,4000.0,4.351607853212905
dolphin,huawei-nova2,15.057654575455302,0.19230769230769232,4000.0,26.94020004847852
dolphin,huawei-nova2,45.41343493580915,1.0,4000.0,-1.7975004672328487
dolphin,huawei-nova2,41.2161362302417,1.0,4000.0,1.6743030881697387
dolphin,huawei-nova2,29.763660950468747,0.782608695652174,4000.0,13.924516748006955
dolphin,huawei-nova2,46.122328089905196,1.0,4000.0,-2.126572805370644
dolphin,huawei-nova2,31.70991655590946,0.8260869565217391,4000.0,4.517828210467402
dolphin,huawei-nova2,40.6503206860296,0.9583333333333334,4000.0,1.806483949569235
dolphin,huawei-nova2,46.070641117344294,1.0,4000.0,-2.3998798190696475
dolphin,huawei-nova2,36.67284265927164,0.9393939393939394,4000.0,-0.3790595176053526
dolphin,huawei-nova2,23.0944640827871,0.96875,4000.0,12.2422851280092
dolphin,huawei-nova2,46.43661892819989,1.0,4000.0,-4.814065005210548
dolphin,huawei-nova2,37.22796391831807,0.9393939393939394,4000.0,4.4154367728714075
dolphin,huawei-nova2,42.49437874743967,1.0,4000.0,0.6505330300810751
dolphin,huawei-nova2,34.52118025345966,1.0,4000.0,3.2734566364181807
dolphin,huawei-nova2,23.58074423376233,0.9411764705882353,4000.0,12.190159205860958
dolphin,huawei-nova2,15.333043175088235,0.11764705882352941,4000.0,24.162851966756573
dolphin,huawei-nova2,46.969588464311386,1.0,4000.0,-4.289359492165292
dolphin,huawei-nova2,46.396920546567955,1.0,4000.0,-0.5503003869176294
dolphin,huawei-nova2,30.77406942988341,0.8888888888888888,4000.0,3.9823143338687665
dolphin,huawei-nova2,23.43967009051778,0.9130434782608695,4000.0,12.244673826437456
dolphin,huawei-nova2,12.971069502063017,0.18518518518518517,4000.0,23.999398214925364
dolphin,huawei-nova2,45.16644199140143,1.0,4000.0,-4.42761979611285
dolphin,huawei-nova2,40.66303080811963,0.7391304347826086,4000.0,3.7912105969410685
dolphin,huawei-nova2,31.62376827067864,1.0,4000.0,10.581985163819013
dolphin,huawei-nova2,46.61759913812101,1.0,4000.0,-2.434833448399196
dolphin,huawei-nova2,33.77424844640679,0.9166666666666666,4000.0,1.0918035077269228
dolphin,huawei-nova2,24.598643251393696,0.9583333333333334,4000.0,12.208170188562326
dolphin,huawei-nova2,12.510868431917004,0.08333333333333333,4000.0,28.199822082520814
dolphin,huawei-nova2,41.29658872534462,0.9166666666666666,4000.0,3.0887058034880073
dolphin,huawei-nova2,42.903318447151165,1.0,4000.0,0.6227428856512296
dolphin,huawei-nova2,31.378670317377924,0.8048780487804879,4000.0,6.010245705393038
dolphin,huawei-nova2,23.338548160730497,0.8604651162790697,4000.0,12.94089196241446
dolphin,huawei-nova2,17.412793061433405,0.24390243902439024,4000.0,24.331022450609563
dolphin,huawei-nova2,42.068241053100664,1.0,4000.0,-0.654539235852077
dolphin,huawei-nova2,34.45581283365959,0.9302325581395349,4000.0,11.12628502115812
dolphin,huawei-nova2,27.577550068990305,0.8181818181818182,4000.0,13.73643902596008
dolphin,huawei-nova2,31.41126434444986,0.7941176470588235,4000.0,5.081021362953701
dolphin,huawei-nova2,23.398826365558023,0.8484848484848485,4000.0,13.183441347791769
dolphin,huawei-nova2,15.699253759295985,0.13793103448275862,4000.0,26.838854509211515
dolphin,huawei-nova2,34.93579914807296,0.9705882352941176,4000.0,7.875798476583748
dolphin,huawei-nova2,31.076829740283884,0.7714285714285715,4000.0,6.685392915247207
dolphin,huawei-nova2,23.087540083946564,0.7837837837837838,4000.0,12.67414043590014
dolphin,huawei-nova2,42.288538021769924,1.0,4000.0,-0.9268107452214751
dolphin,huawei-nova2,34.67416006918219,0.9428571428571428,4000.0,9.888442997593057
dolphin,huawei-nova2,45.83501427049616,1.0,4000.0,-1.9178946580233769
dolphin,huawei-nova2,31.18767031208644,0.90625,4000.0,4.462185575164768
dolphin,huawei-nova2,26.01787711802173,0.9375,4000.0,11.417804127124516
dolphin,huawei-nova2,44.44544035324384,1.0,4000.0,-4.3402786446773725
dolphin,huawei-nova2,39.14805995018918,0.8181818181818182,4000.0,3.6058488478691446
dolphin,huawei-nova2,29.4228977523981,0.9375,4000.0,13.401750984045202
dolphin,huawei-nova2,24.080063585990516,0.8857142857142857,4000.0,11.532591208070102
dolphin,huawei-nova2,14.561842225303224,0.125,4000.0,30.569649448215742
dolphin,huawei-nova2,44.751923582629175,1.0,4000.0,-3.451350557187047
dolphin,huawei-nova2,46.010090919604266,1.0,4000.0,-2.8025297030139478
dolphin,huawei-nova2,24.279198063134558,0.8611111111111112,4000.0,10.944196975241303
dolphin,huawei-nova2,14.685319543966912,0.12903225806451613,4000.0,27.968796222774284
dolphin,huawei-nova2,35.919381666748635,0.9354838709677419,4000.0,7.935124504536104
dolphin,huawei-nova2,27.090473492056418,0.9761904761904762,4000.0,14.107478808888308
dolphin,huawei-nova2,45.25811895035727,1.0,4000.0,-2.3075440738545376
dolphin,huawei-nova2,29.401604158808652,0.8888888888888888,4000.0,6.73868867909102
dolphin,huawei-nova2,17.119208088563468,0.19047619047619047,4000.0,27.545892359845986
dolphin,huawei-nova2,42.525987404683065,1.0,4000.0,-0.7686237896054893
dolphin,huawei-nova2,34.122909375015794,0.9166666666666666,4000.0,11.23465380819071
dolphin,huawei-nova2,31.130624206419327,1.0,4000.0,11.433308743206034
dolphin,huawei-nova2,46.55049265234008,1.0,4000.0,-2.501628370514587
dolphin,huawei-nova2,33.073916437289895,0.90625,4000.0,3.0683165995851986
dolphin,huawei-nova2,12.001221473188977,0.0625,4000.0,30.07927446406551
dolphin,huawei-nova2,45.22599123453229,1.0,4000.0,-3.035857460135089
dolphin,huawei-nova2,39.16280320275213,0.7878787878787878,4000.0,3.1557843835917003
dolphin,huawei-nova2,30.199552112562685,1.0,4000.0,13.911929416884659
dolphin,huawei-nova2,46.11753410564812,1.0,4000.0,-1.8807176544669824
dolphin,huawei-nova2,37.80509039251672,1.0,4000.0,0.2598589579119856
dolphin,huawei-nova2,41.820087814978976,0.75,4000.0,3.6241898123842153
dolphin,huawei-nova2,27.206204528472483,0.7,4000.0,18.032772672328818
dolphin,huawei-nova2,42.872601705453945,0.9090909090909091,4000.0,-0.5171678722211464
dolphin,huawei-nova2,30.705667187551114,1.0,4000.0,3.080629080084476
dolphin,huawei-nova2,12.284256400600128,0.1,7000.0,17.444220992213925
dolphin,huawei-nova2,43.11282733934013,1.0,4000.0,0.8787674052557827
dolphin,huawei-nova2,34.56262603311188,1.0,4000.0,13.498422572166628
dolphin,huawei-nova2,26.494360834199497,0.9444444444444444,4000.0,18.244797442277328
dolphin,huawei-nova2,23.76519900942347,0.75,4000.0,9.106341164844894
dolphin,huawei-nova2,26.410685280991544,0.95,4000.0,9.332115941497102
dolphin,huawei-nova2,45.7763958181682,1.0,4000.0,-3.3904661077722458
dolphin,huawei-nova2,25.56484654293058,0.8108108108108109,4000.0,19.350121813931793
dolphin,huawei-nova2,45.251646702071255,1.0,4000.0,-1.425212380756193
dolphin,huawei-nova2,32.17251992514264,0.7837837837837838,4000.0,3.1145587653350066
dolphin,huawei-nova2,10.448689640016198,0.10810810810810811,7000.0,18.181581032960235
dolphin,huawei-nova2,43.69207098776637,1.0,4000.0,-1.005506347068359
dolphin,huawei-nova2,34.96480827088109,0.8095238095238095,4000.0,12.101665329878957
dolphin,huawei-nova2,26.803356273931485,0.76,4000.0,19.331261692956833
dolphin,huawei-nova2,26.321473129410137,0.9090909090909091,4000.0,7.109570873477584
dolphin,huawei-nova2,12.125635158737353,0.18181818181818182,7000.0,15.718467230656469
dolphin,huawei-nova2,44.3417758529951,1.0,4000.0,-1.499443732749427
dolphin,huawei-nova2,35.64694474126658,0.72,4000.0,10.308738356810846
dolphin,huawei-nova2,26.90981753413483,0.8571428571428571,4000.0,17.464568886965612
dolphin,huawei-nova2,44.77833979442458,0.8571428571428571,4000.0,-0.6291161705988857
dolphin,huawei-nova2,27.116289084292973,0.782608695652174,4000.0,5.9843001781469285
dolphin,huawei-nova2,24.464387113407298,1.0,4000.0,11.145969330305356
dolphin,huawei-nova2,11.845273380091669,0.047619047619047616,7000.0,17.407490674866256
dolphin,huawei-nova2,37.88584897011613,0.8095238095238095,4000.0,8.728825741545606
dolphin,huawei-nova2,26.193284646404436,0.9,4000.0,18.14102864490218
dolphin,huawei-nova2,44.21355025355312,1.0,4000.0,-1.7564414848261083
dolphin,huawei-nova2,26.542350534375174,0.5909090909090909,4000.0,6.438740037878827
dolphin,huawei-nova2,27.563959192544175,1.0,4000.0,9.378088694329556
dolphin,huawei-nova2,47.85974048546608,1.0,4000.0,-3.499239158172647
dolphin,huawei-nova2,36.160147273451116,0.8636363636363636,4000.0,9.58001430233599
dolphin,huawei-nova2,44.70690114075363,1.0,4000.0,-1.1849364410594618
dolphin,huawei-nova2,25.901355809250262,1.0,4000.0,9.126413902727675
dolphin,huawei-nova2,13.691373658238561,0.22727272727272727,4000.0,33.46006566022733
dolphin,huawei-nova2,45.00659145187424,1.0,4000.0,-2.5971697583815585
dolphin,huawei-nova2,34.480946722289886,0.7727272727272727,4000.0,11.708927088139236
dolphin,huawei-nova2,45.01683371670735,1.0,4000.0,-1.462242799148825
dolphin,huawei-nova2,24.459056171190895,0.9545454545454546,4000.0,9.948094328914037
dolphin,huawei-nova2,44.64116069987247,1.0,4000.0,-2.6416300851623333
dolphin,huawei-nova2,35.87206180671369,0.8636363636363636,4000.0,11.218241222400898
dolphin,huawei-nova2,26.83020328412418,0.8214285714285714,4000.0,18.61758275840345
dolphin,huawei-nova2,27.328015874431017,0.75,4000.0,5.031114221397863
dolphin,huawei-nova2,24.047380925767882,0.9473684210526315,4000.0,10.811579018173274
dolphin,huawei-nova2,45.46053337068892,1.0,4000.0,-3.6264538424455797
dolphin,huawei-nova2,38.76698481168377,0.8928571428571429,4000.0,4.862184562690192
dolphin,huawei-nova2,44.60868586131893,0.9545454545454546,4000.0,-1.404531834005305
dolphin,huawei-nova2,25.30334999145768,0.8636363636363636,4000.0,9.090175028188293
dolphin,huawei-nova2,10.777130266435805,0.13636363636363635,7000.0,17.626268563099757
dolphin,huawei-nova2,37.6324518853382,0.75,4000.0,5.193354013322652
dolphin,huawei-nova2,26.793474296186815,0.6363636363636364,4000.0,18.6719971093559
dolphin,huawei-nova2,45.57600509361028,0.9565217391304348,4000.0,-1.9172248069481603
dolphin,huawei-nova2,20.556130922644,0.6842105263157895,4001.953125,10.964100478126394
dolphin,huawei-nova2,22.379360610317264,0.7894736842105263,4000.0,12.584191939561043
dolphin,huawei-nova2,14.688296761070106,0.17391304347826086,4000.0,28.032823602875844
dolphin,huawei-nova2,45.76897093421414,1.0,4000.0,-3.426728121168872
dolphin,huawei-nova2,35.79673602404971,0.8260869565217391,4000.0,10.413369401684747
dolphin,huawei-nova2,45.72417294507106,0.96,4000.0,-2.0670745350764674
dolphin,huawei-nova2,26.937331487607807,0.7647058823529411,4000.0,7.641136012931641
dolphin,huawei-nova2,14.155409897268598,0.11764705882352941,4000.0,28.62084495559271
dolphin,huawei-nova2,42.65603797976894,1.0,4000.0,1.089209059214922
dolphin,huawei-nova2,34.730012396720895,0.92,4000.0,12.612291286523957
dolphin,huawei-nova2,27.755494399096875,0.75,4000.0,16.5327971914185
dolphin,huawei-nova2,44.586192656054735,0.9444444444444444,4000.0,-2.1133715605395174
dolphin,huawei-nova2,25.62393142729853,1.0,4000.0,10.932511783034716
dolphin,huawei-nova2,46.419091908848245,1.0,4000.0,-3.7410788152432346
dolphin,huawei-nova2,27.141744126042127,0.9473684210526315,4000.0,19.132454617386166
dolphin,huawei-nova2,23.353798490131865,1.0,4000.0,12.180265545996274
dolphin,huawei-nova2,15.94274436293857,0.20833333333333334,4000.0,28.31095164089533
dolphin,huawei-nova2,35.39027070056079,0.7894736842105263,4000.0,11.37677970266296
dolphin,huawei-nova2,27.796557460003825,0.9523809523809523,4000.0,16.410085447657508
dolphin,huawei-nova2,26.34048447733059,0.8260869565217391,4000.0,6.927646072966516
dolphin,huawei-nova2,12.485124815579354,0.13043478260869565,4000.0,30.748877780990295
dolphin,huawei-nova2,38.42346624751069,0.8095238095238095,4000.0,8.751810402031962
dolphin,huawei-nova2,25.105837638774958,1.0,4000.0,8.593392290844516
dolphin,huawei-nova2,11.641543030709272,0.05,4000.0,36.25336721612439
dolphin,huawei-nova2,45.38169822834861,1.0,4000.0,-3.0089587498799815
dolphin,huawei-nova2,34.70150599990194,0.65,4000.0,13.776390193055825
dolphin,huawei-nova2,26.998326374009196,0.8181818181818182,4000.0,19.707736797331975
dolphin,huawei-nova2,26.763365496883964,0.8235294117647058,4000.0,10.993217996443882
dolphin,huawei-nova2,13.406000759931757,0.23529411764705882,4000.0,28.302957578198743
dolphin,huawei-nova2,45.49274903077334,1.0,4000.0,-3.8131234823765707
dolphin,huawei-nova2,26.414253761503062,0.9130434782608695,4000.0,19.596543592140268
dolphin,huawei-nova2,23.95370628666072,0.8695652173913043,4000.0,10.073345941038312
dolphin,huawei-nova2,12.898650750227048,0.2608695652173913,7000.0,16.69702225973134
dolphin,huawei-nova2,26.176955032177048,1.0,4000.0,19.917515555633972
dolphin,huawei-nova2,43.05250329381602,1.0,4000.0,-0.8675194241066293
dolphin,huawei-nova2,27.713076116905512,0.7727272727272727,4000.0,6.785738589171829
dolphin,huawei-nova2,25.71237512801845,0.8571428571428571,4000.0,10.111340593270924
dolphin,huawei-nova2,15.947607631160949,0.13043478260869565,4000.0,27.122114010830572
dolphin,huawei-nova2,36.67931903625606,0.8260869565217391,4000.0,9.583390575542987
dolphin,huawei-nova2,26.893810705313527,0.8823529411764706,4000.0,17.92506635662895
dolphin,huawei-nova2,41.012229258518175,1.0,4000.0,2.6049235796395376
dolphin,huawei-nova2,28.973360939001154,1.0,4000.0,18.967966754933208
dolphin,huawei-nova2,44.88088953369764,0.9487179487179487,4000.0,-1.979296162993959
dolphin,huawei-nova2,29.927745467735363,0.7435897435897436,4000.0,3.6165732075639574
dolphin,huawei-nova2,23.94513735817074,0.8974358974358975,4000.0,11.118111997505435
dolphin,huawei-nova2,18.623914829099903,0.21739130434782608,4000.0,23.945061190937416
dolphin,huawei-nova2,26.517488445345634,0.7307692307692307,4000.0,19.146425775954842
dolphin,huawei-nova2,45.19760429937588,1.0,4000.0,-1.8091144026299304
dolphin,huawei-nova2,12.633982853194837,0.13793103448275862,4000.0,30.313099737663478
dolphin,huawei-nova2,42.63901600643888,1.0,4000.0,-0.20321990125571882
dolphin,huawei-nova2,25.75825198862435,0.8,4000.0,19.612558341326782
dolphin,huawei-nova2,14.430515073562432,0.17391304347826086,4000.0,25.429126477088463
dolphin,huawei-nova2,45.63807108811636,1.0,4000.0,-3.8880495271128517
dolphin,huawei-nova2,35.86446021169286,0.8,4000.0,11.801727513779223
dolphin,huawei-nova2,26.678601812041805,0.8846153846153846,4000.0,20.52448648358881
dolphin,huawei-nova2,45.626622196321875,0.9615384615384616,4000.0,-1.9156357847368846
dolphin,huawei-nova2,23.65392857492182,0.8333333333333334,4000.0,11.41758399609327
dolphin,huawei-nova2,45.44305113588038,1.0,4000.0,-3.8881396277770532
dolphin,huawei-nova2,36.73851690653477,0.8846153846153846,4000.0,7.715795178430359
dolphin,huawei-nova2,26.470451549115367,0.7692307692307693,4000.0,19.4781749850766
dolphin,huawei-nova2,45.29730340972014,1.0,4000.0,-1.7398208273248215
dolphin,huawei-nova2,23.02739507909682,0.8181818181818182,4000.0,12.489761567772735
dolphin,huawei-nova2,40.92852108094647,1.0,4000.0,0.08925809590429637
dolphin,huawei-nova2,25.790649301344317,0.7096774193548387,4000.0,4.830880063247342
dolphin,huawei-nova2,15.950075744017141,0.18181818181818182,4000.0,25.513158634359762
dolphin,huawei-nova2,42.304394166582426,1.0,4000.0,-0.40833264394148333
dolphin,huawei-nova2,33.53522455424586,0.9393939393939394,4000.0,11.601307304538249
dolphin,huawei-nova2,25.42513950226308,0.56,4000.0,19.372551573504566
dolphin,huawei-nova2,45.6280069397376,1.0,4000.0,-3.7762196790967497
dolphin,huawei-nova2,40.86116397683699,0.875,4000.0,3.3177035682158866
dolphin,oppo-k3,10.868176039756747,0.058823529411764705,4000.0,59.09405749928119
dolphin,oppo-k3,51.62261704109717,1.0,4000.0,9.293736091664648
dolphin,oppo-k3,36.26506144874959,1.0,4000.0,22.285043584426177
dolphin,oppo-k3,31.552572606595838,0.9,4000.0,33.525906750173434
dolphin,oppo-k3,21.369394798419705,0.05263157894736842,4267.578125,49.98901137468011
dolphin,oppo-k3,8.75920455419839,0.045454545454545456,4875.0,30.96926390628708
dolphin,oppo-k3,33.28560268767494,1.0,4000.0,35.04128058973454
dolphin,oppo-k3,21.59505661411005,0.2,6943.359375,16.839683511972176
dolphin,oppo-k3,31.7250734918455,1.0,4000.0,33.436728130606866
dolphin,oppo-k3,24.937445817310362,0.34782608695652173,4000.0,42.88068246268256
dolphin,oppo-k3,31.035312002209977,1.0,4000.0,34.086205790312235
dolphin,oppo-k3,28.3188345595724,0.9565217391304348,4000.0,38.29392002141468
dolphin,oppo-k3,32.06266890775973,0.9629629629629629,4000.0,39.25922394026328
dolphin,oppo-k3,34.695120820239254,0.37037037037037035,4000.0,40.65376369551811
dolphin,oppo-k3,8.248620145080707,0.07407407407407407,6009.765625,23.64619188758229
dolphin,oppo-k3,26.395486764709787,0.9629629629629629,4000.0,35.28442443364119
dolphin,oppo-k3,22.960741200178802,0.14814814814814814,4000.0,43.83889501010002
dolphin,oppo-k3,20.0018557036244,0.14285714285714285,4000.0,49.12311276127126
dolphin,oppo-k3,6.9435702383918,0.10714285714285714,6158.203125,33.811352826929244
dolphin,oppo-k3,30.01822494171175,1.0,4000.0,33.67170176308318
dolphin,oppo-k3,27.59994424895247,0.8888888888888888,4000.0,37.94942042590695
dolphin,oppo-k3,11.467203872790122,0.04,5992.1875,22.994999234872118
dolphin,oppo-k3,27.723225703025413,0.9545454545454546,4000.0,36.835746237055304
dolphin,oppo-k3,12.221561787643552,0.0,4542.96875,50.633198388123056
dolphin,oppo-k3,17.899692203121745,0.08695652173913043,4000.0,47.47147229851699
dolphin,oppo-k3,8.199565272469016,0.08695652173913043,6150.390625,30.2618409189002
dolphin,oppo-k3,31.33766551385542,1.0,4000.0,27.65674795702864
dolphin,oppo-k3,19.423401864025067,0.14285714285714285,4000.0,50.75506959847898
dolphin,oppo-k3,23.475719622367365,0.13636363636363635,4000.0,44.64975205867554
dolphin,oppo-k3,16.170104295667485,0.09090909090909091,4000.0,51.51886850153318
dolphin,oppo-k3,10.75020005383837,0.045454545454545456,6009.765625,21.80246778258924
dolphin,oppo-k3,33.42647639777702,1.0,4000.0,35.00902616017764
dolphin,oppo-k3,28.145422399053892,0.8181818181818182,4000.0,37.61610859532674
dolphin,oppo-k3,30.231188153520165,0.9130434782608695,4000.0,34.58753860612298
dolphin,oppo-k3,19.6755315510254,0.08,4000.0,44.70910518518575
dolphin,oppo-k3,10.141155814391311,0.043478260869565216,4443.359375,51.80334832131109
dolphin,oppo-k3,31.29162394077725,1.0,4000.0,32.854628012434624
dolphin,oppo-k3,26.93210387571203,1.0,4000.0,37.51982869463407
dolphin,oppo-k3,22.72225246629924,0.13043478260869565,4000.0,48.07549535894559
dolphin,oppo-k3,24.039595323648854,0.22727272727272727,4000.0,43.41348447933868
dolphin,oppo-k3,20.35131920348121,0.18181818181818182,4000.0,47.27246202185689
dolphin,oppo-k3,8.944982324564137,0.08695652173913043,6156.25,27.331427320211276
dolphin,oppo-k3,27.481397934792163,1.0,4000.0,37.93556199688023
dolphin,oppo-k3,34.82787941528064,1.0,4000.0,30.536792588857136
dolphin,oppo-k3,16.719137505486202,0.19230769230769232,4000.0,49.57728091220347
dolphin,oppo-k3,20.715721302769538,0.25,4000.0,48.190656515062685
dolphin,oppo-k3,11.18343627571079,0.041666666666666664,5369.140625,28.5922164004835
dolphin,oppo-k3,29.531565546358387,1.0,4000.0,33.507310558535224
dolphin,oppo-k3,29.08976679708406,0.9130434782608695,4000.0,36.94559558854942
dolphin,oppo-k3,20.554733053701952,0.2608695652173913,4000.0,44.322152913562896
dolphin,oppo-k3,31.432999480481655,1.0,4000.0,29.26478953508444
dolphin,oppo-k3,20.412847575044935,0.43478260869565216,4000.0,43.346472183795235
dolphin,oppo-k3,28.651989244872503,1.0,4000.0,29.63853109939397
dolphin,oppo-k3,22.55824615301775,0.2727272727272727,4000.0,47.86422066186265
dolphin,oppo-k3,22.0832474513915,0.17647058823529413,4000.0,44.04284837214818
dolphin,oppo-k3,30.408375021931228,1.0,4000.0,32.76062699894763
dolphin,oppo-k3,8.060569856180251,0.0,5128.90625,41.75305771264664
dolphin,oppo-k3,8.250301402127079,0.09090909090909091,6013.671875,36.23676504954487
dolphin,oppo-k3,28.41545588095073,1.0,4000.0,26.25743025750921
dolphin,oppo-k3,28.575331175280894,0.8333333333333334,4000.0,32.83150703544084
dolphin,oppo-k3,13.760284581225648,0.17647058823529413,4000.0,53.95132866337015
dolphin,oppo-k3,29.91354422711349,0.8823529411764706,4000.0,34.33255930021149
dolphin,oppo-k3,20.79350884864816,0.35294117647058826,4000.0,44.57643806508996
dolphin,oppo-k3,20.97417023028953,0.23529411764705882,4000.0,47.64637514065793
dolphin,oppo-k3,27.77228859104222,0.9411764705882353,4000.0,37.12459599813863
dolphin,oppo-k3,27.120914822084835,0.8823529411764706,4000.0,38.82108829105864
dolphin,oppo-k3,8.37651893188162,0.13636363636363635,4154.296875,64.6190873814466
dolphin,oppo-k3,8.580513597903717,0.125,4000.0,58.361284779956186
dolphin,oppo-k3,6.662624515621204,0.041666666666666664,4650.390625,59.54126731665199
dolphin,oppo-k3,28.689982352716598,1.0,4000.0,24.945839008977657
dolphin,oppo-k3,7.955043250886092,0.0,6958.984375,24.511846619943892
dolphin,oppo-k3,12.945674652594619,0.0625,7337.890625,17.483459066284258
dolphin,oppo-k3,10.109921388889546,0.1111111111111111,6013.671875,37.65987069175231
dolphin,oppo-k3,28.37919897024414,1.0,4000.0,29.972008584578667
dolphin,oppo-k3,26.173461636675746,1.0,4000.0,34.96884171882412
dolphin,oppo-k3,19.477345617920832,0.05263157894736842,4271.484375,51.39966469208371
dolphin,oppo-k3,20.71677322511505,0.0,4000.0,48.78806284220825
dolphin,oppo-k3,8.937396664422707,0.0,4595.703125,52.88423649272232
dolphin,oppo-k3,29.854549108789,0.9090909090909091,4000.0,36.17395487900092
dolphin,oppo-k3,21.898386854625258,0.17391304347826086,4000.0,48.006733046182184
dolphin,oppo-k3,28.909661460950325,1.0,4000.0,38.863378709716436
dolphin,oppo-k3,26.37477018332929,0.2608695652173913,4000.0,42.1367030195568
dolphin,oppo-k3,20.25703520448981,0.2727272727272727,4000.0,47.62189919994461
dolphin,oppo-k3,8.992114759172594,0.10526315789473684,4128.90625,65.87847584537644
dolphin,oppo-k3,29.784625975225545,1.0,4000.0,34.507759567889025
dolphin,oppo-k3,29.67823437347853,0.9545454545454546,4000.0,38.4520746891914
dolphin,oppo-k3,10.045339771005004,0.11764705882352941,4000.0,56.50968750522247
dolphin,oppo-k3,19.091535689692222,0.23529411764705882,4000.0,47.493503962232225
dolphin,oppo-k3,11.857033601255836,0.058823529411764705,4000.0,54.34969578414197
dolphin,oppo-k3,10.470967477320755,0.11764705882352941,6009.765625,33.27377306530775
dolphin,oppo-k3,27.65510453932761,0.9761904761904762,4000.0,28.277387649980575
dolphin,oppo-k3,10.617419779228612,0.0,4000.0,56.86667423842171
dolphin,oppo-k3,9.702637967728506,0.037037037037037035,4298.828125,56.91108157743102
dolphin,oppo-k3,27.45911705080018,1.0,4000.0,32.21370525429333
dolphin,oppo-k3,24.86000794238764,0.19230769230769232,4000.0,45.56698846593099
dolphin,oppo-k3,28.41574598401057,0.9615384615384616,4000.0,37.264173793840186
dolphin,oppo-k3,28.828439841822615,0.38461538461538464,4000.0,41.62461144306681
dolphin,oppo-k3,25.279274881736306,1.0,4000.0,37.67413509149995
dolphin,oppo-k3,8.465303828958994,0.041666666666666664,4312.5,59.19378622114701
dolphin,oppo-k3,26.214573336353695,0.9583333333333334,4000.0,34.451608335247194
dolphin,oppo-k3,17.92335025218948,0.05263157894736842,4000.0,53.60809535305978
dolphin,oppo-k3,31.23429552392848,0.9047619047619048,4000.0,31.490827356936943
dolphin,oppo-k3,16.45388703996521,0.05,4000.0,53.678641859836524
dolphin,oppo-k3,15.11697156960021,0.05,4263.671875,52.39529540880039
dolphin,oppo-k3,9.315423946292512,0.1,5857.421875,26.85596958719513
dolphin,oppo-k3,30.74664262357763,1.0,4000.0,35.627077661444865
dolphin,oppo-k3,30.581649929003,0.85,4000.0,37.61308808832492
dolphin,oppo-k3,9.864870526742052,0.043478260869565216,4000.0,61.30148924149488
dolphin,oppo-k3,30.87073354817828,1.0,4000.0,30.340035734622642
dolphin,oppo-k3,10.278189005805515,0.13043478260869565,4123.046875,63.08349083095899
dolphin,oppo-k3,31.32508443412697,1.0,4000.0,29.235701562802173
dolphin,oppo-k3,28.346692707189106,0.92,4000.0,36.68138634192522
dolphin,oppo-k3,20.122575739872644,0.041666666666666664,4000.0,48.16660908673727
dolphin,oppo-k3,27.227582153615415,0.8333333333333334,4000.0,36.4095388761958
dolphin,oppo-k3,26.608489678188036,0.20833333333333334,4000.0,44.11622437985521
dolphin,oppo-k3,27.905716288679663,0.9166666666666666,4000.0,37.51729276910057
dolphin,oppo-k3,30.932881366449337,0.9583333333333334,4000.0,38.722647492127955
dolphin,oppo-k3,26.651434513379456,0.8823529411764706,4000.0,37.73687176884768
dolphin,oppo-k3,27.90252571833372,0.2647058823529412,4000.0,43.497310905945675
dolphin,oppo-k3,31.8266257313241,0.9473684210526315,4000.0,34.300105782475555
dolphin,oppo-k3,21.531311817564244,0.19047619047619047,4000.0,44.78172953420079
dolphin,oppo-k3,42.62001212738713,1.0,4000.0,17.252053383876728
dolphin,oppo-k3,10.062587565433944,0.0,7835.9375,20.540601970399166
dolphin,oppo-k3,11.436630642092126,0.0,5214.84375,28.09262660174495
dolphin,oppo-k3,37.856887125561016,1.0,4000.0,27.216056421985503
dolphin,oppo-k3,33.34652945355047,1.0,4000.0,36.187922116992
dolphin,oppo-k3,9.69284980118266,0.09090909090909091,6970.703125,20.70438819836747
dolphin,oppo-k3,10.374184775001822,0.0,6037.109375,30.760636554348867
dolphin,oppo-k3,10.804110720578748,0.0,6253.90625,30.147184715584157
dolphin,oppo-k3,10.821825122687116,0.0,6015.625,24.921485342431428
dolphin,oppo-k3,14.680451471654777,0.1875,4000.0,52.56712603837559
dolphin,oppo-k3,16.724574078404856,0.1875,4000.0,49.58478108108607
dolphin,oppo-k3,13.539691474668828,0.125,4000.0,49.28655024289759
dolphin,oppo-k3,7.697068616104914,0.058823529411764705,6011.71875,34.62587335313505
dolphin,oppo-k3,32.73118009986683,1.0,4000.0,33.105103270213014
dolphin,oppo-k3,29.136705897711792,0.9375,4000.0,38.115155811909574
dolphin,oppo-k3,18.589451433447195,0.09090909090909091,4000.0,53.577106730705054
dolphin,oppo-k3,16.248387625559573,0.1,4000.0,55.429920047717786
dolphin,oppo-k3,34.49990522969064,1.0,4000.0,33.3796392093328
dolphin,oppo-k3,32.22676379788145,0.9583333333333334,4000.0,37.453428991646255
dolphin,oppo-k3,9.433001613623645,0.0625,4000.0,67.13310148673452
dolphin,oppo-k3,38.08996051847819,1.0,4000.0,23.193822428909293
dolphin,oppo-k3,30.797217823191446,1.0,4000.0,32.65373220765726
dolphin,oppo-k3,30.14243271171609,0.9473684210526315,4000.0,35.636667012389644
dolphin,oppo-k3,34.12497680396988,1.0,4000.0,28.78672979391501
dolphin,oppo-k3,17.35238522278351,0.19047619047619047,4000.0,51.83708538168743
dolphin,oppo-k3,17.886872529544107,0.36363636363636365,4000.0,47.77346956168442
dolphin,oppo-k3,17.352309691006397,0.09523809523809523,4000.0,51.737635350174486
dolphin,oppo-k3,7.51160125938722,0.047619047619047616,4000.0,64.44415583947051
dolphin,oppo-k3,30.938611262122592,1.0,4000.0,37.34890712000028
dolphin,oppo-k3,12.138491945480979,0.05263157894736842,4105.46875,55.55879513242813
dolphin,oppo-k3,37.17970597540478,1.0,4000.0,23.706778209186087
dolphin,oppo-k3,16.233267508109577,0.15789473684210525,4000.0,49.7477333982901
dolphin,oppo-k3,14.491499931597176,0.05263157894736842,4000.0,51.4911647681339
dolphin,oppo-k3,10.123793854160596,0.05555555555555555,4101.5625,58.70147979418442
dolphin,oppo-k3,8.402048929528803,0.0,4099.609375,63.808817109073665
dolphin,oppo-k3,30.86729949069163,0.9411764705882353,4000.0,36.77579062187409
dolphin,oppo-k3,12.972520737264745,0.0625,4000.0,59.926383137947
dolphin,oppo-k3,40.0578020976013,1.0,4000.0,22.312915019427464
dolphin,oppo-k3,20.101011402553752,0.3125,4000.0,48.06932758030159
dolphin,oppo-k3,9.153997417858918,0.058823529411764705,6009.765625,24.94356433060499
dolphin,oppo-k3,32.42252856671651,1.0,4000.0,31.534035695276287
dolphin,oppo-k3,30.73261861562451,0.9411764705882353,4000.0,35.94600153220875
dolphin,oppo-k3,15.483667310750192,0.2222222222222222,4000.0,53.43018622294424
dolphin,oppo-k3,33.150013216188256,1.0,4000.0,28.96088691140452
dolphin,oppo-k3,15.621448129248279,0.21052631578947367,4000.0,50.00662740521569
dolphin,oppo-k3,16.584494551630854,0.17647058823529413,4000.0,50.535539918684066
dolphin,oppo-k3,7.878338661960711,0.0,6156.25,25.290527273521434
dolphin,oppo-k3,18.52504028027971,0.3333333333333333,4000.0,52.924162279279265
dolphin,oppo-k3,35.48326033008667,1.0,4000.0,28.028248113522636
dolphin,oppo-k3,20.353714547264147,0.4444444444444444,4000.0,47.44957680116823
dolphin,oppo-k3,20.057553007738136,0.42105263157894735,4000.0,49.3140420317677
dolphin,oppo-k3,28.603118933790483,1.0,4000.0,36.05310334890829
dolphin,oppo-k3,31.262721155396036,1.0,4000.0,37.40362878628594
dolphin,oppo-k3,11.941905601716527,0.0625,4000.0,63.68380782416934
dolphin,oppo-k3,8.165200441848356,0.07142857142857142,4916.015625,41.54297254626772
dolphin,oppo-k3,35.35847231403088,1.0,4000.0,33.70867790928211
dolphin,oppo-k3,31.534028165211602,0.9285714285714286,4000.0,35.55217729302132
dolphin,oppo-k3,15.191642671596014,0.18181818181818182,4000.0,52.07517264387643
dolphin,oppo-k3,15.83843275582808,0.2727272727272727,4000.0,47.86840923257995
dolphin,oppo-k3,10.610759504455132,0.0,5855.46875,27.982116448240465
dolphin,oppo-k3,30.299578690531014,1.0,4000.0,37.46005331551666
dolphin,oppo-k3,9.41761327490839,0.1111111111111111,6156.25,24.007450412509552
dolphin,oppo-k3,31.79033791458655,1.0,4000.0,33.977132993785716
dolphin,oppo-k3,31.646658505266515,0.9473684210526315,4000.0,37.84158798723384
dolphin,oppo-k3,11.89214781455533,0.0,4000.0,55.70204612612151
dolphin,oppo-k3,38.73458433077409,1.0,4000.0,20.663369133624315
dolphin,oppo-k3,11.727614156677433,0.05555555555555555,4000.0,51.31231433619676
dolphin,oppo-k3,9.501756286952471,0.05263157894736842,6011.71875,32.59330471193627
dolphin,oppo-k3,34.28456137612993,1.0,4000.0,28.690858191660674
dolphin,oppo-k3,30.78498211864983,0.9444444444444444,4000.0,34.8116610090189
dolphin,oppo-k3,8.111031837861546,0.16666666666666666,7798.828125,19.9125105941711
dolphin,oppo-k3,8.471416097015478,0.0,6113.28125,33.131672646827695
dolphin,oppo-k3,30.553463313731093,1.0,4000.0,35.48043843391727
dolphin,oppo-k3,14.333014187934324,0.23076923076923078,4000.0,51.91135271026296
dolphin,oppo-k3,12.030551353834227,0.23076923076923078,7728.515625,23.487206504084245
dolphin,oppo-k3,32.29887187701445,1.0,4000.0,34.175320544987606
dolphin,oppo-k3,30.68168944828463,0.9090909090909091,4000.0,38.166393768813506
dolphin,oppo-k3,8.266579155399796,0.0625,7457.03125,20.4357081036566
dolphin,oppo-k3,38.37374396196325,1.0,4000.0,25.2702503064412
dolphin,oppo-k3,17.604160749605285,0.125,4000.0,54.72320771101509
dolphin,oppo-k3,30.05217597505228,1.0,4000.0,35.46865264228829
dolphin,oppo-k3,35.883583913244735,1.0,4000.0,28.118083772300384
dolphin,oppo-k3,7.881299154736524,0.0,7238.28125,21.984325447106826
dolphin,oppo-k3,35.17328010537974,1.0,4000.0,31.774606389383997
dolphin,oppo-k3,30.69619416356251,1.0,4000.0,36.478250013889514
dolphin,oppo-k3,11.28096009041316,0.04,4250.0,60.652887758495766
dolphin,oppo-k3,9.263087363252112,0.04,4001.953125,65.75227261127255
dolphin,oppo-k3,6.506634572984424,0.04,4460.9375,67.19922365786825
dolphin,oppo-k3,30.28305870645066,1.0,4000.0,36.82953093356182
dolphin,oppo-k3,20.572278854029108,0.2,4000.0,50.26580006026822
dolphin,oppo-k3,38.37905614809359,1.0,4000.0,25.003044477550077
dolphin,oppo-k3,22.637458466004333,0.2857142857142857,4000.0,50.35800591940973
dolphin,oppo-k3,8.628793124837728,0.0,4806.640625,52.49791511372049
dolphin,oppo-k3,30.545643081254163,1.0,4000.0,37.736197861732364
dolphin,oppo-k3,16.500366130039154,0.25,4000.0,54.79474587419391
dolphin,oppo-k3,34.49860337684124,1.0,4000.0,27.11851219577899
dolphin,oppo-k3,19.83161658598499,0.13793103448275862,4000.0,50.26033244989052
dolphin,oppo-k3,6.844909370967727,0.034482758620689655,5863.28125,32.52514432526209
dolphin,oppo-k3,30.363075234913694,1.0,4000.0,37.2928424710872
dolphin,oppo-k3,38.15936158033499,1.0,4000.0,20.974604065986114
dolphin,oppo-k3,18.85859363205779,0.15,4000.0,49.45135218802011
dolphin,oppo-k3,7.268042544740851,0.09090909090909091,4562.5,56.19452651068627
dolphin,oppo-k3,33.200360806705554,1.0,4000.0,31.155184039012063
dolphin,oppo-k3,29.548983253467064,1.0,4000.0,38.11535249058512
dolphin,oppo-k3,36.830462607497964,1.0,4000.0,25.727429391355408
dolphin,oppo-k3,18.306605167154203,0.04,4000.0,53.348945646016794
dolphin,oppo-k3,8.596607500005902,0.0,6158.203125,31.15833208092827
dolphin,oppo-k3,32.13367029523066,1.0,4000.0,32.554595973023844
dolphin,oppo-k3,30.55562778429698,1.0,4000.0,36.26659616122603
dolphin,oppo-k3,17.514670715909787,0.14814814814814814,4000.0,49.39470853915406
dolphin,oppo-k3,14.77404617719624,0.05,4000.0,56.39791927339882
dolphin,oppo-k3,32.593161498764665,1.0,4000.0,33.593616758577404
dolphin,oppo-k3,32.140121772962914,1.0,4000.0,37.328607945104956
dolphin,oppo-k3,14.151548560829355,0.07692307692307693,4000.0,51.79956322749584
dolphin,oppo-k3,18.208314489658193,0.17391304347826086,4000.0,48.95814750981566
dolphin,oppo-k3,30.651207498307073,1.0,4000.0,32.464197189045
dolphin,oppo-k3,15.347329154379594,0.09090909090909091,4000.0,53.963343427222135
dolphin,oppo-k3,37.12298209823134,1.0,4000.0,21.32869989331585
dolphin,oppo-k3,7.251921492758072,0.0,5753.90625,31.466534310990383
dolphin,oppo-k3,29.7704649865548,0.85,4000.0,37.13895381537809
dolphin,oppo-k3,60.01903877004402,1.0,4000.0,0.5009966399982403
dolphin,oppo-k3,11.109147037534058,0.1111111111111111,4251.953125,59.06327688164903
dolphin,oppo-k3,11.466991682888107,0.1111111111111111,6320.3125,27.728778021211042
dolphin,oppo-k3,62.297285752186234,1.0,4000.0,0.5067554879854703
dolphin,oppo-k3,50.70402253903336,1.0,4000.0,8.999499590707401
dolphin,oppo-k3,12.287465523569438,0.08333333333333333,6175.78125,18.53687147452437
dolphin,oppo-k3,12.17789657466247,0.08333333333333333,5871.09375,29.58014923672442
dolphin,oppo-k3,10.7192258368664,0.0,6968.75,19.95321732787299
dolphin,oppo-k3,49.19741071244171,1.0,4000.0,12.068430696631108
dolphin,oppo-k3,38.057428603939925,1.0,4000.0,24.060721527458135
dolphin,oppo-k3,47.187995435200456,1.0,4000.0,8.84905044253183
dolphin,oppo-k3,10.272516609143679,0.14285714285714285,4175.78125,58.39744651044724
dolphin,oppo-k3,37.63244314087093,1.0,4000.0,27.74192386924787
dolphin,oppo-k3,29.598275279856665,0.9375,4000.0,34.63727473550761
dolphin,oppo-k3,17.224972361852195,0.058823529411764705,4128.90625,50.1031599960593
dolphin,oppo-k3,35.46137332180664,1.0,4000.0,25.956834111019464
dolphin,oppo-k3,12.617613213474726,0.11764705882352941,4000.0,53.71801025451644
dolphin,oppo-k3,10.094210019321352,0.0,6156.25,33.50285897449457
dolphin,oppo-k3,33.1995296564299,0.9411764705882353,4000.0,29.502738659721444
dolphin,oppo-k3,31.226202958784334,1.0,4000.0,36.514955343618745
dolphin,oppo-k3,10.183212416246846,0.0625,4261.71875,55.61690798516149
dolphin,oppo-k3,10.939346492276414,0.0625,4441.40625,50.208570104558774
dolphin,oppo-k3,9.458128947008873,0.125,4501.953125,45.78976989967608
dolphin,oppo-k3,11.113487761296355,0.1875,4234.375,48.490886807731286
dolphin,oppo-k3,44.11313634670867,1.0,4000.0,15.597003615217162
dolphin,oppo-k3,32.80052163377218,0.9375,4000.0,27.13013823537938
dolphin,oppo-k3,11.228773163078898,0.14285714285714285,4230.46875,52.80982964247229
dolphin,oppo-k3,7.977881012444584,0.14285714285714285,4398.4375,56.77001777480954
dolphin,oppo-k3,10.718461083724847,0.16666666666666666,4242.1875,52.65272292779589
dolphin,oppo-k3,10.094086715336786,0.058823529411764705,5857.421875,30.506807834689372
dolphin,oppo-k3,34.991104371525495,1.0,4000.0,21.890765014420165
dolphin,oppo-k3,28.434210870135942,1.0,4000.0,34.80621896514976
dolphin,oppo-k3,12.159570072050244,0.0,4000.0,53.94317942906591
dolphin,oppo-k3,13.05677142038283,0.15,4000.0,50.33032521285769
dolphin,oppo-k3,9.733031195006319,0.09090909090909091,4212.890625,58.74926843163992
dolphin,oppo-k3,9.061732529330328,0.13636363636363635,4228.515625,56.2338587613103
dolphin,oppo-k3,31.154204897317243,1.0,4000.0,30.88829379936542
dolphin,oppo-k3,29.523619880741713,1.0,4000.0,34.10602076047508
dolphin,oppo-k3,9.332657550789222,0.15,4251.953125,51.961612987946864
dolphin,oppo-k3,9.279989811723496,0.09523809523809523,4039.0625,55.93137740040291
dolphin,oppo-k3,12.192074476194506,0.11764705882352941,4222.65625,55.56119908139537
dolphin,oppo-k3,35.08253391480634,0.9411764705882353,4000.0,21.60126477333109
dolphin,oppo-k3,9.082277169784362,0.0,6025.390625,29.980390601584674
dolphin,oppo-k3,11.789927825895688,0.13333333333333333,4355.46875,57.1507604967134
dolphin,oppo-k3,10.676318871671157,0.0,4191.40625,53.15625629181796
dolphin,oppo-k3,51.09925195553289,1.0,4000.0,3.520316791633729
dolphin,oppo-k3,10.735975531439806,0.125,4000.0,52.052893358046006
dolphin,oppo-k3,8.561147845357581,0.07692307692307693,5824.21875,29.12960141432822
dolphin,oppo-k3,32.35612500543725,1.0,4000.0,32.037763456309364
dolphin,oppo-k3,8.948665716843266,0.0,7384.765625,21.194100572037932
dolphin,oppo-k3,38.79228465328932,1.0,4000.0,22.663535127860168
dolphin,oppo-k3,9.085514744481486,0.047619047619047616,6011.71875,24.699056036057954
dolphin,oppo-k3,30.56279452329276,1.0,4000.0,32.45695496725434
dolphin,oppo-k3,17.400514326010025,0.11764705882352941,4529.296875,49.1650818764779
dolphin,oppo-k3,38.18553397667593,1.0,4000.0,26.97271335121365
dolphin,oppo-k3,21.356614300005518,0.05,4000.0,45.12281404737791
dolphin,oppo-k3,30.79086907773454,0.9,4000.0,33.250891593347816
dolphin,oppo-k3,29.497398050387297,0.95,4000.0,36.811674640496136
dolphin,oppo-k3,37.439480664038825,1.0,4000.0,20.901835341087324
dolphin,oppo-k3,31.184754506044115,1.0,4000.0,28.09785580402466
dolphin,oppo-k3,9.820973550963274,0.0,6269.53125,18.582262221563663
dolphin,oppo-k3,59.98524418507999,1.0,4000.0,0.43074196650175206
dolphin,oppo-k3,10.256949502269478,0.0,4048.828125,59.67621326953228
dolphin,oppo-k3,59.78516765667294,1.0,4000.0,1.3375153756149216
dolphin,oppo-k3,11.934987151271699,0.23529411764705882,4005.859375,52.00053557920471
dolphin,oppo-k3,10.129453303905848,0.3333333333333333,4019.53125,54.558139233039626
dolphin,oppo-k3,12.425396008290917,0.26666666666666666,4222.65625,51.5235511321244
dolphin,oppo-k3,35.22234712867297,1.0,4000.0,28.731340919299896
dolphin,oppo-k3,29.423037866938756,1.0,4000.0,34.500939328016884
dolphin,oppo-k3,9.663683676195078,0.14285714285714285,4232.421875,53.70419197236239
dolphin,oppo-k3,41.43222038477703,1.0,4000.0,14.870397809696943
dolphin,oppo-k3,9.76913470380947,0.14285714285714285,4384.765625,53.32690290712553
dolphin,oppo-k3,8.773934229729491,0.0,7335.9375,23.668714579863135
dolphin,oppo-k3,9.050315503813309,0.0,6013.671875,32.40048159036465
dolphin,oppo-k3,30.329091428136834,1.0,4000.0,24.611010794979666
dolphin,oppo-k3,41.194532764528745,1.0,4000.0,13.473875819258385
dolphin,oppo-k3,7.73250591162477,0.05,7484.375,24.456308135643134
dolphin,oppo-k3,10.057981779682692,0.0,4298.828125,46.06286373090997
dolphin,oppo-k3,59.35872216868784,1.0,4000.0,0.21528731160597084
dolphin,oppo-k3,9.311238400011035,0.0,6105.46875,30.22599124726348
dolphin,oppo-k3,10.364677692209014,0.08333333333333333,6449.21875,24.421985513093396
dolphin,oppo-k3,41.73791963021767,1.0,4000.0,22.40630124875168
dolphin,oppo-k3,12.609646700885648,0.0625,4019.53125,54.57680965273219
dolphin,oppo-k3,37.66828344190526,1.0,4000.0,16.139911988920648
dolphin,oppo-k3,9.420438579407943,0.23076923076923078,4205.078125,52.70473402836571
dolphin,oppo-k3,9.188983162300161,0.0,6787.109375,22.82654743993055
dolphin,oppo-k3,10.95299860916137,0.0625,6009.765625,35.35880711902087
dolphin,oppo-k3,32.59721481485405,1.0,4000.0,31.315511595002334
dolphin,oppo-k3,27.54380400130185,1.0,4000.0,36.18162200912927
dolphin,oppo-k3,11.076230505541446,0.06666666666666667,4535.15625,51.02685549742159
dolphin,oppo-k3,10.345763312634674,0.17647058823529413,4003.90625,54.46204437612715
dolphin,oppo-k3,30.56299491334073,1.0,4000.0,33.95334635318187
dolphin,oppo-k3,36.818373180739016,1.0,4000.0,19.94434171473262
dolphin,oppo-k3,6.919683063077684,0.0,6759.765625,27.780035243664067
dolphin,oppo-k3,7.491631618071736,0.11538461538461539,4214.84375,53.3808621299384
dolphin,oppo-k3,28.089169671279045,1.0,4000.0,34.39764617825788
dolphin,oppo-k3,10.470675464975429,0.0,4171.875,53.653723437674486
dolphin,oppo-k3,39.6226316309477,0.9,4000.0,16.928350147393157
dolphin,oppo-k3,12.58025829950094,0.045454545454545456,4578.125,43.20733804731012
dolphin,oppo-k3,10.294288696138025,0.0,4500.0,55.17626660618596
dolphin,oppo-k3,9.852322092834584,0.05263157894736842,4208.984375,51.82009400983262
dolphin,oppo-k3,36.68211052328347,1.0,4000.0,16.9923277895946
dolphin,oppo-k3,9.553733856222436,0.10526315789473684,4291.015625,47.933742894214184
dolphin,oppo-k3,8.546812794929124,0.0,5416.015625,40.43912922249832
dolphin,oppo-k3,8.872627802890278,0.05263157894736842,6158.203125,35.53505389614682
dolphin,oppo-k3,30.576420329171803,1.0,4000.0,26.331198028783533
dolphin,oppo-k3,42.69158270053701,1.0,4000.0,12.305429355509506
dolphin,oppo-k3,15.437207928307984,0.0,4529.296875,49.23775973847391
dolphin,oppo-k3,13.484403064991866,0.0,4513.671875,52.76329218869605
dolphin,oppo-k3,39.766207858988345,1.0,4000.0,20.618394365563653
dolphin,oppo-k3,29.107798529479993,0.8888888888888888,4000.0,31.675570092500287
dolphin,oppo-k3,7.4520054169382774,0.05263157894736842,6175.78125,34.11069829994198
dolphin,oppo-k3,15.85468278846568,0.05263157894736842,5128.90625,33.31343538287535
dolphin,oppo-k3,7.788554368757616,0.0,4320.3125,57.31773757628373
dolphin,oppo-k3,40.338140762986455,1.0,4000.0,20.299580641458167
dolphin,oppo-k3,6.621761636842379,0.0,7634.765625,30.977878892576996
dolphin,oppo-k3,42.831566136538505,1.0,4000.0,11.904224017455533
dolphin,oppo-k3,9.037208297558465,0.2222222222222222,4476.5625,51.856278801442805
dolphin,oppo-k3,8.007260137280923,0.0,7814.453125,25.004374410587825
dolphin,oppo-k3,9.276456817240316,0.0,4042.96875,57.0163765463009
dolphin,oppo-k3,25.82330369527103,0.9615384615384616,4000.0,34.56727909336212
dolphin,oppo-k3,7.385906872669906,0.043478260869565216,4314.453125,55.20130531682252
dolphin,oppo-k3,29.11019275498296,0.9642857142857143,4000.0,24.65339950104459
dolphin,oppo-k3,14.467818952347926,0.17857142857142858,4000.0,49.74308343514576
dolphin,oppo-k3,10.47402071707154,0.03571428571428571,4132.8125,54.409173684913796
dolphin,oppo-k3,8.018077664835843,0.13043478260869565,4167.96875,57.4657087804932
dolphin,oppo-k3,31.117902122446317,1.0,4000.0,26.94439145263302
dolphin,oppo-k3,26.270560308973664,1.0,4000.0,34.19253527074191
dolphin,oppo-k3,10.102062134992082,0.05,4005.859375,55.711128918748514
dolphin,oppo-k3,41.23285744771827,1.0,4000.0,14.657367364648204
dolphin,oppo-k3,15.12598364171079,0.0,4513.671875,48.780276998171686
dolphin,oppo-k3,11.353083565339674,0.0,4527.34375,54.08860251217141
dolphin,oppo-k3,7.34256509288663,0.0,4294.921875,61.753338399688225
dolphin,oppo-k3,38.27825259472978,1.0,4000.0,17.999023167123582
dolphin,oppo-k3,57.77784079001618,1.0,4000.0,0.8024626296134523
dolphin,oppo-k3,7.712243207588045,0.05555555555555555,5855.46875,26.557503673227828
dolphin,oppo-k3,58.2402438193716,1.0,4000.0,0.3773256764510067
dolphin,oppo-k3,16.750370448238016,0.125,4000.0,47.97373460723601
dolphin,oppo-k3,8.348929807088766,0.125,7500.0,19.75461913368256
dolphin,oppo-k3,7.314577572286083,0.045454545454545456,6173.828125,19.41329620095987
dolphin,oppo-k3,16.345291835869887,0.045454545454545456,4000.0,51.49335618034412
dolphin,oppo-k3,7.303392685118112,0.0,5763.671875,32.135720739112
dolphin,oppo-k3,41.53525424745967,1.0,4000.0,25.343336394394385
dolphin,oppo-k3,18.527276768190376,0.08333333333333333,4000.0,54.09109243985914
dolphin,oppo-k3,46.13756112060345,0.9583333333333334,4000.0,20.78623320007506
dolphin,oppo-k3,18.15122777131633,0.13636363636363635,4000.0,49.511560734720774
dolphin,oppo-k3,6.193728611064358,0.0,6322.265625,23.013011918950514
dolphin,oppo-k3,33.53274788962972,0.9523809523809523,4000.0,35.29169744615116
dolphin,oppo-k3,7.49684827641417,0.0,4175.78125,62.245626231395754
dolphin,oppo-k3,49.703982144689974,1.0,4000.0,13.245698109400696
dolphin,oppo-k3,13.638742206230177,0.09090909090909091,4000.0,55.925165025335204
dolphin,oppo-k3,55.012996718025235,1.0,4000.0,1.64796918629565
dolphin,oppo-k3,6.7144027782603075,0.09090909090909091,4175.78125,60.64070367869775
dolphin,oppo-k3,33.37746421356093,0.9545454545454546,4000.0,32.86187392042966
dolphin,oppo-k3,14.013999242469694,0.1111111111111111,4000.0,59.33952390102387
dolphin,oppo-k3,45.19984593714453,1.0,4000.0,20.599551827565246
dolphin,oppo-k3,15.87388594050961,0.1111111111111111,4000.0,49.67593174256101
dolphin,oppo-k3,12.938067293922558,0.1111111111111111,4000.0,52.45683439641334
dolphin,oppo-k3,9.43919245992565,0.08695652173913043,4166.015625,62.09212970949794
dolphin,oppo-k3,32.98589971364464,1.0,4000.0,33.90736018804653
dolphin,oppo-k3,53.52240059770034,1.0,4000.0,2.686579267763004
dolphin,oppo-k3,7.99020409620131,0.045454545454545456,4000.0,59.873073260545084
dolphin,oppo-k3,8.492446605303442,0.047619047619047616,6009.765625,24.24831962620365
dolphin,oppo-k3,45.28843700808072,1.0,4000.0,15.81108195582149
dolphin,oppo-k3,32.2458089945475,0.9545454545454546,4000.0,30.816905260668182
dolphin,oppo-k3,6.8617274853903325,0.047619047619047616,5980.46875,21.00806317748453
dolphin,oppo-k3,42.821972997454715,1.0,4000.0,13.999601241262328
dolphin,oppo-k3,13.734393894737963,0.09523809523809523,4000.0,53.04784955398031
dolphin,oppo-k3,10.579750165113666,0.0,7734.375,19.233632178720544
dolphin,oppo-k3,10.956709817601592,0.12,4152.34375,59.26925093000115
dolphin,oppo-k3,41.19270738385511,1.0,4000.0,19.852630953541798
dolphin,oppo-k3,34.02029215337873,1.0,4000.0,32.513989217936015
dolphin,oppo-k3,6.480869581719162,0.0,5724.609375,22.80654286172519
dolphin,oppo-k3,57.15309355317116,0.9411764705882353,4000.0,1.053408543951603
dolphin,oppo-k3,12.599852625158093,0.17647058823529413,4000.0,56.43706016798026
dolphin,oppo-k3,8.569981787756916,0.15,4167.96875,65.85288384566562
dolphin,oppo-k3,43.532523705037356,1.0,4000.0,23.233494082997638
dolphin,oppo-k3,34.57550911922628,1.0,4000.0,32.57720030103637
dolphin,oppo-k3,15.110940470557765,0.08695652173913043,4001.953125,51.76834476245497
dolphin,oppo-k3,11.483236767452354,0.19047619047619047,4000.0,50.35511288117803
dolphin,oppo-k3,40.898762571219564,1.0,4000.0,23.031148635113034
dolphin,oppo-k3,31.529618776849063,1.0,4000.0,33.246255955304676
dolphin,oppo-k3,44.190437327971885,1.0,4000.0,23.283036087604316
dolphin,oppo-k3,16.580853142321416,0.18181818181818182,4000.0,50.50312911576584
dolphin,oppo-k3,10.804404126607082,0.09090909090909091,4197.265625,60.95243968063897
dolphin,oppo-k3,34.86248424657916,1.0,4000.0,28.4362102090439
dolphin,oppo-k3,33.71314127936816,1.0,4000.0,34.485482325037545
dolphin,oppo-k3,6.322886492907969,0.0,4652.34375,32.25094886941994
dolphin,oppo-k3,57.34346892756233,1.0,4000.0,1.0747674899744724
dolphin,oppo-k3,10.94947117440553,0.11764705882352941,4126.953125,58.37745684590749
dolphin,oppo-k3,8.584297896446344,0.0,6011.71875,27.094700887430456
dolphin,oppo-k3,58.74016239638355,1.0,4000.0,3.309103478616482
dolphin,oppo-k3,7.764234467182959,0.0,4416.015625,38.57239415288058
dolphin,oppo-k3,59.3598457799482,1.0,4000.0,0.31788423160715307
dolphin,oppo-k3,18.37043207382493,0.16666666666666666,4000.0,46.03811357704682
dolphin,oppo-k3,14.27170448847771,0.1111111111111111,4000.0,47.8168213688826
dolphin,oppo-k3,8.900216440658753,0.1111111111111111,6011.71875,28.039594757767915
dolphin,oppo-k3,59.85580312889823,1.0,4000.0,2.6414739770910165
dolphin,oppo-k3,50.32673014596155,1.0,4000.0,12.028194329942782
dolphin,oppo-k3,44.677430603102295,1.0,4000.0,19.966517000437058
dolphin,oppo-k3,13.52096229973013,0.047619047619047616,4000.0,52.45473174847494
dolphin,oppo-k3,10.717806511286184,0.047619047619047616,4000.0,59.27275856294716
dolphin,oppo-k3,36.801244758482845,1.0,4000.0,29.39731783688238
dolphin,oppo-k3,54.68642671814494,1.0,4000.0,1.6408908228088726
dolphin,oppo-k3,17.334885136443035,0.045454545454545456,4000.0,48.37127996377446
dolphin,oppo-k3,7.63262131682967,0.0,5052.734375,47.784687211515745
dolphin,oppo-k3,6.4845599366808955,0.0,7050.78125,24.682924937168984
dolphin,oppo-k3,40.6794033402415,1.0,4000.0,23.071848961467815
dolphin,oppo-k3,7.14889107666707,0.0,6179.6875,21.02013774013329
dolphin,oppo-k3,48.89302931450058,1.0,4000.0,10.717528535245487
dolphin,oppo-k3,10.480959691711902,0.1,5044.921875,31.329286546276848
dolphin,oppo-k3,7.278672327095137,0.09090909090909091,7109.375,17.078008159767393
dolphin,oppo-k3,32.97328105747782,0.9,4000.0,32.133993544602376
dolphin,oppo-k3,13.629519195322757,0.1,4000.0,52.40065104892673
dolphin,oppo-k3,16.968614451778862,0.0,4000.0,51.8035815023708
dolphin,oppo-k3,44.35278327759741,0.9375,4000.0,17.658545668052678
dolphin,oppo-k3,6.778450264987484,0.05,4166.015625,46.83585333523416
dolphin,oppo-k3,18.07070864187584,0.25,4000.0,47.4412627441475
dolphin,oppo-k3,6.3589050822258315,0.058823529411764705,6015.625,30.56931478191673
dolphin,oppo-k3,45.70998095772913,1.0,4000.0,20.676373245581033
dolphin,oppo-k3,34.05807625196722,1.0,4000.0,32.56112630730824
dolphin,oppo-k3,9.383895264774154,0.0,6035.15625,24.221688619872197
dolphin,oppo-k3,46.91981880207351,1.0,4000.0,5.852731348114376
dolphin,oppo-k3,10.35798515338584,0.15789473684210525,4082.03125,64.18636736822546
dolphin,oppo-k3,46.13513638752903,1.0,4000.0,17.85520545514119
dolphin,oppo-k3,34.284737682466485,0.9473684210526315,4000.0,32.190465185246616
dolphin,oppo-k3,17.59341666023097,0.1,4000.0,50.9491929842339
dolphin,oppo-k3,36.01755565856724,1.0,4000.0,25.666258575135604
dolphin,oppo-k3,36.06243479317375,1.0,4000.0,28.28152914668903
dolphin,oppo-k3,10.413931670485383,0.04,4283.203125,57.52186207704753
dolphin,oppo-k3,41.208307344190686,1.0,4000.0,16.91268190236935
dolphin,oppo-k3,20.85570937405683,0.15384615384615385,4000.0,49.943770223869265
dolphin,oppo-k3,39.11108972872997,1.0,4000.0,22.541467868872367
dolphin,oppo-k3,5.928451086857578,0.0,5109.375,42.91229538932417
dolphin,oppo-k3,41.812750988558655,1.0,4000.0,20.172965163182578
dolphin,oppo-k3,20.66251300031402,0.3333333333333333,4000.0,47.129960746285406
dolphin,oppo-k3,17.859458343944084,0.25,4000.0,52.61207967068802
dolphin,oppo-k3,9.895844885323584,0.125,4080.078125,60.3365351851047
dolphin,oppo-k3,41.88392401237963,1.0,4000.0,22.45532315423075
dolphin,oppo-k3,33.23923822422252,1.0,4000.0,32.22775081519711
dolphin,oppo-k3,47.082095987923665,1.0,4000.0,7.875330840625301
dolphin,oppo-k3,23.83473486425744,0.08695652173913043,4000.0,44.647004843503346
dolphin,oppo-k3,6.237111339509738,0.08695652173913043,7136.71875,18.867843972026012
dolphin,oppo-k3,19.392618186625057,0.041666666666666664,4000.0,48.473811294928325
dolphin,oppo-k3,19.5171795481765,0.08695652173913043,4000.0,51.56227140751638
dolphin,oppo-k3,8.791968224075646,0.043478260869565216,6015.625,29.292029476593207
dolphin,oppo-k3,34.34666861371774,1.0,4000.0,29.176048175517156
dolphin,oppo-k3,6.919558654677772,0.043478260869565216,4082.03125,60.021342680036184
dolphin,oppo-k3,18.282966907664743,0.13043478260869565,4000.0,50.210078983514144
dolphin,oppo-k3,18.536699960079815,0.1,4000.0,49.64081840117811
dolphin,oppo-k3,8.0399637584688,0.05,6158.203125,25.891084009964768
dolphin,oppo-k3,14.47913537453249,0.07142857142857142,4000.0,51.174798975953436
dolphin,oppo-k3,15.92125736137929,0.0,4000.0,51.21784098562267
dolphin,oppo-k3,10.838845330002059,0.034482758620689655,4101.5625,61.85583428892691
dolphin,oppo-k3,33.00054700453186,0.9310344827586207,4000.0,34.071446167722335
dolphin,oppo-k3,6.011673237153431,0.0,4074.21875,62.01745204347047
dolphin,oppo-k3,46.32251379854628,1.0,4000.0,8.326257629349813
dolphin,oppo-k3,20.25528694085409,0.08695652173913043,4000.0,46.290112452384406
dolphin,oppo-k3,20.670683302637187,0.043478260869565216,4550.78125,45.04464006908502
dolphin,oppo-k3,11.244001176491281,0.0,4353.515625,64.51183923098814
dolphin,oppo-k3,11.299929994550979,0.08333333333333333,6412.109375,18.597544491402836
dolphin,oppo-k3,9.126924675314939,0.15384615384615385,6009.765625,28.55166485332515
dolphin,oppo-k3,60.842531563204325,1.0,4000.0,1.8876374447938205
dolphin,oppo-k3,37.79733372588511,1.0,4000.0,27.3451031196357
dolphin,oppo-k3,8.517768647877034,0.0,6457.03125,20.500441964919425
dolphin,oppo-k3,45.00151754010711,1.0,4000.0,22.24512648312274
dolphin,oppo-k3,7.894966489169775,0.0,4855.46875,37.990083423733054
dolphin,oppo-k3,10.142125536008564,0.06666666666666667,4115.234375,60.43962525348044
dolphin,oppo-k3,9.328016514841963,0.11764705882352941,6156.25,20.507376859751485
dolphin,oppo-k3,52.14906628473909,1.0,4000.0,7.5143617083507666
dolphin,oppo-k3,20.827649431984426,0.14285714285714285,4000.0,50.04209304607966
dolphin,oppo-k3,7.255895981806276,0.0,5158.203125,38.131693423305244
dolphin,oppo-k3,42.13761742361318,1.0,4000.0,22.23345549053407
dolphin,oppo-k3,23.743513977686916,0.1111111111111111,4000.0,48.595021657670536
dolphin,oppo-k3,9.751915581733627,0.07692307692307693,4240.234375,63.40575230025422
dolphin,oppo-k3,40.086292694495576,1.0,4000.0,26.26993067112537
dolphin,oppo-k3,34.91592885835924,0.8888888888888888,4000.0,34.5015888680056
dolphin,oppo-k3,45.71932970201043,0.9285714285714286,4000.0,13.887691876804581
dolphin,oppo-k3,48.203613105686784,1.0,4000.0,14.46854355487529
dolphin,oppo-k3,34.993089338182685,1.0,4000.0,29.430295753553082
dolphin,oppo-k3,11.561830180932034,0.125,4000.0,55.56808391524353
dolphin,oppo-k3,20.697293020006043,0.125,4000.0,47.57584625530929
dolphin,oppo-k3,46.0513558236815,1.0,4000.0,15.699918925785534
dolphin,oppo-k3,39.180392564041,0.9047619047619048,4000.0,17.522799769874563
dolphin,oppo-k3,7.362509156552974,0.0,4207.03125,50.2075454515587
dolphin,oppo-k3,44.76000441249535,1.0,4000.0,22.339809161893506
dolphin,oppo-k3,23.4774485632567,0.2692307692307692,4000.0,44.41127949150159
dolphin,oppo-k3,14.782208387149325,0.08695652173913043,4402.34375,51.83976596539348
dolphin,oppo-k3,37.13591842464959,0.8695652173913043,4000.0,31.630746172356208
dolphin,oppo-k3,5.814430761062681,0.0,4802.734375,33.927263519781526
dolphin,oppo-k3,49.33810001213723,0.9629629629629629,4000.0,7.23785686247015
dolphin,oppo-k3,14.9843481173357,0.11764705882352941,4000.0,49.343282605968675
dolphin,oppo-k3,15.592687687856014,0.06666666666666667,4208.984375,51.244280468340634
dolphin,oppo-k3,42.56788506171251,1.0,4000.0,17.47324199947853
dolphin,oppo-k3,39.11808817404016,0.9655172413793104,4000.0,27.28800086190407
dolphin,oppo-k3,9.85977059977057,0.0,7785.15625,22.71755364651486
dolphin,oppo-k3,10.64878619461986,0.07142857142857142,5890.625,22.767836163181173
dolphin,oppo-k3,10.098343433198991,0.07692307692307693,4375.0,51.842324428292216
dolphin,oppo-k3,6.621287527373582,0.0,5681.640625,24.068793869633268
dolphin,oppo-k3,22.79546611780809,0.17391304347826086,4000.0,43.04687927870167
dolphin,oppo-k3,6.835914314138876,0.043478260869565216,6365.234375,22.852097219999365
dolphin,oppo-k3,38.47301578521166,0.8888888888888888,4000.0,24.61852566343216
dolphin,oppo-k3,13.128122195023124,0.0,5251.953125,16.50774330567697
dolphin,oppo-k3,13.988540060605786,0.041666666666666664,4142.578125,50.83363307226645
dolphin,oppo-k3,43.937117158879275,1.0,4000.0,19.627082663972942
dolphin,oppo-k3,5.210858779748463,0.0625,6332.03125,20.516130427098062
dolphin,oppo-k3,44.2458507015161,1.0,4000.0,20.59639803575294
dolphin,oppo-k3,19.372360413688256,0.25,4000.0,43.83595477495363
dolphin,oppo-k3,9.331675272063976,0.0,4158.203125,60.32821477894701
dolphin,oppo-k3,36.78996366403394,1.0,4000.0,25.273614954249126
dolphin,oppo-k3,56.54768032312603,1.0,4000.0,1.0235719962789938
dolphin,oppo-k3,18.225502035668114,0.13043478260869565,4000.0,48.942045382364014
dolphin,oppo-k3,45.65083414551697,0.5769230769230769,4000.0,14.748242893466543
dolphin,oppo-k3,12.41304901930961,0.15384615384615385,4000.0,59.04487391382399
dolphin,oppo-k3,36.72985575693309,1.0,4000.0,30.105758168870352
dolphin,oppo-k3,9.768444020528747,0.07692307692307693,4000.0,52.20848485848574
dolphin,oppo-k3,8.150709858018189,0.07692307692307693,5175.78125,29.531256667043493
dolphin,oppo-k3,64.41027303217551,1.0,4000.0,-5.8749066665652645
dolphin,oppo-k3,16.501451128923208,0.038461538461538464,4000.0,52.85327032689679
dolphin,oppo-k3,11.414379223240303,0.08333333333333333,4000.0,60.61392557913993
dolphin,oppo-k3,7.1446390526056405,0.038461538461538464,5863.28125,25.617512600162932
dolphin,oppo-k3,48.091802825509404,1.0,4000.0,20.840047297971104
dolphin,oppo-k3,36.38166980705175,0.8461538461538461,4000.0,30.769369623367695
dolphin,oppo-k3,10.651932647239974,0.047619047619047616,4000.0,56.96017451956459
dolphin,oppo-k3,53.50069009528359,1.0,4000.0,5.19961044850569
dolphin,oppo-k3,20.055082212610728,0.13043478260869565,4000.0,49.36956490150553
dolphin,oppo-k3,9.965069413583393,0.09523809523809523,7429.6875,16.461239930587684
dolphin,oppo-k3,7.353626276727141,0.0,5863.28125,29.47949289036029
dolphin,oppo-k3,45.26420706939527,1.0,4000.0,17.49781478262651
dolphin,oppo-k3,11.488721233797847,0.15625,6617.1875,15.867066018344778
dolphin,oppo-k3,44.95853054945739,0.96875,4000.0,16.408977243709874
dolphin,oppo-k3,15.59942273679647,0.12,4000.0,49.55048211531444
dolphin,oppo-k3,7.137320513430723,0.09090909090909091,6158.203125,23.667959023312196
dolphin,oppo-k3,45.18370035912513,1.0,4000.0,19.849552179941316
dolphin,oppo-k3,33.27391535382178,0.7575757575757576,4000.0,29.776366455878552
dolphin,oppo-k3,45.33327825798892,1.0,4000.0,22.348937231884555
dolphin,oppo-k3,10.890060142046394,0.125,4167.96875,64.44503361092272
dolphin,oppo-k3,61.65188516802205,1.0,4000.0,-2.4022612223637143
dolphin,oppo-k3,47.97792123857246,1.0,4000.0,7.749191455529804
dolphin,oppo-k3,20.033502813890877,0.21739130434782608,4000.0,43.57932064057708
dolphin,oppo-k3,7.2656789183982085,0.08695652173913043,6160.15625,23.930478054725597
dolphin,oppo-k3,51.08772877477398,1.0,4000.0,13.82137665970744
dolphin,oppo-k3,47.013711977352386,0.8695652173913043,4000.0,12.206344933823754
dolphin,oppo-k3,6.823672912746247,0.041666666666666664,6457.03125,17.320630573677644
dolphin,oppo-k3,56.009554973108536,1.0,4000.0,0.8639764723104286
dolphin,oppo-k3,8.116027717021481,0.0,5855.46875,35.172731914901945
dolphin,oppo-k3,48.082008557459794,1.0,4000.0,17.06485276823725
dolphin,oppo-k3,46.29437321034624,0.9166666666666666,4000.0,14.475276218347856
dolphin,oppo-k3,19.289045606106626,0.04878048780487805,4000.0,51.116338240071066
dolphin,oppo-k3,33.124327493567044,0.975609756097561,4000.0,28.628017273499644
dolphin,oppo-k3,25.408228036595872,0.14634146341463414,4000.0,45.124392733125525
dolphin,oppo-k3,25.173327748530454,0.16279069767441862,4000.0,46.58473213521644
dolphin,oppo-k3,5.17038960703124,0.0,6259.765625,28.675719632368548
dolphin,oppo-k3,30.839522564652327,0.9024390243902439,4000.0,34.50678574706649
dolphin,oppo-k3,9.799003975469631,0.06060606060606061,4000.0,58.5419281040964
dolphin,oppo-k3,42.26291900794427,1.0,4000.0,21.13572242366482
dolphin,oppo-k3,29.58076750953157,0.15151515151515152,4000.0,43.86715253073379
dolphin,oppo-k3,8.037222678472233,0.06896551724137931,6015.625,28.710902940264326
dolphin,oppo-k3,42.662618637139246,1.0,4000.0,19.1028987522832
dolphin,oppo-k3,32.47029527899825,0.9117647058823529,4000.0,31.97847543784811
dolphin,oppo-k3,5.034435299730276,0.02857142857142857,6808.59375,21.10596656726905
dolphin,oppo-k3,27.399710868711608,0.16216216216216217,4000.0,44.401482178303624
dolphin,oppo-k3,28.552671931042596,0.11428571428571428,4000.0,45.677903782319675
dolphin,oppo-k3,6.370233431382914,0.08108108108108109,6158.203125,30.239910406397335
dolphin,oppo-k3,46.76299066083571,1.0,4000.0,9.47069322850205
dolphin,oppo-k3,17.88047187237794,0.03125,5000.0,27.999541551609394
dolphin,oppo-k3,42.083928848104016,0.96875,4000.0,16.165938334883354
dolphin,oppo-k3,37.15051304969596,0.9393939393939394,4000.0,23.076734113712618
dolphin,oppo-k3,6.053131388318462,0.03125,6181.640625,19.266108753753265
dolphin,oppo-k3,22.801407559319117,0.09375,4000.0,46.225776349446235
dolphin,oppo-k3,41.66829830460276,1.0,4000.0,24.262823876874684
dolphin,oppo-k3,35.733429236750794,0.96875,4000.0,27.669041366098565
dolphin,oppo-k3,15.703240823494866,0.1935483870967742,4000.0,53.082559739480516
dolphin,oppo-k3,35.8219952815741,1.0,4000.0,28.925205666049326
dolphin,oppo-k3,22.222841319485894,0.19444444444444445,4000.0,44.02365604429541
dolphin,oppo-k3,5.222104853084247,0.0,4632.8125,54.48932380134691
dolphin,oppo-k3,36.502264771705185,1.0,4000.0,21.753507126599466
dolphin,oppo-k3,23.1451228141013,0.08333333333333333,4000.0,46.029739034465784
dolphin,oppo-k3,6.525789386549732,0.05555555555555555,4255.859375,68.69075514891118
dolphin,oppo-k3,38.68094864510158,1.0,4000.0,25.172473835304928
dolphin,oppo-k3,30.308372731938505,0.9523809523809523,4000.0,33.10431764186696
dolphin,oppo-k3,47.35924421751132,1.0,4000.0,9.554133344509571
dolphin,oppo-k3,21.299109313971996,0.11764705882352941,4000.0,45.13532273651076
dolphin,oppo-k3,8.523357639757663,0.06060606060606061,4396.484375,60.1464788946966
dolphin,oppo-k3,32.76473772525189,0.9411764705882353,4000.0,30.383986230570926
dolphin,oppo-k3,9.224096470738573,0.16666666666666666,4208.984375,63.77000414392735
dolphin,oppo-k3,41.15967223169327,1.0,4000.0,16.71162867896686
dolphin,oppo-k3,7.042454326583822,0.041666666666666664,6037.109375,30.675537678962378
dolphin,oppo-k3,63.009542897280596,1.0,4000.0,-2.9450918682017564
dolphin,oppo-k3,7.531849640762488,0.0,5568.359375,35.6583605704213
dolphin,oppo-k3,7.384832303883329,0.0,6044.921875,24.435547624080435
dolphin,oppo-k3,41.20205576992045,0.9545454545454546,4000.0,25.635482516637072
dolphin,oppo-k3,29.82281587995901,0.8181818181818182,4000.0,37.43519508656973
dolphin,oppo-k3,33.521808644981974,0.95,4000.0,27.67309933598929
dolphin,oppo-k3,15.52309575888971,0.1,4000.0,54.23814978026292
dolphin,oppo-k3,9.279394482209838,0.0,6015.625,27.930691631953444
dolphin,oppo-k3,8.204600215982367,0.0,5861.328125,36.88611346354563
dolphin,oppo-k3,57.11909079247414,1.0,4000.0,2.631885664930514
dolphin,oppo-k3,11.138946467964445,0.09523809523809523,4503.90625,46.56061961241767
dolphin,oppo-k3,32.376983219479,0.9523809523809523,4000.0,31.01935381527626
dolphin,oppo-k3,7.299970668270248,0.041666666666666664,6015.625,26.528930852646063
dolphin,oppo-k3,6.300647437164244,0.04,7019.53125,26.374939719260993
dolphin,oppo-k3,36.61043077807131,0.9545454545454546,4000.0,25.810904387635397
dolphin,oppo-k3,8.866782605141168,0.12,5136.71875,34.594748151370844
dolphin,oppo-k3,9.732463942906904,0.09090909090909091,4005.859375,60.71576163145312
dolphin,oppo-k3,31.22318120937605,0.8636363636363636,4000.0,35.53216662142751
dolphin,oppo-k3,9.61529752674734,0.0,4509.765625,46.84753899532409
dolphin,oppo-k3,28.462650960093207,0.8571428571428571,4000.0,27.713920573867696
dolphin,oppo-k3,8.438184677056938,0.047619047619047616,4173.828125,57.905601513959596
dolphin,oppo-k3,7.275926330919319,0.047619047619047616,5855.46875,32.92652896041978
dolphin,oppo-k3,52.275022235572486,1.0,4000.0,9.357418151613931
dolphin,oppo-k3,33.99295145577301,0.7619047619047619,4000.0,33.87189855692735
dolphin,oppo-k3,9.626635724305714,0.0,4287.109375,50.163125272449925
dolphin,oppo-k3,37.33444240966111,1.0,4000.0,23.36630721411877
dolphin,oppo-k3,11.050763299321218,0.1,4503.90625,49.13997148757974
dolphin,oppo-k3,11.638387219190406,0.1,4492.1875,55.358016884542494
dolphin,oppo-k3,9.469577485706466,0.0,4285.15625,50.56584124194415
dolphin,oppo-k3,41.22872112928982,1.0,4000.0,26.9697341428779
dolphin,oppo-k3,30.492444584521074,0.9545454545454546,4000.0,36.93088071528244
dolphin,oppo-k3,37.133885608164576,0.9545454545454546,4000.0,22.240845049332943
dolphin,oppo-k3,41.21096132979998,1.0,4000.0,22.780414894512553
dolphin,oppo-k3,30.99627917622354,0.9090909090909091,4000.0,35.39018384156037
dolphin,oppo-k3,14.643822879928578,0.09090909090909091,4000.0,54.59107813911465
dolphin,oppo-k3,39.12878908147452,1.0,4000.0,21.71062740214724
dolphin,oppo-k3,9.032801230447987,0.08333333333333333,4005.859375,54.94252879934016
dolphin,oppo-k3,11.3390173002052,0.13636363636363635,4183.59375,54.72642156076141
dolphin,oppo-k3,10.090351637801035,0.18181818181818182,4183.59375,57.46176154683555
dolphin,oppo-k3,47.90168149602824,1.0,4000.0,18.570942382376792
dolphin,oppo-k3,10.01256208354566,0.2631578947368421,4001.953125,59.22939275554499
dolphin,oppo-k3,37.930178054939546,0.9642857142857143,4000.0,19.86540890931397
dolphin,oppo-k3,16.491693277282096,0.14285714285714285,4000.0,48.80645013486597
dolphin,oppo-k3,55.82230395523676,1.0,4000.0,6.2964676159890365
dolphin,oppo-k3,32.17724377182117,0.75,4000.0,29.20794583412799
dolphin,oppo-k3,11.871564681173226,0.09090909090909091,4224.609375,49.63676468099429
dolphin,oppo-k3,52.93098685771941,1.0,4000.0,6.261763049908252
dolphin,oppo-k3,8.129876407736518,0.043478260869565216,4207.03125,55.907491449495325
dolphin,oppo-k3,36.352307055001134,0.9565217391304348,4000.0,21.791880158999778
dolphin,oppo-k3,11.508291111676229,0.17391304347826086,4000.0,51.44681365512801
dolphin,oppo-k3,51.386528316706375,1.0,4000.0,10.382111347291811
dolphin,oppo-k3,9.93299099352437,0.0,4001.953125,61.56091615446065
dolphin,oppo-k3,12.894155033148564,0.17647058823529413,4005.859375,55.10880691374207
dolphin,oppo-k3,12.123133817927737,0.04,4000.0,57.310193987734536
dolphin,oppo-k3,31.818706885312956,0.96,4000.0,36.70563888596011
dolphin,oppo-k3,38.67888377209759,1.0,4000.0,19.61321047927298
dolphin,oppo-k3,14.505067195750115,0.0,4246.09375,47.4097189192791
dolphin,oppo-k3,7.254319972945439,0.047619047619047616,6363.28125,18.758540500795977
dolphin,oppo-k3,6.708920074198147,0.047619047619047616,5173.828125,38.79814671584761
dolphin,oppo-k3,40.13657390985255,1.0,4000.0,26.802076705145545
dolphin,oppo-k3,31.221370549534583,0.9444444444444444,4000.0,37.45610814632642
dolphin,oppo-k3,39.42320136943975,1.0,4000.0,24.04384957548093
dolphin,oppo-k3,10.041044381847968,0.041666666666666664,4144.53125,64.38182744314535
dolphin,oppo-k3,52.27589888684631,1.0,4000.0,7.958166141268571
dolphin,oppo-k3,31.96450790930959,0.9523809523809523,4000.0,36.98266310188693
dolphin,oppo-k3,37.355245169434475,1.0,4000.0,24.08082763650701
dolphin,oppo-k3,8.808974312536677,0.0,5152.34375,32.160444037159415
dolphin,oppo-k3,6.410918151799251,0.043478260869565216,5160.15625,40.859920608754656
dolphin,oppo-k3,56.15929019644622,1.0,4000.0,4.349812304205705
dolphin,oppo-k3,8.719959075896156,0.043478260869565216,5781.25,38.41646432132899
dolphin,oppo-k3,34.31206456716288,1.0,4000.0,24.6817508263659
dolphin,oppo-k3,40.78606698928105,1.0,4000.0,21.281354431984912
dolphin,oppo-k3,38.17472174052909,1.0,4000.0,23.16933151233373
dolphin,oppo-k3,19.32970430071667,0.11764705882352941,4000.0,47.33795804097679
dolphin,oppo-k3,13.75681539089598,0.045454545454545456,4562.5,39.902928771363946
dolphin,oppo-k3,57.91166379857848,1.0,4000.0,3.8872212134303794
dolphin,oppo-k3,35.18092454618985,0.9411764705882353,4000.0,37.2062867759054
dolphin,oppo-k3,14.625898541946412,0.043478260869565216,4000.0,53.81144966827233
dolphin,oppo-k3,6.853774064984307,0.03571428571428571,5605.46875,34.652861568461
dolphin,oppo-k3,53.53000669944024,1.0,4000.0,7.920186794448432
dolphin,oppo-k3,38.507893588649054,0.7142857142857143,4000.0,19.514308876070476
dolphin,oppo-k3,34.92968385059845,0.9565217391304348,4000.0,26.27819107685049
dolphin,oppo-k3,17.09080606818992,0.08695652173913043,4226.5625,50.717781525992564
dolphin,oppo-k3,17.61110939451993,0.0,4238.28125,49.069856139332124
dolphin,oppo-k3,7.275316685311225,0.08695652173913043,4587.890625,54.070445779471534
dolphin,oppo-k3,28.755084733627697,0.9523809523809523,4000.0,36.28387322628366
dolphin,oppo-k3,36.87161488121875,1.0,4000.0,22.893565272876298
dolphin,oppo-k3,16.241503232785263,0.15151515151515152,4000.0,52.27340147382321
dolphin,oppo-k3,11.503530901981222,0.05263157894736842,4564.453125,51.061752546129085
dolphin,oppo-k3,10.042081974809406,0.09090909090909091,4000.0,59.39927470125524
dolphin,oppo-k3,17.955056074411218,0.1282051282051282,4000.0,54.35427775422084
dolphin,oppo-k3,37.54335802755353,0.9743589743589743,4000.0,21.40252120576244
dolphin,oppo-k3,17.73411957934259,0.125,4000.0,52.10877501656287
dolphin,oppo-k3,8.231218588790327,0.0,5275.390625,30.583864360663952
dolphin,oppo-k3,6.987438836584744,0.0,4187.5,70.06202071464683
dolphin,oppo-k3,31.03499149827617,0.9583333333333334,4000.0,35.51595655967897
dolphin,oppo-k3,11.694261744565324,0.034482758620689655,4628.90625,49.35741378155171
dolphin,oppo-k3,8.80999832052457,0.1724137931034483,4169.921875,56.99865526751762
dolphin,oppo-k3,41.99544956384926,1.0,4000.0,20.65466506162086
dolphin,oppo-k3,33.074689322529736,0.9230769230769231,4000.0,35.773441270928814
dolphin,oppo-k3,13.89373244303421,0.043478260869565216,4263.671875,48.80526614112143
dolphin,oppo-k3,36.01907952762284,1.0,4000.0,22.183988857965105
dolphin,oppo-k3,13.685205321760407,0.041666666666666664,4000.0,55.201566826916604
dolphin,oppo-k3,6.789148008778639,0.0,4162.109375,60.07729902184316
dolphin,oppo-k3,16.94810103138036,0.037037037037037035,4544.921875,38.55871865934088
dolphin,oppo-k3,32.46941911899641,0.9629629629629629,4000.0,28.036472901284093
dolphin,oppo-k3,17.237991274105994,0.15384615384615385,4000.0,47.39745817345376
dolphin,oppo-k3,7.340613334995766,0.0,7636.71875,22.5329725434597
dolphin,oppo-k3,48.23330278774437,1.0,4000.0,16.318004749319787
dolphin,oppo-k3,8.545964657870528,0.07692307692307693,4000.0,63.24803731645038
dolphin,oppo-k3,27.560333607579686,0.9545454545454546,4000.0,28.959394403681863
dolphin,oppo-k3,10.49860804738968,0.038461538461538464,4000.0,53.984874053294604
dolphin,oppo-k3,42.3912775872146,1.0,4000.0,26.07580265693549
dolphin,oppo-k3,32.52519084321804,0.9090909090909091,4000.0,37.49185946242305
dolphin,oppo-k3,14.697308672945141,0.0,4798.828125,35.82788388601006
dolphin,oppo-k3,9.98213197421731,0.03125,4533.203125,45.85581609000356
dolphin,oppo-k3,7.164770649569732,0.0,4316.40625,57.38080426313175
dolphin,oppo-k3,38.68958988281376,1.0,4000.0,24.518766372322585
dolphin,oppo-k3,32.185567076944,0.967741935483871,4000.0,29.3375180054867
dolphin,oppo-k3,9.412585024951,0.08,4640.625,45.91631360124417
dolphin,oppo-k3,8.242185167728536,0.0,4505.859375,50.397009298400505
dolphin,oppo-k3,9.197581357882285,0.08695652173913043,4009.765625,61.60395617122688
dolphin,oppo-k3,43.79990918004418,1.0,4000.0,21.18984028636524
dolphin,oppo-k3,41.775556456637545,0.9583333333333334,4000.0,16.888847028642722
dolphin,oppo-reno,7.92811933938178,0.058823529411764705,5050.78125,28.08844452487206
dolphin,oppo-reno,9.756730505642608,0.058823529411764705,4000.0,44.37195416790692
dolphin,oppo-reno,8.941479842811177,0.10526315789473684,7171.875,14.82008158144364
dolphin,oppo-reno,10.64189798651607,0.05,5466.796875,31.329073781097165
dolphin,oppo-reno,10.25870964307667,0.09090909090909091,7615.234375,16.023621274613294
dolphin,oppo-reno,7.935837938980271,0.05,7318.359375,29.50012850381537
dolphin,oppo-reno,41.023809717354624,0.391304347826087,5583.984375,4.914636309923793
dolphin,oppo-reno,8.278838391816805,0.14814814814814814,4000.0,52.589410774858216
dolphin,oppo-reno,8.39389387765803,0.07692307692307693,4257.8125,56.759146689521884
dolphin,oppo-reno,8.439814165814212,0.047619047619047616,4181.640625,41.845695234353926
dolphin,oppo-reno,8.750505584764142,0.0,5019.53125,34.711970241457706
dolphin,oppo-reno,8.426287545502163,0.04,5730.46875,40.07329334897362
dolphin,oppo-reno,9.713584659530284,0.045454545454545456,7494.140625,16.345825327282643
dolphin,oppo-reno,8.937628008879074,0.0,4027.34375,40.602723560140454
dolphin,oppo-reno,10.533978195066311,0.03571428571428571,4179.6875,37.99339305494062
dolphin,oppo-reno,10.053207435258386,0.07142857142857142,5560.546875,29.95616571324408
dolphin,oppo-reno,9.406271069099432,0.0,6138.671875,26.172037509518937
dolphin,oppo-reno,9.652934461952611,0.0,5533.203125,24.187026164996052
dolphin,oppo-reno,8.235103726713334,0.05263157894736842,4945.3125,40.84095477451338
dolphin,oppo-reno,9.576204591167198,0.0,4246.09375,50.57985865342155
dolphin,oppo-reno,9.801885502973846,0.0,4130.859375,47.24060713777024
dolphin,oppo-reno,9.755420141991877,0.05,7478.515625,19.627129824362456
dolphin,oppo-reno,15.230377683679336,0.05,7476.5625,14.553012231328635
dolphin,oppo-reno,12.085940548099856,0.0,7455.078125,34.160976419943005
dolphin,oppo-reno,10.577182827232676,0.058823529411764705,5439.453125,41.24163101340621
dolphin,oppo-reno,9.58787215168637,0.0,4453.125,42.26331962541374
dolphin,oppo-reno,10.24794140383949,0.11764705882352941,4146.484375,43.37133642115619
dolphin,oppo-reno,7.747820921869348,0.058823529411764705,5376.953125,40.003604234145655
dolphin,oppo-reno,9.532646187598601,0.18181818181818182,4138.671875,41.57319477797135
dolphin,oppo-reno,9.486902066386662,0.1111111111111111,7417.96875,30.51591286735714
dolphin,oppo-reno,15.82708071207999,0.0625,7337.890625,14.38529636983757
dolphin,oppo-reno,7.494333387899246,0.0,7470.703125,25.688776844726572
dolphin,oppo-reno,8.376309847311802,0.09090909090909091,4132.8125,45.102866722300035
dolphin,oppo-reno,8.545059418762278,0.09090909090909091,4181.640625,48.17968431624877
dolphin,oppo-reno,7.717686690684673,0.0,4105.46875,49.48634242627562
dolphin,oppo-reno,8.220410267873604,0.043478260869565216,5001.953125,40.50416315517822
dolphin,oppo-reno,11.325279680417523,0.05263157894736842,4246.09375,48.96419293257171
dolphin,oppo-reno,6.440659911507026,0.043478260869565216,6365.234375,34.166532785297825
dolphin,oppo-reno,11.432012856650175,0.058823529411764705,4132.8125,42.31511196921219
dolphin,oppo-reno,8.850191012944904,0.03571428571428571,6298.828125,34.94150945381135
dolphin,oppo-reno,9.323003768035349,0.047619047619047616,7304.6875,23.302217328397848
dolphin,oppo-reno,8.002340065069916,0.038461538461538464,6125.0,37.087232165470716
dolphin,oppo-reno,7.596914188451819,0.038461538461538464,5875.0,40.090437604469756
dolphin,oppo-reno,7.556261807424832,0.043478260869565216,4296.875,42.690273002163295
dolphin,oppo-reno,10.289160036635195,0.05263157894736842,7085.9375,25.294657163301885
dolphin,oppo-reno,10.88188982899102,0.043478260869565216,4080.078125,36.67123656014283
dolphin,oppo-reno,11.52961275380838,0.0,5273.4375,40.00714898563202
dolphin,oppo-reno,9.11201341367294,0.125,4085.9375,46.0157298463939
dolphin,oppo-reno,9.362056013908173,0.08333333333333333,4271.484375,50.36643625491652
dolphin,oppo-reno,7.2140380928034205,0.0,4574.21875,45.16606459448471
dolphin,oppo-reno,8.463942579011672,0.0,6017.578125,35.17501468130999
dolphin,oppo-reno,9.789322201724275,0.05,6337.890625,29.66344428232159
dolphin,oppo-reno,8.790688929397987,0.047619047619047616,7365.234375,20.9046138546608
dolphin,oppo-reno,11.018665205510388,0.05263157894736842,7083.984375,24.47830848957977
dolphin,oppo-reno,10.73472038405994,0.0,4199.21875,48.18477628616064
dolphin,oppo-reno,13.318615646756427,0.0,7054.6875,20.062801423637843
dolphin,oppo-reno,12.489554387695861,0.0,5960.9375,28.819750051677676
dolphin,oppo-reno,9.805740814072621,0.0625,4666.015625,38.540241226788254
dolphin,oppo-reno,7.833446285408613,0.11764705882352941,4250.0,52.260997402103584
dolphin,oppo-reno,9.489021955147848,0.0625,5585.9375,36.8638388735325
dolphin,oppo-reno,6.909442415369895,0.041666666666666664,4046.875,54.10065611492182
dolphin,oppo-reno,7.561923499791192,0.0,5158.203125,40.26517503331364
dolphin,oppo-reno,9.352578262511472,0.10526315789473684,4382.8125,50.99675947143237
dolphin,oppo-reno,9.782988805685036,0.05555555555555555,5156.25,39.99141756714565
dolphin,oppo-reno,8.09626261005505,0.05555555555555555,4410.15625,51.037535727838126
dolphin,oppo-reno,12.07235704414677,0.1,4009.765625,41.370012867399744
dolphin,oppo-reno,11.953397829621437,0.05,4007.8125,43.329741163362485
dolphin,oppo-reno,9.482629597701745,0.09523809523809523,7228.515625,22.01826041033851
dolphin,oppo-reno,9.62688385418329,0.0,4154.296875,50.40993692473299
dolphin,oppo-reno,10.118131088100668,0.05555555555555555,4095.703125,43.751716859222384
dolphin,oppo-reno,9.357853709544258,0.11764705882352941,5390.625,38.56392866247842
dolphin,oppo-reno,11.779537536500527,0.0,4589.84375,50.00709520670468
dolphin,oppo-reno,8.616674933567154,0.125,5839.84375,35.49744389088302
dolphin,oppo-reno,9.209574667764855,0.05555555555555555,5046.875,36.49796577483458
dolphin,oppo-reno,8.225700896864225,0.0,6529.296875,31.3792793898376
dolphin,oppo-reno,10.540671269678654,0.05263157894736842,4585.9375,51.71954589358271
dolphin,oppo-reno,9.167252445292704,0.05555555555555555,4003.90625,51.11873288000407
dolphin,oppo-reno,8.641764455655874,0.06666666666666667,4908.203125,44.5766075429194
dolphin,oppo-reno,12.469298014114315,0.0,4912.109375,30.547083131889984
dolphin,oppo-reno,10.880221272981458,0.08333333333333333,6359.375,38.58225051738566
dolphin,oppo-reno,10.979521956952496,0.0,5005.859375,39.248276798802095
dolphin,oppo-reno,7.960941947446543,0.0,5843.75,34.414271528241905
dolphin,oppo-reno,7.06723820860816,0.1111111111111111,5156.25,38.51723999829157
dolphin,oppo-reno,9.409719741645716,0.05263157894736842,5529.296875,38.013524717354045
dolphin,oppo-reno,10.368583692649835,0.05,4412.109375,46.9103236549369
dolphin,oppo-reno,9.608123860724191,0.0,4679.6875,36.179173146851184
dolphin,oppo-reno,12.817062134628983,0.09090909090909091,4501.953125,40.79206134712217
dolphin,oppo-reno,11.527494615349639,0.09090909090909091,7431.640625,21.51966458661642
dolphin,oppo-reno,10.7320503293043,0.0,7466.796875,22.85864287552998
dolphin,oppo-reno,8.216927358090373,0.058823529411764705,4453.125,54.514340123909975
dolphin,oppo-reno,9.520135538283313,0.0,7427.734375,19.63074966609685
dolphin,oppo-reno,9.608044281609267,0.06666666666666667,5156.25,34.16389329872273
dolphin,oppo-reno,9.513176177102707,0.0,6517.578125,42.273811912724135
dolphin,oppo-reno,6.325761572664476,0.04,5791.015625,43.588122364766626
dolphin,oppo-reno,6.754739120411088,0.0,5750.0,39.446320430971426
dolphin,oppo-reno,10.674434334828007,0.23809523809523808,4585.9375,51.35694783902132
dolphin,oppo-reno,7.098837627824423,0.0,4126.953125,55.578837921865
dolphin,oppo-reno,8.877512891960919,0.0,6769.53125,28.671673564032215
dolphin,oppo-reno,9.889481045219057,0.05,6000.0,29.79893316739322
dolphin,oppo-reno,8.553679344938686,0.045454545454545456,4570.3125,40.14232114940591
dolphin,oppo-reno,10.30651669637038,0.1,4587.890625,42.20760662209254
dolphin,oppo-reno,7.205170472809996,0.05,7697.265625,21.368503782682566
dolphin,oppo-reno,6.215822231598267,0.0,6310.546875,34.32495506607989
dolphin,oppo-reno,7.148211828656812,0.0,6179.6875,42.984047861775
dolphin,oppo-reno,7.702364459350136,0.04,5166.015625,39.83797873960662
dolphin,oppo-reno,9.430084759942446,0.05,4382.8125,46.938537500777386
dolphin,oppo-reno,13.221016216335443,0.1111111111111111,4048.828125,37.77214346217822
dolphin,oppo-reno,12.247536985056371,0.09090909090909091,6320.3125,24.174271847496787
dolphin,oppo-reno,14.200598575689384,0.0,5158.203125,36.00865313791775
dolphin,oppo-reno,10.337952096411442,0.07142857142857142,4193.359375,38.918621192979394
dolphin,oppo-reno,12.904035977118411,0.21428571428571427,4177.734375,37.01077396100966
dolphin,oppo-reno,10.217433871522331,0.058823529411764705,4269.53125,36.95724205284565
dolphin,oppo-reno,10.006416508704078,0.0,4054.6875,36.959691842041245
dolphin,oppo-reno,10.583306986005411,0.14285714285714285,4269.53125,36.84178733400171
dolphin,oppo-reno,14.53156367184016,0.19047619047619047,4236.328125,33.054798406675296
dolphin,oppo-reno,10.248802017470567,0.0,6947.265625,19.203176425750613
dolphin,oppo-reno,12.600844516869813,0.047619047619047616,7484.375,21.167883196290177
dolphin,oppo-reno,13.383447447644286,0.06666666666666667,5527.34375,28.44673909461948
dolphin,oppo-reno,12.136541285307189,0.0625,4054.6875,37.06858322501594
dolphin,oppo-reno,9.430542637888493,0.0,7771.484375,36.12286755762559
dolphin,oppo-reno,8.400875503414781,0.0,5117.1875,33.657543002293224
dolphin,oppo-reno,10.140707831115009,0.0,4308.59375,42.445447157804416
dolphin,oppo-reno,11.418958987392813,0.05555555555555555,4839.84375,31.1650961547549
dolphin,oppo-reno,9.311434395821124,0.21052631578947367,4035.15625,41.33369187444174
dolphin,oppo-reno,8.445738211166656,0.0,5156.25,37.72366101400373
dolphin,oppo-reno,12.099829547284756,0.0,4251.953125,34.099687910629854
dolphin,oppo-reno,15.040968955932584,0.2222222222222222,4199.21875,38.98091832613414
dolphin,oppo-reno,13.200644087388,0.2222222222222222,4048.828125,39.08863438152315
dolphin,oppo-reno,9.44394872430965,0.13333333333333333,4000.0,45.014787599508864
dolphin,oppo-reno,11.673564660862965,0.21428571428571427,4058.59375,41.35790317607725
dolphin,oppo-reno,13.098808588703932,0.07142857142857142,4275.390625,31.365425603505326
dolphin,oppo-reno,9.300018469903222,0.1,6164.0625,38.239312551603746
dolphin,oppo-reno,11.955697312883856,0.05,4232.421875,29.478792775769858
dolphin,oppo-reno,9.87297386740299,0.0,4972.65625,36.48210082874313
dolphin,oppo-reno,10.46616519559636,0.1,4193.359375,48.595692559224766
dolphin,oppo-reno,9.536991062875089,0.06666666666666667,4007.8125,39.84595936216043
dolphin,oppo-reno,10.068649764510496,0.0,6906.25,25.63279644549601
dolphin,oppo-reno,9.318548074855329,0.045454545454545456,6898.4375,26.770051006110613
dolphin,oppo-reno,10.832350051441836,0.1,4171.875,39.874060452190164
dolphin,oppo-reno,10.229173140935586,0.09523809523809523,4205.078125,42.03366562348737
dolphin,oppo-reno,9.299897187213062,0.1,4320.3125,30.652606987204166
dolphin,oppo-reno,10.848509671068669,0.05,4320.3125,29.766725866818966
dolphin,oppo-reno,9.295391511830573,0.10526315789473684,4171.875,39.26916082656018
dolphin,oppo-reno,12.047709320959186,0.05,5761.71875,31.319287480769397
dolphin,oppo-reno,16.818168402123888,0.3,5386.71875,33.476167469618034
dolphin,oppo-reno,12.48034058860975,0.05,4005.859375,37.114305366376406
dolphin,oppo-reno,8.264851327588488,0.10526315789473684,7189.453125,26.250656157319447
dolphin,oppo-reno,8.35351848701491,0.0,6730.46875,29.335935780009642
dolphin,oppo-reno,7.501644518509465,0.038461538461538464,4029.296875,34.83176590835638
dolphin,oppo-reno,7.6813671230957254,0.05555555555555555,4021.484375,37.474122664742396
dolphin,oppo-reno,10.219793887005878,0.07142857142857142,4148.4375,34.40979323814539
dolphin,oppo-reno,10.52792313564386,0.05,6832.03125,25.45957796539694
dolphin,oppo-reno,12.477919538407079,0.1,5761.71875,30.352495864348658
dolphin,oppo-reno,9.001954501198469,0.0,5164.0625,36.00646746972414
dolphin,oppo-reno,9.25505611058918,0.16666666666666666,5158.203125,43.88348630818171
dolphin,oppo-reno,10.32403093231244,0.1875,4587.890625,46.87449266555169
dolphin,oppo-reno,9.147325915465515,0.0,5212.890625,43.73348092236478
dolphin,oppo-reno,6.990464247227237,0.045454545454545456,5156.25,43.87533397956186
dolphin,oppo-reno,8.1971060838856,0.047619047619047616,5964.84375,33.14736330938252
dolphin,oppo-reno,11.691916913892783,0.19047619047619047,4144.53125,46.67291253778832
dolphin,oppo-reno,6.1790001396102525,0.0,7515.625,25.085961904200822
dolphin,oppo-reno,8.672735897363864,0.09090909090909091,4068.359375,48.81851183788897
dolphin,oppo-reno,6.494600603138167,0.045454545454545456,4654.296875,53.1622608065165
dolphin,oppo-reno,7.5784806324784455,0.0,5841.796875,36.83682732112186
dolphin,oppo-reno,8.137480297841535,0.0,5863.28125,32.31316313403553
dolphin,oppo-reno,7.310700826090354,0.0,7238.28125,21.55313208774838
dolphin,oppo-reno,8.89327258853345,0.08695652173913043,5751.953125,30.925638992320632
dolphin,oppo-reno,9.133363626107197,0.045454545454545456,4072.265625,46.369093671323185
dolphin,oppo-reno,8.966567038476967,0.05,7628.90625,22.216408306010088
dolphin,oppo-reno,7.8681050646710275,0.09523809523809523,7277.34375,20.90257650772058
dolphin,oppo-reno,10.574696731939142,0.047619047619047616,4164.0625,41.21772975642595
dolphin,oppo-reno,14.292443342001377,0.18518518518518517,4166.015625,37.32815705700623
dolphin,oppo-reno,9.861361584460866,0.09523809523809523,4060.546875,43.07239963451481
dolphin,oppo-reno,7.640645648241517,0.0,4007.8125,56.09024408573502
dolphin,oppo-reno,9.357210685642627,0.05,5914.0625,27.905180551102774
dolphin,oppo-reno,9.073957646881027,0.05,4166.015625,52.23147142779149
dolphin,oppo-reno,8.476029487998332,0.13043478260869565,4191.40625,49.13716693865183
dolphin,oppo-reno,11.632460621488462,0.043478260869565216,4152.34375,42.024284105243936
dolphin,oppo-reno,6.809595501339487,0.22727272727272727,4187.5,50.55740880635547
dolphin,oppo-reno,9.788484592357861,0.13636363636363635,4187.5,47.50257361813696
dolphin,oppo-reno,9.340924322743277,0.058823529411764705,4447.265625,46.34968884475381
dolphin,oppo-reno,9.905890656660915,0.0,4589.84375,42.28474313288375
dolphin,oppo-reno,7.882610812844632,0.0,4488.28125,51.217840618042125
dolphin,oppo-reno,9.633873461334815,0.0,4169.921875,50.16429085769371
dolphin,oppo-reno,7.712829838329085,0.0,5156.25,44.86245135795309
dolphin,oppo-reno,8.165815593164695,0.041666666666666664,5044.921875,47.60264295740457
dolphin,oppo-reno,9.640745593095176,0.09523809523809523,5156.25,39.394628900884186
dolphin,oppo-reno,8.412512355018308,0.0,4156.25,52.159821780864476
dolphin,oppo-reno,10.502499552108517,0.13636363636363635,4158.203125,44.27400030665425
dolphin,oppo-reno,13.695809083429054,0.15,4199.21875,43.10549489647244
dolphin,oppo-reno,9.46750601182677,0.047619047619047616,6687.5,18.4676917394157
dolphin,oppo-reno,10.999597645992836,0.13636363636363635,7103.515625,12.448605841642387
dolphin,oppo-reno,8.287622208557053,0.05,6328.125,29.56720713872974
dolphin,oppo-reno,10.028106932692083,0.15,6521.484375,24.89144564199508
dolphin,oppo-reno,9.805255760631184,0.1,4591.796875,50.03556897288885
dolphin,oppo-reno,6.855430617466993,0.05,4171.875,50.509604482418304
dolphin,oppo-reno,7.61306959798128,0.05263157894736842,4080.078125,45.490954002389465
dolphin,oppo-reno,10.359242614541031,0.10526315789473684,4093.75,50.154909814840465
dolphin,oppo-reno,8.39514913634116,0.0,4185.546875,49.51590293309775
dolphin,oppo-reno,11.981227797143632,0.1111111111111111,4080.078125,41.23008575786487
dolphin,oppo-reno,9.60174337280452,0.0,6226.5625,25.46774807830778
dolphin,oppo-reno,11.241916637006199,0.28,4083.984375,47.86723567807825
dolphin,oppo-reno,12.849825517039434,0.28,4093.75,41.38472224595138
dolphin,oppo-reno,10.644442134263102,0.125,7390.625,17.015751499510664
dolphin,oppo-reno,9.303372797613761,0.14285714285714285,4082.03125,48.385274570864276
dolphin,oppo-reno,9.940402382364269,0.125,4085.9375,44.41524027454445
dolphin,oppo-reno,9.35149889999822,0.043478260869565216,4132.8125,47.55888417002105
dolphin,oppo-reno,13.093205554478743,0.17391304347826086,4132.8125,45.5699330080245
dolphin,oppo-reno,9.247427985878943,0.0,7257.8125,21.8089810605302
dolphin,oppo-reno,11.344059397855773,0.25,4105.46875,42.64813731168337
dolphin,oppo-reno,9.311931777685487,0.08695652173913043,4058.59375,51.17296758583584
dolphin,oppo-reno,8.363126673577312,0.08695652173913043,4078.125,47.26745985248974
dolphin,oppo-reno,9.256396764346107,0.24,4074.21875,46.337621221413244
dolphin,oppo-reno,10.582150000178899,0.08695652173913043,4082.03125,47.59527182354225
dolphin,oppo-reno,8.98281028556083,0.12,4080.078125,50.369970334103556
dolphin,oppo-reno,11.891746482973872,0.10714285714285714,4078.125,39.83734714895399
dolphin,oppo-reno,10.145305331959975,0.17391304347826086,4589.84375,41.10513557588071
dolphin,oppo-reno,7.576934024782119,0.0,7177.734375,22.775181733355318
dolphin,oppo-reno,11.098694979908231,0.0,4388.671875,42.880727943289045
dolphin,oppo-reno,9.68019037653525,0.13333333333333333,5171.875,29.23709909861888
dolphin,oppo-reno,11.599296352808139,0.17391304347826086,4589.84375,41.725448978695795
dolphin,oppo-reno,10.30362780138249,0.07692307692307693,4179.6875,49.83777953864126
dolphin,oppo-reno,10.030228165349484,0.07692307692307693,4236.328125,47.24257731385854
dolphin,oppo-reno,9.873521693930158,0.07142857142857142,4138.671875,41.32658722557744
dolphin,oppo-reno,7.740706842865478,0.08333333333333333,4205.078125,50.352339207802295
dolphin,oppo-reno,7.993589161660992,0.047619047619047616,4414.0625,51.544628115515266
dolphin,oppo-reno,10.5761487809919,0.0,7007.8125,12.977076126427082
dolphin,oppo-reno,11.11049685958956,0.037037037037037035,4363.28125,46.05961817434111
dolphin,oppo-reno,9.847743695258671,0.07407407407407407,4363.28125,43.86913401056775
dolphin,oppo-reno,12.977689288230138,0.03333333333333333,4259.765625,36.745454633748565
dolphin,oppo-reno,15.893425898174698,0.0,4208.984375,31.102754635410136
dolphin,oppo-reno,11.478969260770583,0.07407407407407407,5970.703125,30.586857293839998
dolphin,oppo-reno,12.266260834086367,0.034482758620689655,4171.875,34.98997287056844
dolphin,oppo-reno,8.38116638179784,0.043478260869565216,5837.890625,32.31542615992851
dolphin,oppo-reno,17.805278244523365,0.14814814814814814,4214.84375,30.10905239006354
dolphin,oppo-reno,14.168547665005747,0.0,4265.625,33.911069266171566
dolphin,oppo-reno,11.860671842569445,0.06666666666666667,5648.4375,24.348282236852313
dolphin,oppo-reno,13.1646126868104,0.06666666666666667,5648.4375,23.88016324875786
dolphin,oppo-reno,8.661257676074342,0.043478260869565216,6183.59375,39.876026598521065
dolphin,oppo-reno,7.879806244309435,0.07692307692307693,6283.203125,19.58988849000041
dolphin,oppo-reno,7.992121438635181,0.08695652173913043,5859.375,37.82795644044687
dolphin,oppo-reno,11.671126786279018,0.07692307692307693,5791.015625,28.322341581481695
dolphin,oppo-reno,10.911701055675664,0.0,7201.171875,16.892597957785217
dolphin,oppo-reno,11.494730250852243,0.15384615384615385,4005.859375,38.66432923699237
dolphin,oppo-reno,7.707211810017455,0.038461538461538464,4650.390625,50.406633133914276
dolphin,oppo-reno,7.522157225376944,0.041666666666666664,4410.15625,52.36997080290734
dolphin,oppo-reno,8.111456913868295,0.0,5640.625,38.91389695259555
dolphin,oppo-reno,8.756021971978129,0.047619047619047616,4244.140625,46.22399163687474
dolphin,oppo-reno,7.711725122322278,0.0,5761.71875,40.94023490905505
dolphin,oppo-reno,10.511067772836682,0.09090909090909091,7162.109375,12.671062976182178
dolphin,oppo-reno,12.43431706815555,0.058823529411764705,4177.734375,33.35251975782868
dolphin,oppo-reno,7.305691344092111,0.0,5244.140625,40.74160056779868
dolphin,oppo-reno,7.330248820140156,0.037037037037037035,4410.15625,54.883070715588396
dolphin,oppo-reno,10.049586065521325,0.043478260869565216,5158.203125,38.365008073750644
dolphin,oppo-reno,7.769223366518503,0.08333333333333333,4550.78125,44.73950030563859
dolphin,oppo-reno,6.404877202276268,0.0,7154.296875,21.441541865501037
dolphin,oppo-reno,8.374654291734956,0.04878048780487805,6794.921875,25.981432520804987
dolphin,oppo-reno,7.633812156532628,0.024390243902439025,7208.984375,16.034551442162332
dolphin,oppo-reno,7.281974301598424,0.029411764705882353,4597.65625,51.19058209921288
dolphin,oppo-reno,8.909808614073938,0.15151515151515152,4412.109375,53.40737513125242
dolphin,oppo-reno,6.450422592000038,0.0,6476.5625,31.473487557932714
dolphin,oppo-reno,15.373866357068735,0.09375,4142.578125,33.28113634123039
dolphin,oppo-reno,15.959495877356417,0.0625,4144.53125,33.170163397432034
dolphin,oppo-reno,7.534168948179314,0.0625,4248.046875,50.379747188793914
dolphin,oppo-reno,7.240748836764169,0.03125,4230.46875,53.384379376301425
dolphin,oppo-reno,8.431867123611454,0.0625,5158.203125,36.600143841828896
dolphin,oppo-reno,10.631820984518754,0.08333333333333333,4191.40625,43.67465355527601
dolphin,oppo-reno,13.666402503609987,0.16129032258064516,4257.8125,41.28782436040552
dolphin,oppo-reno,8.404429437900276,0.05555555555555555,4144.53125,44.43356296181837
dolphin,oppo-reno,5.481359548603621,0.07142857142857142,4189.453125,49.82930847885107
dolphin,oppo-reno,5.300973573386756,0.047619047619047616,7281.25,23.205222667864295
dolphin,oppo-reno,6.353948107789066,0.0,4619.140625,44.81036279156576
dolphin,oppo-reno,15.853548118153697,0.0625,4144.53125,33.21719688242265
dolphin,oppo-reno,7.864757312432488,0.0,5841.796875,30.568772213850124
dolphin,oppo-reno,8.406185716960877,0.14285714285714285,4593.75,29.605730549108642
dolphin,oppo-reno,6.710995189882425,0.0,5761.71875,38.743733221687656
dolphin,oppo-reno,11.055938331612424,0.045454545454545456,7404.296875,17.582371994421916
dolphin,oppo-reno,7.947406491269049,0.058823529411764705,5857.421875,33.2957083717895
dolphin,oppo-reno,11.416264845322758,0.1,6183.59375,36.07851214954522
dolphin,oppo-reno,8.971439461509334,0.05,4007.8125,47.011491976281185
dolphin,oppo-reno,8.131644663449947,0.05,6558.59375,29.386699928867962
dolphin,oppo-reno,8.38401948886225,0.0,5943.359375,32.07550350417933
dolphin,oppo-reno,10.797765396852313,0.0,5158.203125,30.894676616468747
dolphin,oppo-reno,6.732560640963115,0.047619047619047616,7621.09375,26.116563422595874
dolphin,oppo-reno,12.797605692832818,0.09090909090909091,4003.90625,38.09389945135514
dolphin,oppo-reno,8.545461373871333,0.047619047619047616,4591.796875,32.78494178962429
dolphin,oppo-reno,8.78594832695022,0.08,4501.953125,38.656950471675046
dolphin,oppo-reno,11.89090161400459,0.043478260869565216,4498.046875,35.330435863936486
dolphin,oppo-reno,11.090863101543206,0.047619047619047616,4173.828125,35.78276366882402
dolphin,oppo-reno,10.423193734445448,0.045454545454545456,5625.0,32.955904573419886
dolphin,oppo-reno,7.3314882097420195,0.13636363636363635,4646.484375,38.03017154744784
dolphin,oppo-reno,10.944145058026095,0.045454545454545456,7417.96875,27.05229650526519
dolphin,oppo-reno,11.546830838079671,0.0,4164.0625,33.114529783538565
dolphin,oppo-reno,14.965928037855733,0.045454545454545456,4007.8125,31.020392698493747
dolphin,oppo-reno,10.23827571375098,0.1111111111111111,7498.046875,30.084424291097957
dolphin,oppo-reno,10.254044669667408,0.08333333333333333,4005.859375,34.14780778661072
dolphin,oppo-reno,12.338801294174843,0.08333333333333333,4005.859375,33.981858050217575
dolphin,oppo-reno,9.390868003162112,0.09090909090909091,4183.59375,40.02451441123778
dolphin,oppo-reno,10.54399652591286,0.05263157894736842,4503.90625,42.622894880036135
dolphin,oppo-reno,11.544883433238539,0.045454545454545456,5611.328125,24.488414158275464
dolphin,oppo-reno,12.375740746194793,0.0,4224.609375,28.230589847618475
dolphin,oppo-reno,10.9543342895102,0.0,4222.65625,34.1913656175648
dolphin,oppo-reno,9.735457351359983,0.09090909090909091,4177.734375,41.32860870436777
dolphin,oppo-reno,9.24484236795817,0.10526315789473684,6546.875,32.340158861625994
dolphin,oppo-reno,11.00889077570747,0.10526315789473684,4009.765625,37.28503320926661
dolphin,oppo-reno,9.479113222385195,0.05263157894736842,4009.765625,43.788638932257626
dolphin,oppo-reno,11.663222164809454,0.14285714285714285,4173.828125,35.66377934218394
dolphin,oppo-reno,9.228933085060504,0.047619047619047616,4173.828125,43.06949250657118
dolphin,oppo-reno,12.620872681692191,0.1,4027.34375,34.03093475447414
dolphin,oppo-reno,12.928401493790645,0.047619047619047616,5425.78125,21.368792487601944
dolphin,oppo-reno,9.992951198519137,0.043478260869565216,6544.921875,26.275553458521003
dolphin,oppo-reno,11.8268826725687,0.045454545454545456,7408.203125,17.51009649870428
dolphin,oppo-reno,7.623100096087313,0.14285714285714285,4591.796875,40.26262829674256
dolphin,oppo-reno,8.298708929748102,0.045454545454545456,5841.796875,45.15336094711876
dolphin,oppo-reno,10.023338069792032,0.043478260869565216,4566.40625,41.63071275500096
dolphin,oppo-reno,11.003105048927281,0.12121212121212122,4000.0,39.0197240930309
dolphin,oppo-reno,8.382376512822802,0.030303030303030304,4630.859375,41.07956288446975
dolphin,oppo-reno,7.364255316756356,0.0,4941.40625,44.423040753373655
dolphin,oppo-reno,7.73747927586966,0.02564102564102564,4238.28125,37.807272446710314
dolphin,oppo-reno,12.65947363027523,0.12,4003.90625,38.855179835531345
dolphin,oppo-reno,12.976359870501852,0.041666666666666664,6560.546875,22.43269374631759
dolphin,oppo-reno,11.951604745871961,0.04,6576.171875,25.11420312172656
dolphin,oppo-reno,7.887529754430815,0.041666666666666664,6617.1875,29.48204088443974
dolphin,oppo-reno,10.322218392843553,0.11538461538461539,4244.140625,36.54572447435991
dolphin,oppo-reno,8.693829215880598,0.07692307692307693,7203.125,25.103342763225204
dolphin,oppo-reno,9.262834326215128,0.07142857142857142,4261.71875,42.916818678767974
dolphin,oppo-reno,7.3623327958330265,0.0,4476.5625,44.28276249992622
dolphin,oppo-reno,10.392333218428064,0.21875,4001.953125,36.658162360976945
dolphin,oppo-reno,9.70214045813512,0.0,5632.8125,34.355985096308736
dolphin,oppo-reno,8.174078901909539,0.125,4001.953125,39.14504871007723
dolphin,oppo-reno,14.064236765215341,0.041666666666666664,6562.5,21.318129290819968
dolphin,oppo-reno,10.044686062122807,0.0,6576.171875,25.711829604148452
