file,category,source,license,sample_rate,duration_s,kind,start_s,seg_dur,verdict,overall,risk_oob,risk_carrier,risk_spectral,r_oob,p_db,thr_db,excess_db,peak_hz,hb_frac,rolloff_hz,rms_dbfs
speech_noisy/fsd216009.wav,speech_noisy,FSD50K (Freesound) via HF Fhrozen/FSD50k,CC0-1.0,44100,8.665,full,0.0,8.665,CLEAR,0.0,0.0,0.0,0.0,1.4580443994662625e-06,,,,,6.069195083835308e-06,1528.857421875,-25.3
speech_noisy/fsd216009.wav,speech_noisy,FSD50K (Freesound) via HF Fhrozen/FSD50k,CC0-1.0,44100,8.665,win0.5,0.0,0.5,CLEAR,0.0,0.0,0.0,0.0,3.2273951357928784e-06,,,,,2.250762660510772e-05,2153.3203125,-31.7
speech_noisy/fsd216009.wav,speech_noisy,FSD50K (Freesound) via HF Fhrozen/FSD50k,CC0-1.0,44100,8.665,win0.5,2.041,0.5,CLEAR,0.0,0.0,0.0,0.0,5.105926125500858e-06,,,,,3.463792764622402e-05,5361.767578125,-32.9
speech_noisy/fsd216009.wav,speech_noisy,FSD50K (Freesound) via HF Fhrozen/FSD50k,CC0-1.0,44100,8.665,win0.5,4.083,0.5,CLEAR,0.0,0.0,0.0,0.0,1.356881645631638e-05,,,,,4.3866876529647384e-05,2627.05078125,-29.8
speech_noisy/fsd216009.wav,speech_noisy,FSD50K (Freesound) via HF Fhrozen/FSD50k,CC0-1.0,44100,8.665,win0.5,6.124,0.5,CLEAR,0.0,0.0,0.0,0.0,1.177119666449438e-05,,,,,5.1564609060339146e-05,6330.76171875,-37.6
speech_noisy/fsd216009.wav,speech_noisy,FSD50K (Freesound) via HF Fhrozen/FSD50k,CC0-1.0,44100,8.665,win0.5,8.165,0.5,CLEAR,0.0,0.0,0.0,0.0,0.00011065746429285486,,,,,0.00042208161188407616,7364.35546875,-46.7
speech_noisy/fsd216009.wav,speech_noisy,FSD50K (Freesound) via HF Fhrozen/FSD50k,CC0-1.0,44100,8.665,win0.2,0.0,0.2,CLEAR,0.0,0.0,0.0,0.0,6.828177471160301e-06,,,,,5.21184553446934e-05,2605.517578125,-31.3
speech_noisy/fsd216009.wav,speech_noisy,FSD50K (Freesound) via HF Fhrozen/FSD50k,CC0-1.0,44100,8.665,win0.2,2.116,0.2,CLEAR,0.0,0.0,0.0,0.0,2.675632028573752e-06,,,,,1.6620506741688504e-05,3983.642578125,-32.3
speech_noisy/fsd216009.wav,speech_noisy,FSD50K (Freesound) via HF Fhrozen/FSD50k,CC0-1.0,44100,8.665,win0.2,4.233,0.2,CLEAR,0.0,0.0,0.0,0.0,2.3154283392771203e-05,,,,,6.906437433636662e-05,4543.505859375,-29.2
speech_noisy/fsd216009.wav,speech_noisy,FSD50K (Freesound) via HF Fhrozen/FSD50k,CC0-1.0,44100,8.665,win0.2,6.349,0.2,CLEAR,0.0,0.0,0.0,0.0,3.878920577164826e-05,,,,,0.0001913357642531589,6223.095703125,-40.3
speech_noisy/fsd216009.wav,speech_noisy,FSD50K (Freesound) via HF Fhrozen/FSD50k,CC0-1.0,44100,8.665,win0.2,8.465,0.2,CLEAR,0.0,0.0,0.0,0.0,5.537226643697819e-05,,,,,0.00016195999422085076,5232.568359375,-45.8
speech_noisy/fsd398341.wav,speech_noisy,FSD50K (Freesound) via HF Fhrozen/FSD50k,CC-BY-3.0,44100,6.912,full,0.0,6.912,CLEAR,0.0,0.0,0.0,0.4427,0.00016015338710603384,12.207477829590923,1.1229243106536533,11.08455351893727,15073.2421875,0.0016632280832132064,11541.796875,-44.1
speech_noisy/fsd398341.wav,speech_noisy,FSD50K (Freesound) via HF Fhrozen/FSD50k,CC-BY-3.0,44100,6.912,win0.5,0.0,0.5,CLEAR,0.0,0.0,0.0,0.0,1.1631307860386893e-05,,,,,0.00012666735018728722,6201.5625,-46.7
speech_noisy/fsd398341.wav,speech_noisy,FSD50K (Freesound) via HF Fhrozen/FSD50k,CC-BY-3.0,44100,6.912,win0.5,1.603,0.5,CLEAR,0.0,0.0,0.0,0.1547,7.1265245089642e-05,,,,,0.0007645617373977221,9237.744140625,-51.0
speech_noisy/fsd398341.wav,speech_noisy,FSD50K (Freesound) via HF Fhrozen/FSD50k,CC-BY-3.0,44100,6.912,win0.5,3.206,0.5,CLEAR,0.0,0.0,0.0,0.2732,0.00021966509659834027,,,,,0.0009998901283236692,10185.205078125,-46.5
speech_noisy/fsd398341.wav,speech_noisy,FSD50K (Freesound) via HF Fhrozen/FSD50k,CC-BY-3.0,44100,6.912,win0.5,4.809,0.5,CLEAR,0.0,0.0,0.0,0.7173,0.0002250328175711438,14.05761980452006,3.8703545627746405,10.18726524174542,15353.173828125,0.0020794268579132744,13738.18359375,-47.8
speech_noisy/fsd398341.wav,speech_noisy,FSD50K (Freesound) via HF Fhrozen/FSD50k,CC-BY-3.0,44100,6.912,win0.5,6.412,0.5,CLEAR,0.0,0.0,0.0,0.0,2.54622915984719e-06,,,,,2.5591869590041748e-05,2433.251953125,-41.8
speech_noisy/fsd398341.wav,speech_noisy,FSD50K (Freesound) via HF Fhrozen/FSD50k,CC-BY-3.0,44100,6.912,win0.2,0.0,0.2,CLEAR,0.0,0.0,0.0,0.0,7.329646368786267e-06,,,,,9.001189987790768e-05,5340.234375,-44.7
speech_noisy/fsd398341.wav,speech_noisy,FSD50K (Freesound) via HF Fhrozen/FSD50k,CC-BY-3.0,44100,6.912,win0.2,1.678,0.2,CLEAR,0.0,0.0,0.0,0.1897,7.857958255745687e-05,,,,,0.0008868114355288408,9517.67578125,-50.7
speech_noisy/fsd398341.wav,speech_noisy,FSD50K (Freesound) via HF Fhrozen/FSD50k,CC-BY-3.0,44100,6.912,win0.2,3.356,0.2,CLEAR,0.0,0.0,0.0,0.0094,4.871551631617019e-05,,,,,0.00038291893707076115,8074.951171875,-46.3
speech_noisy/fsd398341.wav,speech_noisy,FSD50K (Freesound) via HF Fhrozen/FSD50k,CC-BY-3.0,44100,6.912,win0.2,5.034,0.2,CLEAR,0.0,0.0,0.0,0.2005,0.00017172650012884155,9.808836833873345,6.003926243331833,3.804910590541512,15654.638671875,0.0012270125318077554,9603.80859375,-52.9
speech_noisy/fsd398341.wav,speech_noisy,FSD50K (Freesound) via HF Fhrozen/FSD50k,CC-BY-3.0,44100,6.912,win0.2,6.712,0.2,CLEAR,0.0,0.0,0.0,0.0,4.832184285546353e-06,,,,,4.813025160131508e-05,3337.646484375,-43.6
speech_noisy/fsd267250.wav,speech_noisy,FSD50K (Freesound) via HF Fhrozen/FSD50k,CC0-1.0,44100,6.289,full,0.0,6.289,CLEAR,0.0,0.0,0.0,0.0,7.51687609090579e-07,,,,,3.906930183005291e-06,2088.720703125,-17.8
speech_noisy/fsd267250.wav,speech_noisy,FSD50K (Freesound) via HF Fhrozen/FSD50k,CC0-1.0,44100,6.289,win0.5,0.0,0.5,CLEAR,0.0,0.0,0.0,0.0,3.654018098786786e-06,,,,,1.0655055863625563e-05,1227.392578125,-27.7
speech_noisy/fsd267250.wav,speech_noisy,FSD50K (Freesound) via HF Fhrozen/FSD50k,CC0-1.0,44100,6.289,win0.5,1.447,0.5,CLEAR,0.0,0.0,0.0,0.0,6.639496553991176e-07,,,,,3.872331289467764e-06,2153.3203125,-15.9
speech_noisy/fsd267250.wav,speech_noisy,FSD50K (Freesound) via HF Fhrozen/FSD50k,CC0-1.0,44100,6.289,win0.5,2.895,0.5,CLEAR,0.0,0.0,0.0,0.0,9.036775427337415e-07,,,,,4.566732096968773e-06,2304.052734375,-16.4
speech_noisy/fsd267250.wav,speech_noisy,FSD50K (Freesound) via HF Fhrozen/FSD50k,CC0-1.0,44100,6.289,win0.5,4.342,0.5,CLEAR,0.0,0.0,0.0,0.0,1.902314251309798e-06,,,,,6.697979673086794e-06,1658.056640625,-20.9
speech_noisy/fsd267250.wav,speech_noisy,FSD50K (Freesound) via HF Fhrozen/FSD50k,CC0-1.0,44100,6.289,win0.5,5.789,0.5,CLEAR,0.0,0.0,0.0,0.0,3.4963642346024765e-06,,,,,1.32478984598939e-05,667.529296875,-52.0
speech_noisy/fsd267250.wav,speech_noisy,FSD50K (Freesound) via HF Fhrozen/FSD50k,CC0-1.0,44100,6.289,win0.2,0.0,0.2,CLEAR,0.0,0.0,0.0,0.0,0.00013217548417148272,,,,,0.0003777655947901488,3509.912109375,-50.0
speech_noisy/fsd267250.wav,speech_noisy,FSD50K (Freesound) via HF Fhrozen/FSD50k,CC0-1.0,44100,6.289,win0.2,1.522,0.2,CLEAR,0.0,0.0,0.0,0.0,6.070945634004655e-07,,,,,3.3646895160024194e-06,2153.3203125,-15.9
speech_noisy/fsd267250.wav,speech_noisy,FSD50K (Freesound) via HF Fhrozen/FSD50k,CC0-1.0,44100,6.289,win0.2,3.045,0.2,CLEAR,0.0,0.0,0.0,0.0,6.818023262239538e-07,,,,,4.200569670031193e-06,2347.119140625,-17.0
speech_noisy/fsd267250.wav,speech_noisy,FSD50K (Freesound) via HF Fhrozen/FSD50k,CC0-1.0,44100,6.289,win0.2,4.567,0.2,CLEAR,0.0,0.0,0.0,0.0,2.3595779179221157e-06,,,,,8.598888708121792e-06,1636.5234375,-22.6
speech_noisy/fsd267250.wav,speech_noisy,FSD50K (Freesound) via HF Fhrozen/FSD50k,CC0-1.0,44100,6.289,win0.2,6.089,0.2,CLEAR,0.0,0.0,0.0,0.0,0.00013924300178334403,,,,,0.000247717114178202,645.99609375,-72.0
speech_noisy/fsd411542.wav,speech_noisy,FSD50K (Freesound) via HF Fhrozen/FSD50k,CC0-1.0,44100,7.651,full,0.0,7.651,CLEAR,0.0,0.0217,0.0,0.7738,0.002172323466864188,8.188425469446823,1.0690026242812358,7.119422845165587,16106.8359375,0.008977921154252432,14190.380859375,-21.0
speech_noisy/fsd411542.wav,speech_noisy,FSD50K (Freesound) via HF Fhrozen/FSD50k,CC0-1.0,44100,7.651,win0.5,0.0,0.5,CLEAR,0.0,0.0,0.0,0.0,0.0013335236202340135,4.729594988544076,3.8703545627746405,0.859240425769435,22006.93359375,0.003028636293472683,5813.96484375,-32.2
speech_noisy/fsd411542.wav,speech_noisy,FSD50K (Freesound) via HF Fhrozen/FSD50k,CC0-1.0,44100,7.651,win0.5,1.788,0.5,CLEAR,0.0,0.0188,0.0,1.0,0.0018830489006869291,15.542641458596822,3.8703545627746405,11.672286895822182,16903.564453125,0.014929144614643088,16386.767578125,-30.8
speech_noisy/fsd411542.wav,speech_noisy,FSD50K (Freesound) via HF Fhrozen/FSD50k,CC0-1.0,44100,7.651,win0.5,3.575,0.5,CLEAR,0.0,0.0,0.0,0.0,5.968997676751199e-05,,,,,0.0001453766960480839,2756.25,-20.3
speech_noisy/fsd411542.wav,speech_noisy,FSD50K (Freesound) via HF Fhrozen/FSD50k,CC0-1.0,44100,7.651,win0.5,5.363,0.5,CLEAR,0.0,0.0,0.0,0.0,0.000111346472842023,,,,,0.0003858112407542228,6072.36328125,-22.0
speech_noisy/fsd411542.wav,speech_noisy,FSD50K (Freesound) via HF Fhrozen/FSD50k,CC0-1.0,44100,7.651,win0.5,7.151,0.5,CLEAR,0.0,0.0,0.0,0.0,0.00010739099324188093,,,,,0.00020249914758840566,4801.904296875,-21.3
speech_noisy/fsd411542.wav,speech_noisy,FSD50K (Freesound) via HF Fhrozen/FSD50k,CC0-1.0,44100,7.651,win0.2,0.0,0.2,CLEAR,0.0,0.0,0.0,0.0,0.0006994331959936499,7.205912595812112,6.003926243331833,1.2019863524802794,22006.93359375,0.001583313734049194,5297.16796875,-32.2
speech_noisy/fsd411542.wav,speech_noisy,FSD50K (Freesound) via HF Fhrozen/FSD50k,CC0-1.0,44100,7.651,win0.2,1.863,0.2,CLEAR,0.0,0.0,0.0,0.4939,0.002925491304638246,7.173903471995644,6.003926243331833,1.1699772286638108,16537.5,0.008385426927665415,11950.927734375,-35.7
speech_noisy/fsd411542.wav,speech_noisy,FSD50K (Freesound) via HF Fhrozen/FSD50k,CC0-1.0,44100,7.651,win0.2,3.725,0.2,CLEAR,0.0,0.0,0.0,0.0,0.0003670244083926389,,,,,0.0006979922807430719,4500.439453125,-20.6
speech_noisy/fsd411542.wav,speech_noisy,FSD50K (Freesound) via HF Fhrozen/FSD50k,CC0-1.0,44100,7.651,win0.2,5.588,0.2,CLEAR,0.0,0.0,0.0,0.0,0.0001032653804116881,,,,,0.0004509492321825716,7838.0859375,-20.6
speech_noisy/fsd411542.wav,speech_noisy,FSD50K (Freesound) via HF Fhrozen/FSD50k,CC0-1.0,44100,7.651,win0.2,7.451,0.2,CLEAR,0.0,0.0018,0.0,0.0,0.00017882818638468163,,,,,0.00031971316859033706,4780.37109375,-22.5
speech_noisy/fsd369247.wav,speech_noisy,FSD50K (Freesound) via HF Fhrozen/FSD50k,CC-BY-3.0,44100,11.228,full,0.0,11.228,CLEAR,0.0,0.0128,0.0,0.6177,0.0012833130646386487,12.544184418025052,0.8881156325867644,11.656068785438288,17592.626953125,0.004853473574105684,12941.455078125,-28.8
speech_noisy/fsd369247.wav,speech_noisy,FSD50K (Freesound) via HF Fhrozen/FSD50k,CC-BY-3.0,44100,11.228,win0.5,0.0,0.5,CLEAR,0.0,0.0,0.0,0.0,9.373042078421609e-05,,,,,0.0004055298573376625,4758.837890625,-45.3
speech_noisy/fsd369247.wav,speech_noisy,FSD50K (Freesound) via HF Fhrozen/FSD50k,CC-BY-3.0,44100,11.228,win0.5,2.682,0.5,CLEAR,0.0,0.0,0.0,0.0,4.5971879796245626e-05,,,,,0.00020638154032130376,1571.923828125,-44.9
speech_noisy/fsd369247.wav,speech_noisy,FSD50K (Freesound) via HF Fhrozen/FSD50k,CC-BY-3.0,44100,11.228,win0.5,5.364,0.5,CLEAR,0.0,0.0494,0.0,1.0,0.004940462100221795,13.579385642183091,3.8703545627746405,9.709031079408451,17592.626953125,0.017577024193325037,17269.62890625,-21.3
speech_noisy/fsd369247.wav,speech_noisy,FSD50K (Freesound) via HF Fhrozen/FSD50k,CC-BY-3.0,44100,11.228,win0.5,8.046,0.5,CLEAR,0.0,0.0,0.0,0.432,0.00028326267491436235,9.511376803688563,3.8703545627746405,5.641022240913923,15008.642578125,0.0014088378672231557,11455.6640625,-29.8
speech_noisy/fsd369247.wav,speech_noisy,FSD50K (Freesound) via HF Fhrozen/FSD50k,CC-BY-3.0,44100,11.228,win0.5,10.728,0.5,CLEAR,0.0,0.0,0.0,0.0,7.425899255005505e-05,,,,,0.000308687738583926,6826.025390625,-33.2
speech_noisy/fsd369247.wav,speech_noisy,FSD50K (Freesound) via HF Fhrozen/FSD50k,CC-BY-3.0,44100,11.228,win0.2,0.0,0.2,CLEAR,0.0,0.0,0.0,0.0,0.00013896506397402292,,,,,0.0004303605587966768,4349.70703125,-49.7
speech_noisy/fsd369247.wav,speech_noisy,FSD50K (Freesound) via HF Fhrozen/FSD50k,CC-BY-3.0,44100,11.228,win0.2,2.757,0.2,CLEAR,0.0,0.0,0.0,0.0,2.5538301520805135e-05,,,,,6.753440714345576e-05,1335.05859375,-46.9
speech_noisy/fsd369247.wav,speech_noisy,FSD50K (Freesound) via HF Fhrozen/FSD50k,CC-BY-3.0,44100,11.228,win0.2,5.514,0.2,CLEAR,0.0,0.0,0.0,0.3647,9.745109387961301e-05,,,,,0.000981803014891062,10917.333984375,-27.0
speech_noisy/fsd369247.wav,speech_noisy,FSD50K (Freesound) via HF Fhrozen/FSD50k,CC-BY-3.0,44100,11.228,win0.2,8.271,0.2,CLEAR,0.0,0.0,0.0,0.4266,0.00028863175869869954,10.295570583036115,6.003926243331833,4.291644339704282,15310.107421875,0.001389630715109799,11412.59765625,-29.6
speech_noisy/fsd369247.wav,speech_noisy,FSD50K (Freesound) via HF Fhrozen/FSD50k,CC-BY-3.0,44100,11.228,win0.2,11.028,0.2,CLEAR,0.0,0.0,0.0,0.0,9.470052524431718e-05,,,,,0.0003724801373733107,5103.369140625,-38.5
speech_noisy/fsd257818.wav,speech_noisy,FSD50K (Freesound) via HF Fhrozen/FSD50k,CC-BY-3.0,44100,9.399,full,0.0,9.399,CLEAR,0.0,0.0,0.0,0.1789,2.6425876640093297e-06,,,,,2.188812850760261e-05,9431.54296875,-15.7
speech_noisy/fsd257818.wav,speech_noisy,FSD50K (Freesound) via HF Fhrozen/FSD50k,CC-BY-3.0,44100,9.399,win0.5,0.0,0.5,CLEAR,0.0,0.0,0.0,0.0,2.7132858607102035e-06,,,,,1.0994754717738705e-05,3229.98046875,-24.2
speech_noisy/fsd257818.wav,speech_noisy,FSD50K (Freesound) via HF Fhrozen/FSD50k,CC-BY-3.0,44100,9.399,win0.5,2.225,0.5,CLEAR,0.0,0.0,0.0,0.0,1.6044672425681448e-05,,,,,0.00010733081449549082,3789.84375,-20.5
speech_noisy/fsd257818.wav,speech_noisy,FSD50K (Freesound) via HF Fhrozen/FSD50k,CC-BY-3.0,44100,9.399,win0.5,4.45,0.5,CLEAR,0.0,0.0,0.0,0.0,4.813671456752587e-08,,,,,9.160068677661714e-07,7084.423828125,-11.9
speech_noisy/fsd257818.wav,speech_noisy,FSD50K (Freesound) via HF Fhrozen/FSD50k,CC-BY-3.0,44100,9.399,win0.5,6.674,0.5,CLEAR,0.0,0.0,0.0,0.0,8.304664634230571e-07,,,,,1.5988079298737156e-05,7256.689453125,-14.8
speech_noisy/fsd257818.wav,speech_noisy,FSD50K (Freesound) via HF Fhrozen/FSD50k,CC-BY-3.0,44100,9.399,win0.5,8.899,0.5,CLEAR,0.0,0.0,0.0,0.0,2.442623136165524e-06,,,,,1.548754979580654e-05,3294.580078125,-23.8
speech_noisy/fsd257818.wav,speech_noisy,FSD50K (Freesound) via HF Fhrozen/FSD50k,CC-BY-3.0,44100,9.399,win0.2,0.0,0.2,CLEAR,0.0,0.0,0.0,0.0,1.1363031387416614e-06,,,,,9.659742290499141e-06,2842.3828125,-24.4
speech_noisy/fsd257818.wav,speech_noisy,FSD50K (Freesound) via HF Fhrozen/FSD50k,CC-BY-3.0,44100,9.399,win0.2,2.3,0.2,CLEAR,0.0,0.0,0.0,0.0,1.5953036278037508e-05,,,,,8.777833671615356e-05,5340.234375,-22.1
speech_noisy/fsd257818.wav,speech_noisy,FSD50K (Freesound) via HF Fhrozen/FSD50k,CC-BY-3.0,44100,9.399,win0.2,4.6,0.2,CLEAR,0.0,0.0,0.0,0.0,6.607780923377283e-08,,,,,8.691835584072999e-07,6481.494140625,-12.2
speech_noisy/fsd257818.wav,speech_noisy,FSD50K (Freesound) via HF Fhrozen/FSD50k,CC-BY-3.0,44100,9.399,win0.2,6.899,0.2,CLEAR,0.0,0.0,0.0,0.1197,2.0958694298531867e-06,,,,,3.374602683718257e-05,8957.8125,-16.5
speech_noisy/fsd257818.wav,speech_noisy,FSD50K (Freesound) via HF Fhrozen/FSD50k,CC-BY-3.0,44100,9.399,win0.2,9.199,0.2,CLEAR,0.0,0.0,0.0,0.0,3.116009355157315e-06,,,,,1.540780270028482e-05,3445.3125,-24.8
speech_noisy/fsd215990.wav,speech_noisy,FSD50K (Freesound) via HF Fhrozen/FSD50k,CC0-1.0,44100,10.14,full,0.0,10.14,CLEAR,0.0,0.0,0.0,0.0,5.807896190133947e-07,,,,,3.5428799502982067e-06,322.998046875,-9.8
speech_noisy/fsd215990.wav,speech_noisy,FSD50K (Freesound) via HF Fhrozen/FSD50k,CC0-1.0,44100,10.14,win0.5,0.0,0.5,CLEAR,0.0,0.0,0.0,0.0,4.250117551043258e-07,,,,,1.938719509200099e-06,129.19921875,-9.0
speech_noisy/fsd215990.wav,speech_noisy,FSD50K (Freesound) via HF Fhrozen/FSD50k,CC0-1.0,44100,10.14,win0.5,2.41,0.5,CLEAR,0.0,0.0,0.0,0.0,4.098322020622101e-08,,,,,1.6363591266226718e-07,215.33203125,-6.9
speech_noisy/fsd215990.wav,speech_noisy,FSD50K (Freesound) via HF Fhrozen/FSD50k,CC0-1.0,44100,10.14,win0.5,4.82,0.5,CLEAR,0.0,0.0,0.0,0.0,1.639042973173882e-07,,,,,7.349323621324472e-07,258.3984375,-7.5
speech_noisy/fsd215990.wav,speech_noisy,FSD50K (Freesound) via HF Fhrozen/FSD50k,CC0-1.0,44100,10.14,win0.5,7.23,0.5,CLEAR,0.0,0.0,0.0,0.0,3.524598911304993e-05,,,,,0.00014484997670803065,1356.591796875,-19.3
speech_noisy/fsd215990.wav,speech_noisy,FSD50K (Freesound) via HF Fhrozen/FSD50k,CC0-1.0,44100,10.14,win0.5,9.64,0.5,CLEAR,0.0,0.0,0.0,0.0,2.32338083770531e-06,,,,,1.627647042321319e-05,1679.58984375,-21.2
speech_noisy/fsd215990.wav,speech_noisy,FSD50K (Freesound) via HF Fhrozen/FSD50k,CC0-1.0,44100,10.14,win0.2,0.0,0.2,CLEAR,0.0,0.0,0.0,0.0,2.400145770564059e-07,,,,,8.857881415417224e-07,129.19921875,-8.0
speech_noisy/fsd215990.wav,speech_noisy,FSD50K (Freesound) via HF Fhrozen/FSD50k,CC0-1.0,44100,10.14,win0.2,2.485,0.2,CLEAR,0.0,0.0,0.0,0.0,2.7429099444066498e-08,,,,,1.024978391698436e-07,258.3984375,-6.0
speech_noisy/fsd215990.wav,speech_noisy,FSD50K (Freesound) via HF Fhrozen/FSD50k,CC0-1.0,44100,10.14,win0.2,4.97,0.2,CLEAR,0.0,0.0,0.0,0.0,1.4171552298126836e-07,,,,,5.776498928242325e-07,322.998046875,-6.7
speech_noisy/fsd215990.wav,speech_noisy,FSD50K (Freesound) via HF Fhrozen/FSD50k,CC0-1.0,44100,10.14,win0.2,7.455,0.2,CLEAR,0.0,0.0,0.0,0.0,0.00011733407329686979,,,,,0.00047754852028989017,4392.7734375,-21.5
speech_noisy/fsd215990.wav,speech_noisy,FSD50K (Freesound) via HF Fhrozen/FSD50k,CC0-1.0,44100,10.14,win0.2,9.94,0.2,CLEAR,0.0,0.0,0.0,0.0,5.818976678578996e-06,,,,,5.082993903136518e-05,2433.251953125,-22.6
speech_noisy/fsd347033.wav,speech_noisy,FSD50K (Freesound) via HF Fhrozen/FSD50k,CC0-1.0,44100,9.361,full,0.0,9.361,CLEAR,0.0,0.0,0.0,0.0,1.3028291284750336e-05,,,,,9.745930347339744e-05,4629.638671875,-28.8
speech_noisy/fsd347033.wav,speech_noisy,FSD50K (Freesound) via HF Fhrozen/FSD50k,CC0-1.0,44100,9.361,win0.5,0.0,0.5,CLEAR,0.0,0.0,0.0,0.5154,0.0008656752328052919,6.947437237612199,3.8703545627746405,3.0770826748375586,15654.638671875,0.0026080705895537284,12123.193359375,-68.7
speech_noisy/fsd347033.wav,speech_noisy,FSD50K (Freesound) via HF Fhrozen/FSD50k,CC0-1.0,44100,9.361,win0.5,2.215,0.5,CLEAR,0.0,0.0,0.0,0.0,5.794519107740017e-06,,,,,4.291878847175867e-05,2648.583984375,-23.2
speech_noisy/fsd347033.wav,speech_noisy,FSD50K (Freesound) via HF Fhrozen/FSD50k,CC0-1.0,44100,9.361,win0.5,4.43,0.5,CLEAR,0.0,0.0,0.0,0.0,7.460172501438092e-06,,,,,5.657092694050616e-05,3746.77734375,-27.5
speech_noisy/fsd347033.wav,speech_noisy,FSD50K (Freesound) via HF Fhrozen/FSD50k,CC0-1.0,44100,9.361,win0.5,6.646,0.5,CLEAR,0.0,0.0,0.0,0.3081,9.413089165694914e-05,,,,,0.000800960622814689,10465.13671875,-41.6
speech_noisy/fsd347033.wav,speech_noisy,FSD50K (Freesound) via HF Fhrozen/FSD50k,CC0-1.0,44100,9.361,win0.5,8.861,0.5,CLEAR,0.0,0.0,0.0,0.0,5.824877960884025e-05,,,,,0.00019095226518084932,5921.630859375,-60.9
speech_noisy/fsd347033.wav,speech_noisy,FSD50K (Freesound) via HF Fhrozen/FSD50k,CC0-1.0,44100,9.361,win0.2,0.0,0.2,CLEAR,0.0,0.0,0.0,1.0,0.006716857021878536,4.062640055787902,6.003926243331833,-1.9412861875439305,16795.8984375,0.012588724428937962,16257.568359375,-81.4
speech_noisy/fsd347033.wav,speech_noisy,FSD50K (Freesound) via HF Fhrozen/FSD50k,CC0-1.0,44100,9.361,win0.2,2.29,0.2,CLEAR,0.0,0.0,0.0,0.0,8.633310793057279e-06,,,,,4.436780054769925e-05,3165.380859375,-21.7
speech_noisy/fsd347033.wav,speech_noisy,FSD50K (Freesound) via HF Fhrozen/FSD50k,CC0-1.0,44100,9.361,win0.2,4.58,0.2,CLEAR,0.0,0.0,0.0,0.0,3.2152842779221715e-06,,,,,7.47766549613477e-05,3057.71484375,-31.7
speech_noisy/fsd347033.wav,speech_noisy,FSD50K (Freesound) via HF Fhrozen/FSD50k,CC0-1.0,44100,9.361,win0.2,6.871,0.2,CLEAR,0.0,0.0,0.0,0.1063,6.659659980464379e-05,,,,,0.0003551689664701153,8850.146484375,-41.5
speech_noisy/fsd347033.wav,speech_noisy,FSD50K (Freesound) via HF Fhrozen/FSD50k,CC0-1.0,44100,9.361,win0.2,9.161,0.2,CLEAR,0.0,0.0,0.0,0.4212,0.0015618321540197635,4.1317224507140535,6.003926243331833,-1.8722037926177792,16236.03515625,0.0028950445327643216,11369.53125,-78.5
speech_noisy/fsd232274.wav,speech_noisy,FSD50K (Freesound) via HF Fhrozen/FSD50k,CC-BY-3.0,44100,6.796,full,0.0,6.796,CLEAR,0.0,0.0,0.0,0.0,1.9186081916575918e-05,,,,,0.0001634522047329185,2928.515625,-33.6
speech_noisy/fsd232274.wav,speech_noisy,FSD50K (Freesound) via HF Fhrozen/FSD50k,CC-BY-3.0,44100,6.796,win0.5,0.0,0.5,CLEAR,0.0,0.0,0.0,0.0,1.2036989327968342e-05,,,,,0.00010694192339572774,1959.521484375,-32.1
speech_noisy/fsd232274.wav,speech_noisy,FSD50K (Freesound) via HF Fhrozen/FSD50k,CC-BY-3.0,44100,6.796,win0.5,1.574,0.5,CLEAR,0.0,0.0,0.0,0.0,1.6407166610454197e-05,,,,,0.00014949250708701857,2756.25,-34.1
speech_noisy/fsd232274.wav,speech_noisy,FSD50K (Freesound) via HF Fhrozen/FSD50k,CC-BY-3.0,44100,6.796,win0.5,3.148,0.5,CLEAR,0.0,0.0,0.0,0.0,2.0820456189316175e-05,,,,,0.00016182466308354201,3122.314453125,-35.1
speech_noisy/fsd232274.wav,speech_noisy,FSD50K (Freesound) via HF Fhrozen/FSD50k,CC-BY-3.0,44100,6.796,win0.5,4.722,0.5,CLEAR,0.0,0.0,0.0,0.0,2.3299934939918086e-05,,,,,0.00019676988067964004,3316.11328125,-33.6
speech_noisy/fsd232274.wav,speech_noisy,FSD50K (Freesound) via HF Fhrozen/FSD50k,CC-BY-3.0,44100,6.796,win0.5,6.296,0.5,CLEAR,0.0,0.0,0.0,0.0,3.129644885165294e-05,,,,,0.000276063068619812,3445.3125,-33.7
speech_noisy/fsd232274.wav,speech_noisy,FSD50K (Freesound) via HF Fhrozen/FSD50k,CC-BY-3.0,44100,6.796,win0.2,0.0,0.2,CLEAR,0.0,0.0,0.0,0.0,1.0943587972189884e-05,,,,,0.00012051382435342702,1937.98828125,-31.7
speech_noisy/fsd232274.wav,speech_noisy,FSD50K (Freesound) via HF Fhrozen/FSD50k,CC-BY-3.0,44100,6.796,win0.2,1.649,0.2,CLEAR,0.0,0.0,0.0,0.0,2.306571083133984e-05,,,,,0.0001954018498634426,3057.71484375,-34.4
speech_noisy/fsd232274.wav,speech_noisy,FSD50K (Freesound) via HF Fhrozen/FSD50k,CC-BY-3.0,44100,6.796,win0.2,3.298,0.2,CLEAR,0.0,0.0,0.0,0.0,2.1756842414908006e-05,,,,,0.00017850437834572913,3273.046875,-35.2
speech_noisy/fsd232274.wav,speech_noisy,FSD50K (Freesound) via HF Fhrozen/FSD50k,CC-BY-3.0,44100,6.796,win0.2,4.947,0.2,CLEAR,0.0,0.0,0.0,0.0,1.8360803014313868e-05,,,,,0.00014373212015182427,3186.9140625,-33.3
speech_noisy/fsd232274.wav,speech_noisy,FSD50K (Freesound) via HF Fhrozen/FSD50k,CC-BY-3.0,44100,6.796,win0.2,6.596,0.2,CLEAR,0.0,0.0,0.0,0.0,3.282267838654306e-05,,,,,0.0002618766024450522,3552.978515625,-33.5
speech_noisy/fsd347034.wav,speech_noisy,FSD50K (Freesound) via HF Fhrozen/FSD50k,CC0-1.0,44100,8.902,full,0.0,8.902,CLEAR,0.0,0.0,0.0,0.0,0.0001797633111636237,,,,,0.0007125613567532436,4134.375,-34.4
speech_noisy/fsd347034.wav,speech_noisy,FSD50K (Freesound) via HF Fhrozen/FSD50k,CC0-1.0,44100,8.902,win0.5,0.0,0.5,CLEAR,0.0,0.0,0.0,0.693,0.001327442939779797,9.990079670662396,3.8703545627746405,6.119725107887756,15460.83984375,0.005615667017651817,13544.384765625,-42.6
speech_noisy/fsd347034.wav,speech_noisy,FSD50K (Freesound) via HF Fhrozen/FSD50k,CC0-1.0,44100,8.902,win0.5,2.1,0.5,CLEAR,0.0,0.0,0.0,0.0,7.416810755198695e-05,,,,,0.0003780593713927872,3703.7109375,-30.1
speech_noisy/fsd347034.wav,speech_noisy,FSD50K (Freesound) via HF Fhrozen/FSD50k,CC0-1.0,44100,8.902,win0.5,4.201,0.5,CLEAR,0.0,0.0,0.0,0.0,0.00011753434125297803,,,,,0.0004419739823584147,3811.376953125,-35.9
speech_noisy/fsd347034.wav,speech_noisy,FSD50K (Freesound) via HF Fhrozen/FSD50k,CC0-1.0,44100,8.902,win0.5,6.301,0.5,CLEAR,0.0,0.0,0.0,0.6338,0.002006289752478344,9.30484621987972,3.8703545627746405,5.434491657105079,15073.2421875,0.005814627471204609,13070.654296875,-46.8
speech_noisy/fsd347034.wav,speech_noisy,FSD50K (Freesound) via HF Fhrozen/FSD50k,CC0-1.0,44100,8.902,win0.5,8.402,0.5,CLEAR,0.0,0.0,0.0,0.0,0.00013785490131746622,,,,,0.0003466204404513951,2906.982421875,-59.9
speech_noisy/fsd347034.wav,speech_noisy,FSD50K (Freesound) via HF Fhrozen/FSD50k,CC0-1.0,44100,8.902,win0.2,0.0,0.2,CLEAR,0.0,0.0,0.0,0.0,0.0009076549301824536,8.470964713517255,6.003926243331833,2.4670384701854218,15891.50390625,0.0021873406604274383,4392.7734375,-50.0
speech_noisy/fsd347034.wav,speech_noisy,FSD50K (Freesound) via HF Fhrozen/FSD50k,CC0-1.0,44100,8.902,win0.2,2.175,0.2,CLEAR,0.0,0.0,0.0,0.0,0.00024468284045973943,,,,,0.000896321248129194,3940.576171875,-33.1
speech_noisy/fsd347034.wav,speech_noisy,FSD50K (Freesound) via HF Fhrozen/FSD50k,CC0-1.0,44100,8.902,win0.2,4.351,0.2,CLEAR,0.0,0.0,0.0,0.1009,0.0008404085751082032,9.136463191284639,6.003926243331833,3.132536947952806,15267.041015625,0.0030404074786813864,8807.080078125,-35.2
speech_noisy/fsd347034.wav,speech_noisy,FSD50K (Freesound) via HF Fhrozen/FSD50k,CC0-1.0,44100,8.902,win0.2,6.526,0.2,CLEAR,0.0,0.0,0.0,0.0,0.0008474858594345746,8.238911931060725,6.003926243331833,2.2349856877288925,15094.775390625,0.0020560758567669713,7730.419921875,-46.5
speech_noisy/fsd347034.wav,speech_noisy,FSD50K (Freesound) via HF Fhrozen/FSD50k,CC0-1.0,44100,8.902,win0.2,8.702,0.2,CLEAR,0.0,0.0,0.0,0.0,0.0005159285367667979,6.731342694010738,6.003926243331833,0.7274164506789056,16774.365234375,0.0010373880518238865,2153.3203125,-71.6
speech_noisy/fsd184833.wav,speech_noisy,FSD50K (Freesound) via HF Fhrozen/FSD50k,CC0-1.0,44100,8.451,full,0.0,8.451,CLEAR,0.0,0.0,0.0,0.0,1.5927329688437274e-07,,,,,5.085127934797187e-05,3036.181640625,-10.5
speech_noisy/fsd184833.wav,speech_noisy,FSD50K (Freesound) via HF Fhrozen/FSD50k,CC0-1.0,44100,8.451,win0.5,0.0,0.5,CLEAR,0.0,0.0,0.0,0.0,9.45577316696806e-10,,,,,6.14066071270779e-05,3596.044921875,-10.3
speech_noisy/fsd184833.wav,speech_noisy,FSD50K (Freesound) via HF Fhrozen/FSD50k,CC0-1.0,44100,8.451,win0.5,1.988,0.5,CLEAR,0.0,0.0,0.0,0.0,2.153645960687861e-08,,,,,2.9572514544920114e-05,3122.314453125,-10.7
speech_noisy/fsd184833.wav,speech_noisy,FSD50K (Freesound) via HF Fhrozen/FSD50k,CC0-1.0,44100,8.451,win0.5,3.975,0.5,CLEAR,0.0,0.0,0.0,0.0,5.825663117659601e-10,,,,,6.132296017400008e-05,4242.041015625,-13.3
speech_noisy/fsd184833.wav,speech_noisy,FSD50K (Freesound) via HF Fhrozen/FSD50k,CC0-1.0,44100,8.451,win0.5,5.963,0.5,CLEAR,0.0,0.0,0.0,0.0,7.33977387283535e-08,,,,,7.615635440124729e-05,3057.71484375,-10.2
speech_noisy/fsd184833.wav,speech_noisy,FSD50K (Freesound) via HF Fhrozen/FSD50k,CC0-1.0,44100,8.451,win0.5,7.951,0.5,CLEAR,0.0,0.0,0.0,0.0,9.745021809631424e-08,,,,,5.28897693052069e-05,3165.380859375,-10.9
speech_noisy/fsd184833.wav,speech_noisy,FSD50K (Freesound) via HF Fhrozen/FSD50k,CC0-1.0,44100,8.451,win0.2,0.0,0.2,CLEAR,0.0,0.0,0.0,0.0,2.21368498447905e-09,,,,,0.00011466615038785586,4457.373046875,-10.6
speech_noisy/fsd184833.wav,speech_noisy,FSD50K (Freesound) via HF Fhrozen/FSD50k,CC0-1.0,44100,8.451,win0.2,2.063,0.2,CLEAR,0.0,0.0,0.0,0.0,2.2564889316765623e-09,,,,,6.43298140034857e-05,3768.310546875,-10.3
speech_noisy/fsd184833.wav,speech_noisy,FSD50K (Freesound) via HF Fhrozen/FSD50k,CC0-1.0,44100,8.451,win0.2,4.125,0.2,CLEAR,0.0,0.0,0.0,0.0,4.1515508299398415e-10,,,,,8.067243519843898e-05,5469.43359375,-14.9
speech_noisy/fsd184833.wav,speech_noisy,FSD50K (Freesound) via HF Fhrozen/FSD50k,CC0-1.0,44100,8.451,win0.2,6.188,0.2,CLEAR,0.0,0.0,0.0,0.0,2.370148308807212e-10,,,,,1.2236884593785867e-05,2196.38671875,-9.8
speech_noisy/fsd184833.wav,speech_noisy,FSD50K (Freesound) via HF Fhrozen/FSD50k,CC0-1.0,44100,8.451,win0.2,8.251,0.2,CLEAR,0.0,0.0,0.0,0.0,2.5159183799124196e-10,,,,,0.00010597637607992414,3100.78125,-11.8
speech_noisy/fsd175231.wav,speech_noisy,FSD50K (Freesound) via HF Fhrozen/FSD50k,CC0-1.0,44100,5.0,full,0.0,5.0,CLEAR,0.0,0.0,0.0,0.0,2.94255967456347e-07,,,,,1.161648808341556e-06,366.064453125,-17.5
speech_noisy/fsd175231.wav,speech_noisy,FSD50K (Freesound) via HF Fhrozen/FSD50k,CC0-1.0,44100,5.0,win0.5,0.0,0.5,CLEAR,0.0,0.0,0.0,0.0,2.424294818407714e-07,,,,,7.215889819242999e-07,215.33203125,-22.3
speech_noisy/fsd175231.wav,speech_noisy,FSD50K (Freesound) via HF Fhrozen/FSD50k,CC0-1.0,44100,5.0,win0.5,1.125,0.5,CLEAR,0.0,0.0,0.0,0.0,5.742177693865904e-07,,,,,1.5334616832793219e-06,559.86328125,-21.8
speech_noisy/fsd175231.wav,speech_noisy,FSD50K (Freesound) via HF Fhrozen/FSD50k,CC0-1.0,44100,5.0,win0.5,2.25,0.5,CLEAR,0.0,0.0,0.0,0.0,2.572435911047686e-07,,,,,9.719887122126232e-07,322.998046875,-16.8
speech_noisy/fsd175231.wav,speech_noisy,FSD50K (Freesound) via HF Fhrozen/FSD50k,CC0-1.0,44100,5.0,win0.5,3.375,0.5,CLEAR,0.0,0.0,0.0,0.0,1.1721338581524804e-07,,,,,4.829088024958681e-07,409.130859375,-13.6
speech_noisy/fsd175231.wav,speech_noisy,FSD50K (Freesound) via HF Fhrozen/FSD50k,CC0-1.0,44100,5.0,win0.5,4.5,0.5,CLEAR,0.0,0.0,0.0,0.0,1.0114673539715315e-07,,,,,1.9117930243556804e-07,301.46484375,-16.8
speech_noisy/fsd175231.wav,speech_noisy,FSD50K (Freesound) via HF Fhrozen/FSD50k,CC0-1.0,44100,5.0,win0.2,0.0,0.2,CLEAR,0.0,0.0,0.0,0.0,3.7213737724086415e-07,,,,,1.2621839658713033e-06,215.33203125,-24.5
speech_noisy/fsd175231.wav,speech_noisy,FSD50K (Freesound) via HF Fhrozen/FSD50k,CC0-1.0,44100,5.0,win0.2,1.2,0.2,CLEAR,0.0,0.0,0.0,0.0,7.37731037054099e-07,,,,,2.4370579694400563e-06,258.3984375,-21.7
speech_noisy/fsd175231.wav,speech_noisy,FSD50K (Freesound) via HF Fhrozen/FSD50k,CC0-1.0,44100,5.0,win0.2,2.4,0.2,CLEAR,0.0,0.0,0.0,0.0,1.7431284570587657e-07,,,,,3.807653126103072e-07,236.865234375,-17.4
speech_noisy/fsd175231.wav,speech_noisy,FSD50K (Freesound) via HF Fhrozen/FSD50k,CC0-1.0,44100,5.0,win0.2,3.6,0.2,CLEAR,0.0,0.0,0.0,0.0,1.451928016670926e-07,,,,,7.112527180314566e-07,366.064453125,-13.9
speech_noisy/fsd175231.wav,speech_noisy,FSD50K (Freesound) via HF Fhrozen/FSD50k,CC0-1.0,44100,5.0,win0.2,4.8,0.2,CLEAR,0.0,0.0,0.0,0.0,6.730025109928045e-08,,,,,1.346060198220031e-07,258.3984375,-15.8
speech_noisy/fsd175232.wav,speech_noisy,FSD50K (Freesound) via HF Fhrozen/FSD50k,CC0-1.0,44100,5.0,full,0.0,5.0,CLEAR,0.0,0.0,0.0,0.0,7.514121582303344e-07,,,,,2.872299054928001e-06,473.73046875,-21.5
speech_noisy/fsd175232.wav,speech_noisy,FSD50K (Freesound) via HF Fhrozen/FSD50k,CC0-1.0,44100,5.0,win0.5,0.0,0.5,CLEAR,0.0,0.0,0.0,0.0,1.4756339205741068e-06,,,,,3.8135842395191472e-06,172.265625,-29.5
speech_noisy/fsd175232.wav,speech_noisy,FSD50K (Freesound) via HF Fhrozen/FSD50k,CC0-1.0,44100,5.0,win0.5,1.125,0.5,CLEAR,0.0,0.0,0.0,0.0,4.593127171017174e-07,,,,,1.1874821883029933e-06,516.796875,-20.8
speech_noisy/fsd175232.wav,speech_noisy,FSD50K (Freesound) via HF Fhrozen/FSD50k,CC0-1.0,44100,5.0,win0.5,2.25,0.5,CLEAR,0.0,0.0,0.0,0.0,1.2700029367227361e-06,,,,,4.733845790042899e-06,581.396484375,-23.5
speech_noisy/fsd175232.wav,speech_noisy,FSD50K (Freesound) via HF Fhrozen/FSD50k,CC0-1.0,44100,5.0,win0.5,3.375,0.5,CLEAR,0.0,0.0,0.0,0.0,8.201065294878508e-07,,,,,3.226159659002429e-06,710.595703125,-21.9
speech_noisy/fsd175232.wav,speech_noisy,FSD50K (Freesound) via HF Fhrozen/FSD50k,CC0-1.0,44100,5.0,win0.5,4.5,0.5,CLEAR,0.0,0.0,0.0,0.0,3.1120100965401647e-07,,,,,5.930994641667105e-07,236.865234375,-21.6
speech_noisy/fsd175232.wav,speech_noisy,FSD50K (Freesound) via HF Fhrozen/FSD50k,CC0-1.0,44100,5.0,win0.2,0.0,0.2,CLEAR,0.0,0.0,0.0,0.0,1.2970562744821314e-06,,,,,3.6490470919847486e-06,150.732421875,-29.8
speech_noisy/fsd175232.wav,speech_noisy,FSD50K (Freesound) via HF Fhrozen/FSD50k,CC0-1.0,44100,5.0,win0.2,1.2,0.2,CLEAR,0.0,0.0,0.0,0.0,4.4281298828885885e-07,,,,,1.3955655515096382e-06,236.865234375,-20.2
speech_noisy/fsd175232.wav,speech_noisy,FSD50K (Freesound) via HF Fhrozen/FSD50k,CC0-1.0,44100,5.0,win0.2,2.4,0.2,CLEAR,0.0,0.0,0.0,0.0,1.2184957576883312e-06,,,,,2.5388131153276895e-06,215.33203125,-25.9
speech_noisy/fsd175232.wav,speech_noisy,FSD50K (Freesound) via HF Fhrozen/FSD50k,CC0-1.0,44100,5.0,win0.2,3.6,0.2,CLEAR,0.0,0.0,0.0,0.0,9.506465950829235e-07,,,,,4.118090114901385e-06,258.3984375,-21.9
speech_noisy/fsd175232.wav,speech_noisy,FSD50K (Freesound) via HF Fhrozen/FSD50k,CC0-1.0,44100,5.0,win0.2,4.8,0.2,CLEAR,0.0,0.0,0.0,0.0,2.1703716946414306e-06,,,,,4.011320571090907e-06,150.732421875,-30.7
speech_noisy/fsd333395.wav,speech_noisy,FSD50K (Freesound) via HF Fhrozen/FSD50k,CC0-1.0,44100,9.05,full,0.0,9.05,CLEAR,0.0,0.0,0.0,0.1763,0.00045314489712871105,6.763643993227851,0.9860793550420909,5.77756463818576,15288.57421875,0.0014253522081949118,9410.009765625,-38.3
speech_noisy/fsd333395.wav,speech_noisy,FSD50K (Freesound) via HF Fhrozen/FSD50k,CC0-1.0,44100,9.05,win0.5,0.0,0.5,CLEAR,0.0,0.0,0.0,0.1009,0.0012071557760773629,2.8329377680623615,3.8703545627746405,-1.037416794712279,17528.02734375,0.0024908625208791206,8807.080078125,-42.4
speech_noisy/fsd333395.wav,speech_noisy,FSD50K (Freesound) via HF Fhrozen/FSD50k,CC0-1.0,44100,9.05,win0.5,2.137,0.5,CLEAR,0.0,0.0,0.0,0.5558,0.0002879372963767005,14.044845110319702,3.8703545627746405,10.174490547545062,15202.44140625,0.002360131874430499,12446.19140625,-34.6
speech_noisy/fsd333395.wav,speech_noisy,FSD50K (Freesound) via HF Fhrozen/FSD50k,CC0-1.0,44100,9.05,win0.5,4.275,0.5,CLEAR,0.0,0.0,0.0,0.0,0.0005368880681655493,4.657309165110956,3.8703545627746405,0.7869546023363152,15159.375,0.001234996551774669,5964.697265625,-39.5
speech_noisy/fsd333395.wav,speech_noisy,FSD50K (Freesound) via HF Fhrozen/FSD50k,CC0-1.0,44100,9.05,win0.5,6.412,0.5,CLEAR,0.0,0.0,0.0,0.0,0.0005234397287683682,4.419498160532267,3.8703545627746405,0.5491435977576269,15568.505859375,0.0011937627162343578,6309.228515625,-39.4
speech_noisy/fsd333395.wav,speech_noisy,FSD50K (Freesound) via HF Fhrozen/FSD50k,CC0-1.0,44100,9.05,win0.5,8.55,0.5,CLEAR,0.0,0.0,0.0,1.0,0.02154395742963655,4.602238070729739,3.8703545627746405,0.7318835079550987,15288.57421875,0.0505655306394538,19466.015625,-54.3
speech_noisy/fsd333395.wav,speech_noisy,FSD50K (Freesound) via HF Fhrozen/FSD50k,CC0-1.0,44100,9.05,win0.2,0.0,0.2,CLEAR,0.0,0.0,0.0,1.0,0.02668942040235711,5.106476774644493,6.003926243331833,-0.8974494686873395,18626.220703125,0.051465035145485394,19767.48046875,-54.1
speech_noisy/fsd333395.wav,speech_noisy,FSD50K (Freesound) via HF Fhrozen/FSD50k,CC0-1.0,44100,9.05,win0.2,2.212,0.2,CLEAR,0.0,0.0,0.0,0.903,0.0009880649434155816,16.32318366198177,6.003926243331833,10.319257418649936,15202.44140625,0.012543426990041169,15223.974609375,-37.6
speech_noisy/fsd333395.wav,speech_noisy,FSD50K (Freesound) via HF Fhrozen/FSD50k,CC0-1.0,44100,9.05,win0.2,4.425,0.2,CLEAR,0.0,0.0,0.0,0.0,0.0008027777016801952,4.691438336340314,6.003926243331833,-1.3124879069915192,17140.4296875,0.0017340789915599225,5189.501953125,-41.6
speech_noisy/fsd333395.wav,speech_noisy,FSD50K (Freesound) via HF Fhrozen/FSD50k,CC0-1.0,44100,9.05,win0.2,6.637,0.2,CLEAR,0.0,0.0,0.0,0.0,0.00036052755996832916,,,,,0.0007943885423668834,4715.771484375,-38.5
speech_noisy/fsd333395.wav,speech_noisy,FSD50K (Freesound) via HF Fhrozen/FSD50k,CC0-1.0,44100,9.05,win0.2,8.85,0.2,CLEAR,0.0,0.0,0.0,1.0,0.01972549207746606,7.0511221830562745,6.003926243331833,1.0471959397244417,15288.57421875,0.05418812682444502,19250.68359375,-54.1
speech_noisy/fsd345325.wav,speech_noisy,FSD50K (Freesound) via HF Fhrozen/FSD50k,CC-BY-3.0,44100,6.827,full,0.0,6.827,CLEAR,0.0,0.0,0.0,0.0,4.326508361221547e-06,,,,,1.0697305852889342e-05,4435.83984375,-21.5
speech_noisy/fsd345325.wav,speech_noisy,FSD50K (Freesound) via HF Fhrozen/FSD50k,CC-BY-3.0,44100,6.827,win0.5,0.0,0.5,CLEAR,0.0,0.0,0.0,0.0,5.48914111793836e-06,,,,,1.3440226807859445e-05,1701.123046875,-23.0
speech_noisy/fsd345325.wav,speech_noisy,FSD50K (Freesound) via HF Fhrozen/FSD50k,CC-BY-3.0,44100,6.827,win0.5,1.582,0.5,CLEAR,0.0,0.0,0.0,0.0,1.995709498890086e-06,,,,,5.049212995185067e-06,4478.90625,-18.3
speech_noisy/fsd345325.wav,speech_noisy,FSD50K (Freesound) via HF Fhrozen/FSD50k,CC-BY-3.0,44100,6.827,win0.5,3.163,0.5,CLEAR,0.0,0.0,0.0,0.0,4.521591029882538e-06,,,,,1.0915703210265073e-05,4737.3046875,-21.8
speech_noisy/fsd345325.wav,speech_noisy,FSD50K (Freesound) via HF Fhrozen/FSD50k,CC-BY-3.0,44100,6.827,win0.5,4.745,0.5,CLEAR,0.0,0.0,0.0,0.0,7.99774150092959e-06,,,,,1.9998579486105416e-05,3919.04296875,-24.5
speech_noisy/fsd345325.wav,speech_noisy,FSD50K (Freesound) via HF Fhrozen/FSD50k,CC-BY-3.0,44100,6.827,win0.5,6.327,0.5,CLEAR,0.0,0.0,0.0,0.0,2.622228282433541e-05,,,,,6.341320718489627e-05,4780.37109375,-29.4
speech_noisy/fsd345325.wav,speech_noisy,FSD50K (Freesound) via HF Fhrozen/FSD50k,CC-BY-3.0,44100,6.827,win0.2,0.0,0.2,CLEAR,0.0,0.0,0.0,0.0,8.351783520965105e-05,,,,,0.00019668442404136794,236.865234375,-34.7
speech_noisy/fsd345325.wav,speech_noisy,FSD50K (Freesound) via HF Fhrozen/FSD50k,CC-BY-3.0,44100,6.827,win0.2,1.657,0.2,CLEAR,0.0,0.0,0.0,0.0,1.6337830090922491e-06,,,,,4.134236432573067e-06,4478.90625,-17.1
speech_noisy/fsd345325.wav,speech_noisy,FSD50K (Freesound) via HF Fhrozen/FSD50k,CC-BY-3.0,44100,6.827,win0.2,3.313,0.2,CLEAR,0.0,0.0,0.0,0.0,3.624965941121531e-06,,,,,8.631375768410588e-06,4134.375,-20.9
speech_noisy/fsd345325.wav,speech_noisy,FSD50K (Freesound) via HF Fhrozen/FSD50k,CC-BY-3.0,44100,6.827,win0.2,4.97,0.2,CLEAR,0.0,0.0,0.0,0.0,2.7113271082035216e-05,,,,,6.891884327578306e-05,3186.9140625,-26.9
speech_noisy/fsd345325.wav,speech_noisy,FSD50K (Freesound) via HF Fhrozen/FSD50k,CC-BY-3.0,44100,6.827,win0.2,6.627,0.2,CLEAR,0.0,0.0,0.0,0.0,4.938989095350363e-05,,,,,0.00012572655121572286,1119.7265625,-32.3
speech_noisy/fsd187308.wav,speech_noisy,FSD50K (Freesound) via HF Fhrozen/FSD50k,CC0-1.0,44100,5.315,full,0.0,5.315,CLEAR,0.0,0.0,0.0,0.0,1.657718966259582e-05,,,,,0.00011799852352291648,4134.375,-46.4
speech_noisy/fsd187308.wav,speech_noisy,FSD50K (Freesound) via HF Fhrozen/FSD50k,CC0-1.0,44100,5.315,win0.5,0.0,0.5,CLEAR,0.0,0.0,0.0,0.0,1.029575077409819e-05,,,,,5.8767582703411234e-05,3875.9765625,-45.8
speech_noisy/fsd187308.wav,speech_noisy,FSD50K (Freesound) via HF Fhrozen/FSD50k,CC0-1.0,44100,5.315,win0.5,1.204,0.5,CLEAR,0.0,0.0,0.0,0.0,8.624668633556616e-06,,,,,4.035269900880738e-05,3983.642578125,-47.2
speech_noisy/fsd187308.wav,speech_noisy,FSD50K (Freesound) via HF Fhrozen/FSD50k,CC0-1.0,44100,5.315,win0.5,2.408,0.5,CLEAR,0.0,0.0,0.0,0.0,4.221120165253729e-06,,,,,2.2718405782486373e-05,3854.443359375,-47.0
speech_noisy/fsd187308.wav,speech_noisy,FSD50K (Freesound) via HF Fhrozen/FSD50k,CC0-1.0,44100,5.315,win0.5,3.611,0.5,CLEAR,0.0,0.0,0.0,0.0,2.958258614840292e-05,,,,,0.00022645416450081055,4198.974609375,-45.5
speech_noisy/fsd187308.wav,speech_noisy,FSD50K (Freesound) via HF Fhrozen/FSD50k,CC0-1.0,44100,5.315,win0.5,4.815,0.5,CLEAR,0.0,0.0,0.0,0.0,3.060933425635347e-05,,,,,0.00027365916801689894,4974.169921875,-48.0
speech_noisy/fsd187308.wav,speech_noisy,FSD50K (Freesound) via HF Fhrozen/FSD50k,CC0-1.0,44100,5.315,win0.2,0.0,0.2,CLEAR,0.0,0.0,0.0,0.0,1.9822534407780358e-05,,,,,0.0001158878152689225,3552.978515625,-48.7
speech_noisy/fsd187308.wav,speech_noisy,FSD50K (Freesound) via HF Fhrozen/FSD50k,CC0-1.0,44100,5.315,win0.2,1.279,0.2,CLEAR,0.0,0.0,0.0,0.0,4.769912212047666e-06,,,,,2.1453832726361302e-05,3983.642578125,-45.4
speech_noisy/fsd187308.wav,speech_noisy,FSD50K (Freesound) via HF Fhrozen/FSD50k,CC0-1.0,44100,5.315,win0.2,2.558,0.2,CLEAR,0.0,0.0,0.0,0.0,2.648417983277022e-06,,,,,1.4405453771646154e-05,3316.11328125,-47.1
speech_noisy/fsd187308.wav,speech_noisy,FSD50K (Freesound) via HF Fhrozen/FSD50k,CC0-1.0,44100,5.315,win0.2,3.836,0.2,CLEAR,0.0,0.0,0.0,0.0,5.80867408677315e-05,,,,,0.00044692614864438277,5792.431640625,-46.3
speech_noisy/fsd187308.wav,speech_noisy,FSD50K (Freesound) via HF Fhrozen/FSD50k,CC0-1.0,44100,5.315,win0.2,5.115,0.2,CLEAR,0.0,0.0,0.0,0.0,3.350892492910522e-05,,,,,0.0003005727253812194,5254.1015625,-51.4
speech_noisy/fsd363712.wav,speech_noisy,FSD50K (Freesound) via HF Fhrozen/FSD50k,CC0-1.0,44100,6.24,full,0.0,6.24,CLEAR,0.0,0.0,0.0,0.0,2.4831810578567687e-06,,,,,2.007279871145172e-05,4263.57421875,-42.2
speech_noisy/fsd363712.wav,speech_noisy,FSD50K (Freesound) via HF Fhrozen/FSD50k,CC0-1.0,44100,6.24,win0.5,0.0,0.5,CLEAR,0.0,0.0,0.0,0.0,4.8535665583746075e-06,,,,,3.338223036379821e-05,4026.708984375,-42.6
speech_noisy/fsd363712.wav,speech_noisy,FSD50K (Freesound) via HF Fhrozen/FSD50k,CC0-1.0,44100,6.24,win0.5,1.435,0.5,CLEAR,0.0,0.0,0.0,0.0,1.6428193935938481e-06,,,,,8.224356470041202e-06,3122.314453125,-43.4
speech_noisy/fsd363712.wav,speech_noisy,FSD50K (Freesound) via HF Fhrozen/FSD50k,CC0-1.0,44100,6.24,win0.5,2.87,0.5,CLEAR,0.0,0.0,0.0,0.0,1.2148387115947414e-06,,,,,6.153332463849194e-06,2411.71875,-42.3
speech_noisy/fsd363712.wav,speech_noisy,FSD50K (Freesound) via HF Fhrozen/FSD50k,CC0-1.0,44100,6.24,win0.5,4.305,0.5,CLEAR,0.0,0.0,0.0,0.0,7.903074078580308e-07,,,,,4.17268996838846e-06,2476.318359375,-42.7
speech_noisy/fsd363712.wav,speech_noisy,FSD50K (Freesound) via HF Fhrozen/FSD50k,CC0-1.0,44100,6.24,win0.5,5.74,0.5,CLEAR,0.0,0.0,0.0,0.0,1.0212956495656419e-06,,,,,6.009077139799031e-06,2670.1171875,-39.5
speech_noisy/fsd363712.wav,speech_noisy,FSD50K (Freesound) via HF Fhrozen/FSD50k,CC0-1.0,44100,6.24,win0.2,0.0,0.2,CLEAR,0.0,0.0,0.0,0.0,4.758442439355585e-06,,,,,3.29525922273139e-05,4220.5078125,-41.9
speech_noisy/fsd363712.wav,speech_noisy,FSD50K (Freesound) via HF Fhrozen/FSD50k,CC0-1.0,44100,6.24,win0.2,1.51,0.2,CLEAR,0.0,0.0,0.0,0.0,1.179610925553854e-06,,,,,6.372284404860284e-06,3639.111328125,-44.1
speech_noisy/fsd363712.wav,speech_noisy,FSD50K (Freesound) via HF Fhrozen/FSD50k,CC0-1.0,44100,6.24,win0.2,3.02,0.2,CLEAR,0.0,0.0,0.0,0.0,1.5640251293275474e-06,,,,,7.206291392973955e-06,2713.18359375,-44.0
speech_noisy/fsd363712.wav,speech_noisy,FSD50K (Freesound) via HF Fhrozen/FSD50k,CC0-1.0,44100,6.24,win0.2,4.53,0.2,CLEAR,0.0,0.0,0.0,0.0,5.991193356418334e-07,,,,,3.099451082896587e-06,2067.1875,-41.7
speech_noisy/fsd363712.wav,speech_noisy,FSD50K (Freesound) via HF Fhrozen/FSD50k,CC0-1.0,44100,6.24,win0.2,6.04,0.2,CLEAR,0.0,0.0,0.0,0.0,1.0777005371808896e-06,,,,,6.239479724533935e-06,1937.98828125,-38.5
speech_noisy/fsd361400.wav,speech_noisy,FSD50K (Freesound) via HF Fhrozen/FSD50k,CC0-1.0,44100,10.403,full,0.0,10.403,CLEAR,0.0,0.0,0.0,0.0,1.0633828217797e-05,,,,,7.898109268908532e-05,6309.228515625,-36.2
speech_noisy/fsd361400.wav,speech_noisy,FSD50K (Freesound) via HF Fhrozen/FSD50k,CC0-1.0,44100,10.403,win0.5,0.0,0.5,CLEAR,0.0,0.0,0.0,0.0,6.098076856869099e-06,,,,,8.316982529317175e-05,5297.16796875,-36.8
speech_noisy/fsd361400.wav,speech_noisy,FSD50K (Freesound) via HF Fhrozen/FSD50k,CC0-1.0,44100,10.403,win0.5,2.476,0.5,CLEAR,0.0,0.0,0.0,0.0,4.652026296283276e-06,,,,,2.2963919494704027e-05,3057.71484375,-29.6
speech_noisy/fsd361400.wav,speech_noisy,FSD50K (Freesound) via HF Fhrozen/FSD50k,CC0-1.0,44100,10.403,win0.5,4.951,0.5,CLEAR,0.0,0.0,0.0,0.0,4.258119939317105e-06,,,,,2.3118428534547113e-05,5318.701171875,-40.0
speech_noisy/fsd361400.wav,speech_noisy,FSD50K (Freesound) via HF Fhrozen/FSD50k,CC0-1.0,44100,10.403,win0.5,7.427,0.5,CLEAR,0.0,0.0,0.0,0.0,3.968340610818079e-05,,,,,0.00024117576521818373,7019.82421875,-46.2
speech_noisy/fsd361400.wav,speech_noisy,FSD50K (Freesound) via HF Fhrozen/FSD50k,CC0-1.0,44100,10.403,win0.2,0.0,0.2,CLEAR,0.0,0.0,0.0,0.0,3.3480879458748893e-06,,,,,2.8149007515882384e-05,3768.310546875,-39.9
speech_noisy/fsd361400.wav,speech_noisy,FSD50K (Freesound) via HF Fhrozen/FSD50k,CC0-1.0,44100,10.403,win0.2,2.551,0.2,CLEAR,0.0,0.0,0.0,0.0,1.8170547655496707e-05,,,,,9.164718383651055e-05,3359.1796875,-34.1
speech_noisy/fsd361400.wav,speech_noisy,FSD50K (Freesound) via HF Fhrozen/FSD50k,CC0-1.0,44100,10.403,win0.2,5.101,0.2,CLEAR,0.0,0.0,0.0,0.0,4.467089964197776e-06,,,,,2.529545251339407e-05,3854.443359375,-39.5
speech_noisy/fsd361400.wav,speech_noisy,FSD50K (Freesound) via HF Fhrozen/FSD50k,CC0-1.0,44100,10.403,win0.2,7.652,0.2,CLEAR,0.0,0.0,0.0,0.0,2.4130962058374972e-05,,,,,0.00016075753447338713,4823.4375,-45.4
speech_noisy/fsd272492.wav,speech_noisy,FSD50K (Freesound) via HF Fhrozen/FSD50k,CC0-1.0,44100,9.824,full,0.0,9.824,CLEAR,0.0,0.0,0.0,0.0,3.21547442875539e-05,,,,,5.717835598567699e-05,3552.978515625,-64.4
speech_noisy/fsd272492.wav,speech_noisy,FSD50K (Freesound) via HF Fhrozen/FSD50k,CC0-1.0,44100,9.824,win0.5,0.0,0.5,CLEAR,0.0,0.0,0.0,0.0,0.000496737902317601,,,,,0.0008941285950709052,5232.568359375,-78.2
speech_noisy/fsd272492.wav,speech_noisy,FSD50K (Freesound) via HF Fhrozen/FSD50k,CC0-1.0,44100,9.824,win0.5,2.331,0.5,CLEAR,0.0,0.0,0.0,0.0,5.968877651706149e-05,,,,,0.00010599915359213463,3488.37890625,-67.7
speech_noisy/fsd272492.wav,speech_noisy,FSD50K (Freesound) via HF Fhrozen/FSD50k,CC0-1.0,44100,9.824,win0.5,4.662,0.5,CLEAR,0.0,0.0,0.0,0.0,0.00015182754418059023,,,,,0.00025953447371739616,3552.978515625,-70.5
speech_noisy/fsd272492.wav,speech_noisy,FSD50K (Freesound) via HF Fhrozen/FSD50k,CC0-1.0,44100,9.824,win0.5,6.993,0.5,CLEAR,0.0,0.0,0.0,0.0,0.00026898845063364076,,,,,0.0004832150327625374,1356.591796875,-74.3
speech_noisy/fsd272492.wav,speech_noisy,FSD50K (Freesound) via HF Fhrozen/FSD50k,CC0-1.0,44100,9.824,win0.5,9.324,0.5,CLEAR,0.0,0.0,0.0,0.0,0.00020359076548888557,,,,,0.00036489557857434713,559.86328125,-73.5
speech_noisy/fsd272492.wav,speech_noisy,FSD50K (Freesound) via HF Fhrozen/FSD50k,CC0-1.0,44100,9.824,win0.2,0.0,0.2,CLEAR,0.0,0.0,0.0,1.0,0.007317724601906579,4.424211294276889,6.003926243331833,-1.579714949054944,15396.240234375,0.013359679036178868,16559.033203125,-92.5
speech_noisy/fsd272492.wav,speech_noisy,FSD50K (Freesound) via HF Fhrozen/FSD50k,CC0-1.0,44100,9.824,win0.2,2.406,0.2,CLEAR,0.0,0.0,0.0,0.0,0.0004729575493492825,,,,,0.0008239363764051378,3251.513671875,-73.2
speech_noisy/fsd272492.wav,speech_noisy,FSD50K (Freesound) via HF Fhrozen/FSD50k,CC0-1.0,44100,9.824,win0.2,4.812,0.2,CLEAR,0.0,0.0,0.0,0.0,6.883233259517798e-05,,,,,0.0001206444556796878,2713.18359375,-67.0
speech_noisy/fsd272492.wav,speech_noisy,FSD50K (Freesound) via HF Fhrozen/FSD50k,CC0-1.0,44100,9.824,win0.2,7.218,0.2,CLEAR,0.0,0.0,0.0,0.0,0.0008628653772276357,3.9412198531725946,6.003926243331833,-2.062706390159238,20714.94140625,0.0015450225030676297,5038.76953125,-77.0
speech_noisy/fsd272492.wav,speech_noisy,FSD50K (Freesound) via HF Fhrozen/FSD50k,CC0-1.0,44100,9.824,win0.2,9.624,0.2,CLEAR,0.0,0.0,0.0,0.0,0.0006175449392273404,5.001303426165586,6.003926243331833,-1.0026228171662463,21791.6015625,0.00110380580932999,2691.650390625,-77.6
speech_noisy/fsd69869.wav,speech_noisy,FSD50K (Freesound) via HF Fhrozen/FSD50k,CC-BY-3.0,44100,9.924,full,0.0,9.924,CLEAR,0.0,0.0,0.0,0.0,1.2547371661556972e-05,,,,,9.435401584313491e-05,2950.048828125,-21.6
speech_noisy/fsd69869.wav,speech_noisy,FSD50K (Freesound) via HF Fhrozen/FSD50k,CC-BY-3.0,44100,9.924,win0.5,0.0,0.5,CLEAR,0.0,0.0,0.0,0.0,6.299947908421145e-06,,,,,2.6240425261643113e-05,2950.048828125,-26.6
speech_noisy/fsd69869.wav,speech_noisy,FSD50K (Freesound) via HF Fhrozen/FSD50k,CC-BY-3.0,44100,9.924,win0.5,2.356,0.5,CLEAR,0.0,0.0,0.0,0.0,3.927690706285008e-06,,,,,2.646042959281513e-05,1937.98828125,-20.5
speech_noisy/fsd69869.wav,speech_noisy,FSD50K (Freesound) via HF Fhrozen/FSD50k,CC-BY-3.0,44100,9.924,win0.5,4.712,0.5,CLEAR,0.0,0.0,0.0,0.0,2.5687361592681626e-06,,,,,1.0428286962217388e-05,2950.048828125,-18.9
speech_noisy/fsd69869.wav,speech_noisy,FSD50K (Freesound) via HF Fhrozen/FSD50k,CC-BY-3.0,44100,9.924,win0.5,7.068,0.5,CLEAR,0.0,0.0,0.0,0.0,4.674834188883643e-05,,,,,0.0005513571955645416,7967.28515625,-21.0
speech_noisy/fsd69869.wav,speech_noisy,FSD50K (Freesound) via HF Fhrozen/FSD50k,CC-BY-3.0,44100,9.924,win0.5,9.424,0.5,CLEAR,0.0,0.0,0.0,0.0,6.59154628362724e-06,,,,,4.747477827618643e-05,2670.1171875,-29.5
speech_noisy/fsd69869.wav,speech_noisy,FSD50K (Freesound) via HF Fhrozen/FSD50k,CC-BY-3.0,44100,9.924,win0.2,0.0,0.2,CLEAR,0.0,0.0,0.0,0.0,7.70451969079115e-06,,,,,2.720587015177954e-05,2454.78515625,-26.7
speech_noisy/fsd69869.wav,speech_noisy,FSD50K (Freesound) via HF Fhrozen/FSD50k,CC-BY-3.0,44100,9.924,win0.2,2.431,0.2,CLEAR,0.0,0.0,0.0,0.0,4.620166126187448e-06,,,,,3.0509691074387378e-05,1851.85546875,-21.2
speech_noisy/fsd69869.wav,speech_noisy,FSD50K (Freesound) via HF Fhrozen/FSD50k,CC-BY-3.0,44100,9.924,win0.2,4.862,0.2,CLEAR,0.0,0.0,0.0,0.0,8.51247845668157e-06,,,,,3.512280615420737e-05,1744.189453125,-24.3
speech_noisy/fsd69869.wav,speech_noisy,FSD50K (Freesound) via HF Fhrozen/FSD50k,CC-BY-3.0,44100,9.924,win0.2,7.293,0.2,CLEAR,0.0,0.0,0.0,0.0,1.3620962293194032e-05,,,,,5.8859352363692884e-05,2325.5859375,-22.5
speech_noisy/fsd69869.wav,speech_noisy,FSD50K (Freesound) via HF Fhrozen/FSD50k,CC-BY-3.0,44100,9.924,win0.2,9.724,0.2,CLEAR,0.0,0.0,0.0,0.0,4.380835275718142e-06,,,,,1.704623331236588e-05,2131.787109375,-29.2
music_guitar_piano/fsd40440.wav,music_guitar_piano,FSD50K (Freesound) via HF Fhrozen/FSD50k,CC-BY-3.0,44100,3.648,full,0.0,3.648,CLEAR,0.0,0.0,0.0,0.0,7.249378379012538e-07,,,,,1.4891231930438577e-06,3940.576171875,-26.7
music_guitar_piano/fsd40440.wav,music_guitar_piano,FSD50K (Freesound) via HF Fhrozen/FSD50k,CC-BY-3.0,44100,3.648,win0.5,0.0,0.5,CLEAR,0.0,0.0,0.0,0.0,1.0576549315315353e-06,,,,,2.125834599719382e-06,1119.7265625,-28.3
music_guitar_piano/fsd40440.wav,music_guitar_piano,FSD50K (Freesound) via HF Fhrozen/FSD50k,CC-BY-3.0,44100,3.648,win0.5,0.787,0.5,CLEAR,0.0,0.0,0.0,0.0,1.772880738910432e-06,,,,,3.6806132129301544e-06,473.73046875,-30.9
music_guitar_piano/fsd40440.wav,music_guitar_piano,FSD50K (Freesound) via HF Fhrozen/FSD50k,CC-BY-3.0,44100,3.648,win0.5,1.574,0.5,CLEAR,0.0,0.0,0.0,0.0,2.3794688068310112e-07,,,,,5.018528891015754e-07,3811.376953125,-21.7
music_guitar_piano/fsd40440.wav,music_guitar_piano,FSD50K (Freesound) via HF Fhrozen/FSD50k,CC-BY-3.0,44100,3.648,win0.5,2.361,0.5,CLEAR,0.0,0.0,0.0,0.0,2.5497434192183295e-06,,,,,5.013436069822967e-06,473.73046875,-32.0
music_guitar_piano/fsd40440.wav,music_guitar_piano,FSD50K (Freesound) via HF Fhrozen/FSD50k,CC-BY-3.0,44100,3.648,win0.5,3.148,0.5,CLEAR,0.0,0.0,0.0,0.0,3.1335524428539547e-07,,,,,6.659228972099009e-07,4565.0390625,-23.2
music_guitar_piano/fsd40440.wav,music_guitar_piano,FSD50K (Freesound) via HF Fhrozen/FSD50k,CC-BY-3.0,44100,3.648,win0.2,0.0,0.2,CLEAR,0.0,0.0,0.0,0.0,6.083090938508324e-07,,,,,1.2002562741170574e-06,2476.318359375,-25.7
music_guitar_piano/fsd40440.wav,music_guitar_piano,FSD50K (Freesound) via HF Fhrozen/FSD50k,CC-BY-3.0,44100,3.648,win0.2,0.862,0.2,CLEAR,0.0,0.0,0.0,0.0,1.007221435175561e-06,,,,,2.1294061694634724e-06,495.263671875,-28.9
music_guitar_piano/fsd40440.wav,music_guitar_piano,FSD50K (Freesound) via HF Fhrozen/FSD50k,CC-BY-3.0,44100,3.648,win0.2,1.724,0.2,CLEAR,0.0,0.0,0.0,0.0,6.430624709181071e-07,,,,,1.3371518534152518e-06,3488.37890625,-25.7
music_guitar_piano/fsd40440.wav,music_guitar_piano,FSD50K (Freesound) via HF Fhrozen/FSD50k,CC-BY-3.0,44100,3.648,win0.2,2.586,0.2,CLEAR,0.0,0.0,0.0,0.0,2.3747616787661953e-06,,,,,4.526888546588246e-06,602.9296875,-30.8
music_guitar_piano/fsd40440.wav,music_guitar_piano,FSD50K (Freesound) via HF Fhrozen/FSD50k,CC-BY-3.0,44100,3.648,win0.2,3.448,0.2,CLEAR,0.0,0.0,0.0,0.0,1.9572541533962168e-07,,,,,4.0073683936231384e-07,3940.576171875,-21.3
music_guitar_piano/fsd183082.wav,music_guitar_piano,FSD50K (Freesound) via HF Fhrozen/FSD50k,CC-BY-3.0,44100,4.167,full,0.0,4.167,CLEAR,0.0,0.0,0.0,0.0,6.040533657459761e-09,,,,,2.035860330473102e-08,2605.517578125,-23.0
music_guitar_piano/fsd183082.wav,music_guitar_piano,FSD50K (Freesound) via HF Fhrozen/FSD50k,CC-BY-3.0,44100,4.167,win0.5,0.0,0.5,CLEAR,0.0,0.0,0.0,0.0,2.268406816030569e-09,,,,,1.559866940484308e-08,2648.583984375,-14.9
music_guitar_piano/fsd183082.wav,music_guitar_piano,FSD50K (Freesound) via HF Fhrozen/FSD50k,CC-BY-3.0,44100,4.167,win0.5,0.917,0.5,CLEAR,0.0,0.0,0.0,0.0,1.2185785202228105e-08,,,,,2.4247650086446794e-08,1830.322265625,-27.0
music_guitar_piano/fsd183082.wav,music_guitar_piano,FSD50K (Freesound) via HF Fhrozen/FSD50k,CC-BY-3.0,44100,4.167,win0.5,1.833,0.5,CLEAR,0.0,0.0,0.0,0.0,1.0864487125915991e-07,,,,,2.1869106475449087e-07,1507.32421875,-36.5
music_guitar_piano/fsd183082.wav,music_guitar_piano,FSD50K (Freesound) via HF Fhrozen/FSD50k,CC-BY-3.0,44100,4.167,win0.5,2.75,0.5,CLEAR,0.0,0.0,0.0,0.0,3.141902867726427e-07,,,,,6.198269289241461e-07,1162.79296875,-41.2
music_guitar_piano/fsd183082.wav,music_guitar_piano,FSD50K (Freesound) via HF Fhrozen/FSD50k,CC-BY-3.0,44100,4.167,win0.5,3.667,0.5,CLEAR,0.0,0.0,0.0,0.0,4.4386698129569065e-07,,,,,8.607342216935769e-07,1162.79296875,-43.3
music_guitar_piano/fsd183082.wav,music_guitar_piano,FSD50K (Freesound) via HF Fhrozen/FSD50k,CC-BY-3.0,44100,4.167,win0.2,0.0,0.2,CLEAR,0.0,0.0,0.0,0.0,2.8812156505102273e-09,,,,,2.645948511908942e-08,3983.642578125,-13.2
music_guitar_piano/fsd183082.wav,music_guitar_piano,FSD50K (Freesound) via HF Fhrozen/FSD50k,CC-BY-3.0,44100,4.167,win0.2,0.992,0.2,CLEAR,0.0,0.0,0.0,0.0,1.1792579284574496e-08,,,,,2.298036645422331e-08,1830.322265625,-26.7
music_guitar_piano/fsd183082.wav,music_guitar_piano,FSD50K (Freesound) via HF Fhrozen/FSD50k,CC-BY-3.0,44100,4.167,win0.2,1.983,0.2,CLEAR,0.0,0.0,0.0,0.0,1.0991274013013642e-07,,,,,2.2014091025522824e-07,1507.32421875,-36.7
music_guitar_piano/fsd183082.wav,music_guitar_piano,FSD50K (Freesound) via HF Fhrozen/FSD50k,CC-BY-3.0,44100,4.167,win0.2,2.975,0.2,CLEAR,0.0,0.0,0.0,0.0,3.563338941519086e-07,,,,,6.949484108038947e-07,1162.79296875,-41.9
music_guitar_piano/fsd183082.wav,music_guitar_piano,FSD50K (Freesound) via HF Fhrozen/FSD50k,CC-BY-3.0,44100,4.167,win0.2,3.967,0.2,CLEAR,0.0,0.0,0.0,0.0,4.1199565207483937e-07,,,,,8.02393492715691e-07,1162.79296875,-42.8
music_guitar_piano/fsd239810.wav,music_guitar_piano,FSD50K (Freesound) via HF Fhrozen/FSD50k,CC-BY-3.0,44100,6.25,full,0.0,6.25,CLEAR,0.0,0.0,0.0,0.0,5.124738629086583e-10,,,,,8.776924316781003e-10,430.6640625,-15.4
music_guitar_piano/fsd239810.wav,music_guitar_piano,FSD50K (Freesound) via HF Fhrozen/FSD50k,CC-BY-3.0,44100,6.25,win0.5,0.0,0.5,CLEAR,0.0,0.0,0.0,0.0,9.336973428480301e-11,,,,,1.4686818486599577e-10,430.6640625,-7.0
music_guitar_piano/fsd239810.wav,music_guitar_piano,FSD50K (Freesound) via HF Fhrozen/FSD50k,CC-BY-3.0,44100,6.25,win0.5,1.437,0.5,CLEAR,0.0,0.0,0.0,0.0,7.0392190479387e-10,,,,,1.2624440362554123e-09,215.33203125,-17.1
music_guitar_piano/fsd239810.wav,music_guitar_piano,FSD50K (Freesound) via HF Fhrozen/FSD50k,CC-BY-3.0,44100,6.25,win0.5,2.875,0.5,CLEAR,0.0,0.0,0.0,0.0,2.8140724197806e-09,,,,,4.838024926653151e-09,215.33203125,-23.0
music_guitar_piano/fsd239810.wav,music_guitar_piano,FSD50K (Freesound) via HF Fhrozen/FSD50k,CC-BY-3.0,44100,6.25,win0.5,4.312,0.5,CLEAR,0.0,0.0,0.0,0.0,8.660682798771032e-09,,,,,1.471946623652232e-08,215.33203125,-27.6
music_guitar_piano/fsd239810.wav,music_guitar_piano,FSD50K (Freesound) via HF Fhrozen/FSD50k,CC-BY-3.0,44100,6.25,win0.5,5.75,0.5,CLEAR,0.0,0.0,0.0,0.0,7.171181445987769e-09,,,,,1.2279213637866582e-08,215.33203125,-27.1
music_guitar_piano/fsd239810.wav,music_guitar_piano,FSD50K (Freesound) via HF Fhrozen/FSD50k,CC-BY-3.0,44100,6.25,win0.2,0.0,0.2,CLEAR,0.0,0.0,0.0,0.0,9.363728080003997e-11,,,,,1.448155259182788e-10,538.330078125,-6.5
music_guitar_piano/fsd239810.wav,music_guitar_piano,FSD50K (Freesound) via HF Fhrozen/FSD50k,CC-BY-3.0,44100,6.25,win0.2,1.512,0.2,CLEAR,0.0,0.0,0.0,0.0,6.530253986571343e-10,,,,,1.1760697639829034e-09,215.33203125,-16.8
music_guitar_piano/fsd239810.wav,music_guitar_piano,FSD50K (Freesound) via HF Fhrozen/FSD50k,CC-BY-3.0,44100,6.25,win0.2,3.025,0.2,CLEAR,0.0,0.0,0.0,0.0,3.0367115007681154e-09,,,,,5.064474474257786e-09,215.33203125,-23.1
music_guitar_piano/fsd239810.wav,music_guitar_piano,FSD50K (Freesound) via HF Fhrozen/FSD50k,CC-BY-3.0,44100,6.25,win0.2,4.537,0.2,CLEAR,0.0,0.0,0.0,0.0,8.50478097233641e-09,,,,,1.4587738111858414e-08,215.33203125,-27.8
music_guitar_piano/fsd239810.wav,music_guitar_piano,FSD50K (Freesound) via HF Fhrozen/FSD50k,CC-BY-3.0,44100,6.25,win0.2,6.05,0.2,CLEAR,0.0,0.0,0.0,0.0,7.023249134504574e-09,,,,,1.2271246963026964e-08,215.33203125,-27.1
music_guitar_piano/fsd382494.wav,music_guitar_piano,FSD50K (Freesound) via HF Fhrozen/FSD50k,CC-BY-3.0,44100,6.788,full,0.0,6.788,CLEAR,0.0,0.0,0.0,0.0,3.7044362551597424e-07,,,,,7.364030769843125e-07,2282.51953125,-26.3
music_guitar_piano/fsd382494.wav,music_guitar_piano,FSD50K (Freesound) via HF Fhrozen/FSD50k,CC-BY-3.0,44100,6.788,win0.5,0.0,0.5,CLEAR,0.0,0.0,0.0,0.0,5.785235903459384e-08,,,,,1.4111262226928528e-07,2282.51953125,-15.8
music_guitar_piano/fsd382494.wav,music_guitar_piano,FSD50K (Freesound) via HF Fhrozen/FSD50k,CC-BY-3.0,44100,6.788,win0.5,1.572,0.5,CLEAR,0.0,0.0,0.0,0.0,1.5181437496307449e-05,,,,,2.9163684086216678e-05,1701.123046875,-40.1
music_guitar_piano/fsd382494.wav,music_guitar_piano,FSD50K (Freesound) via HF Fhrozen/FSD50k,CC-BY-3.0,44100,6.788,win0.5,3.144,0.5,CLEAR,0.0,0.0,0.0,0.0,6.911130798969151e-05,,,,,0.00013333371463496608,581.396484375,-48.2
music_guitar_piano/fsd382494.wav,music_guitar_piano,FSD50K (Freesound) via HF Fhrozen/FSD50k,CC-BY-3.0,44100,6.788,win0.5,4.716,0.5,CLEAR,0.0,0.0,0.0,0.0,0.0002466765768317772,,,,,0.0004366075409819115,559.86328125,-54.7
music_guitar_piano/fsd382494.wav,music_guitar_piano,FSD50K (Freesound) via HF Fhrozen/FSD50k,CC-BY-3.0,44100,6.788,win0.5,6.288,0.5,CLEAR,0.0,0.0,0.0,1.0,0.008132007016716717,5.444569602499174,3.8703545627746405,1.5742150397245331,19939.74609375,0.012275831954008144,16645.166015625,-72.5
music_guitar_piano/fsd382494.wav,music_guitar_piano,FSD50K (Freesound) via HF Fhrozen/FSD50k,CC-BY-3.0,44100,6.788,win0.2,0.0,0.2,CLEAR,0.0,0.0,0.0,0.0,3.7859019427540844e-08,,,,,1.1621488169144937e-07,2304.052734375,-13.4
music_guitar_piano/fsd382494.wav,music_guitar_piano,FSD50K (Freesound) via HF Fhrozen/FSD50k,CC-BY-3.0,44100,6.788,win0.2,1.647,0.2,CLEAR,0.0,0.0,0.0,0.0,1.4665135412632172e-05,,,,,2.7732762136568822e-05,1701.123046875,-39.8
music_guitar_piano/fsd382494.wav,music_guitar_piano,FSD50K (Freesound) via HF Fhrozen/FSD50k,CC-BY-3.0,44100,6.788,win0.2,3.294,0.2,CLEAR,0.0,0.0,0.0,0.0,5.820269539171084e-05,,,,,0.00010909761482712904,581.396484375,-47.4
music_guitar_piano/fsd382494.wav,music_guitar_piano,FSD50K (Freesound) via HF Fhrozen/FSD50k,CC-BY-3.0,44100,6.788,win0.2,4.941,0.2,CLEAR,0.0,0.0,0.0,0.0,0.0002994678696298479,,,,,0.0005363156337394005,559.86328125,-55.6
music_guitar_piano/fsd382494.wav,music_guitar_piano,FSD50K (Freesound) via HF Fhrozen/FSD50k,CC-BY-3.0,44100,6.788,win0.2,6.588,0.2,CLEAR,0.0,0.0,0.0,1.0,0.01633881350770317,5.949808540108221,6.003926243331833,-0.054117703223611535,20542.67578125,0.025089051417104005,19702.880859375,-79.4
music_guitar_piano/fsd12757.wav,music_guitar_piano,FSD50K (Freesound) via HF Fhrozen/FSD50k,CC-BY-3.0,44100,4.0,full,0.0,4.0,CLEAR,0.0,0.0,0.0,0.0,1.4106216510860591e-05,,,,,1.414789961480022e-05,430.6640625,-16.2
music_guitar_piano/fsd12757.wav,music_guitar_piano,FSD50K (Freesound) via HF Fhrozen/FSD50k,CC-BY-3.0,44100,4.0,win0.5,0.0,0.5,CLEAR,0.0,0.0,0.0,0.0,2.042942425320136e-06,,,,,2.0489744530434695e-06,430.6640625,-8.0
music_guitar_piano/fsd12757.wav,music_guitar_piano,FSD50K (Freesound) via HF Fhrozen/FSD50k,CC-BY-3.0,44100,4.0,win0.5,0.875,0.5,CLEAR,0.0,0.0,0.0,0.0,4.256517438249669e-05,,,,,4.269305954484983e-05,430.6640625,-21.3
music_guitar_piano/fsd12757.wav,music_guitar_piano,FSD50K (Freesound) via HF Fhrozen/FSD50k,CC-BY-3.0,44100,4.0,win0.5,1.75,0.5,CLEAR,0.0,0.0,0.0,0.0,0.0009353199621295824,,,,,0.0009381505132037723,430.6640625,-34.6
music_guitar_piano/fsd12757.wav,music_guitar_piano,FSD50K (Freesound) via HF Fhrozen/FSD50k,CC-BY-3.0,44100,4.0,win0.5,2.625,0.5,CLEAR,0.0,0.0,0.0,1.0,0.01034209127375121,25.929806321423428,3.8703545627746405,22.059451758648787,19186.083984375,0.01037306713825675,18863.0859375,-44.9
music_guitar_piano/fsd12757.wav,music_guitar_piano,FSD50K (Freesound) via HF Fhrozen/FSD50k,CC-BY-3.0,44100,4.0,win0.5,3.5,0.5,CLEAR,0.0,0.0,0.0,1.0,0.035442873777499745,24.92745502547058,3.8703545627746405,21.05710046269594,19186.083984375,0.035545413333410936,20693.408203125,-50.3
music_guitar_piano/fsd12757.wav,music_guitar_piano,FSD50K (Freesound) via HF Fhrozen/FSD50k,CC-BY-3.0,44100,4.0,win0.2,0.0,0.2,CLEAR,0.0,0.0,0.0,0.0,1.2898142345812631e-06,,,,,1.2937664252628693e-06,430.6640625,-6.3
music_guitar_piano/fsd12757.wav,music_guitar_piano,FSD50K (Freesound) via HF Fhrozen/FSD50k,CC-BY-3.0,44100,4.0,win0.2,0.95,0.2,CLEAR,0.0,0.0,0.0,0.0,3.335617403788279e-05,,,,,3.345935182023578e-05,430.6640625,-20.7
music_guitar_piano/fsd12757.wav,music_guitar_piano,FSD50K (Freesound) via HF Fhrozen/FSD50k,CC-BY-3.0,44100,4.0,win0.2,1.9,0.2,CLEAR,0.0,0.0,0.0,0.0,0.0010163057292975357,21.823711161104924,6.003926243331833,15.819784917773092,19293.75,0.001019664614279041,430.6640625,-35.1
music_guitar_piano/fsd12757.wav,music_guitar_piano,FSD50K (Freesound) via HF Fhrozen/FSD50k,CC-BY-3.0,44100,4.0,win0.2,2.85,0.2,CLEAR,0.0,0.0,0.0,1.0,0.011178450594978942,25.397981568532373,6.003926243331833,19.39405532520054,19013.818359375,0.011212432228984904,19013.818359375,-45.5
music_guitar_piano/fsd12757.wav,music_guitar_piano,FSD50K (Freesound) via HF Fhrozen/FSD50k,CC-BY-3.0,44100,4.0,win0.2,3.8,0.2,CLEAR,0.0,0.0,0.0,1.0,0.04137387471579308,22.66779163852201,6.003926243331833,16.66386539519018,19186.083984375,0.04150347046384156,20779.541015625,-51.1
music_guitar_piano/fsd410643.wav,music_guitar_piano,FSD50K (Freesound) via HF Fhrozen/FSD50k,CC-BY-3.0,44100,8.33,full,0.0,8.33,CLEAR,0.0,0.0,0.0,0.0,2.5860293643135747e-07,,,,,4.7179884534371763e-07,1098.193359375,-42.1
music_guitar_piano/fsd410643.wav,music_guitar_piano,FSD50K (Freesound) via HF Fhrozen/FSD50k,CC-BY-3.0,44100,8.33,win0.5,0.0,0.5,CLEAR,0.0,0.0,0.0,0.0,3.7867932486514764e-08,,,,,1.0812336975947696e-07,1636.5234375,-32.1
music_guitar_piano/fsd410643.wav,music_guitar_piano,FSD50K (Freesound) via HF Fhrozen/FSD50k,CC-BY-3.0,44100,8.33,win0.5,1.958,0.5,CLEAR,0.0,0.0,0.0,0.0,2.7284889972279417e-06,,,,,4.745976083011411e-06,1076.66015625,-51.5
music_guitar_piano/fsd410643.wav,music_guitar_piano,FSD50K (Freesound) via HF Fhrozen/FSD50k,CC-BY-3.0,44100,8.33,win0.5,3.915,0.5,CLEAR,0.0,0.0,0.0,0.0,0.0003542859158512436,,,,,0.0005997275965887042,1076.66015625,-72.6
music_guitar_piano/fsd410643.wav,music_guitar_piano,FSD50K (Freesound) via HF Fhrozen/FSD50k,CC-BY-3.0,44100,8.33,win0.5,5.873,0.5,CLEAR,0.0,0.0,0.0,1.0,0.012341223373772987,6.371557396749594,3.8703545627746405,2.5012028339749537,20994.873046875,0.021770494360777052,18863.0859375,-88.2
music_guitar_piano/fsd410643.wav,music_guitar_piano,FSD50K (Freesound) via HF Fhrozen/FSD50k,CC-BY-3.0,44100,8.33,win0.2,0.0,0.2,CLEAR,0.0,0.0,0.0,0.0,5.975859270525573e-08,,,,,2.538001416520239e-07,2174.853515625,-32.9
music_guitar_piano/fsd410643.wav,music_guitar_piano,FSD50K (Freesound) via HF Fhrozen/FSD50k,CC-BY-3.0,44100,8.33,win0.2,2.033,0.2,CLEAR,0.0,0.0,0.0,0.0,2.3336528479281782e-06,,,,,4.142603746500059e-06,1076.66015625,-50.9
music_guitar_piano/fsd410643.wav,music_guitar_piano,FSD50K (Freesound) via HF Fhrozen/FSD50k,CC-BY-3.0,44100,8.33,win0.2,4.065,0.2,CLEAR,0.0,0.0,0.0,0.0,0.00041344647698649423,,,,,0.0006530822415112455,1076.66015625,-72.7
music_guitar_piano/fsd410643.wav,music_guitar_piano,FSD50K (Freesound) via HF Fhrozen/FSD50k,CC-BY-3.0,44100,8.33,win0.2,6.098,0.2,CLEAR,0.0,0.0,0.0,1.0,0.018967492084920486,10.074985288390527,6.003926243331833,4.0710590450586945,20994.873046875,0.0321259455342316,20025.87890625,-89.2
music_guitar_piano/fsd415430.wav,music_guitar_piano,FSD50K (Freesound) via HF Fhrozen/FSD50k,CC0-1.0,44100,9.23,full,0.0,9.23,CLEAR,0.0,0.0,0.0,0.0,7.29533979472713e-06,,,,,4.561546702250447e-05,3962.109375,-35.4
music_guitar_piano/fsd415430.wav,music_guitar_piano,FSD50K (Freesound) via HF Fhrozen/FSD50k,CC0-1.0,44100,9.23,win0.5,0.0,0.5,CLEAR,0.0,0.0,0.0,0.1036,2.2154746290828423e-05,,,,,0.00011712339964652597,8828.61328125,-40.3
music_guitar_piano/fsd415430.wav,music_guitar_piano,FSD50K (Freesound) via HF Fhrozen/FSD50k,CC0-1.0,44100,9.23,win0.5,2.183,0.5,CLEAR,0.0,0.0,0.0,0.0,1.7871658922090433e-05,,,,,8.278403471822256e-05,7881.15234375,-31.9
music_guitar_piano/fsd415430.wav,music_guitar_piano,FSD50K (Freesound) via HF Fhrozen/FSD50k,CC0-1.0,44100,9.23,win0.5,4.365,0.5,CLEAR,0.0,0.0,0.0,0.0,3.923568678770635e-06,,,,,6.528350459841658e-05,3962.109375,-30.5
music_guitar_piano/fsd415430.wav,music_guitar_piano,FSD50K (Freesound) via HF Fhrozen/FSD50k,CC0-1.0,44100,9.23,win0.5,6.548,0.5,CLEAR,0.0,0.0,0.0,0.0,7.031884881766981e-06,,,,,1.5561844971375196e-05,3122.314453125,-38.1
music_guitar_piano/fsd415430.wav,music_guitar_piano,FSD50K (Freesound) via HF Fhrozen/FSD50k,CC0-1.0,44100,9.23,win0.5,8.73,0.5,CLEAR,0.0,0.0,0.0,0.0,6.27084489831126e-05,,,,,0.00013178773808495542,1119.7265625,-52.0
music_guitar_piano/fsd415430.wav,music_guitar_piano,FSD50K (Freesound) via HF Fhrozen/FSD50k,CC0-1.0,44100,9.23,win0.2,0.0,0.2,CLEAR,0.0,0.0,0.0,0.0,0.00033060431976642403,,,,,0.0007151054282200919,2713.18359375,-54.5
music_guitar_piano/fsd415430.wav,music_guitar_piano,FSD50K (Freesound) via HF Fhrozen/FSD50k,CC0-1.0,44100,9.23,win0.2,2.258,0.2,CLEAR,0.0,0.0,0.0,0.0,4.31300544949881e-06,,,,,3.34852013992943e-05,7881.15234375,-31.8
music_guitar_piano/fsd415430.wav,music_guitar_piano,FSD50K (Freesound) via HF Fhrozen/FSD50k,CC0-1.0,44100,9.23,win0.2,4.515,0.2,CLEAR,0.0,0.0,0.0,0.0,6.412480420164652e-06,,,,,0.00014255891036318453,3962.109375,-29.3
music_guitar_piano/fsd415430.wav,music_guitar_piano,FSD50K (Freesound) via HF Fhrozen/FSD50k,CC0-1.0,44100,9.23,win0.2,6.773,0.2,CLEAR,0.0,0.0,0.0,0.0,7.675462510895051e-06,,,,,1.6468199745229684e-05,2713.18359375,-38.6
music_guitar_piano/fsd415430.wav,music_guitar_piano,FSD50K (Freesound) via HF Fhrozen/FSD50k,CC0-1.0,44100,9.23,win0.2,9.03,0.2,CLEAR,0.0,0.0,0.0,0.0,0.00013396457716934127,,,,,0.0002864782629428822,1378.125,-62.1
music_guitar_piano/fsd381470.wav,music_guitar_piano,FSD50K (Freesound) via HF Fhrozen/FSD50k,CC0-1.0,44100,4.907,full,0.0,4.907,CLEAR,0.0,0.0,0.486,0.5019,0.00039783194421240045,25.783326241599283,1.3227330862841207,24.460593155315163,17183.49609375,0.002065605689582056,12015.52734375,-32.0
music_guitar_piano/fsd381470.wav,music_guitar_piano,FSD50K (Freesound) via HF Fhrozen/FSD50k,CC0-1.0,44100,4.907,win0.5,0.0,0.5,CLEAR,0.0449,0.0046,0.4365,0.5208,0.0004622807879430735,25.825678721222157,3.8703545627746405,21.955324158447517,17183.49609375,0.002401703080681728,12166.259765625,-22.7
music_guitar_piano/fsd381470.wav,music_guitar_piano,FSD50K (Freesound) via HF Fhrozen/FSD50k,CC0-1.0,44100,4.907,win0.5,1.102,0.5,CLEAR,0.0,0.0,0.0,0.0,1.3862562757971633e-06,,,,,3.299443802795598e-06,1270.458984375,-38.2
music_guitar_piano/fsd381470.wav,music_guitar_piano,FSD50K (Freesound) via HF Fhrozen/FSD50k,CC0-1.0,44100,4.907,win0.5,2.204,0.5,CLEAR,0.0,0.0,0.0,0.0,1.629158555419023e-05,,,,,2.8869559734726865e-05,1248.92578125,-50.8
music_guitar_piano/fsd381470.wav,music_guitar_piano,FSD50K (Freesound) via HF Fhrozen/FSD50k,CC0-1.0,44100,4.907,win0.5,3.305,0.5,CLEAR,0.0,0.0,0.0,0.0,9.371671157292102e-05,,,,,0.000167628912562965,1227.392578125,-58.6
music_guitar_piano/fsd381470.wav,music_guitar_piano,FSD50K (Freesound) via HF Fhrozen/FSD50k,CC0-1.0,44100,4.907,win0.5,4.407,0.5,CLEAR,0.0,0.0,0.0,0.0,0.000530589461308138,,,,,0.0009148822443770348,645.99609375,-66.1
music_guitar_piano/fsd381470.wav,music_guitar_piano,FSD50K (Freesound) via HF Fhrozen/FSD50k,CC0-1.0,44100,4.907,win0.2,0.0,0.2,CLEAR,0.0471,0.0056,0.3954,0.5827,0.0005620168701065516,25.87424470473126,6.003926243331833,19.870318461399428,17183.49609375,0.0029288523626246777,12661.5234375,-19.4
music_guitar_piano/fsd381470.wav,music_guitar_piano,FSD50K (Freesound) via HF Fhrozen/FSD50k,CC0-1.0,44100,4.907,win0.2,1.177,0.2,CLEAR,0.0,0.0,0.0,0.0,1.3608527247680257e-06,,,,,3.3228199377153523e-06,1270.458984375,-37.7
music_guitar_piano/fsd381470.wav,music_guitar_piano,FSD50K (Freesound) via HF Fhrozen/FSD50k,CC0-1.0,44100,4.907,win0.2,2.354,0.2,CLEAR,0.0,0.0,0.0,0.0,1.5396501151151288e-05,,,,,2.7504981435784956e-05,1248.92578125,-50.8
music_guitar_piano/fsd381470.wav,music_guitar_piano,FSD50K (Freesound) via HF Fhrozen/FSD50k,CC0-1.0,44100,4.907,win0.2,3.53,0.2,CLEAR,0.0,0.0,0.0,0.0,9.695970264716459e-05,,,,,0.0001732772600403818,1227.392578125,-58.9
music_guitar_piano/fsd381470.wav,music_guitar_piano,FSD50K (Freesound) via HF Fhrozen/FSD50k,CC0-1.0,44100,4.907,win0.2,4.707,0.2,CLEAR,0.0,0.0,0.0,0.6715,0.0047866752714214285,4.167592196960939,6.003926243331833,-1.8363340463708937,15913.037109375,0.008110335907615963,13372.119140625,-75.7
music_guitar_piano/fsd318031.wav,music_guitar_piano,FSD50K (Freesound) via HF Fhrozen/FSD50k,CC0-1.0,44100,2.159,full,0.0,2.159,CLEAR,0.0,0.0,0.0,0.0,1.0733621985663375e-06,,,,,1.562340380624514e-06,990.52734375,-24.4
music_guitar_piano/fsd318031.wav,music_guitar_piano,FSD50K (Freesound) via HF Fhrozen/FSD50k,CC0-1.0,44100,2.159,win0.5,0.0,0.5,CLEAR,0.0,0.0,0.0,0.0,2.5409526701023006e-07,,,,,3.7805958695350347e-07,990.52734375,-18.4
music_guitar_piano/fsd318031.wav,music_guitar_piano,FSD50K (Freesound) via HF Fhrozen/FSD50k,CC0-1.0,44100,2.159,win0.5,0.553,0.5,CLEAR,0.0,0.0,0.0,0.0,4.665406084963454e-06,,,,,6.768342865475093e-06,882.861328125,-30.8
music_guitar_piano/fsd318031.wav,music_guitar_piano,FSD50K (Freesound) via HF Fhrozen/FSD50k,CC0-1.0,44100,2.159,win0.5,1.106,0.5,CLEAR,0.0,0.0,0.0,0.0,1.6838453639020994e-05,,,,,2.424739548007225e-05,796.728515625,-36.2
music_guitar_piano/fsd318031.wav,music_guitar_piano,FSD50K (Freesound) via HF Fhrozen/FSD50k,CC0-1.0,44100,2.159,win0.5,1.659,0.5,CLEAR,0.0,0.0,0.0,0.0,7.585360258219006e-05,,,,,0.00010937359968382019,882.861328125,-42.9
music_guitar_piano/fsd318031.wav,music_guitar_piano,FSD50K (Freesound) via HF Fhrozen/FSD50k,CC0-1.0,44100,2.159,win0.2,0.0,0.2,CLEAR,0.0,0.0,0.0,0.0,1.5267078343421655e-07,,,,,2.268662586003008e-07,990.52734375,-16.4
music_guitar_piano/fsd318031.wav,music_guitar_piano,FSD50K (Freesound) via HF Fhrozen/FSD50k,CC0-1.0,44100,2.159,win0.2,0.49,0.2,CLEAR,0.0,0.0,0.0,0.0,2.1601210926705216e-06,,,,,3.1872297843633053e-06,796.728515625,-27.0
music_guitar_piano/fsd318031.wav,music_guitar_piano,FSD50K (Freesound) via HF Fhrozen/FSD50k,CC0-1.0,44100,2.159,win0.2,0.98,0.2,CLEAR,0.0,0.0,0.0,0.0,1.3456575200267888e-05,,,,,2.0397217951273926e-05,968.994140625,-35.1
music_guitar_piano/fsd318031.wav,music_guitar_piano,FSD50K (Freesound) via HF Fhrozen/FSD50k,CC0-1.0,44100,2.159,win0.2,1.47,0.2,CLEAR,0.0,0.0,0.0,0.0,3.0208024555141665e-05,,,,,4.2492181200038466e-05,775.1953125,-38.8
music_guitar_piano/fsd318031.wav,music_guitar_piano,FSD50K (Freesound) via HF Fhrozen/FSD50k,CC0-1.0,44100,2.159,win0.2,1.959,0.2,CLEAR,0.0,0.0,0.0,0.0,0.00010521549305893906,,,,,0.00015353466080455643,775.1953125,-44.9
music_guitar_piano/fsd239707.wav,music_guitar_piano,FSD50K (Freesound) via HF Fhrozen/FSD50k,CC-BY-3.0,44100,6.25,full,0.0,6.25,CLEAR,0.0,0.0,0.0,0.0,4.515930520604196e-10,,,,,7.81765283394969e-10,301.46484375,-14.4
music_guitar_piano/fsd239707.wav,music_guitar_piano,FSD50K (Freesound) via HF Fhrozen/FSD50k,CC-BY-3.0,44100,6.25,win0.5,0.0,0.5,CLEAR,0.0,0.0,0.0,0.0,1.0437143797281126e-10,,,,,1.6178704057154723e-10,301.46484375,-7.1
music_guitar_piano/fsd239707.wav,music_guitar_piano,FSD50K (Freesound) via HF Fhrozen/FSD50k,CC-BY-3.0,44100,6.25,win0.5,1.437,0.5,CLEAR,0.0,0.0,0.0,0.0,4.314853199637693e-10,,,,,7.479510621956328e-10,301.46484375,-14.3
music_guitar_piano/fsd239707.wav,music_guitar_piano,FSD50K (Freesound) via HF Fhrozen/FSD50k,CC-BY-3.0,44100,6.25,win0.5,2.875,0.5,CLEAR,0.0,0.0,0.0,0.0,1.2387611901976572e-09,,,,,2.1730344259387086e-09,301.46484375,-19.0
music_guitar_piano/fsd239707.wav,music_guitar_piano,FSD50K (Freesound) via HF Fhrozen/FSD50k,CC-BY-3.0,44100,6.25,win0.5,4.312,0.5,CLEAR,0.0,0.0,0.0,0.0,6.6568180523561325e-09,,,,,1.2189645857042018e-08,301.46484375,-26.4
music_guitar_piano/fsd239707.wav,music_guitar_piano,FSD50K (Freesound) via HF Fhrozen/FSD50k,CC-BY-3.0,44100,6.25,win0.5,5.75,0.5,CLEAR,0.0,0.0,0.0,0.0,3.908441701710459e-09,,,,,6.873064343191069e-09,279.931640625,-24.2
music_guitar_piano/fsd239707.wav,music_guitar_piano,FSD50K (Freesound) via HF Fhrozen/FSD50k,CC-BY-3.0,44100,6.25,win0.2,0.0,0.2,CLEAR,0.0,0.0,0.0,0.0,9.616450855201001e-11,,,,,1.4374877838000447e-10,559.86328125,-6.4
music_guitar_piano/fsd239707.wav,music_guitar_piano,FSD50K (Freesound) via HF Fhrozen/FSD50k,CC-BY-3.0,44100,6.25,win0.2,1.512,0.2,CLEAR,0.0,0.0,0.0,0.0,4.113637401390854e-10,,,,,7.147135036694754e-10,301.46484375,-14.1
music_guitar_piano/fsd239707.wav,music_guitar_piano,FSD50K (Freesound) via HF Fhrozen/FSD50k,CC-BY-3.0,44100,6.25,win0.2,3.025,0.2,CLEAR,0.0,0.0,0.0,0.0,1.173557339396879e-09,,,,,2.1129393975913416e-09,301.46484375,-19.0
music_guitar_piano/fsd239707.wav,music_guitar_piano,FSD50K (Freesound) via HF Fhrozen/FSD50k,CC-BY-3.0,44100,6.25,win0.2,4.537,0.2,CLEAR,0.0,0.0,0.0,0.0,8.798622409192096e-09,,,,,1.6510275646419522e-08,301.46484375,-27.6
music_guitar_piano/fsd239707.wav,music_guitar_piano,FSD50K (Freesound) via HF Fhrozen/FSD50k,CC-BY-3.0,44100,6.25,win0.2,6.05,0.2,CLEAR,0.0,0.0,0.0,0.0,3.0364902990917547e-09,,,,,5.3924752422215e-09,279.931640625,-23.1
music_guitar_piano/fsd252465.wav,music_guitar_piano,FSD50K (Freesound) via HF Fhrozen/FSD50k,CC-BY-3.0,44100,8.02,full,0.0,8.02,CLEAR,0.0,0.0,1.0,0.0,3.3064180494343986e-05,35.31634341809151,1.0448361938537307,34.27150722423778,15740.771484375,0.0017661750096766415,7536.62109375,-17.6
music_guitar_piano/fsd252465.wav,music_guitar_piano,FSD50K (Freesound) via HF Fhrozen/FSD50k,CC-BY-3.0,44100,8.02,win0.5,0.0,0.5,CLEAR,0.0,0.0,0.0,0.0,2.115489540313326e-05,,,,,0.0008523171068145787,6524.560546875,-15.9
music_guitar_piano/fsd252465.wav,music_guitar_piano,FSD50K (Freesound) via HF Fhrozen/FSD50k,CC-BY-3.0,44100,8.02,win0.5,1.88,0.5,CLEAR,0.0,0.0,0.0,0.0,1.8143815078936845e-05,,,,,0.0007994206997639279,6869.091796875,-14.5
music_guitar_piano/fsd252465.wav,music_guitar_piano,FSD50K (Freesound) via HF Fhrozen/FSD50k,CC-BY-3.0,44100,8.02,win0.5,3.76,0.5,CLEAR,0.0,0.0003,0.0,0.0,3.064497300814092e-05,,,,,0.0005254034057911205,6481.494140625,-13.1
music_guitar_piano/fsd252465.wav,music_guitar_piano,FSD50K (Freesound) via HF Fhrozen/FSD50k,CC-BY-3.0,44100,8.02,win0.5,5.64,0.5,CLEAR,0.0,0.0,1.0,0.0,9.88893214265653e-05,35.79262037686339,3.8703545627746405,31.92226581408875,15740.771484375,0.004279206040084089,7902.685546875,-22.8
music_guitar_piano/fsd252465.wav,music_guitar_piano,FSD50K (Freesound) via HF Fhrozen/FSD50k,CC-BY-3.0,44100,8.02,win0.5,7.52,0.5,CLEAR,0.0,0.0,1.0,0.4939,7.304489325674718e-05,40.074471928340785,3.8703545627746405,36.20411736556614,15740.771484375,0.009512660696768442,11950.927734375,-22.4
music_guitar_piano/fsd252465.wav,music_guitar_piano,FSD50K (Freesound) via HF Fhrozen/FSD50k,CC-BY-3.0,44100,8.02,win0.2,0.0,0.2,CLEAR,0.0,0.0,1.0,0.0,1.6756142746675188e-05,36.51162955144807,6.003926243331833,30.507703308116234,15740.771484375,0.0010255375032399928,2691.650390625,-17.3
music_guitar_piano/fsd252465.wav,music_guitar_piano,FSD50K (Freesound) via HF Fhrozen/FSD50k,CC-BY-3.0,44100,8.02,win0.2,1.955,0.2,CLEAR,0.0,0.0,0.0,0.0,1.0731484056102719e-05,,,,,0.0006722107104559346,904.39453125,-14.1
music_guitar_piano/fsd252465.wav,music_guitar_piano,FSD50K (Freesound) via HF Fhrozen/FSD50k,CC-BY-3.0,44100,8.02,win0.2,3.91,0.2,CLEAR,0.0,0.0003,0.0,0.0,3.292197689099138e-05,,,,,0.000283095546057937,6007.763671875,-10.1
music_guitar_piano/fsd252465.wav,music_guitar_piano,FSD50K (Freesound) via HF Fhrozen/FSD50k,CC-BY-3.0,44100,8.02,win0.2,5.865,0.2,CLEAR,0.0,0.0,1.0,0.0,0.0001152192091353746,36.78080362230909,6.003926243331833,30.776877378977254,15740.771484375,0.007831000946750629,6503.02734375,-24.5
music_guitar_piano/fsd252465.wav,music_guitar_piano,FSD50K (Freesound) via HF Fhrozen/FSD50k,CC-BY-3.0,44100,8.02,win0.2,7.82,0.2,CLEAR,0.0,0.0,1.0,0.4508,7.034568863439761e-05,40.00736077520648,6.003926243331833,34.003434531874646,15740.771484375,0.009788621539844928,11606.396484375,-23.1
music_guitar_piano/fsd363689.wav,music_guitar_piano,FSD50K (Freesound) via HF Fhrozen/FSD50k,CC-BY-3.0,44100,4.177,full,0.0,4.177,CLEAR,0.0,0.0,0.0,0.0,1.739183700017941e-08,,,,,3.4640457223963996e-08,3186.9140625,-31.0
music_guitar_piano/fsd363689.wav,music_guitar_piano,FSD50K (Freesound) via HF Fhrozen/FSD50k,CC-BY-3.0,44100,4.177,win0.5,0.0,0.5,CLEAR,0.0,0.0,0.0,0.0,2.1833480855620117e-09,,,,,7.664633741490612e-09,3186.9140625,-22.0
music_guitar_piano/fsd363689.wav,music_guitar_piano,FSD50K (Freesound) via HF Fhrozen/FSD50k,CC-BY-3.0,44100,4.177,win0.5,0.919,0.5,CLEAR,0.0,0.0,0.0,0.0,2.274040058262939e-07,,,,,4.0928335428052684e-07,2842.3828125,-42.2
music_guitar_piano/fsd363689.wav,music_guitar_piano,FSD50K (Freesound) via HF Fhrozen/FSD50k,CC-BY-3.0,44100,4.177,win0.5,1.839,0.5,CLEAR,0.0,0.0,0.0,0.0,1.995051056393267e-06,,,,,3.6103968094043464e-06,1593.45703125,-51.7
music_guitar_piano/fsd363689.wav,music_guitar_piano,FSD50K (Freesound) via HF Fhrozen/FSD50k,CC-BY-3.0,44100,4.177,win0.5,2.758,0.5,CLEAR,0.0,0.0,0.0,0.0,2.1545345494305838e-05,,,,,3.787655237652733e-05,1593.45703125,-61.9
music_guitar_piano/fsd363689.wav,music_guitar_piano,FSD50K (Freesound) via HF Fhrozen/FSD50k,CC-BY-3.0,44100,4.177,win0.5,3.677,0.5,CLEAR,0.0,0.0,0.0,0.0,0.0022520164320685744,3.1779250310543192,3.8703545627746405,-0.6924295317203213,15159.375,0.004028385744488254,5900.09765625,-83.2
music_guitar_piano/fsd363689.wav,music_guitar_piano,FSD50K (Freesound) via HF Fhrozen/FSD50k,CC-BY-3.0,44100,4.177,win0.2,0.0,0.2,CLEAR,0.0,0.0,0.0,0.0,1.4133480128657063e-09,,,,,4.557303450541838e-09,1894.921875,-19.9
music_guitar_piano/fsd363689.wav,music_guitar_piano,FSD50K (Freesound) via HF Fhrozen/FSD50k,CC-BY-3.0,44100,4.177,win0.2,0.994,0.2,CLEAR,0.0,0.0,0.0,0.0,1.590116238322121e-07,,,,,2.7757292511732887e-07,2820.849609375,-40.4
music_guitar_piano/fsd363689.wav,music_guitar_piano,FSD50K (Freesound) via HF Fhrozen/FSD50k,CC-BY-3.0,44100,4.177,win0.2,1.989,0.2,CLEAR,0.0,0.0,0.0,0.0,1.7694303759649038e-06,,,,,3.1546105772379523e-06,1593.45703125,-50.8
music_guitar_piano/fsd363689.wav,music_guitar_piano,FSD50K (Freesound) via HF Fhrozen/FSD50k,CC-BY-3.0,44100,4.177,win0.2,2.983,0.2,CLEAR,0.0,0.0,0.0,0.0,2.6923777262222486e-05,,,,,4.854941100887243e-05,1593.45703125,-63.1
music_guitar_piano/fsd363689.wav,music_guitar_piano,FSD50K (Freesound) via HF Fhrozen/FSD50k,CC-BY-3.0,44100,4.177,win0.2,3.977,0.2,CLEAR,0.0,0.0,0.0,1.0,0.007925195922040761,5.33694310743802,6.003926243331833,-0.6669831358938128,15073.2421875,0.014997512215275108,17118.896484375,-93.1
music_guitar_piano/fsd183792.wav,music_guitar_piano,FSD50K (Freesound) via HF Fhrozen/FSD50k,CC-BY-3.0,44100,4.167,full,0.0,4.167,CLEAR,0.0,0.0,0.0,0.0,4.600866296214185e-08,,,,,1.0457341773822189e-07,1528.857421875,-16.8
music_guitar_piano/fsd183792.wav,music_guitar_piano,FSD50K (Freesound) via HF Fhrozen/FSD50k,CC-BY-3.0,44100,4.167,win0.5,0.0,0.5,CLEAR,0.0,0.0,0.0,0.0,1.1375775409483166e-08,,,,,3.718185734843167e-08,1550.390625,-9.6
music_guitar_piano/fsd183792.wav,music_guitar_piano,FSD50K (Freesound) via HF Fhrozen/FSD50k,CC-BY-3.0,44100,4.167,win0.5,0.917,0.5,CLEAR,0.0,0.0,0.0,0.0,8.667573192022279e-08,,,,,1.829071997836431e-07,689.0625,-19.2
music_guitar_piano/fsd183792.wav,music_guitar_piano,FSD50K (Freesound) via HF Fhrozen/FSD50k,CC-BY-3.0,44100,4.167,win0.5,1.833,0.5,CLEAR,0.0,0.0,0.0,0.0,3.562075369084959e-07,,,,,7.330295552844492e-07,667.529296875,-25.3
music_guitar_piano/fsd183792.wav,music_guitar_piano,FSD50K (Freesound) via HF Fhrozen/FSD50k,CC-BY-3.0,44100,4.167,win0.5,2.75,0.5,CLEAR,0.0,0.0,0.0,0.0,8.719860162588866e-07,,,,,1.8515305779332849e-06,430.6640625,-29.9
music_guitar_piano/fsd183792.wav,music_guitar_piano,FSD50K (Freesound) via HF Fhrozen/FSD50k,CC-BY-3.0,44100,4.167,win0.5,3.667,0.5,CLEAR,0.0,0.0,0.0,0.0,1.1222635261681471e-06,,,,,2.343040256406865e-06,452.197265625,-32.3
music_guitar_piano/fsd183792.wav,music_guitar_piano,FSD50K (Freesound) via HF Fhrozen/FSD50k,CC-BY-3.0,44100,4.167,win0.2,0.0,0.2,CLEAR,0.0,0.0,0.0,0.0,1.0980202900724099e-08,,,,,5.299317722935433e-08,1550.390625,-8.6
music_guitar_piano/fsd183792.wav,music_guitar_piano,FSD50K (Freesound) via HF Fhrozen/FSD50k,CC-BY-3.0,44100,4.167,win0.2,0.992,0.2,CLEAR,0.0,0.0,0.0,0.0,7.232249023659054e-08,,,,,1.5368449434091957e-07,689.0625,-18.5
music_guitar_piano/fsd183792.wav,music_guitar_piano,FSD50K (Freesound) via HF Fhrozen/FSD50k,CC-BY-3.0,44100,4.167,win0.2,1.983,0.2,CLEAR,0.0,0.0,0.0,0.0,3.681617215772615e-07,,,,,7.543157247955014e-07,667.529296875,-25.3
music_guitar_piano/fsd183792.wav,music_guitar_piano,FSD50K (Freesound) via HF Fhrozen/FSD50k,CC-BY-3.0,44100,4.167,win0.2,2.975,0.2,CLEAR,0.0,0.0,0.0,0.0,9.673603544596465e-07,,,,,1.901824926470486e-06,430.6640625,-30.1
music_guitar_piano/fsd183792.wav,music_guitar_piano,FSD50K (Freesound) via HF Fhrozen/FSD50k,CC-BY-3.0,44100,4.167,win0.2,3.967,0.2,CLEAR,0.0,0.0,0.0,0.0,1.0749911990451774e-06,,,,,2.2427586055243736e-06,452.197265625,-31.0
music_guitar_piano/fsd58099.wav,music_guitar_piano,FSD50K (Freesound) via HF Fhrozen/FSD50k,CC-BY-3.0,44100,5.328,full,0.0,5.328,CLEAR,0.0,0.0,0.0,0.0,0.00015993605714272256,,,,,0.0005269705491493335,4758.837890625,-26.7
music_guitar_piano/fsd58099.wav,music_guitar_piano,FSD50K (Freesound) via HF Fhrozen/FSD50k,CC-BY-3.0,44100,5.328,win0.5,0.0,0.5,CLEAR,0.0,0.0024,0.0,0.0,0.00024186445857590617,,,,,0.0008415119855549626,5770.8984375,-18.7
music_guitar_piano/fsd58099.wav,music_guitar_piano,FSD50K (Freesound) via HF Fhrozen/FSD50k,CC-BY-3.0,44100,5.328,win0.5,1.207,0.5,CLEAR,0.0,0.0,0.0,0.0,4.03038024066594e-05,,,,,7.825328572547679e-05,689.0625,-28.9
music_guitar_piano/fsd58099.wav,music_guitar_piano,FSD50K (Freesound) via HF Fhrozen/FSD50k,CC-BY-3.0,44100,5.328,win0.5,2.414,0.5,CLEAR,0.0,0.0,0.0,0.0,0.00020634913250327104,,,,,0.0004146312301748316,387.59765625,-36.2
music_guitar_piano/fsd58099.wav,music_guitar_piano,FSD50K (Freesound) via HF Fhrozen/FSD50k,CC-BY-3.0,44100,5.328,win0.5,3.621,0.5,CLEAR,0.0,0.0,0.0,0.0,0.000754421802687386,2.509995223077037,3.8703545627746405,-1.3603593396976037,17851.025390625,0.0015470079248184302,452.197265625,-42.0
music_guitar_piano/fsd58099.wav,music_guitar_piano,FSD50K (Freesound) via HF Fhrozen/FSD50k,CC-BY-3.0,44100,5.328,win0.5,4.828,0.5,CLEAR,0.0,0.0,0.0,0.0928,0.0022581630941283194,2.9309919804245075,3.8703545627746405,-0.939362582350133,18561.62109375,0.0046738671507144365,8742.48046875,-47.0
music_guitar_piano/fsd58099.wav,music_guitar_piano,FSD50K (Freesound) via HF Fhrozen/FSD50k,CC-BY-3.0,44100,5.328,win0.2,0.0,0.2,CLEAR,0.0,0.0054,0.0,0.1789,0.0005435411988542576,10.409323151868314,6.003926243331833,4.405396908536481,15374.70703125,0.0018932200797333334,9431.54296875,-17.7
music_guitar_piano/fsd58099.wav,music_guitar_piano,FSD50K (Freesound) via HF Fhrozen/FSD50k,CC-BY-3.0,44100,5.328,win0.2,1.282,0.2,CLEAR,0.0,0.0,0.0,0.0,2.8607536041211672e-05,,,,,5.488518898704801e-05,495.263671875,-27.7
music_guitar_piano/fsd58099.wav,music_guitar_piano,FSD50K (Freesound) via HF Fhrozen/FSD50k,CC-BY-3.0,44100,5.328,win0.2,2.564,0.2,CLEAR,0.0,0.0,0.0,0.0,0.00013562047064221257,,,,,0.0002867867168568958,387.59765625,-35.1
music_guitar_piano/fsd58099.wav,music_guitar_piano,FSD50K (Freesound) via HF Fhrozen/FSD50k,CC-BY-3.0,44100,5.328,win0.2,3.846,0.2,CLEAR,0.0,0.0,0.0,0.0,0.0010549779448972463,3.9887286418092978,6.003926243331833,-2.015197601522535,20155.078125,0.0022088455603010318,667.529296875,-43.4
music_guitar_piano/fsd58099.wav,music_guitar_piano,FSD50K (Freesound) via HF Fhrozen/FSD50k,CC-BY-3.0,44100,5.328,win0.2,5.128,0.2,CLEAR,0.0,0.0,0.0,0.187,0.0024554966722819295,4.607645181120125,6.003926243331833,-1.396281062211708,17075.830078125,0.004896175835544955,9496.142578125,-47.3
music_guitar_piano/fsd239672.wav,music_guitar_piano,FSD50K (Freesound) via HF Fhrozen/FSD50k,CC-BY-3.0,44100,6.25,full,0.0,6.25,CLEAR,0.0,0.0,0.0,0.0,1.4190058691985692e-09,,,,,2.8589278167371914e-09,344.53125,-15.6
music_guitar_piano/fsd239672.wav,music_guitar_piano,FSD50K (Freesound) via HF Fhrozen/FSD50k,CC-BY-3.0,44100,6.25,win0.5,0.0,0.5,CLEAR,0.0,0.0,0.0,0.0,4.847579730541146e-10,,,,,1.0112191419526248e-09,344.53125,-9.8
music_guitar_piano/fsd239672.wav,music_guitar_piano,FSD50K (Freesound) via HF Fhrozen/FSD50k,CC-BY-3.0,44100,6.25,win0.5,1.437,0.5,CLEAR,0.0,0.0,0.0,0.0,1.2437390030186213e-09,,,,,2.372927570685419e-09,344.53125,-14.3
music_guitar_piano/fsd239672.wav,music_guitar_piano,FSD50K (Freesound) via HF Fhrozen/FSD50k,CC-BY-3.0,44100,6.25,win0.5,2.875,0.5,CLEAR,0.0,0.0,0.0,0.0,4.006122783675135e-09,,,,,7.747190084438082e-09,344.53125,-19.5
music_guitar_piano/fsd239672.wav,music_guitar_piano,FSD50K (Freesound) via HF Fhrozen/FSD50k,CC-BY-3.0,44100,6.25,win0.5,4.312,0.5,CLEAR,0.0,0.0,0.0,0.0,7.085161576678537e-09,,,,,1.4644554267270764e-08,236.865234375,-23.3
music_guitar_piano/fsd239672.wav,music_guitar_piano,FSD50K (Freesound) via HF Fhrozen/FSD50k,CC-BY-3.0,44100,6.25,win0.5,5.75,0.5,CLEAR,0.0,0.0,0.0,0.0,6.2686958219527105e-09,,,,,1.307064001239642e-08,344.53125,-22.8
music_guitar_piano/fsd239672.wav,music_guitar_piano,FSD50K (Freesound) via HF Fhrozen/FSD50k,CC-BY-3.0,44100,6.25,win0.2,0.0,0.2,CLEAR,0.0,0.0,0.0,0.0,6.588369966677406e-10,,,,,1.4736995565543549e-09,344.53125,-9.4
music_guitar_piano/fsd239672.wav,music_guitar_piano,FSD50K (Freesound) via HF Fhrozen/FSD50k,CC-BY-3.0,44100,6.25,win0.2,1.512,0.2,CLEAR,0.0,0.0,0.0,0.0,1.090476918621513e-09,,,,,2.1978673088991944e-09,344.53125,-14.1
music_guitar_piano/fsd239672.wav,music_guitar_piano,FSD50K (Freesound) via HF Fhrozen/FSD50k,CC-BY-3.0,44100,6.25,win0.2,3.025,0.2,CLEAR,0.0,0.0,0.0,0.0,4.38017577093221e-09,,,,,8.19027762430739e-09,344.53125,-19.6
music_guitar_piano/fsd239672.wav,music_guitar_piano,FSD50K (Freesound) via HF Fhrozen/FSD50k,CC-BY-3.0,44100,6.25,win0.2,4.537,0.2,CLEAR,0.0,0.0,0.0,0.0,6.3969279230561635e-09,,,,,1.3157051157616916e-08,236.865234375,-23.3
music_guitar_piano/fsd239672.wav,music_guitar_piano,FSD50K (Freesound) via HF Fhrozen/FSD50k,CC-BY-3.0,44100,6.25,win0.2,6.05,0.2,CLEAR,0.0,0.0,0.0,0.0,6.696774879627483e-09,,,,,1.4072179248179353e-08,344.53125,-22.9
music_guitar_piano/fsd239775.wav,music_guitar_piano,FSD50K (Freesound) via HF Fhrozen/FSD50k,CC-BY-3.0,44100,6.25,full,0.0,6.25,CLEAR,0.0,0.0,0.0,0.0,5.230660926891376e-10,,,,,8.801693972191005e-10,538.330078125,-14.8
music_guitar_piano/fsd239775.wav,music_guitar_piano,FSD50K (Freesound) via HF Fhrozen/FSD50k,CC-BY-3.0,44100,6.25,win0.5,0.0,0.5,CLEAR,0.0,0.0,0.0,0.0,1.443575345843875e-10,,,,,2.0442247373868702e-10,538.330078125,-7.1
music_guitar_piano/fsd239775.wav,music_guitar_piano,FSD50K (Freesound) via HF Fhrozen/FSD50k,CC-BY-3.0,44100,6.25,win0.5,1.437,0.5,CLEAR,0.0,0.0,0.0,0.0,5.505596728146549e-10,,,,,9.248729827841297e-10,279.931640625,-15.2
music_guitar_piano/fsd239775.wav,music_guitar_piano,FSD50K (Freesound) via HF Fhrozen/FSD50k,CC-BY-3.0,44100,6.25,win0.5,2.875,0.5,CLEAR,0.0,0.0,0.0,0.0,2.1323565221855324e-09,,,,,3.778954951790764e-09,279.931640625,-21.4
music_guitar_piano/fsd239775.wav,music_guitar_piano,FSD50K (Freesound) via HF Fhrozen/FSD50k,CC-BY-3.0,44100,6.25,win0.5,4.312,0.5,CLEAR,0.0,0.0,0.0,0.0,4.910190547133627e-09,,,,,8.459688594795718e-09,279.931640625,-25.1
music_guitar_piano/fsd239775.wav,music_guitar_piano,FSD50K (Freesound) via HF Fhrozen/FSD50k,CC-BY-3.0,44100,6.25,win0.5,5.75,0.5,CLEAR,0.0,0.0,0.0,0.0,5.713384916036468e-09,,,,,9.9928501086326e-09,279.931640625,-25.8
music_guitar_piano/fsd239775.wav,music_guitar_piano,FSD50K (Freesound) via HF Fhrozen/FSD50k,CC-BY-3.0,44100,6.25,win0.2,0.0,0.2,CLEAR,0.0,0.0,0.0,0.0,1.3251581937542517e-10,,,,,1.8137117141169045e-10,538.330078125,-6.0
music_guitar_piano/fsd239775.wav,music_guitar_piano,FSD50K (Freesound) via HF Fhrozen/FSD50k,CC-BY-3.0,44100,6.25,win0.2,1.512,0.2,CLEAR,0.0,0.0,0.0,0.0,5.191813904192184e-10,,,,,8.598680491152487e-10,279.931640625,-14.8
music_guitar_piano/fsd239775.wav,music_guitar_piano,FSD50K (Freesound) via HF Fhrozen/FSD50k,CC-BY-3.0,44100,6.25,win0.2,3.025,0.2,CLEAR,0.0,0.0,0.0,0.0,2.180791080446422e-09,,,,,3.764562745766553e-09,279.931640625,-21.5
music_guitar_piano/fsd239775.wav,music_guitar_piano,FSD50K (Freesound) via HF Fhrozen/FSD50k,CC-BY-3.0,44100,6.25,win0.2,4.537,0.2,CLEAR,0.0,0.0,0.0,0.0,5.083902527557984e-09,,,,,8.740758853088278e-09,279.931640625,-25.0
music_guitar_piano/fsd239775.wav,music_guitar_piano,FSD50K (Freesound) via HF Fhrozen/FSD50k,CC-BY-3.0,44100,6.25,win0.2,6.05,0.2,CLEAR,0.0,0.0,0.0,0.0,5.687943629260714e-09,,,,,9.717387656710134e-09,279.931640625,-25.7
music_guitar_piano/fsd193053.wav,music_guitar_piano,FSD50K (Freesound) via HF Fhrozen/FSD50k,CC0-1.0,44100,4.241,full,0.0,4.241,CLEAR,0.0,0.0,0.0,0.0,3.6150599712103746e-07,,,,,2.245438891508404e-06,6524.560546875,-22.2
music_guitar_piano/fsd193053.wav,music_guitar_piano,FSD50K (Freesound) via HF Fhrozen/FSD50k,CC0-1.0,44100,4.241,win0.5,0.0,0.5,CLEAR,0.0,0.0,0.0,0.0,9.302363558260697e-07,,,,,9.482792338570636e-06,7472.021484375,-27.5
music_guitar_piano/fsd193053.wav,music_guitar_piano,FSD50K (Freesound) via HF Fhrozen/FSD50k,CC0-1.0,44100,4.241,win0.5,0.935,0.5,CLEAR,0.0,0.0,0.0,0.0,6.889401995623123e-07,,,,,7.531715192371601e-06,7450.48828125,-27.5
music_guitar_piano/fsd193053.wav,music_guitar_piano,FSD50K (Freesound) via HF Fhrozen/FSD50k,CC0-1.0,44100,4.241,win0.5,1.87,0.5,CLEAR,0.0,0.0,0.0,0.0,3.636780248573578e-07,,,,,4.609460714289639e-06,7428.955078125,-27.6
music_guitar_piano/fsd193053.wav,music_guitar_piano,FSD50K (Freesound) via HF Fhrozen/FSD50k,CC0-1.0,44100,4.241,win0.5,2.805,0.5,CLEAR,0.0,0.0,0.0,0.0,3.700365837025652e-07,,,,,4.49059144984392e-06,7428.955078125,-26.1
music_guitar_piano/fsd193053.wav,music_guitar_piano,FSD50K (Freesound) via HF Fhrozen/FSD50k,CC0-1.0,44100,4.241,win0.5,3.741,0.5,CLEAR,0.0,0.0,0.0,0.0,3.025801599661365e-07,,,,,1.903859464796439e-06,6180.029296875,-22.5
music_guitar_piano/fsd193053.wav,music_guitar_piano,FSD50K (Freesound) via HF Fhrozen/FSD50k,CC0-1.0,44100,4.241,win0.2,0.0,0.2,CLEAR,0.0,0.0,0.0,0.0,5.632308439534318e-07,,,,,6.080715767180422e-06,7450.48828125,-25.0
music_guitar_piano/fsd193053.wav,music_guitar_piano,FSD50K (Freesound) via HF Fhrozen/FSD50k,CC0-1.0,44100,4.241,win0.2,1.01,0.2,CLEAR,0.0,0.0,0.0,0.0,3.8945934175994805e-07,,,,,4.542851981200352e-06,7428.955078125,-25.1
music_guitar_piano/fsd193053.wav,music_guitar_piano,FSD50K (Freesound) via HF Fhrozen/FSD50k,CC0-1.0,44100,4.241,win0.2,2.02,0.2,CLEAR,0.0,0.0,0.0,0.0,3.8239167510462e-07,,,,,4.8611866274192585e-06,7428.955078125,-25.1
music_guitar_piano/fsd193053.wav,music_guitar_piano,FSD50K (Freesound) via HF Fhrozen/FSD50k,CC0-1.0,44100,4.241,win0.2,3.03,0.2,CLEAR,0.0,0.0,0.0,0.0,3.5526678216482695e-07,,,,,4.729460485215495e-06,7428.955078125,-25.3
music_guitar_piano/fsd193053.wav,music_guitar_piano,FSD50K (Freesound) via HF Fhrozen/FSD50k,CC0-1.0,44100,4.241,win0.2,4.041,0.2,CLEAR,0.0,0.0,0.0,0.0,1.696535073665471e-05,,,,,3.927462893096035e-05,6007.763671875,-47.8
music_guitar_piano/fsd15715.wav,music_guitar_piano,FSD50K (Freesound) via HF Fhrozen/FSD50k,CC-BY-3.0,44100,7.773,full,0.0,7.773,CLEAR,0.0,0.0,0.0,0.0,3.969708248980847e-05,,,,,0.0003704382836287516,5447.900390625,-23.8
music_guitar_piano/fsd15715.wav,music_guitar_piano,FSD50K (Freesound) via HF Fhrozen/FSD50k,CC-BY-3.0,44100,7.773,win0.5,0.0,0.5,CLEAR,0.0,0.0006,0.0,0.0,5.75395156786423e-05,,,,,0.0005379335196522671,6266.162109375,-13.4
music_guitar_piano/fsd15715.wav,music_guitar_piano,FSD50K (Freesound) via HF Fhrozen/FSD50k,CC-BY-3.0,44100,7.773,win0.5,1.818,0.5,CLEAR,0.0,0.0,0.0,0.0,4.4545465273733053e-07,,,,,9.37501994388111e-07,689.0625,-30.2
music_guitar_piano/fsd15715.wav,music_guitar_piano,FSD50K (Freesound) via HF Fhrozen/FSD50k,CC-BY-3.0,44100,7.773,win0.5,3.636,0.5,CLEAR,0.0,0.0,0.0,0.0,4.447380310491107e-06,,,,,9.619724936234088e-06,452.197265625,-40.5
music_guitar_piano/fsd15715.wav,music_guitar_piano,FSD50K (Freesound) via HF Fhrozen/FSD50k,CC-BY-3.0,44100,7.773,win0.5,5.454,0.5,CLEAR,0.0,0.0,0.0,0.0,4.335491390023793e-05,,,,,9.245108432227007e-05,452.197265625,-50.2
music_guitar_piano/fsd15715.wav,music_guitar_piano,FSD50K (Freesound) via HF Fhrozen/FSD50k,CC-BY-3.0,44100,7.773,win0.5,7.273,0.5,CLEAR,0.0,0.0,0.0,0.0,0.0006351487441512817,7.552174239775197,3.8703545627746405,3.6818196770005565,17829.4921875,0.0014059217869091922,1701.123046875,-61.8
music_guitar_piano/fsd15715.wav,music_guitar_piano,FSD50K (Freesound) via HF Fhrozen/FSD50k,CC-BY-3.0,44100,7.773,win0.2,0.0,0.2,CLEAR,0.0,0.0024,0.0,0.5046,0.0002404581909887482,15.931120170173834,6.003926243331833,9.927193926842001,15374.70703125,0.002082785457798358,12037.060546875,-14.9
music_guitar_piano/fsd15715.wav,music_guitar_piano,FSD50K (Freesound) via HF Fhrozen/FSD50k,CC-BY-3.0,44100,7.773,win0.2,1.893,0.2,CLEAR,0.0,0.0,0.0,0.0,3.589122718512926e-07,,,,,8.424259969745235e-07,775.1953125,-29.6
music_guitar_piano/fsd15715.wav,music_guitar_piano,FSD50K (Freesound) via HF Fhrozen/FSD50k,CC-BY-3.0,44100,7.773,win0.2,3.786,0.2,CLEAR,0.0,0.0,0.0,0.0,4.102503258306436e-06,,,,,8.92668054178113e-06,452.197265625,-40.4
music_guitar_piano/fsd15715.wav,music_guitar_piano,FSD50K (Freesound) via HF Fhrozen/FSD50k,CC-BY-3.0,44100,7.773,win0.2,5.679,0.2,CLEAR,0.0,0.0,0.0,0.0,4.22761210094901e-05,,,,,9.901080510633866e-05,452.197265625,-50.6
music_guitar_piano/fsd15715.wav,music_guitar_piano,FSD50K (Freesound) via HF Fhrozen/FSD50k,CC-BY-3.0,44100,7.773,win0.2,7.573,0.2,CLEAR,0.0,0.0,0.0,0.0,0.0008687948787899544,8.171895609521512,6.003926243331833,2.167969366189679,15869.970703125,0.0019145315162134365,4586.572265625,-63.1
music_guitar_piano/fsd40516.wav,music_guitar_piano,FSD50K (Freesound) via HF Fhrozen/FSD50k,CC-BY-3.0,44100,4.817,full,0.0,4.817,CLEAR,0.0,0.0,0.0,0.0,1.5236075883413312e-08,,,,,3.632705628963972e-08,2368.65234375,-23.4
music_guitar_piano/fsd40516.wav,music_guitar_piano,FSD50K (Freesound) via HF Fhrozen/FSD50k,CC-BY-3.0,44100,4.817,win0.5,0.0,0.5,CLEAR,0.0,0.0,0.0,0.0,1.745234781788014e-08,,,,,4.033155261571036e-08,516.796875,-25.5
music_guitar_piano/fsd40516.wav,music_guitar_piano,FSD50K (Freesound) via HF Fhrozen/FSD50k,CC-BY-3.0,44100,4.817,win0.5,1.079,0.5,CLEAR,0.0,0.0,0.0,0.0,2.650229449556907e-09,,,,,6.043467320635138e-09,344.53125,-16.6
music_guitar_piano/fsd40516.wav,music_guitar_piano,FSD50K (Freesound) via HF Fhrozen/FSD50k,CC-BY-3.0,44100,4.817,win0.5,2.158,0.5,CLEAR,0.0,0.0,0.0,0.0,2.1722627320579857e-08,,,,,4.833846652634341e-08,495.263671875,-26.4
music_guitar_piano/fsd40516.wav,music_guitar_piano,FSD50K (Freesound) via HF Fhrozen/FSD50k,CC-BY-3.0,44100,4.817,win0.5,3.237,0.5,CLEAR,0.0,0.0,0.0,0.0,1.6291585053838213e-08,,,,,4.074200693562558e-08,2519.384765625,-24.6
music_guitar_piano/fsd40516.wav,music_guitar_piano,FSD50K (Freesound) via HF Fhrozen/FSD50k,CC-BY-3.0,44100,4.817,win0.5,4.317,0.5,CLEAR,0.0,0.0,0.0,0.0,2.225249387385026e-07,,,,,4.945917264369532e-07,495.263671875,-36.0
music_guitar_piano/fsd40516.wav,music_guitar_piano,FSD50K (Freesound) via HF Fhrozen/FSD50k,CC-BY-3.0,44100,4.817,win0.2,0.0,0.2,CLEAR,0.0,0.0,0.0,0.0,1.4252421837371361e-08,,,,,3.463072996533832e-08,516.796875,-25.0
music_guitar_piano/fsd40516.wav,music_guitar_piano,FSD50K (Freesound) via HF Fhrozen/FSD50k,CC-BY-3.0,44100,4.817,win0.2,1.154,0.2,CLEAR,0.0,0.0,0.0,0.0,2.2113242690281066e-09,,,,,5.186817917463666e-09,473.73046875,-15.8
music_guitar_piano/fsd40516.wav,music_guitar_piano,FSD50K (Freesound) via HF Fhrozen/FSD50k,CC-BY-3.0,44100,4.817,win0.2,2.308,0.2,CLEAR,0.0,0.0,0.0,0.0,2.4269734601076155e-08,,,,,5.289793010314567e-08,495.263671875,-26.9
music_guitar_piano/fsd40516.wav,music_guitar_piano,FSD50K (Freesound) via HF Fhrozen/FSD50k,CC-BY-3.0,44100,4.817,win0.2,3.462,0.2,CLEAR,0.0,0.0,0.0,0.0,1.3214112567909048e-08,,,,,3.5644239835203416e-08,2368.65234375,-23.6
music_guitar_piano/fsd40516.wav,music_guitar_piano,FSD50K (Freesound) via HF Fhrozen/FSD50k,CC-BY-3.0,44100,4.817,win0.2,4.617,0.2,CLEAR,0.0,0.0,0.0,0.0,9.882998492443124e-08,,,,,2.1723529315720847e-07,495.263671875,-32.7
music_guitar_piano/fsd65656.wav,music_guitar_piano,FSD50K (Freesound) via HF Fhrozen/FSD50k,CC-BY-3.0,44100,6.871,full,0.0,6.871,CLEAR,0.0,0.0,0.0,0.0,7.420380366700028e-08,,,,,1.235640245823039e-07,2583.984375,-29.7
music_guitar_piano/fsd65656.wav,music_guitar_piano,FSD50K (Freesound) via HF Fhrozen/FSD50k,CC-BY-3.0,44100,6.871,win0.5,0.0,0.5,CLEAR,0.0,0.0,0.0,0.0,1.9036266483509757e-08,,,,,3.1826289359490794e-08,2583.984375,-18.3
music_guitar_piano/fsd65656.wav,music_guitar_piano,FSD50K (Freesound) via HF Fhrozen/FSD50k,CC-BY-3.0,44100,6.871,win0.5,1.593,0.5,CLEAR,0.0,0.0,0.0,0.0,0.0002268555946839203,,,,,0.0003737404072325188,64.599609375,-65.0
music_guitar_piano/fsd65656.wav,music_guitar_piano,FSD50K (Freesound) via HF Fhrozen/FSD50k,CC-BY-3.0,44100,6.871,win0.5,3.185,0.5,CLEAR,0.0,0.0,0.0,0.0,0.0002920901296641673,,,,,0.0004909269217186603,64.599609375,-66.8
music_guitar_piano/fsd65656.wav,music_guitar_piano,FSD50K (Freesound) via HF Fhrozen/FSD50k,CC-BY-3.0,44100,6.871,win0.5,4.778,0.5,CLEAR,0.0,0.0,0.0,0.0,0.000363864496663943,,,,,0.0005826083019043304,64.599609375,-65.9
music_guitar_piano/fsd65656.wav,music_guitar_piano,FSD50K (Freesound) via HF Fhrozen/FSD50k,CC-BY-3.0,44100,6.871,win0.5,6.371,0.5,CLEAR,0.0,0.0,0.0,0.0,0.000706445702352978,10.666674402858229,3.8703545627746405,6.796319840083589,22028.466796875,0.001117828714630295,193.798828125,-81.0
music_guitar_piano/fsd65656.wav,music_guitar_piano,FSD50K (Freesound) via HF Fhrozen/FSD50k,CC-BY-3.0,44100,6.871,win0.2,0.0,0.2,CLEAR,0.0,0.0,0.0,0.0,1.6525995945133213e-08,,,,,2.7608549911689647e-08,2583.984375,-15.0
music_guitar_piano/fsd65656.wav,music_guitar_piano,FSD50K (Freesound) via HF Fhrozen/FSD50k,CC-BY-3.0,44100,6.871,win0.2,1.668,0.2,CLEAR,0.0,0.0,0.0,0.0,0.00014848311950412972,,,,,0.000247652520698324,64.599609375,-63.4
music_guitar_piano/fsd65656.wav,music_guitar_piano,FSD50K (Freesound) via HF Fhrozen/FSD50k,CC-BY-3.0,44100,6.871,win0.2,3.335,0.2,CLEAR,0.0,0.0,0.0,0.0,0.00016381896063226938,,,,,0.0002805399103569894,64.599609375,-65.3
music_guitar_piano/fsd65656.wav,music_guitar_piano,FSD50K (Freesound) via HF Fhrozen/FSD50k,CC-BY-3.0,44100,6.871,win0.2,5.003,0.2,CLEAR,0.0,0.0,0.0,0.0,0.00031691777379983774,,,,,0.000503385198937737,64.599609375,-64.6
music_guitar_piano/fsd65656.wav,music_guitar_piano,FSD50K (Freesound) via HF Fhrozen/FSD50k,CC-BY-3.0,44100,6.871,win0.2,6.671,0.2,CLEAR,0.0,0.0,0.0,0.0,0.0028451027541493553,6.313227072598205,6.003926243331833,0.30930082926637237,22028.466796875,0.004619961997490583,7579.6875,-92.1
music_guitar_piano/fsd163014.wav,music_guitar_piano,FSD50K (Freesound) via HF Fhrozen/FSD50k,CC-BY-3.0,44100,4.662,full,0.0,4.662,CLEAR,0.0,0.0,0.0,0.0,5.5883019236080524e-08,,,,,7.900733930380275e-08,538.330078125,-19.0
music_guitar_piano/fsd163014.wav,music_guitar_piano,FSD50K (Freesound) via HF Fhrozen/FSD50k,CC-BY-3.0,44100,4.662,win0.5,0.0,0.5,CLEAR,0.0,0.0,0.0,0.0,2.492408741939672e-08,,,,,3.491370454724398e-08,538.330078125,-11.2
music_guitar_piano/fsd163014.wav,music_guitar_piano,FSD50K (Freesound) via HF Fhrozen/FSD50k,CC-BY-3.0,44100,4.662,win0.5,1.04,0.5,CLEAR,0.0,0.0,0.0,0.0,1.288083549656471e-07,,,,,1.7857441664276965e-07,538.330078125,-20.4
music_guitar_piano/fsd163014.wav,music_guitar_piano,FSD50K (Freesound) via HF Fhrozen/FSD50k,CC-BY-3.0,44100,4.662,win0.5,2.081,0.5,CLEAR,0.0,0.0,0.0,0.0,6.728028956060058e-07,,,,,9.423206676386932e-07,538.330078125,-31.7
music_guitar_piano/fsd163014.wav,music_guitar_piano,FSD50K (Freesound) via HF Fhrozen/FSD50k,CC-BY-3.0,44100,4.662,win0.5,3.121,0.5,CLEAR,0.0,0.0,0.0,0.0,4.501314326663732e-06,,,,,7.069468489120917e-06,516.796875,-46.7
music_guitar_piano/fsd163014.wav,music_guitar_piano,FSD50K (Freesound) via HF Fhrozen/FSD50k,CC-BY-3.0,44100,4.662,win0.5,4.162,0.5,CLEAR,0.0,0.0,0.0,0.0,0.001430999275197476,3.088913728253975,3.8703545627746405,-0.7814408345206654,16257.568359375,0.002524663525671441,1033.59375,-76.4
music_guitar_piano/fsd163014.wav,music_guitar_piano,FSD50K (Freesound) via HF Fhrozen/FSD50k,CC-BY-3.0,44100,4.662,win0.2,0.0,0.2,CLEAR,0.0,0.0,0.0,0.0,2.278738794814088e-08,,,,,3.19382793561599e-08,538.330078125,-10.3
music_guitar_piano/fsd163014.wav,music_guitar_piano,FSD50K (Freesound) via HF Fhrozen/FSD50k,CC-BY-3.0,44100,4.662,win0.2,1.115,0.2,CLEAR,0.0,0.0,0.0,0.0,1.0822609182120333e-07,,,,,1.5923832683265258e-07,538.330078125,-19.8
music_guitar_piano/fsd163014.wav,music_guitar_piano,FSD50K (Freesound) via HF Fhrozen/FSD50k,CC-BY-3.0,44100,4.662,win0.2,2.231,0.2,CLEAR,0.0,0.0,0.0,0.0,6.63640830297339e-07,,,,,9.595132757906062e-07,538.330078125,-32.0
music_guitar_piano/fsd163014.wav,music_guitar_piano,FSD50K (Freesound) via HF Fhrozen/FSD50k,CC-BY-3.0,44100,4.662,win0.2,3.346,0.2,CLEAR,0.0,0.0,0.0,0.0,5.8568267974121816e-06,,,,,9.62356875753191e-06,516.796875,-48.7
music_guitar_piano/fsd163014.wav,music_guitar_piano,FSD50K (Freesound) via HF Fhrozen/FSD50k,CC-BY-3.0,44100,4.662,win0.2,4.462,0.2,CLEAR,0.0,0.0,0.0,1.0,0.07202479618208338,5.303765084065301,6.003926243331833,-0.700161159266532,16042.236328125,0.12845955943421689,21468.603515625,-97.5
music_guitar_piano/fsd12744.wav,music_guitar_piano,FSD50K (Freesound) via HF Fhrozen/FSD50k,CC-BY-3.0,44100,4.0,full,0.0,4.0,CLEAR,0.0,0.0,0.0,0.0,7.155745728822269e-06,,,,,7.177030054302642e-06,150.732421875,-16.4
music_guitar_piano/fsd12744.wav,music_guitar_piano,FSD50K (Freesound) via HF Fhrozen/FSD50k,CC-BY-3.0,44100,4.0,win0.5,0.0,0.5,CLEAR,0.0,0.0,0.0,0.0,1.0561697521751585e-06,,,,,1.0591983436296756e-06,150.732421875,-8.3
music_guitar_piano/fsd12744.wav,music_guitar_piano,FSD50K (Freesound) via HF Fhrozen/FSD50k,CC-BY-3.0,44100,4.0,win0.5,0.875,0.5,CLEAR,0.0,0.0,0.0,0.0,2.310305390322315e-05,,,,,2.3168644433814406e-05,150.732421875,-21.5
music_guitar_piano/fsd12744.wav,music_guitar_piano,FSD50K (Freesound) via HF Fhrozen/FSD50k,CC-BY-3.0,44100,4.0,win0.5,1.75,0.5,CLEAR,0.0,0.0,0.0,0.0,0.0004955546478090329,,,,,0.0004969946928423397,150.732421875,-34.8
music_guitar_piano/fsd12744.wav,music_guitar_piano,FSD50K (Freesound) via HF Fhrozen/FSD50k,CC-BY-3.0,44100,4.0,win0.5,2.625,0.5,CLEAR,0.0,0.0,0.0,0.0,0.005246276858455096,24.225099739221786,3.8703545627746405,20.354745176447146,19186.083984375,0.005261479855443139,150.732421875,-45.2
music_guitar_piano/fsd12744.wav,music_guitar_piano,FSD50K (Freesound) via HF Fhrozen/FSD50k,CC-BY-3.0,44100,4.0,win0.5,3.5,0.5,CLEAR,0.0,0.0,0.0,1.0,0.019034324880082998,23.475054063106416,3.8703545627746405,19.604699500331776,19186.083984375,0.019091210760582306,19789.013671875,-50.6
music_guitar_piano/fsd12744.wav,music_guitar_piano,FSD50K (Freesound) via HF Fhrozen/FSD50k,CC-BY-3.0,44100,4.0,win0.2,0.0,0.2,CLEAR,0.0,0.0,0.0,0.0,6.693496160311679e-07,,,,,6.71149523381614e-07,150.732421875,-6.5
music_guitar_piano/fsd12744.wav,music_guitar_piano,FSD50K (Freesound) via HF Fhrozen/FSD50k,CC-BY-3.0,44100,4.0,win0.2,0.95,0.2,CLEAR,0.0,0.0,0.0,0.0,2.1079736799874086e-05,,,,,2.113765143886147e-05,150.732421875,-20.9
music_guitar_piano/fsd12744.wav,music_guitar_piano,FSD50K (Freesound) via HF Fhrozen/FSD50k,CC-BY-3.0,44100,4.0,win0.2,1.9,0.2,CLEAR,0.0,0.0,0.0,0.0,0.0005621201763078093,,,,,0.0005636340376127088,150.732421875,-35.3
music_guitar_piano/fsd12744.wav,music_guitar_piano,FSD50K (Freesound) via HF Fhrozen/FSD50k,CC-BY-3.0,44100,4.0,win0.2,2.85,0.2,CLEAR,0.0,0.0,0.0,0.0,0.006002280083250264,28.234474568517026,6.003926243331833,22.230548325185193,19186.083984375,0.006019145708668887,150.732421875,-45.8
music_guitar_piano/fsd12744.wav,music_guitar_piano,FSD50K (Freesound) via HF Fhrozen/FSD50k,CC-BY-3.0,44100,4.0,win0.2,3.8,0.2,CLEAR,0.0,0.0,0.0,1.0,0.023943704569261103,23.702149270748492,6.003926243331833,17.69822302741666,19186.083984375,0.024016189272821786,20327.34375,-51.5
music_guitar_piano/fsd134010.wav,music_guitar_piano,FSD50K (Freesound) via HF Fhrozen/FSD50k,CC0-1.0,44100,5.433,full,0.0,5.433,CLEAR,0.0,0.0,0.0,0.0,1.0323372241162478e-08,,,,,2.6095978472277888e-08,3875.9765625,-19.3
music_guitar_piano/fsd134010.wav,music_guitar_piano,FSD50K (Freesound) via HF Fhrozen/FSD50k,CC0-1.0,44100,5.433,win0.5,0.0,0.5,CLEAR,0.0,0.0,0.0,0.0,7.225933652742814e-09,,,,,1.7663687954884562e-08,3488.37890625,-18.2
music_guitar_piano/fsd134010.wav,music_guitar_piano,FSD50K (Freesound) via HF Fhrozen/FSD50k,CC0-1.0,44100,5.433,win0.5,1.233,0.5,CLEAR,0.0,0.0,0.0,0.0,1.1614840573434773e-08,,,,,3.182697412302418e-08,4005.17578125,-20.2
music_guitar_piano/fsd134010.wav,music_guitar_piano,FSD50K (Freesound) via HF Fhrozen/FSD50k,CC0-1.0,44100,5.433,win0.5,2.467,0.5,CLEAR,0.0,0.0,0.0,0.0,4.139086010603571e-08,,,,,7.538639256652687e-08,3423.779296875,-25.4
music_guitar_piano/fsd134010.wav,music_guitar_piano,FSD50K (Freesound) via HF Fhrozen/FSD50k,CC0-1.0,44100,5.433,win0.5,3.7,0.5,CLEAR,0.0,0.0,0.0,0.0,1.009709771716703e-08,,,,,2.4711281356749365e-08,3897.509765625,-19.2
music_guitar_piano/fsd134010.wav,music_guitar_piano,FSD50K (Freesound) via HF Fhrozen/FSD50k,CC0-1.0,44100,5.433,win0.5,4.933,0.5,CLEAR,0.0,0.0,0.0,0.0,2.077130179874875e-08,,,,,3.754817570594697e-08,3122.314453125,-20.6
music_guitar_piano/fsd134010.wav,music_guitar_piano,FSD50K (Freesound) via HF Fhrozen/FSD50k,CC0-1.0,44100,5.433,win0.2,0.0,0.2,CLEAR,0.0,0.0,0.0,0.0,2.1198643045730208e-07,,,,,3.8870452180204313e-07,1076.66015625,-37.1
music_guitar_piano/fsd134010.wav,music_guitar_piano,FSD50K (Freesound) via HF Fhrozen/FSD50k,CC0-1.0,44100,5.433,win0.2,1.308,0.2,CLEAR,0.0,0.0,0.0,0.0,1.1634077890221885e-08,,,,,3.4854199367729715e-08,4155.908203125,-20.0
music_guitar_piano/fsd134010.wav,music_guitar_piano,FSD50K (Freesound) via HF Fhrozen/FSD50k,CC0-1.0,44100,5.433,win0.2,2.617,0.2,CLEAR,0.0,0.0,0.0,0.0,5.493841438465018e-08,,,,,9.981150990630716e-08,129.19921875,-27.7
music_guitar_piano/fsd134010.wav,music_guitar_piano,FSD50K (Freesound) via HF Fhrozen/FSD50k,CC0-1.0,44100,5.433,win0.2,3.925,0.2,CLEAR,0.0,0.0,0.0,0.0,9.008723503372191e-09,,,,,2.3231093219149795e-08,3897.509765625,-18.6
music_guitar_piano/fsd134010.wav,music_guitar_piano,FSD50K (Freesound) via HF Fhrozen/FSD50k,CC0-1.0,44100,5.433,win0.2,5.233,0.2,CLEAR,0.0,0.0,0.0,0.0,1.3178440047386083e-05,,,,,2.4070846992100247e-05,2670.1171875,-47.5
music_guitar_piano/fsd12791.wav,music_guitar_piano,FSD50K (Freesound) via HF Fhrozen/FSD50k,CC-BY-3.0,44100,2.0,full,0.0,2.0,CLEAR,0.0,0.0,0.0,0.0,9.297710057212774e-07,,,,,9.335015907368911e-07,1679.58984375,-18.6
music_guitar_piano/fsd12791.wav,music_guitar_piano,FSD50K (Freesound) via HF Fhrozen/FSD50k,CC-BY-3.0,44100,2.0,win0.5,0.0,0.5,CLEAR,0.0,0.0,0.0,0.0,2.2321466966675225e-07,,,,,2.242058492093394e-07,1679.58984375,-12.7
music_guitar_piano/fsd12791.wav,music_guitar_piano,FSD50K (Freesound) via HF Fhrozen/FSD50k,CC-BY-3.0,44100,2.0,win0.5,0.5,0.5,CLEAR,0.0,0.0,0.0,0.0,7.610438859332658e-06,,,,,7.639796725450314e-06,1679.58984375,-27.7
music_guitar_piano/fsd12791.wav,music_guitar_piano,FSD50K (Freesound) via HF Fhrozen/FSD50k,CC-BY-3.0,44100,2.0,win0.5,1.0,0.5,CLEAR,0.0,0.0,0.0,0.0,0.0002701536380788889,,,,,0.0002711734945259503,1679.58984375,-43.2
music_guitar_piano/fsd12791.wav,music_guitar_piano,FSD50K (Freesound) via HF Fhrozen/FSD50k,CC-BY-3.0,44100,2.0,win0.5,1.5,0.5,CLEAR,0.0,0.0,0.0,1.0,0.024384873763339285,23.63536978935158,3.8703545627746405,19.76501522657694,19186.083984375,0.024481248233782716,20327.34375,-62.7
music_guitar_piano/fsd12791.wav,music_guitar_piano,FSD50K (Freesound) via HF Fhrozen/FSD50k,CC-BY-3.0,44100,2.0,win0.2,0.0,0.2,CLEAR,0.0,0.0,0.0,0.0,1.1902626029319549e-07,,,,,1.1956961420758428e-07,1679.58984375,-10.0
music_guitar_piano/fsd12791.wav,music_guitar_piano,FSD50K (Freesound) via HF Fhrozen/FSD50k,CC-BY-3.0,44100,2.0,win0.2,0.45,0.2,CLEAR,0.0,0.0,0.0,0.0,2.886930832613714e-06,,,,,2.89772258768526e-06,1679.58984375,-23.4
music_guitar_piano/fsd12791.wav,music_guitar_piano,FSD50K (Freesound) via HF Fhrozen/FSD50k,CC-BY-3.0,44100,2.0,win0.2,0.9,0.2,CLEAR,0.0,0.0,0.0,0.0,6.531157265884818e-05,,,,,6.555421517317641e-05,1679.58984375,-36.9
music_guitar_piano/fsd12791.wav,music_guitar_piano,FSD50K (Freesound) via HF Fhrozen/FSD50k,CC-BY-3.0,44100,2.0,win0.2,1.35,0.2,CLEAR,0.0,0.0,0.0,0.0,0.0025040682301239762,26.388818182835593,6.003926243331833,20.38489193950376,19186.083984375,0.0025136745737291593,1679.58984375,-53.1
music_guitar_piano/fsd12791.wav,music_guitar_piano,FSD50K (Freesound) via HF Fhrozen/FSD50k,CC-BY-3.0,44100,2.0,win0.2,1.8,0.2,CLEAR,0.0,0.0,0.0,1.0,0.14436484073050124,29.82255801791712,6.003926243331833,23.81863177458529,19186.083984375,0.1449490686005817,21296.337890625,-70.5
music_guitar_piano/fsd182960.wav,music_guitar_piano,FSD50K (Freesound) via HF Fhrozen/FSD50k,CC-BY-3.0,44100,5.208,full,0.0,5.208,CLEAR,0.0,0.0,0.0,0.0,5.977854520127828e-09,,,,,1.72856952347175e-08,1313.525390625,-19.4
music_guitar_piano/fsd182960.wav,music_guitar_piano,FSD50K (Freesound) via HF Fhrozen/FSD50k,CC-BY-3.0,44100,5.208,win0.5,0.0,0.5,CLEAR,0.0,0.0,0.0,0.0,9.320869419124033e-09,,,,,3.113558304500678e-08,2067.1875,-12.6
music_guitar_piano/fsd182960.wav,music_guitar_piano,FSD50K (Freesound) via HF Fhrozen/FSD50k,CC-BY-3.0,44100,5.208,win0.5,1.177,0.5,CLEAR,0.0,0.0,0.0,0.0,2.069039763038736e-09,,,,,3.977301148677879e-09,516.796875,-19.0
music_guitar_piano/fsd182960.wav,music_guitar_piano,FSD50K (Freesound) via HF Fhrozen/FSD50k,CC-BY-3.0,44100,5.208,win0.5,2.354,0.5,CLEAR,0.0,0.0,0.0,0.0,9.751633208625264e-09,,,,,1.9061563441800284e-08,495.263671875,-25.9
music_guitar_piano/fsd182960.wav,music_guitar_piano,FSD50K (Freesound) via HF Fhrozen/FSD50k,CC-BY-3.0,44100,5.208,win0.5,3.531,0.5,CLEAR,0.0,0.0,0.0,0.0,4.389161138308207e-08,,,,,8.595722229303786e-08,495.263671875,-32.5
music_guitar_piano/fsd182960.wav,music_guitar_piano,FSD50K (Freesound) via HF Fhrozen/FSD50k,CC-BY-3.0,44100,5.208,win0.5,4.708,0.5,CLEAR,0.0,0.0,0.0,0.0,7.766903320277264e-08,,,,,1.5115909995109465e-07,495.263671875,-35.7
music_guitar_piano/fsd182960.wav,music_guitar_piano,FSD50K (Freesound) via HF Fhrozen/FSD50k,CC-BY-3.0,44100,5.208,win0.2,0.0,0.2,CLEAR,0.0,0.0,0.0,0.0,1.3607854523149938e-08,,,,,4.972655644791349e-08,2088.720703125,-11.4
music_guitar_piano/fsd182960.wav,music_guitar_piano,FSD50K (Freesound) via HF Fhrozen/FSD50k,CC-BY-3.0,44100,5.208,win0.2,1.252,0.2,CLEAR,0.0,0.0,0.0,0.0,1.8316627311819987e-09,,,,,3.6153856105906276e-09,516.796875,-18.6
music_guitar_piano/fsd182960.wav,music_guitar_piano,FSD50K (Freesound) via HF Fhrozen/FSD50k,CC-BY-3.0,44100,5.208,win0.2,2.504,0.2,CLEAR,0.0,0.0,0.0,0.0,9.292151986561975e-09,,,,,1.868372503567161e-08,495.263671875,-26.0
music_guitar_piano/fsd182960.wav,music_guitar_piano,FSD50K (Freesound) via HF Fhrozen/FSD50k,CC-BY-3.0,44100,5.208,win0.2,3.756,0.2,CLEAR,0.0,0.0,0.0,0.0,4.94536822209128e-08,,,,,9.569501838989592e-08,495.263671875,-33.1
music_guitar_piano/fsd182960.wav,music_guitar_piano,FSD50K (Freesound) via HF Fhrozen/FSD50k,CC-BY-3.0,44100,5.208,win0.2,5.008,0.2,CLEAR,0.0,0.0,0.0,0.0,7.611154491476644e-08,,,,,1.5180443222545797e-07,495.263671875,-35.3
music_percussive/fsd136037.wav,music_percussive,FSD50K (Freesound) via HF Fhrozen/FSD50k,CC-BY-3.0,44100,4.167,full,0.0,4.167,CLEAR,0.0,0.0,0.0,1.0,0.0030522315184401913,19.873208259952914,1.430616832105246,18.442591427847667,15137.841796875,0.023367145274714424,16472.900390625,-35.7
music_percussive/fsd136037.wav,music_percussive,FSD50K (Freesound) via HF Fhrozen/FSD50k,CC-BY-3.0,44100,4.167,win0.5,0.0,0.5,CLEAR,0.0,0.0353,0.0,1.0,0.003534646976194182,19.87328082958927,3.8703545627746405,16.00292626681463,15137.841796875,0.027059579391256413,16623.6328125,-27.0
music_percussive/fsd136037.wav,music_percussive,FSD50K (Freesound) via HF Fhrozen/FSD50k,CC-BY-3.0,44100,4.167,win0.5,0.917,0.5,CLEAR,0.0,0.0,0.0,0.0,3.019795744053333e-07,,,,,5.414803149999934e-07,7105.95703125,-43.1
music_percussive/fsd136037.wav,music_percussive,FSD50K (Freesound) via HF Fhrozen/FSD50k,CC-BY-3.0,44100,4.167,win0.5,1.833,0.5,CLEAR,0.0,0.0,0.0,0.0,1.8328843813392554e-06,,,,,3.1770628788138105e-06,6007.763671875,-51.2
music_percussive/fsd136037.wav,music_percussive,FSD50K (Freesound) via HF Fhrozen/FSD50k,CC-BY-3.0,44100,4.167,win0.5,2.75,0.5,CLEAR,0.0,0.0,0.0,0.0,7.984132903836723e-06,,,,,1.4041038313636806e-05,5146.435546875,-57.6
music_percussive/fsd136037.wav,music_percussive,FSD50K (Freesound) via HF Fhrozen/FSD50k,CC-BY-3.0,44100,4.167,win0.5,3.667,0.5,CLEAR,0.0,0.0,0.0,0.0,9.117333377491224e-06,,,,,1.5771723814728808e-05,5146.435546875,-58.0
music_percussive/fsd136037.wav,music_percussive,FSD50K (Freesound) via HF Fhrozen/FSD50k,CC-BY-3.0,44100,4.167,win0.2,0.0,0.2,CLEAR,0.0,0.0444,0.0,1.0,0.00444067460573499,20.04071787171366,6.003926243331833,14.036791628381827,15137.841796875,0.03397657142452493,17054.296875,-23.6
music_percussive/fsd136037.wav,music_percussive,FSD50K (Freesound) via HF Fhrozen/FSD50k,CC-BY-3.0,44100,4.167,win0.2,0.992,0.2,CLEAR,0.0,0.0,0.0,0.0,2.8728697585347486e-07,,,,,5.289942550875941e-07,7493.5546875,-43.0
music_percussive/fsd136037.wav,music_percussive,FSD50K (Freesound) via HF Fhrozen/FSD50k,CC-BY-3.0,44100,4.167,win0.2,1.983,0.2,CLEAR,0.0,0.0,0.0,0.0,2.2166024084025117e-06,,,,,3.7167717331185338e-06,6007.763671875,-51.9
music_percussive/fsd136037.wav,music_percussive,FSD50K (Freesound) via HF Fhrozen/FSD50k,CC-BY-3.0,44100,4.167,win0.2,2.975,0.2,CLEAR,0.0,0.0,0.0,0.0,8.218045582284586e-06,,,,,1.4215042314019891e-05,5124.90234375,-57.6
music_percussive/fsd136037.wav,music_percussive,FSD50K (Freesound) via HF Fhrozen/FSD50k,CC-BY-3.0,44100,4.167,win0.2,3.967,0.2,CLEAR,0.0,0.0,0.0,0.0,9.884397769348654e-06,,,,,1.7046978209264485e-05,5146.435546875,-58.0
music_percussive/fsd426040.wav,music_percussive,FSD50K (Freesound) via HF Fhrozen/FSD50k,CC-BY-3.0,44100,7.5,full,0.0,7.5,CLEAR,0.0,0.0357,0.0,1.0,0.0035689280005210254,8.550120890624257,1.0801240436054296,7.469996847018827,15740.771484375,0.017765122182900744,16408.30078125,-17.6
music_percussive/fsd426040.wav,music_percussive,FSD50K (Freesound) via HF Fhrozen/FSD50k,CC-BY-3.0,44100,7.5,win0.5,0.0,0.5,CLEAR,0.0,0.0027,0.0,0.4912,0.0002712364395105943,18.37190127561422,3.8703545627746405,14.50154671283958,16752.83203125,0.002888283561582865,11929.39453125,-17.3
music_percussive/fsd426040.wav,music_percussive,FSD50K (Freesound) via HF Fhrozen/FSD50k,CC-BY-3.0,44100,7.5,win0.5,1.75,0.5,CLEAR,0.0,0.0719,0.0,1.0,0.0071861934031025474,10.014364251406096,3.8703545627746405,6.144009688631456,17054.296875,0.03204611467931105,17549.560546875,-18.9
music_percussive/fsd426040.wav,music_percussive,FSD50K (Freesound) via HF Fhrozen/FSD50k,CC-BY-3.0,44100,7.5,win0.5,3.5,0.5,CLEAR,0.0,0.0848,0.0,1.0,0.008477297328534736,11.745804457402851,3.8703545627746405,7.875449894628211,15740.771484375,0.04331212507826994,17764.892578125,-21.0
music_percussive/fsd426040.wav,music_percussive,FSD50K (Freesound) via HF Fhrozen/FSD50k,CC-BY-3.0,44100,7.5,win0.5,5.25,0.5,CLEAR,0.0,0.052,0.0,1.0,0.005196680983360227,9.381509875735032,3.8703545627746405,5.511155312960392,15719.23828125,0.022668508256322988,17054.296875,-16.0
music_percussive/fsd426040.wav,music_percussive,FSD50K (Freesound) via HF Fhrozen/FSD50k,CC-BY-3.0,44100,7.5,win0.5,7.0,0.5,CLEAR,0.0,0.0,0.0,0.0,3.31315337175226e-05,,,,,0.00022745021067001832,5254.1015625,-15.7
music_percussive/fsd426040.wav,music_percussive,FSD50K (Freesound) via HF Fhrozen/FSD50k,CC-BY-3.0,44100,7.5,win0.2,0.0,0.2,CLEAR,0.0,0.0016,0.0,0.3297,0.00015966425069138376,15.486457776686883,6.003926243331833,9.48253153335505,16365.234375,0.0014149538277537048,10637.40234375,-16.8
music_percussive/fsd426040.wav,music_percussive,FSD50K (Freesound) via HF Fhrozen/FSD50k,CC-BY-3.0,44100,7.5,win0.2,1.825,0.2,CLEAR,0.0,0.2368,0.0,1.0,0.023683254646782732,10.950722022925124,6.003926243331833,4.946795779593291,16882.03125,0.10322561003423339,18970.751953125,-17.9
music_percussive/fsd426040.wav,music_percussive,FSD50K (Freesound) via HF Fhrozen/FSD50k,CC-BY-3.0,44100,7.5,win0.2,3.65,0.2,CLEAR,0.0,0.1438,0.0,1.0,0.014377586957703402,12.06392208501528,6.003926243331833,6.059995841683447,15740.771484375,0.08432457481309813,18518.5546875,-18.4
music_percussive/fsd426040.wav,music_percussive,FSD50K (Freesound) via HF Fhrozen/FSD50k,CC-BY-3.0,44100,7.5,win0.2,5.475,0.2,CLEAR,0.0,0.0034,0.0,0.1197,0.0003358951898632992,11.615474650340708,6.003926243331833,5.6115484070088755,15137.841796875,0.001666198432009458,8957.8125,-14.3
music_percussive/fsd426040.wav,music_percussive,FSD50K (Freesound) via HF Fhrozen/FSD50k,CC-BY-3.0,44100,7.5,win0.2,7.3,0.2,CLEAR,0.0,0.0,0.0,0.0,7.902556637763874e-05,,,,,0.0003678628781684453,5254.1015625,-19.3
music_percussive/fsd135987.wav,music_percussive,FSD50K (Freesound) via HF Fhrozen/FSD50k,CC-BY-3.0,44100,4.167,full,0.0,4.167,CLEAR,0.0,0.0,0.0,0.4804,0.00017490469402836308,16.66336363873716,1.430616832105246,15.232746806631914,15977.63671875,0.0018645509207008554,11843.26171875,-30.9
music_percussive/fsd135987.wav,music_percussive,FSD50K (Freesound) via HF Fhrozen/FSD50k,CC-BY-3.0,44100,4.167,win0.5,0.0,0.5,CLEAR,0.0,0.0026,0.0,0.5827,0.0002619303983053713,16.66764048297161,3.8703545627746405,12.79728592019697,15977.63671875,0.0027911033585490083,12661.5234375,-23.2
music_percussive/fsd135987.wav,music_percussive,FSD50K (Freesound) via HF Fhrozen/FSD50k,CC-BY-3.0,44100,4.167,win0.5,0.917,0.5,CLEAR,0.0,0.0,0.0,0.0,2.6142965843203673e-07,,,,,1.0173801865925153e-06,7385.888671875,-32.7
music_percussive/fsd135987.wav,music_percussive,FSD50K (Freesound) via HF Fhrozen/FSD50k,CC-BY-3.0,44100,4.167,win0.5,1.833,0.5,CLEAR,0.0,0.0,0.0,0.0,2.992284056265795e-06,,,,,6.29637404422767e-06,5060.302734375,-43.1
music_percussive/fsd135987.wav,music_percussive,FSD50K (Freesound) via HF Fhrozen/FSD50k,CC-BY-3.0,44100,4.167,win0.5,2.75,0.5,CLEAR,0.0,0.0,0.0,0.0,2.509031039325488e-05,,,,,5.365600943362373e-05,4349.70703125,-52.9
music_percussive/fsd135987.wav,music_percussive,FSD50K (Freesound) via HF Fhrozen/FSD50k,CC-BY-3.0,44100,4.167,win0.5,3.667,0.5,CLEAR,0.0,0.0,0.0,0.0,2.8412488173933615e-05,,,,,6.0251856283586954e-05,4457.373046875,-54.3
music_percussive/fsd135987.wav,music_percussive,FSD50K (Freesound) via HF Fhrozen/FSD50k,CC-BY-3.0,44100,4.167,win0.2,0.0,0.2,CLEAR,0.0,0.0054,0.0,0.7657,0.0005428432747208051,16.833459838652796,6.003926243331833,10.829533595320964,15977.63671875,0.005673357306736643,14125.78125,-21.8
music_percussive/fsd135987.wav,music_percussive,FSD50K (Freesound) via HF Fhrozen/FSD50k,CC-BY-3.0,44100,4.167,win0.2,0.992,0.2,CLEAR,0.0,0.0,0.0,0.0,2.5826176069416903e-07,,,,,9.824741419939417e-07,7558.154296875,-32.4
music_percussive/fsd135987.wav,music_percussive,FSD50K (Freesound) via HF Fhrozen/FSD50k,CC-BY-3.0,44100,4.167,win0.2,1.983,0.2,CLEAR,0.0,0.0,0.0,0.0,3.086830846425784e-06,,,,,6.54533379186559e-06,5017.236328125,-43.3
music_percussive/fsd135987.wav,music_percussive,FSD50K (Freesound) via HF Fhrozen/FSD50k,CC-BY-3.0,44100,4.167,win0.2,2.975,0.2,CLEAR,0.0,0.0,0.0,0.0,3.2952507317155684e-05,,,,,6.808640116716208e-05,4285.107421875,-53.9
music_percussive/fsd135987.wav,music_percussive,FSD50K (Freesound) via HF Fhrozen/FSD50k,CC-BY-3.0,44100,4.167,win0.2,3.967,0.2,CLEAR,0.0,0.0,0.0,0.0,3.135492713121823e-05,,,,,6.667162189903501e-05,4285.107421875,-54.6
music_percussive/fsd138717.wav,music_percussive,FSD50K (Freesound) via HF Fhrozen/FSD50k,CC-BY-3.0,44100,4.167,full,0.0,4.167,CLEAR,0.0,0.2698,0.0,1.0,0.02697970004790821,11.701756703951542,1.430616832105246,10.271139871846296,18367.822265625,0.04658797470932541,19702.880859375,-36.5
music_percussive/fsd138717.wav,music_percussive,FSD50K (Freesound) via HF Fhrozen/FSD50k,CC-BY-3.0,44100,4.167,win0.5,0.0,0.5,CLEAR,0.0,0.321,0.0,1.0,0.032104606303254665,11.76250030527151,3.8703545627746405,7.89214574249687,18367.822265625,0.0553276224959974,19853.61328125,-27.7
music_percussive/fsd138717.wav,music_percussive,FSD50K (Freesound) via HF Fhrozen/FSD50k,CC-BY-3.0,44100,4.167,win0.5,0.917,0.5,CLEAR,0.0,0.0,0.0,0.0282,0.00025825029570380277,,,,,0.0002634746053130767,8225.68359375,-45.0
music_percussive/fsd138717.wav,music_percussive,FSD50K (Freesound) via HF Fhrozen/FSD50k,CC-BY-3.0,44100,4.167,win0.5,1.833,0.5,CLEAR,0.0,0.0,0.0,0.0,7.784843538615525e-06,,,,,1.1706896937320805e-05,6244.62890625,-55.5
music_percussive/fsd138717.wav,music_percussive,FSD50K (Freesound) via HF Fhrozen/FSD50k,CC-BY-3.0,44100,4.167,win0.5,2.75,0.5,CLEAR,0.0,0.0,0.0,0.0,2.8511830564033713e-05,,,,,5.004192302278373e-05,5684.765625,-62.8
music_percussive/fsd138717.wav,music_percussive,FSD50K (Freesound) via HF Fhrozen/FSD50k,CC-BY-3.0,44100,4.167,win0.5,3.667,0.5,CLEAR,0.0,0.0,0.0,0.0,3.625649602104112e-05,,,,,6.354151664455728e-05,5663.232421875,-63.9
music_percussive/fsd138717.wav,music_percussive,FSD50K (Freesound) via HF Fhrozen/FSD50k,CC-BY-3.0,44100,4.167,win0.2,0.0,0.2,CLEAR,0.0,0.4565,0.0,1.0,0.04565067703547724,10.057009153401566,6.003926243331833,4.053082910069733,18518.5546875,0.08076170948239732,20391.943359375,-24.9
music_percussive/fsd138717.wav,music_percussive,FSD50K (Freesound) via HF Fhrozen/FSD50k,CC-BY-3.0,44100,4.167,win0.2,0.992,0.2,CLEAR,0.0,0.0,0.0,0.0471,0.00031357552441312964,,,,,0.0003200153424783223,8376.416015625,-44.5
music_percussive/fsd138717.wav,music_percussive,FSD50K (Freesound) via HF Fhrozen/FSD50k,CC-BY-3.0,44100,4.167,win0.2,1.983,0.2,CLEAR,0.0,0.0,0.0,0.0,6.327356430055428e-06,,,,,1.0387039691659165e-05,6244.62890625,-55.7
music_percussive/fsd138717.wav,music_percussive,FSD50K (Freesound) via HF Fhrozen/FSD50k,CC-BY-3.0,44100,4.167,win0.2,2.975,0.2,CLEAR,0.0,0.0,0.0,0.0,3.320021537998804e-05,,,,,5.9537232303693455e-05,5512.5,-63.5
music_percussive/fsd138717.wav,music_percussive,FSD50K (Freesound) via HF Fhrozen/FSD50k,CC-BY-3.0,44100,4.167,win0.2,3.967,0.2,CLEAR,0.0,0.0,0.0,0.0,3.708548722411434e-05,,,,,6.603960780388185e-05,5490.966796875,-64.1
music_percussive/fsd216759.wav,music_percussive,FSD50K (Freesound) via HF Fhrozen/FSD50k,CC0-1.0,44100,4.304,full,0.0,4.304,CLEAR,0.0,0.0,0.0,0.0,8.24731858986607e-08,,,,,1.4632449926042003e-07,1335.05859375,-39.3
music_percussive/fsd216759.wav,music_percussive,FSD50K (Freesound) via HF Fhrozen/FSD50k,CC0-1.0,44100,4.304,win0.5,0.0,0.5,CLEAR,0.0,0.0,0.0,0.0,1.1321883081835986e-07,,,,,1.991910063986324e-07,1356.591796875,-39.3
music_percussive/fsd216759.wav,music_percussive,FSD50K (Freesound) via HF Fhrozen/FSD50k,CC0-1.0,44100,4.304,win0.5,0.951,0.5,CLEAR,0.0,0.0,0.0,0.0,4.542292879645033e-08,,,,,8.084732445610286e-08,1378.125,-35.1
music_percussive/fsd216759.wav,music_percussive,FSD50K (Freesound) via HF Fhrozen/FSD50k,CC0-1.0,44100,4.304,win0.5,1.902,0.5,CLEAR,0.0,0.0,0.0,0.0,1.3421706426891177e-07,,,,,2.349474433253474e-07,1184.326171875,-39.6
music_percussive/fsd216759.wav,music_percussive,FSD50K (Freesound) via HF Fhrozen/FSD50k,CC0-1.0,44100,4.304,win0.5,2.853,0.5,CLEAR,0.0,0.0,0.0,0.0,0.00047176256721885384,,,,,0.0008604446422320121,1184.326171875,-82.9
music_percussive/fsd216759.wav,music_percussive,FSD50K (Freesound) via HF Fhrozen/FSD50k,CC0-1.0,44100,4.304,win0.2,0.0,0.2,CLEAR,0.0,0.0,0.0,0.0,1.3553896558800217e-06,,,,,2.4073899629374705e-06,1378.125,-46.7
music_percussive/fsd216759.wav,music_percussive,FSD50K (Freesound) via HF Fhrozen/FSD50k,CC0-1.0,44100,4.304,win0.2,1.026,0.2,CLEAR,0.0,0.0,0.0,0.0,3.5914021586389187e-08,,,,,6.810539476677609e-08,1335.05859375,-34.4
music_percussive/fsd216759.wav,music_percussive,FSD50K (Freesound) via HF Fhrozen/FSD50k,CC0-1.0,44100,4.304,win0.2,2.052,0.2,CLEAR,0.0,0.0,0.0,0.0,1.0029246158258087e-07,,,,,1.7569246497805213e-07,1184.326171875,-38.5
music_percussive/fsd216759.wav,music_percussive,FSD50K (Freesound) via HF Fhrozen/FSD50k,CC0-1.0,44100,4.304,win0.2,3.078,0.2,CLEAR,0.0,0.0,0.0,0.0,0.0007827061586856585,3.7545839300132804,6.003926243331833,-2.2493423133185524,18927.685546875,0.0014539509728368311,3811.376953125,-86.6
music_percussive/fsd176993.wav,music_percussive,FSD50K (Freesound) via HF Fhrozen/FSD50k,CC-BY-3.0,44100,2.651,full,0.0,2.651,CLEAR,0.0,0.0,0.0,0.2947,0.0002852134308443387,8.549964138882864,1.771464450846583,6.7784996880362804,15546.97265625,0.0010312973966111756,10357.470703125,-27.1
music_percussive/fsd176993.wav,music_percussive,FSD50K (Freesound) via HF Fhrozen/FSD50k,CC-BY-3.0,44100,2.651,win0.5,0.0,0.5,CLEAR,0.0,0.0029,0.0,0.2947,0.00028539425262728743,8.550294179778671,3.8703545627746405,4.679939617004031,15546.97265625,0.0010319617210531725,10357.470703125,-19.9
music_percussive/fsd176993.wav,music_percussive,FSD50K (Freesound) via HF Fhrozen/FSD50k,CC-BY-3.0,44100,2.651,win0.5,0.538,0.5,CLEAR,0.0,0.0,0.0,0.0,2.1247575418827795e-05,,,,,7.16390092839183e-05,5189.501953125,-53.6
music_percussive/fsd176993.wav,music_percussive,FSD50K (Freesound) via HF Fhrozen/FSD50k,CC-BY-3.0,44100,2.651,win0.5,1.076,0.5,CLEAR,0.0,0.0,0.0,0.0,0.00013126121949957534,,,,,0.0002850897398085197,2799.31640625,-64.7
music_percussive/fsd176993.wav,music_percussive,FSD50K (Freesound) via HF Fhrozen/FSD50k,CC-BY-3.0,44100,2.651,win0.5,1.613,0.5,CLEAR,0.0,0.0,0.0,0.0,0.000837199751811485,5.950851158000589,3.8703545627746405,2.080496595225948,16860.498046875,0.002396862795475641,6223.095703125,-71.8
music_percussive/fsd176993.wav,music_percussive,FSD50K (Freesound) via HF Fhrozen/FSD50k,CC-BY-3.0,44100,2.651,win0.5,2.151,0.5,CLEAR,0.0,0.0,0.0,0.2382,0.0021433521488671762,2.781205446788853,3.8703545627746405,-1.0891491159857876,16472.900390625,0.004555833051051952,9905.2734375,-74.3
music_percussive/fsd176993.wav,music_percussive,FSD50K (Freesound) via HF Fhrozen/FSD50k,CC-BY-3.0,44100,2.651,win0.2,0.0,0.2,CLEAR,0.0,0.0029,0.0,0.2974,0.00029144348380414633,8.57307580008334,6.003926243331833,2.5691495567515066,15546.97265625,0.001051171058317061,10379.00390625,-15.9
music_percussive/fsd176993.wav,music_percussive,FSD50K (Freesound) via HF Fhrozen/FSD50k,CC-BY-3.0,44100,2.651,win0.2,0.613,0.2,CLEAR,0.0,0.0,0.0,0.0,1.7438698314048586e-05,,,,,6.564998025913924e-05,4780.37109375,-52.8
music_percussive/fsd176993.wav,music_percussive,FSD50K (Freesound) via HF Fhrozen/FSD50k,CC-BY-3.0,44100,2.651,win0.2,1.226,0.2,CLEAR,0.0,0.0,0.0,0.0,0.0001441186037164657,,,,,0.0003195029960701552,2325.5859375,-66.1
music_percussive/fsd176993.wav,music_percussive,FSD50K (Freesound) via HF Fhrozen/FSD50k,CC-BY-3.0,44100,2.651,win0.2,1.838,0.2,CLEAR,0.0,0.0,0.0,0.1709,0.0010694389904252076,8.976561894828068,6.003926243331833,2.972635651496235,16860.498046875,0.003468359666732269,9366.943359375,-73.9
music_percussive/fsd176993.wav,music_percussive,FSD50K (Freesound) via HF Fhrozen/FSD50k,CC-BY-3.0,44100,2.651,win0.2,2.451,0.2,CLEAR,0.0,0.0,0.0,0.3135,0.002380470847766065,4.307877784450318,6.003926243331833,-1.6960484588815143,17226.5625,0.005145611560799977,10508.203125,-76.9
music_percussive/fsd102501.wav,music_percussive,FSD50K (Freesound) via HF Fhrozen/FSD50k,CC-BY-3.0,44100,3.692,full,0.0,3.692,CLEAR,0.0,0.008,0.0,0.6258,0.0008015024679496499,16.595409367144246,1.5134997760645699,15.081909591079675,15310.107421875,0.004225333298422584,13006.0546875,-25.6
music_percussive/fsd102501.wav,music_percussive,FSD50K (Freesound) via HF Fhrozen/FSD50k,CC-BY-3.0,44100,3.692,win0.5,0.0,0.5,CLEAR,0.0,0.006,0.0,0.6769,0.0006034774583726954,24.501431454270616,3.8703545627746405,20.631076891495976,15310.107421875,0.005270368384005602,13415.185546875,-25.7
music_percussive/fsd102501.wav,music_percussive,FSD50K (Freesound) via HF Fhrozen/FSD50k,CC-BY-3.0,44100,3.692,win0.5,0.798,0.5,CLEAR,0.0,0.0087,0.0,0.5585,0.0008662052272696897,10.2388993911698,3.8703545627746405,6.3685448283951605,15030.17578125,0.0031490670962620528,12467.724609375,-25.7
music_percussive/fsd102501.wav,music_percussive,FSD50K (Freesound) via HF Fhrozen/FSD50k,CC-BY-3.0,44100,3.692,win0.5,1.596,0.5,CLEAR,0.0,0.0,0.0,0.1763,6.252327867578153e-05,,,,,0.0009255780504335668,9410.009765625,-26.4
music_percussive/fsd102501.wav,music_percussive,FSD50K (Freesound) via HF Fhrozen/FSD50k,CC-BY-3.0,44100,3.692,win0.5,2.394,0.5,CLEAR,0.0,0.0178,0.0,0.9111,0.0017800403428386573,21.816027645699908,3.8703545627746405,17.945673082925268,15374.70703125,0.01318712997968007,15288.57421875,-26.0
music_percussive/fsd102501.wav,music_percussive,FSD50K (Freesound) via HF Fhrozen/FSD50k,CC-BY-3.0,44100,3.692,win0.5,3.192,0.5,CLEAR,0.0,0.0212,0.0,0.7523,0.002121827107947995,15.35965972117317,3.8703545627746405,11.48930515839853,15245.5078125,0.007244091905150335,14018.115234375,-29.7
music_percussive/fsd102501.wav,music_percussive,FSD50K (Freesound) via HF Fhrozen/FSD50k,CC-BY-3.0,44100,3.692,win0.2,0.0,0.2,CLEAR,0.0,0.0198,0.0,0.9165,0.0019758608590265386,28.149404594177952,6.003926243331833,22.14547835084612,15310.107421875,0.017220359055163562,15331.640625,-26.3
music_percussive/fsd102501.wav,music_percussive,FSD50K (Freesound) via HF Fhrozen/FSD50k,CC-BY-3.0,44100,3.692,win0.2,0.873,0.2,CLEAR,0.0,0.0,0.0,0.0497,6.861665343247899e-05,,,,,0.0003829552123312852,8397.94921875,-25.6
music_percussive/fsd102501.wav,music_percussive,FSD50K (Freesound) via HF Fhrozen/FSD50k,CC-BY-3.0,44100,3.692,win0.2,1.746,0.2,CLEAR,0.0,0.0,0.0,0.1466,4.848466975464659e-05,,,,,0.0008344168901496508,9173.14453125,-24.2
music_percussive/fsd102501.wav,music_percussive,FSD50K (Freesound) via HF Fhrozen/FSD50k,CC-BY-3.0,44100,3.692,win0.2,2.619,0.2,CLEAR,0.0165,0.0349,0.0078,0.9622,0.003493123624885959,24.42978733952796,6.003926243331833,18.425861096196126,15331.640625,0.029515718823960944,15697.705078125,-24.5
music_percussive/fsd102501.wav,music_percussive,FSD50K (Freesound) via HF Fhrozen/FSD50k,CC-BY-3.0,44100,3.692,win0.2,3.492,0.2,CLEAR,0.0,0.0,0.0,0.0,0.00044420292333984603,,,,,0.0009967539191401622,7256.689453125,-60.4
music_percussive/fsd58622.wav,music_percussive,FSD50K (Freesound) via HF Fhrozen/FSD50k,CC-BY-3.0,44100,5.352,full,0.0,5.352,CLEAR,0.0,0.0014,0.0,0.0,0.0001375919120766869,,,,,0.0007577394923728971,7364.35546875,-11.5
music_percussive/fsd58622.wav,music_percussive,FSD50K (Freesound) via HF Fhrozen/FSD50k,CC-BY-3.0,44100,5.352,win0.5,0.0,0.5,CLEAR,0.0,0.0017,0.0,0.0,0.00016732084119504384,,,,,0.0009243205632415388,7041.357421875,-10.1
music_percussive/fsd58622.wav,music_percussive,FSD50K (Freesound) via HF Fhrozen/FSD50k,CC-BY-3.0,44100,5.352,win0.5,1.213,0.5,CLEAR,0.0,0.0078,0.0,0.7307,0.0007774880872640479,13.437694542106144,3.8703545627746405,9.567339979331503,15180.908203125,0.0043642428590084615,13845.849609375,-16.4
music_percussive/fsd58622.wav,music_percussive,FSD50K (Freesound) via HF Fhrozen/FSD50k,CC-BY-3.0,44100,5.352,win0.5,2.426,0.5,CLEAR,0.0,0.0,0.0,0.0,2.5138310242666077e-06,,,,,1.4140449982539989e-05,322.998046875,-8.6
music_percussive/fsd58622.wav,music_percussive,FSD50K (Freesound) via HF Fhrozen/FSD50k,CC-BY-3.0,44100,5.352,win0.5,3.639,0.5,CLEAR,0.0,0.0011,0.0,0.0,0.00011153938176367802,,,,,0.0005694651075119757,4909.5703125,-9.4
music_percussive/fsd58622.wav,music_percussive,FSD50K (Freesound) via HF Fhrozen/FSD50k,CC-BY-3.0,44100,5.352,win0.5,4.852,0.5,CLEAR,0.0,0.002,0.0,0.0632,0.00020125480566498755,15.413811200975108,3.8703545627746405,11.543456638200468,15030.17578125,0.0011777452486112351,8505.615234375,-12.0
music_percussive/fsd58622.wav,music_percussive,FSD50K (Freesound) via HF Fhrozen/FSD50k,CC-BY-3.0,44100,5.352,win0.2,0.0,0.2,CLEAR,0.0,0.0006,0.0,0.0,5.5373696320071176e-05,,,,,0.00025563031808416113,3337.646484375,-6.2
music_percussive/fsd58622.wav,music_percussive,FSD50K (Freesound) via HF Fhrozen/FSD50k,CC-BY-3.0,44100,5.352,win0.2,1.288,0.2,CLEAR,0.0,0.0479,0.0,1.0,0.004789054587362875,13.918160103789072,6.003926243331833,7.914233860457239,15073.2421875,0.026092100663817838,16494.43359375,-22.5
music_percussive/fsd58622.wav,music_percussive,FSD50K (Freesound) via HF Fhrozen/FSD50k,CC-BY-3.0,44100,5.352,win0.2,2.576,0.2,CLEAR,0.0,0.0,0.0,0.0,1.8262012575930454e-06,,,,,9.702228552403983e-06,215.33203125,-6.7
music_percussive/fsd58622.wav,music_percussive,FSD50K (Freesound) via HF Fhrozen/FSD50k,CC-BY-3.0,44100,5.352,win0.2,3.864,0.2,CLEAR,0.0,0.0013,0.0,0.0,0.0001311507404154325,,,,,0.0006436830640065141,5426.3671875,-5.7
music_percussive/fsd58622.wav,music_percussive,FSD50K (Freesound) via HF Fhrozen/FSD50k,CC-BY-3.0,44100,5.352,win0.2,5.152,0.2,CLEAR,0.0,0.0,0.0,0.0,4.0059508508855385e-08,,,,,1.848134758374823e-07,193.798828125,-8.3
music_percussive/fsd199447.wav,music_percussive,FSD50K (Freesound) via HF Fhrozen/FSD50k,CC0-1.0,44100,10.944,full,0.0,10.944,CLEAR,0.0,0.0,0.0,0.7657,0.0007310079745102104,9.30634335396953,0.8989990831507149,8.407344270818815,15094.775390625,0.0055725769424213815,14125.78125,-33.5
music_percussive/fsd199447.wav,music_percussive,FSD50K (Freesound) via HF Fhrozen/FSD50k,CC0-1.0,44100,10.944,win0.5,0.0,0.5,CLEAR,0.0,0.0,0.0,0.8007,0.0007944267346190291,13.34454849366576,3.8703545627746405,9.47419393089112,15094.775390625,0.006643702662124518,14405.712890625,-29.7
music_percussive/fsd199447.wav,music_percussive,FSD50K (Freesound) via HF Fhrozen/FSD50k,CC0-1.0,44100,10.944,win0.5,2.611,0.5,CLEAR,0.0,0.0,0.0,0.7711,0.0007320159183038069,10.127381914070446,3.8703545627746405,6.257027351295806,15094.775390625,0.005397295041172476,14168.84765625,-29.1
music_percussive/fsd199447.wav,music_percussive,FSD50K (Freesound) via HF Fhrozen/FSD50k,CC0-1.0,44100,10.944,win0.5,5.222,0.5,CLEAR,0.0,0.0,0.0,0.0,0.0013793736151016004,2.6398423348841646,3.8703545627746405,-1.2305122278904759,16838.96484375,0.0025614565151113504,1614.990234375,-74.2
music_percussive/fsd199447.wav,music_percussive,FSD50K (Freesound) via HF Fhrozen/FSD50k,CC0-1.0,44100,10.944,win0.5,7.833,0.5,CLEAR,0.0,0.0,0.0,0.7953,0.0008247995521720418,10.387751807095265,3.8703545627746405,6.517397244320625,15008.642578125,0.006706764690392055,14362.646484375,-33.4
music_percussive/fsd199447.wav,music_percussive,FSD50K (Freesound) via HF Fhrozen/FSD50k,CC0-1.0,44100,10.944,win0.5,10.444,0.5,CLEAR,0.0,0.0,0.0,0.0,0.001145894695905656,2.906762159960013,3.8703545627746405,-0.9635924028146277,16365.234375,0.002310289848764019,4801.904296875,-73.5
music_percussive/fsd199447.wav,music_percussive,FSD50K (Freesound) via HF Fhrozen/FSD50k,CC0-1.0,44100,10.944,win0.2,0.0,0.2,CLEAR,0.0,0.0,0.0,0.5154,0.0003078281592749724,14.074496463731919,6.003926243331833,8.070570220400086,15030.17578125,0.00185715119891159,12123.193359375,-49.0
music_percussive/fsd199447.wav,music_percussive,FSD50K (Freesound) via HF Fhrozen/FSD50k,CC0-1.0,44100,10.944,win0.2,2.686,0.2,CLEAR,0.0,0.0136,0.0,0.8303,0.0013592753551034831,11.993140966213627,6.003926243331833,5.989214722881794,15482.373046875,0.008824356737944792,14642.578125,-29.9
music_percussive/fsd199447.wav,music_percussive,FSD50K (Freesound) via HF Fhrozen/FSD50k,CC0-1.0,44100,10.944,win0.2,5.372,0.2,CLEAR,0.0,0.0,0.0,0.0,0.002170457875188101,4.885418133336469,6.003926243331833,-1.1185081099953642,18518.5546875,0.0038666582002665597,5620.166015625,-74.7
music_percussive/fsd199447.wav,music_percussive,FSD50K (Freesound) via HF Fhrozen/FSD50k,CC0-1.0,44100,10.944,win0.2,8.058,0.2,CLEAR,0.0,0.0,0.0,0.8949,0.001338542589174724,11.901591718786674,6.003926243331833,5.897665475454842,15245.5078125,0.010781341383535417,15159.375,-34.9
music_percussive/fsd199447.wav,music_percussive,FSD50K (Freesound) via HF Fhrozen/FSD50k,CC0-1.0,44100,10.944,win0.2,10.744,0.2,CLEAR,0.0,0.0,0.0,0.0,0.00098131918777538,5.32148981178946,6.003926243331833,-0.6824364315423725,16343.701171875,0.0019649781693702063,925.927734375,-73.3
music_percussive/fsd216753.wav,music_percussive,FSD50K (Freesound) via HF Fhrozen/FSD50k,CC0-1.0,44100,11.735,full,0.0,11.735,CLEAR,0.0,0.0,0.0,0.0,2.856938942643474e-08,,,,,4.858865080575831e-08,1033.59375,-32.5
music_percussive/fsd216753.wav,music_percussive,FSD50K (Freesound) via HF Fhrozen/FSD50k,CC0-1.0,44100,11.735,win0.5,0.0,0.5,CLEAR,0.0,0.0,0.0,0.0,1.4972955924257067e-08,,,,,2.4837752248611943e-08,947.4609375,-34.8
music_percussive/fsd216753.wav,music_percussive,FSD50K (Freesound) via HF Fhrozen/FSD50k,CC0-1.0,44100,11.735,win0.5,2.809,0.5,CLEAR,0.0,0.0,0.0,0.0,3.9804348975507016e-08,,,,,7.035930825735953e-08,1033.59375,-33.9
music_percussive/fsd216753.wav,music_percussive,FSD50K (Freesound) via HF Fhrozen/FSD50k,CC0-1.0,44100,11.735,win0.5,5.617,0.5,CLEAR,0.0,0.0,0.0,0.0,1.0341402733676618e-08,,,,,1.803972810208825e-08,1055.126953125,-28.7
music_percussive/fsd216753.wav,music_percussive,FSD50K (Freesound) via HF Fhrozen/FSD50k,CC0-1.0,44100,11.735,win0.5,8.426,0.5,CLEAR,0.0,0.0,0.0,0.0,6.36416816754748e-08,,,,,1.0759719427982118e-07,1055.126953125,-34.9
music_percussive/fsd216753.wav,music_percussive,FSD50K (Freesound) via HF Fhrozen/FSD50k,CC0-1.0,44100,11.735,win0.5,11.235,0.5,CLEAR,0.0,0.0,0.0,0.0,0.00010873228024471939,,,,,0.0001957343686409336,2368.65234375,-69.6
music_percussive/fsd216753.wav,music_percussive,FSD50K (Freesound) via HF Fhrozen/FSD50k,CC0-1.0,44100,11.735,win0.2,2.884,0.2,CLEAR,0.0,0.0,0.0,0.0,2.1810601703286855e-05,,,,,3.9253188638023454e-05,2562.451171875,-62.2
music_percussive/fsd216753.wav,music_percussive,FSD50K (Freesound) via HF Fhrozen/FSD50k,CC0-1.0,44100,11.735,win0.2,5.767,0.2,CLEAR,0.0,0.0,0.0,0.0,1.1546296778328055e-08,,,,,1.9987795477007025e-08,322.998046875,-29.2
music_percussive/fsd216753.wav,music_percussive,FSD50K (Freesound) via HF Fhrozen/FSD50k,CC0-1.0,44100,11.735,win0.2,8.651,0.2,CLEAR,0.0,0.0,0.0,0.0,2.1454565187969124e-06,,,,,3.5533384060250532e-06,2691.650390625,-40.1
music_percussive/fsd216753.wav,music_percussive,FSD50K (Freesound) via HF Fhrozen/FSD50k,CC0-1.0,44100,11.735,win0.2,11.535,0.2,CLEAR,0.0,0.0,0.0,0.2758,0.002939616490229751,3.655885311198486,6.003926243331833,-2.3480409321333466,16408.30078125,0.0055061751936868915,10206.73828125,-84.6
music_percussive/fsd136181.wav,music_percussive,FSD50K (Freesound) via HF Fhrozen/FSD50k,CC-BY-3.0,44100,4.167,full,0.0,4.167,CLEAR,0.0,0.0,0.0,0.7361,0.0020225672204965957,12.942002837811073,1.430616832105246,11.511386005705827,17398.828125,0.006270767055389657,13888.916015625,-35.6
music_percussive/fsd136181.wav,music_percussive,FSD50K (Freesound) via HF Fhrozen/FSD50k,CC-BY-3.0,44100,4.167,win0.5,0.0,0.5,CLEAR,0.0,0.021,0.0,0.7388,0.0021030552179090905,12.942382853611427,3.8703545627746405,9.072028290836787,17398.828125,0.006519790948173389,13910.44921875,-26.5
music_percussive/fsd136181.wav,music_percussive,FSD50K (Freesound) via HF Fhrozen/FSD50k,CC-BY-3.0,44100,4.167,win0.5,0.917,0.5,CLEAR,0.0,0.0,0.0,0.0,3.1425938475013474e-06,,,,,1.0143701012832975e-05,6309.228515625,-51.0
music_percussive/fsd136181.wav,music_percussive,FSD50K (Freesound) via HF Fhrozen/FSD50k,CC-BY-3.0,44100,4.167,win0.5,1.833,0.5,CLEAR,0.0,0.0,0.0,0.0,3.957952113052017e-05,,,,,7.797055109285954e-05,4737.3046875,-62.5
music_percussive/fsd136181.wav,music_percussive,FSD50K (Freesound) via HF Fhrozen/FSD50k,CC-BY-3.0,44100,4.167,win0.5,2.75,0.5,CLEAR,0.0,0.0,0.0,0.0,0.00013193561427806322,,,,,0.00024262697996221095,3832.91015625,-68.0
music_percussive/fsd136181.wav,music_percussive,FSD50K (Freesound) via HF Fhrozen/FSD50k,CC-BY-3.0,44100,4.167,win0.5,3.667,0.5,CLEAR,0.0,0.0,0.0,0.0,0.00013850632507937514,,,,,0.0002546538605155863,3832.91015625,-68.8
music_percussive/fsd136181.wav,music_percussive,FSD50K (Freesound) via HF Fhrozen/FSD50k,CC-BY-3.0,44100,4.167,win0.2,0.0,0.2,CLEAR,0.0,0.0246,0.0,0.7523,0.002455854430285938,12.893381902311267,6.003926243331833,6.8894556589794345,17398.828125,0.00760086699234982,14018.115234375,-22.8
music_percussive/fsd136181.wav,music_percussive,FSD50K (Freesound) via HF Fhrozen/FSD50k,CC-BY-3.0,44100,4.167,win0.2,0.992,0.2,CLEAR,0.0,0.0,0.0,0.0,2.871858933936116e-06,,,,,1.0441102498225784e-05,6309.228515625,-50.6
music_percussive/fsd136181.wav,music_percussive,FSD50K (Freesound) via HF Fhrozen/FSD50k,CC-BY-3.0,44100,4.167,win0.2,1.983,0.2,CLEAR,0.0,0.0,0.0,0.0,3.647959793003767e-05,,,,,7.251624971701468e-05,4672.705078125,-62.3
music_percussive/fsd136181.wav,music_percussive,FSD50K (Freesound) via HF Fhrozen/FSD50k,CC-BY-3.0,44100,4.167,win0.2,2.975,0.2,CLEAR,0.0,0.0,0.0,0.0,0.0001981031435158225,,,,,0.00036566439718815175,3854.443359375,-69.5
music_percussive/fsd136181.wav,music_percussive,FSD50K (Freesound) via HF Fhrozen/FSD50k,CC-BY-3.0,44100,4.167,win0.2,3.967,0.2,CLEAR,0.0,0.0,0.0,0.0,0.00016852788590925695,,,,,0.0003170166484350329,3832.91015625,-69.6
music_percussive/fsd137509.wav,music_percussive,FSD50K (Freesound) via HF Fhrozen/FSD50k,CC-BY-3.0,44100,3.125,full,0.0,3.125,CLEAR,0.0,0.9423,0.0,1.0,0.09423328026236243,12.323040531254197,1.6413002600507451,10.681740271203452,19293.75,0.15704896366703577,20865.673828125,-28.1
music_percussive/fsd137509.wav,music_percussive,FSD50K (Freesound) via HF Fhrozen/FSD50k,CC-BY-3.0,44100,3.125,win0.5,0.0,0.5,CLEAR,0.0,1.0,0.0,1.0,0.1017370581757372,12.32305871300625,3.8703545627746405,8.45270415023161,19293.75,0.16953758889621226,20908.740234375,-20.4
music_percussive/fsd137509.wav,music_percussive,FSD50K (Freesound) via HF Fhrozen/FSD50k,CC-BY-3.0,44100,3.125,win0.5,0.656,0.5,CLEAR,0.0,0.0,0.0,0.2301,5.296852828451903e-06,,,,,9.220915804485319e-05,9840.673828125,-35.9
music_percussive/fsd137509.wav,music_percussive,FSD50K (Freesound) via HF Fhrozen/FSD50k,CC-BY-3.0,44100,3.125,win0.5,1.312,0.5,CLEAR,0.0,0.0,0.0,0.0,3.846493231732948e-07,,,,,1.1018785604830308e-06,6998.291015625,-43.3
music_percussive/fsd137509.wav,music_percussive,FSD50K (Freesound) via HF Fhrozen/FSD50k,CC-BY-3.0,44100,3.125,win0.5,1.969,0.5,CLEAR,0.0,0.0,0.0,0.0,1.2796466805400224e-06,,,,,2.4214060881717277e-06,5900.09765625,-48.7
music_percussive/fsd137509.wav,music_percussive,FSD50K (Freesound) via HF Fhrozen/FSD50k,CC-BY-3.0,44100,3.125,win0.5,2.625,0.5,CLEAR,0.0,0.0,0.0,0.0,1.1810242407099183e-06,,,,,2.092650487241148e-06,6072.36328125,-48.2
music_percussive/fsd137509.wav,music_percussive,FSD50K (Freesound) via HF Fhrozen/FSD50k,CC-BY-3.0,44100,3.125,win0.2,0.0,0.2,CLEAR,0.0,1.0,0.0,1.0,0.12798452307573246,12.449635769319347,6.003926243331833,6.445709525987514,19293.75,0.21149848446470051,21081.005859375,-17.2
music_percussive/fsd137509.wav,music_percussive,FSD50K (Freesound) via HF Fhrozen/FSD50k,CC-BY-3.0,44100,3.125,win0.2,0.731,0.2,CLEAR,0.0,0.0,0.0,0.2301,2.9530937909247786e-06,,,,,7.919212489724491e-05,9840.673828125,-35.4
music_percussive/fsd137509.wav,music_percussive,FSD50K (Freesound) via HF Fhrozen/FSD50k,CC-BY-3.0,44100,3.125,win0.2,1.462,0.2,CLEAR,0.0,0.0,0.0,0.0,4.1416509734283924e-07,,,,,9.004992876035356e-07,6933.69140625,-43.5
music_percussive/fsd137509.wav,music_percussive,FSD50K (Freesound) via HF Fhrozen/FSD50k,CC-BY-3.0,44100,3.125,win0.2,2.194,0.2,CLEAR,0.0,0.0,0.0,0.0,1.5211653095001674e-06,,,,,2.9966266953233355e-06,5749.365234375,-49.4
music_percussive/fsd137509.wav,music_percussive,FSD50K (Freesound) via HF Fhrozen/FSD50k,CC-BY-3.0,44100,3.125,win0.2,2.925,0.2,CLEAR,0.0,0.0,0.0,0.0,1.2010766726036494e-06,,,,,2.0481113256751266e-06,6072.36328125,-48.1
music_percussive/fsd13203.wav,music_percussive,FSD50K (Freesound) via HF Fhrozen/FSD50k,CC0-1.0,44100,3.586,full,0.0,3.586,CLEAR,0.0,0.0,0.0,0.0,3.9381097081032116e-08,,,,,4.3745613271308506e-07,4435.83984375,-22.9
music_percussive/fsd13203.wav,music_percussive,FSD50K (Freesound) via HF Fhrozen/FSD50k,CC0-1.0,44100,3.586,win0.5,0.0,0.5,CLEAR,0.0,0.0,0.0,0.0847,2.716085378239212e-06,,,,,1.0476515140438637e-05,8677.880859375,-42.0
music_percussive/fsd13203.wav,music_percussive,FSD50K (Freesound) via HF Fhrozen/FSD50k,CC0-1.0,44100,3.586,win0.5,0.772,0.5,CLEAR,0.0,0.0,0.0,0.0,2.854549386120753e-07,,,,,8.394824003065916e-07,7084.423828125,-32.4
music_percussive/fsd13203.wav,music_percussive,FSD50K (Freesound) via HF Fhrozen/FSD50k,CC0-1.0,44100,3.586,win0.5,1.543,0.5,CLEAR,0.0,0.0,0.0,0.0,7.982755504103916e-08,,,,,2.655559503561016e-07,3919.04296875,-26.8
music_percussive/fsd13203.wav,music_percussive,FSD50K (Freesound) via HF Fhrozen/FSD50k,CC0-1.0,44100,3.586,win0.5,2.315,0.5,CLEAR,0.0,0.0,0.0,0.0,2.1766546900364282e-08,,,,,3.2657970377482475e-07,3962.109375,-19.9
music_percussive/fsd13203.wav,music_percussive,FSD50K (Freesound) via HF Fhrozen/FSD50k,CC0-1.0,44100,3.586,win0.5,3.086,0.5,CLEAR,0.0,0.0,0.0,0.0,1.8835961990451803e-08,,,,,3.658596653247466e-07,4435.83984375,-19.0
music_percussive/fsd13203.wav,music_percussive,FSD50K (Freesound) via HF Fhrozen/FSD50k,CC0-1.0,44100,3.586,win0.2,0.0,0.2,CLEAR,0.0,0.0,0.0,0.0,1.2555336588322434e-05,,,,,2.08375450745836e-05,3488.37890625,-44.2
music_percussive/fsd13203.wav,music_percussive,FSD50K (Freesound) via HF Fhrozen/FSD50k,CC0-1.0,44100,3.586,win0.2,0.847,0.2,CLEAR,0.0,0.0,0.0,0.0,1.7216054659065306e-07,,,,,5.559146867980063e-07,4134.375,-30.6
music_percussive/fsd13203.wav,music_percussive,FSD50K (Freesound) via HF Fhrozen/FSD50k,CC0-1.0,44100,3.586,win0.2,1.693,0.2,CLEAR,0.0,0.0,0.0,0.0,6.468497955898723e-08,,,,,2.411744618267399e-07,3875.9765625,-25.9
music_percussive/fsd13203.wav,music_percussive,FSD50K (Freesound) via HF Fhrozen/FSD50k,CC0-1.0,44100,3.586,win0.2,2.54,0.2,CLEAR,0.0,0.0,0.0,0.0,1.8331315176990646e-08,,,,,3.5041628928725494e-07,4069.775390625,-18.3
music_percussive/fsd13203.wav,music_percussive,FSD50K (Freesound) via HF Fhrozen/FSD50k,CC0-1.0,44100,3.586,win0.2,3.386,0.2,CLEAR,0.0,0.0,0.0,0.0,8.743763650289646e-07,,,,,1.7499554651229493e-06,4672.705078125,-36.5
music_percussive/fsd375707.wav,music_percussive,FSD50K (Freesound) via HF Fhrozen/FSD50k,CC0-1.0,44100,6.926,full,0.0,6.926,CLEAR,0.0,0.0,0.0,0.5612,4.2123668789019895e-05,19.331170078820964,1.1211120695801011,18.210058009240864,15180.908203125,0.001026829795554159,12489.2578125,-50.0
music_percussive/fsd375707.wav,music_percussive,FSD50K (Freesound) via HF Fhrozen/FSD50k,CC0-1.0,44100,6.926,win0.5,0.0,0.5,CLEAR,0.0,0.0,0.0,0.5315,5.171312937040199e-05,21.28467913432585,3.8703545627746405,17.41432457155121,15310.107421875,0.001216837633094639,12252.392578125,-53.8
music_percussive/fsd375707.wav,music_percussive,FSD50K (Freesound) via HF Fhrozen/FSD50k,CC0-1.0,44100,6.926,win0.5,1.606,0.5,CLEAR,0.0,0.0,0.0,0.5477,3.160229655693281e-05,,,,,0.0007894254441119578,12381.591796875,-46.9
music_percussive/fsd375707.wav,music_percussive,FSD50K (Freesound) via HF Fhrozen/FSD50k,CC0-1.0,44100,6.926,win0.5,3.213,0.5,CLEAR,0.0,0.0,0.0,0.5396,2.3083839985908408e-05,,,,,0.0004953810343181551,12316.9921875,-48.7
music_percussive/fsd375707.wav,music_percussive,FSD50K (Freesound) via HF Fhrozen/FSD50k,CC0-1.0,44100,6.926,win0.5,4.819,0.5,CLEAR,0.0,0.0,0.0,0.5638,3.4721842499115857e-05,23.99221221916354,3.8703545627746405,20.1218576563889,15137.841796875,0.0014695483928161802,12510.791015625,-50.0
music_percussive/fsd375707.wav,music_percussive,FSD50K (Freesound) via HF Fhrozen/FSD50k,CC0-1.0,44100,6.926,win0.5,6.426,0.5,CLEAR,0.0,0.0,0.0,0.2974,0.0007655378416136454,3.2169044873296175,3.8703545627746405,-0.653450075445023,15546.97265625,0.001443520402703626,10379.00390625,-74.2
music_percussive/fsd375707.wav,music_percussive,FSD50K (Freesound) via HF Fhrozen/FSD50k,CC0-1.0,44100,6.926,win0.2,0.0,0.2,CLEAR,0.0,0.0,0.0,0.4696,3.976444433071949e-05,,,,,0.0005542167068076225,11757.12890625,-59.6
music_percussive/fsd375707.wav,music_percussive,FSD50K (Freesound) via HF Fhrozen/FSD50k,CC0-1.0,44100,6.926,win0.2,1.681,0.2,CLEAR,0.0,0.0,0.0,0.4966,2.4407679124160166e-05,,,,,0.0008624380952963966,11972.4609375,-48.2
music_percussive/fsd375707.wav,music_percussive,FSD50K (Freesound) via HF Fhrozen/FSD50k,CC0-1.0,44100,6.926,win0.2,3.363,0.2,CLEAR,0.0,0.0,0.0,0.5477,3.1363060216744105e-05,,,,,0.0005182276622738811,12381.591796875,-49.6
music_percussive/fsd375707.wav,music_percussive,FSD50K (Freesound) via HF Fhrozen/FSD50k,CC0-1.0,44100,6.926,win0.2,5.044,0.2,CLEAR,0.0,0.0,0.0,0.5477,2.9451914224925737e-05,22.37833674667501,6.003926243331833,16.374410503343178,15137.841796875,0.001071443110065596,12381.591796875,-49.6
music_percussive/fsd375707.wav,music_percussive,FSD50K (Freesound) via HF Fhrozen/FSD50k,CC0-1.0,44100,6.926,win0.2,6.726,0.2,CLEAR,0.0,0.0,0.0,1.0,0.015485462357653893,4.816753084610846,6.003926243331833,-1.187173158720987,16279.1015625,0.027664418072576094,19401.416015625,-85.6
music_percussive/fsd199824.wav,music_percussive,FSD50K (Freesound) via HF Fhrozen/FSD50k,CC0-1.0,44100,11.286,full,0.0,11.286,CLEAR,0.0,0.1328,0.0,1.0,0.013276152818721323,8.824369344096098,0.885456684452891,7.938912659643207,15719.23828125,0.11868370498627015,18217.08984375,-41.1
music_percussive/fsd199824.wav,music_percussive,FSD50K (Freesound) via HF Fhrozen/FSD50k,CC0-1.0,44100,11.286,win0.5,0.0,0.5,CLEAR,0.0,0.0777,0.0,1.0,0.007768266921828221,16.881441213131055,3.8703545627746405,13.011086650356415,15719.23828125,0.13678913518800015,17851.025390625,-37.3
music_percussive/fsd199824.wav,music_percussive,FSD50K (Freesound) via HF Fhrozen/FSD50k,CC0-1.0,44100,11.286,win0.5,2.697,0.5,CLEAR,0.0,0.0,0.0,1.0,0.008755676829374857,12.103561081666337,3.8703545627746405,8.233206518891697,15956.103515625,0.08827109564938349,17894.091796875,-41.7
music_percussive/fsd199824.wav,music_percussive,FSD50K (Freesound) via HF Fhrozen/FSD50k,CC0-1.0,44100,11.286,win0.5,5.393,0.5,CLEAR,0.0,0.0,0.0,1.0,0.0122210802784077,12.23398895732039,3.8703545627746405,8.36363439454575,15245.5078125,0.09959613997114267,18281.689453125,-41.8
music_percussive/fsd199824.wav,music_percussive,FSD50K (Freesound) via HF Fhrozen/FSD50k,CC0-1.0,44100,11.286,win0.5,8.09,0.5,CLEAR,0.0,0.1913,0.0,1.0,0.019127680930436215,11.744643377197663,3.8703545627746405,7.874288814423023,16451.3671875,0.09949946453619819,18410.888671875,-38.9
music_percussive/fsd199824.wav,music_percussive,FSD50K (Freesound) via HF Fhrozen/FSD50k,CC0-1.0,44100,11.286,win0.5,10.786,0.5,CLEAR,0.0,0.0,0.0,1.0,0.007631378128571484,12.856380704093905,3.8703545627746405,8.986026141319265,15568.505859375,0.08512612629029727,17851.025390625,-41.2
music_percussive/fsd199824.wav,music_percussive,FSD50K (Freesound) via HF Fhrozen/FSD50k,CC0-1.0,44100,11.286,win0.2,0.0,0.2,CLEAR,0.0,0.0776,0.0,1.0,0.007761594483105148,17.23352363952073,6.003926243331833,11.229597396188897,15719.23828125,0.13887363030680228,17851.025390625,-33.6
music_percussive/fsd199824.wav,music_percussive,FSD50K (Freesound) via HF Fhrozen/FSD50k,CC0-1.0,44100,11.286,win0.2,2.772,0.2,CLEAR,0.0,0.0,0.0,1.0,0.01371914344785595,13.519228769036326,6.003926243331833,7.515302525704493,15913.037109375,0.11710472780364403,18152.490234375,-46.8
music_percussive/fsd199824.wav,music_percussive,FSD50K (Freesound) via HF Fhrozen/FSD50k,CC0-1.0,44100,11.286,win0.2,5.543,0.2,CLEAR,0.0,0.1492,0.0,1.0,0.014920616161260952,14.936243765028053,6.003926243331833,8.93231752169622,15223.974609375,0.11591134233128382,18475.48828125,-38.7
music_percussive/fsd199824.wav,music_percussive,FSD50K (Freesound) via HF Fhrozen/FSD50k,CC0-1.0,44100,11.286,win0.2,8.315,0.2,CLEAR,0.0,0.0,0.0,1.0,0.007849970430646834,12.885865712554596,6.003926243331833,6.881939469222763,15073.2421875,0.06802104657706573,17721.826171875,-46.2
music_percussive/fsd199824.wav,music_percussive,FSD50K (Freesound) via HF Fhrozen/FSD50k,CC0-1.0,44100,11.286,win0.2,11.086,0.2,CLEAR,0.0,0.0,0.0,1.0,0.007040914000001188,14.273708938885486,6.003926243331833,8.269782695553653,15654.638671875,0.07153227386368283,17721.826171875,-46.8
music_percussive/fsd109366.wav,music_percussive,FSD50K (Freesound) via HF Fhrozen/FSD50k,CC-BY-3.0,44100,2.252,full,0.0,2.252,CLEAR,0.0,0.0,1.0,1.0,0.0007412951274673457,40.67108482370182,1.9112735537457293,38.75981126995609,16451.3671875,0.03716577404637603,16472.900390625,-26.9
music_percussive/fsd109366.wav,music_percussive,FSD50K (Freesound) via HF Fhrozen/FSD50k,CC-BY-3.0,44100,2.252,win0.5,0.0,0.5,CLEAR,0.0864,0.0075,1.0,1.0,0.0007472077074253713,40.745413350273424,3.8703545627746405,36.87505878749878,16451.3671875,0.0377057397682985,16472.900390625,-20.4
music_percussive/fsd109366.wav,music_percussive,FSD50K (Freesound) via HF Fhrozen/FSD50k,CC-BY-3.0,44100,2.252,win0.5,0.584,0.5,CLEAR,0.0,0.0,0.0,0.0,0.00024319459268807672,,,,,0.00044077439313082407,5663.232421875,-44.0
music_percussive/fsd109366.wav,music_percussive,FSD50K (Freesound) via HF Fhrozen/FSD50k,CC-BY-3.0,44100,2.252,win0.5,1.168,0.5,CLEAR,0.0,0.0,0.0,0.0,0.0011872833531185497,5.559048090290416,3.8703545627746405,1.6886935275157753,19207.6171875,0.0021090957256811502,5404.833984375,-49.5
music_percussive/fsd109366.wav,music_percussive,FSD50K (Freesound) via HF Fhrozen/FSD50k,CC-BY-3.0,44100,2.252,win0.5,1.752,0.5,CLEAR,0.0,0.0,0.0,0.1332,0.004469261749133944,3.0421147008474128,3.8703545627746405,-0.8282398619272278,20284.27734375,0.006784054407725056,9065.478515625,-59.3
music_percussive/fsd109366.wav,music_percussive,FSD50K (Freesound) via HF Fhrozen/FSD50k,CC-BY-3.0,44100,2.252,win0.2,0.0,0.2,CLEAR,0.0886,0.0079,1.0,1.0,0.0007851236895034028,40.765344344910076,6.003926243331833,34.76141810157824,16451.3671875,0.039760605317516316,16472.900390625,-16.5
music_percussive/fsd109366.wav,music_percussive,FSD50K (Freesound) via HF Fhrozen/FSD50k,CC-BY-3.0,44100,2.252,win0.2,0.513,0.2,CLEAR,0.0,0.0,0.0,0.0,0.00011227240936837427,,,,,0.00020440345666444172,6481.494140625,-40.6
music_percussive/fsd109366.wav,music_percussive,FSD50K (Freesound) via HF Fhrozen/FSD50k,CC-BY-3.0,44100,2.252,win0.2,1.026,0.2,CLEAR,0.0,0.0,0.0,0.0,0.0006305407639976847,5.1941441727829645,6.003926243331833,-0.8097820705488683,16688.232421875,0.0011358989507934628,5641.69921875,-46.7
music_percussive/fsd109366.wav,music_percussive,FSD50K (Freesound) via HF Fhrozen/FSD50k,CC-BY-3.0,44100,2.252,win0.2,1.539,0.2,CLEAR,0.0,0.0,0.0,0.0,0.002168410052300237,4.796053335861053,6.003926243331833,-1.2078729074707795,19207.6171875,0.003698120811662819,5103.369140625,-52.8
music_percussive/fsd109366.wav,music_percussive,FSD50K (Freesound) via HF Fhrozen/FSD50k,CC-BY-3.0,44100,2.252,win0.2,2.052,0.2,CLEAR,0.0,0.0,0.0,0.868,0.007267297069974504,4.971077219519867,6.003926243331833,-1.0328490238119654,21167.138671875,0.010013941614475436,14944.04296875,-60.4
music_percussive/fsd152680.wav,music_percussive,FSD50K (Freesound) via HF Fhrozen/FSD50k,CC0-1.0,44100,4.068,full,0.0,4.068,CLEAR,0.0,0.0,0.0,0.5181,0.00020652391672302202,23.102800014966455,1.4460836499408913,21.656716365025563,15267.041015625,0.002489705143762035,12144.7265625,-28.1
music_percussive/fsd152680.wav,music_percussive,FSD50K (Freesound) via HF Fhrozen/FSD50k,CC0-1.0,44100,4.068,win0.5,0.0,0.5,CLEAR,0.0,0.0022,0.0,0.51,0.00021968743105421553,22.624029858921055,3.8703545627746405,18.753675296146415,15267.041015625,0.002552102996982386,12080.126953125,-19.5
music_percussive/fsd152680.wav,music_percussive,FSD50K (Freesound) via HF Fhrozen/FSD50k,CC0-1.0,44100,4.068,win0.5,0.892,0.5,CLEAR,0.0,0.0,0.0,0.4481,4.113478423221984e-05,,,,,0.0007102477219596111,11584.86328125,-35.7
music_percussive/fsd152680.wav,music_percussive,FSD50K (Freesound) via HF Fhrozen/FSD50k,CC0-1.0,44100,4.068,win0.5,1.784,0.5,CLEAR,0.0,0.0,0.0,0.2032,7.193586476021748e-06,,,,,2.913628223534506e-05,9625.341796875,-47.9
music_percussive/fsd152680.wav,music_percussive,FSD50K (Freesound) via HF Fhrozen/FSD50k,CC0-1.0,44100,4.068,win0.5,2.676,0.5,CLEAR,0.0,0.0,0.0,0.0,2.316642842912212e-05,,,,,3.815793885854335e-05,6955.224609375,-53.2
music_percussive/fsd152680.wav,music_percussive,FSD50K (Freesound) via HF Fhrozen/FSD50k,CC0-1.0,44100,4.068,win0.5,3.568,0.5,CLEAR,0.0,0.0,0.0,0.0,6.51468290129455e-05,,,,,0.00010925889973128316,4801.904296875,-57.8
music_percussive/fsd152680.wav,music_percussive,FSD50K (Freesound) via HF Fhrozen/FSD50k,CC0-1.0,44100,4.068,win0.2,0.0,0.2,CLEAR,0.0,0.0018,0.0,0.3781,0.000182036225918336,14.803575351807662,6.003926243331833,8.79964910847583,15353.173828125,0.0014030607940630185,11025.0,-17.2
music_percussive/fsd152680.wav,music_percussive,FSD50K (Freesound) via HF Fhrozen/FSD50k,CC0-1.0,44100,4.068,win0.2,0.967,0.2,CLEAR,0.0,0.0,0.0,0.4427,3.06082467669532e-05,,,,,0.0006669266730479533,11541.796875,-35.1
music_percussive/fsd152680.wav,music_percussive,FSD50K (Freesound) via HF Fhrozen/FSD50k,CC0-1.0,44100,4.068,win0.2,1.934,0.2,CLEAR,0.0,0.0,0.0,0.1601,7.588619186102865e-06,,,,,1.8314127681291912e-05,9280.810546875,-48.1
music_percussive/fsd152680.wav,music_percussive,FSD50K (Freesound) via HF Fhrozen/FSD50k,CC0-1.0,44100,4.068,win0.2,2.901,0.2,CLEAR,0.0,0.0,0.0,0.0,2.194283365684176e-05,,,,,3.602114251991405e-05,6438.427734375,-53.4
music_percussive/fsd152680.wav,music_percussive,FSD50K (Freesound) via HF Fhrozen/FSD50k,CC0-1.0,44100,4.068,win0.2,3.868,0.2,CLEAR,0.0,0.0,0.0,0.0,8.618184395083164e-05,,,,,0.00013982736116194673,4306.640625,-58.6
music_percussive/fsd137486.wav,music_percussive,FSD50K (Freesound) via HF Fhrozen/FSD50k,CC-BY-3.0,44100,3.125,full,0.0,3.125,CLEAR,0.0,1.0,0.0,1.0,0.10569021487965455,7.404971778251559,1.6413002600507451,5.763671518200814,20090.478515625,0.17842176391735584,21081.005859375,-27.9
music_percussive/fsd137486.wav,music_percussive,FSD50K (Freesound) via HF Fhrozen/FSD50k,CC-BY-3.0,44100,3.125,win0.5,0.0,0.5,CLEAR,0.0,1.0,0.0,1.0,0.11072144976131691,7.610958320325169,3.8703545627746405,3.7406037575505287,20090.478515625,0.1871824085977082,21102.5390625,-20.3
music_percussive/fsd137486.wav,music_percussive,FSD50K (Freesound) via HF Fhrozen/FSD50k,CC-BY-3.0,44100,3.125,win0.5,0.656,0.5,CLEAR,0.0,0.152,0.0,1.0,0.015197464258736068,10.914956604155172,3.8703545627746405,7.044602041380532,18604.6875,0.024588241984903447,19121.484375,-36.4
music_percussive/fsd137486.wav,music_percussive,FSD50K (Freesound) via HF Fhrozen/FSD50k,CC-BY-3.0,44100,3.125,win0.5,1.312,0.5,CLEAR,0.0,0.0,0.0,0.0,2.526352196351363e-06,,,,,1.8281169058602607e-05,7967.28515625,-45.8
music_percussive/fsd137486.wav,music_percussive,FSD50K (Freesound) via HF Fhrozen/FSD50k,CC-BY-3.0,44100,3.125,win0.5,1.969,0.5,CLEAR,0.0,0.0,0.0,0.0,1.906522888758345e-06,,,,,4.030140354877807e-06,7407.421875,-50.9
music_percussive/fsd137486.wav,music_percussive,FSD50K (Freesound) via HF Fhrozen/FSD50k,CC-BY-3.0,44100,3.125,win0.5,2.625,0.5,CLEAR,0.0,0.0,0.0,0.0,1.7821868788874816e-06,,,,,3.4189184329214557e-06,7687.353515625,-50.9
music_percussive/fsd137486.wav,music_percussive,FSD50K (Freesound) via HF Fhrozen/FSD50k,CC-BY-3.0,44100,3.125,win0.2,0.0,0.2,CLEAR,0.0,1.0,0.0,1.0,0.12075551019198344,7.750794196705396,6.003926243331833,1.7468679533735632,20090.478515625,0.20749375196336017,21124.072265625,-17.0
music_percussive/fsd137486.wav,music_percussive,FSD50K (Freesound) via HF Fhrozen/FSD50k,CC-BY-3.0,44100,3.125,win0.2,0.731,0.2,CLEAR,0.0,0.1234,0.0,1.0,0.012341977735201551,14.077376293338695,6.003926243331833,8.073450050006862,20112.01171875,0.020055067746671103,18669.287109375,-35.6
music_percussive/fsd137486.wav,music_percussive,FSD50K (Freesound) via HF Fhrozen/FSD50k,CC-BY-3.0,44100,3.125,win0.2,1.462,0.2,CLEAR,0.0,0.0,0.0,0.0,6.699593690504835e-07,,,,,5.500076026072392e-06,7708.88671875,-45.6
music_percussive/fsd137486.wav,music_percussive,FSD50K (Freesound) via HF Fhrozen/FSD50k,CC-BY-3.0,44100,3.125,win0.2,2.194,0.2,CLEAR,0.0,0.0,0.0,0.0,2.0324385728415475e-06,,,,,4.556174492994082e-06,6998.291015625,-51.2
music_percussive/fsd137486.wav,music_percussive,FSD50K (Freesound) via HF Fhrozen/FSD50k,CC-BY-3.0,44100,3.125,win0.2,2.925,0.2,CLEAR,0.0,0.0,0.0,0.0,1.8018272053052592e-06,,,,,3.1457067304062458e-06,7687.353515625,-51.0
music_percussive/fsd137677.wav,music_percussive,FSD50K (Freesound) via HF Fhrozen/FSD50k,CC-BY-3.0,44100,3.125,full,0.0,3.125,CLEAR,0.0934,1.0,0.0087,1.0,0.15524588034277403,12.116613638601624,1.6413002600507451,10.47531337855088,20887.20703125,0.2455735287328637,21188.671875,-29.2
music_percussive/fsd137677.wav,music_percussive,FSD50K (Freesound) via HF Fhrozen/FSD50k,CC-BY-3.0,44100,3.125,win0.5,0.0,0.5,CLEAR,0.0986,1.0,0.0097,1.0,0.15897414470715607,12.14377640073729,3.8703545627746405,8.27342183796265,20887.20703125,0.25146274645908984,21188.671875,-21.4
music_percussive/fsd137677.wav,music_percussive,FSD50K (Freesound) via HF Fhrozen/FSD50k,CC-BY-3.0,44100,3.125,win0.5,0.656,0.5,CLEAR,0.0,0.522,0.0,1.0,0.052200891609343665,10.310766230007802,3.8703545627746405,6.440411667233162,19293.75,0.08850457651412007,20370.41015625,-40.5
music_percussive/fsd137677.wav,music_percussive,FSD50K (Freesound) via HF Fhrozen/FSD50k,CC-BY-3.0,44100,3.125,win0.5,1.312,0.5,CLEAR,0.0,0.0,0.0,1.0,0.0197608139956819,10.962284512501492,3.8703545627746405,7.091929949726852,20887.20703125,0.03523824755038553,19595.21484375,-50.3
music_percussive/fsd137677.wav,music_percussive,FSD50K (Freesound) via HF Fhrozen/FSD50k,CC-BY-3.0,44100,3.125,win0.5,1.969,0.5,CLEAR,0.0,0.0,0.0,1.0,0.03474252863758611,12.620894239014508,3.8703545627746405,8.750539676239868,20219.677734375,0.0570068216987466,20176.611328125,-55.8
music_percussive/fsd137677.wav,music_percussive,FSD50K (Freesound) via HF Fhrozen/FSD50k,CC-BY-3.0,44100,3.125,win0.5,2.625,0.5,CLEAR,0.0,0.0,0.0,1.0,0.021206216380088735,14.320056033120505,3.8703545627746405,10.449701470345865,19293.75,0.03297022554176465,19918.212890625,-55.8
music_percussive/fsd137677.wav,music_percussive,FSD50K (Freesound) via HF Fhrozen/FSD50k,CC-BY-3.0,44100,3.125,win0.2,0.0,0.2,CLEAR,0.2142,1.0,0.0459,1.0,0.16530418236677086,12.793325357485518,6.003926243331833,6.789399114153685,20887.20703125,0.2581995114608296,21188.671875,-17.9
music_percussive/fsd137677.wav,music_percussive,FSD50K (Freesound) via HF Fhrozen/FSD50k,CC-BY-3.0,44100,3.125,win0.2,0.731,0.2,CLEAR,0.0,0.5469,0.0,1.0,0.05469266500186875,10.957507842664233,6.003926243331833,4.9535815993324,20198.14453125,0.08793592520327446,20370.41015625,-39.3
music_percussive/fsd137677.wav,music_percussive,FSD50K (Freesound) via HF Fhrozen/FSD50k,CC-BY-3.0,44100,3.125,win0.2,1.462,0.2,CLEAR,0.0,0.0,0.0,1.0,0.00995949988776004,15.021929519195076,6.003926243331833,9.018003275863244,18410.888671875,0.01771264635887712,17937.158203125,-51.0
music_percussive/fsd137677.wav,music_percussive,FSD50K (Freesound) via HF Fhrozen/FSD50k,CC-BY-3.0,44100,3.125,win0.2,2.194,0.2,CLEAR,0.0,0.0,0.0,1.0,0.039092762457450046,12.534807933920467,6.003926243331833,6.530881690588634,18798.486328125,0.05927332972195899,20133.544921875,-56.3
music_percussive/fsd137677.wav,music_percussive,FSD50K (Freesound) via HF Fhrozen/FSD50k,CC-BY-3.0,44100,3.125,win0.2,2.925,0.2,CLEAR,0.0,0.0,0.0,1.0,0.03715981438265961,14.012298202162617,6.003926243331833,8.008371958830784,20133.544921875,0.058248835661364996,20198.14453125,-55.5
music_percussive/fsd81652.wav,music_percussive,FSD50K (Freesound) via HF Fhrozen/FSD50k,CC0-1.0,44100,2.005,full,0.0,2.005,CLEAR,0.0,0.0,0.0,0.5127,0.00042790771932244237,8.705506889941255,2.0222293583551982,6.683277531586056,15030.17578125,0.001753170060607923,12101.66015625,-28.1
music_percussive/fsd81652.wav,music_percussive,FSD50K (Freesound) via HF Fhrozen/FSD50k,CC0-1.0,44100,2.005,win0.5,0.0,0.5,CLEAR,0.0,0.0,0.0,0.5019,0.0002612502027956928,10.52267158896476,3.8703545627746405,6.65231702619012,15030.17578125,0.0014151669512305818,12015.52734375,-22.1
music_percussive/fsd81652.wav,music_percussive,FSD50K (Freesound) via HF Fhrozen/FSD50k,CC0-1.0,44100,2.005,win0.5,0.502,0.5,CLEAR,0.0,0.0,0.0,1.0,0.032294217270010056,5.446219183154396,3.8703545627746405,1.5758646203797553,19745.947265625,0.06754055989406979,19595.21484375,-47.8
music_percussive/fsd81652.wav,music_percussive,FSD50K (Freesound) via HF Fhrozen/FSD50k,CC0-1.0,44100,2.005,win0.5,1.003,0.5,CLEAR,0.0,0.0,0.0,0.4992,0.003411934107350787,4.10229698657572,3.8703545627746405,0.2319424238010792,18001.7578125,0.006468313557985495,11993.994140625,-82.5
music_percussive/fsd81652.wav,music_percussive,FSD50K (Freesound) via HF Fhrozen/FSD50k,CC0-1.0,44100,2.005,win0.5,1.505,0.5,CLEAR,0.0,0.0,0.0,0.0,5.888138013586609e-05,,,,,0.00011003980021233019,150.732421875,-81.0
music_percussive/fsd81652.wav,music_percussive,FSD50K (Freesound) via HF Fhrozen/FSD50k,CC0-1.0,44100,2.005,win0.2,0.0,0.2,CLEAR,0.0,0.0,0.0,0.4912,7.939332874726566e-05,15.243977357243725,6.003926243331833,9.240051113911893,15030.17578125,0.001004283852044084,11929.39453125,-18.3
music_percussive/fsd81652.wav,music_percussive,FSD50K (Freesound) via HF Fhrozen/FSD50k,CC0-1.0,44100,2.005,win0.2,0.451,0.2,CLEAR,0.0,0.1825,0.0,1.0,0.01825422692551726,5.43596527041511,6.003926243331833,-0.5679609729167225,19401.416015625,0.03857793520766581,19164.55078125,-42.1
music_percussive/fsd81652.wav,music_percussive,FSD50K (Freesound) via HF Fhrozen/FSD50k,CC0-1.0,44100,2.005,win0.2,0.903,0.2,CLEAR,0.0,0.0,0.0,0.362,0.0023311512548098287,4.485426169996133,6.003926243331833,-1.5185000733356997,18518.5546875,0.004617036938816327,10895.80078125,-76.8
music_percussive/fsd81652.wav,music_percussive,FSD50K (Freesound) via HF Fhrozen/FSD50k,CC0-1.0,44100,2.005,win0.2,1.354,0.2,CLEAR,0.0,0.0,0.0,0.0,0.00044742417756042153,,,,,0.000803755262755787,322.998046875,-80.4
music_percussive/fsd81652.wav,music_percussive,FSD50K (Freesound) via HF Fhrozen/FSD50k,CC0-1.0,44100,2.005,win0.2,1.805,0.2,CLEAR,0.0,0.0,0.0,0.0,0.00018195469416973616,,,,,0.00033764102591293945,818.26171875,-95.5
music_percussive/fsd91154.wav,music_percussive,FSD50K (Freesound) via HF Fhrozen/FSD50k,CC0-1.0,44100,2.569,full,0.0,2.569,CLEAR,0.0,0.0,0.0,0.0,2.921979373647666e-07,,,,,6.757051923138038e-07,4780.37109375,-27.4
music_percussive/fsd91154.wav,music_percussive,FSD50K (Freesound) via HF Fhrozen/FSD50k,CC0-1.0,44100,2.569,win0.5,0.0,0.5,CLEAR,0.0,0.0,0.0,0.0,2.859475004256264e-07,,,,,6.645848162954132e-07,4780.37109375,-20.3
music_percussive/fsd91154.wav,music_percussive,FSD50K (Freesound) via HF Fhrozen/FSD50k,CC0-1.0,44100,2.569,win0.5,0.517,0.5,CLEAR,0.0,0.0,0.0,0.0,0.00028614003953354256,,,,,0.0005042577575111242,5189.501953125,-71.9
music_percussive/fsd91154.wav,music_percussive,FSD50K (Freesound) via HF Fhrozen/FSD50k,CC0-1.0,44100,2.569,win0.5,1.035,0.5,CLEAR,0.0,0.0,0.0,1.0,0.018989553727511498,2.8250080260894435,3.8703545627746405,-1.045346536685197,18324.755859375,0.03421296795734757,19896.6796875,-91.8
music_percussive/fsd91154.wav,music_percussive,FSD50K (Freesound) via HF Fhrozen/FSD50k,CC0-1.0,44100,2.569,win0.2,0.0,0.2,CLEAR,0.0,0.0,0.0,0.0,2.5992092589097943e-07,,,,,5.735984782850494e-07,4780.37109375,-16.3
music_percussive/fsd91154.wav,music_percussive,FSD50K (Freesound) via HF Fhrozen/FSD50k,CC0-1.0,44100,2.569,win0.2,0.592,0.2,CLEAR,0.0,0.0,0.0,0.0,0.0003238098657747092,,,,,0.0005679108404290768,5534.033203125,-72.6
music_percussive/fsd91154.wav,music_percussive,FSD50K (Freesound) via HF Fhrozen/FSD50k,CC0-1.0,44100,2.569,win0.2,1.185,0.2,CLEAR,0.0,0.0,0.0,1.0,0.023670722527538175,4.420643746961836,6.003926243331833,-1.5832824963699972,15525.439453125,0.04363993824411278,20262.744140625,-92.8
music_percussive/fsd103173.wav,music_percussive,FSD50K (Freesound) via HF Fhrozen/FSD50k,CC0-1.0,44100,3.721,full,0.0,3.721,CLEAR,0.0,0.0116,0.0,0.7227,0.0011610306064244531,10.966786018998246,1.5090012359990808,9.457784782999164,15008.642578125,0.005145985173259565,13781.25,-21.8
music_percussive/fsd103173.wav,music_percussive,FSD50K (Freesound) via HF Fhrozen/FSD50k,CC0-1.0,44100,3.721,win0.5,0.0,0.5,CLEAR,0.0,0.0113,0.0,0.7173,0.0011264319116030927,11.165320521959451,3.8703545627746405,7.294965959184811,15008.642578125,0.005049912425036822,13738.18359375,-22.0
music_percussive/fsd103173.wav,music_percussive,FSD50K (Freesound) via HF Fhrozen/FSD50k,CC0-1.0,44100,3.721,win0.5,0.805,0.5,CLEAR,0.0,0.0115,0.0,0.7227,0.0011468671370071422,10.475526351998605,3.8703545627746405,6.605171789223965,15999.169921875,0.005199710040802418,13781.25,-22.1
music_percussive/fsd103173.wav,music_percussive,FSD50K (Freesound) via HF Fhrozen/FSD50k,CC0-1.0,44100,3.721,win0.5,1.61,0.5,CLEAR,0.0,0.0105,0.0,0.6984,0.0010525333131825734,10.311771319941315,3.8703545627746405,6.4414167571666745,15654.638671875,0.0049434693587849955,13587.451171875,-20.4
music_percussive/fsd103173.wav,music_percussive,FSD50K (Freesound) via HF Fhrozen/FSD50k,CC0-1.0,44100,3.721,win0.5,2.416,0.5,CLEAR,0.0,0.0117,0.0,0.7253,0.0011675384786932284,11.033250157766858,3.8703545627746405,7.162895594992218,15008.642578125,0.005155139713691869,13802.783203125,-22.1
music_percussive/fsd103173.wav,music_percussive,FSD50K (Freesound) via HF Fhrozen/FSD50k,CC0-1.0,44100,3.721,win0.5,3.221,0.5,CLEAR,0.0,0.011,0.0,0.7065,0.0011000096263760186,10.273596920431753,3.8703545627746405,6.403242357657113,15546.97265625,0.005107178038504725,13652.05078125,-22.1
music_percussive/fsd103173.wav,music_percussive,FSD50K (Freesound) via HF Fhrozen/FSD50k,CC0-1.0,44100,3.721,win0.2,0.0,0.2,CLEAR,0.0,0.0,0.0,0.6957,0.00041082146410512143,16.807323035200664,6.003926243331833,10.803396791868831,15008.642578125,0.0033715445703533307,13565.91796875,-32.3
music_percussive/fsd103173.wav,music_percussive,FSD50K (Freesound) via HF Fhrozen/FSD50k,CC0-1.0,44100,3.721,win0.2,0.88,0.2,CLEAR,0.0,0.0,0.0,0.6715,0.0003910689429484042,14.633080409119392,6.003926243331833,8.62915416578756,15008.642578125,0.00273843702009087,13372.119140625,-32.3
music_percussive/fsd103173.wav,music_percussive,FSD50K (Freesound) via HF Fhrozen/FSD50k,CC0-1.0,44100,3.721,win0.2,1.76,0.2,CLEAR,0.0,0.0,0.0,0.6688,0.00037663509203748294,13.949460811811871,6.003926243331833,7.9455345684800385,15008.642578125,0.002731793690339001,13350.5859375,-32.3
music_percussive/fsd103173.wav,music_percussive,FSD50K (Freesound) via HF Fhrozen/FSD50k,CC0-1.0,44100,3.721,win0.2,2.641,0.2,CLEAR,0.0,0.0,0.0,0.755,0.0010231924371407006,14.970436873251852,6.003926243331833,8.96651062992002,15719.23828125,0.0047757483362950125,14039.6484375,-29.9
music_percussive/fsd103173.wav,music_percussive,FSD50K (Freesound) via HF Fhrozen/FSD50k,CC0-1.0,44100,3.721,win0.2,3.521,0.2,CLEAR,0.0,0.0196,0.0,0.8626,0.001955163648301237,13.246215678780118,6.003926243331833,7.242289435448285,16214.501953125,0.009218808597839103,14900.9765625,-23.6
music_percussive/fsd135955.wav,music_percussive,FSD50K (Freesound) via HF Fhrozen/FSD50k,CC-BY-3.0,44100,4.167,full,0.0,4.167,CLEAR,0.0,0.0,0.0,0.6096,0.00045005514555011643,20.967968581831503,1.430616832105246,19.537351749726255,15288.57421875,0.0026311167986478707,12876.85546875,-35.3
music_percussive/fsd135955.wav,music_percussive,FSD50K (Freesound) via HF Fhrozen/FSD50k,CC-BY-3.0,44100,4.167,win0.5,0.0,0.5,CLEAR,0.0,0.0,0.0,0.685,0.0006135722675952767,21.00312722679602,3.8703545627746405,17.13277266402138,15288.57421875,0.0035963417626342677,13479.78515625,-27.0
music_percussive/fsd135955.wav,music_percussive,FSD50K (Freesound) via HF Fhrozen/FSD50k,CC-BY-3.0,44100,4.167,win0.5,0.917,0.5,CLEAR,0.0,0.0,0.0,0.0,4.267712983340698e-06,,,,,9.340407447042138e-06,4285.107421875,-39.1
music_percussive/fsd135955.wav,music_percussive,FSD50K (Freesound) via HF Fhrozen/FSD50k,CC-BY-3.0,44100,4.167,win0.5,1.833,0.5,CLEAR,0.0,0.0,0.0,0.0,2.104538395570196e-05,,,,,4.4322716807330655e-05,3316.11328125,-46.0
music_percussive/fsd135955.wav,music_percussive,FSD50K (Freesound) via HF Fhrozen/FSD50k,CC-BY-3.0,44100,4.167,win0.5,2.75,0.5,CLEAR,0.0,0.0,0.0,0.0,6.161825512454869e-05,,,,,0.0001322847625870268,2282.51953125,-51.3
music_percussive/fsd135955.wav,music_percussive,FSD50K (Freesound) via HF Fhrozen/FSD50k,CC-BY-3.0,44100,4.167,win0.5,3.667,0.5,CLEAR,0.0,0.0,0.0,0.0,5.3716146903272647e-05,,,,,0.00011589685486288495,2239.453125,-52.4
music_percussive/fsd135955.wav,music_percussive,FSD50K (Freesound) via HF Fhrozen/FSD50k,CC-BY-3.0,44100,4.167,win0.2,0.0,0.2,CLEAR,0.0,0.0093,0.0,0.7415,0.0009282206466329127,21.007490749950218,6.003926243331833,15.003564506618385,15288.57421875,0.005441900694287398,13931.982421875,-23.9
music_percussive/fsd135955.wav,music_percussive,FSD50K (Freesound) via HF Fhrozen/FSD50k,CC-BY-3.0,44100,4.167,win0.2,0.992,0.2,CLEAR,0.0,0.0,0.0,0.0,3.868987865185284e-06,,,,,8.26624658209373e-06,4371.240234375,-38.5
music_percussive/fsd135955.wav,music_percussive,FSD50K (Freesound) via HF Fhrozen/FSD50k,CC-BY-3.0,44100,4.167,win0.2,1.983,0.2,CLEAR,0.0,0.0,0.0,0.0,2.1031475466805104e-05,,,,,4.2798976783622816e-05,3316.11328125,-46.1
music_percussive/fsd135955.wav,music_percussive,FSD50K (Freesound) via HF Fhrozen/FSD50k,CC-BY-3.0,44100,4.167,win0.2,2.975,0.2,CLEAR,0.0,0.0,0.0,0.0,6.761357578425733e-05,,,,,0.00014697181797193064,2239.453125,-51.7
music_percussive/fsd135955.wav,music_percussive,FSD50K (Freesound) via HF Fhrozen/FSD50k,CC-BY-3.0,44100,4.167,win0.2,3.967,0.2,CLEAR,0.0,0.0,0.0,0.0,6.416250578978171e-05,,,,,0.00013547081504604793,2174.853515625,-52.2
music_percussive/fsd375518.wav,music_percussive,FSD50K (Freesound) via HF Fhrozen/FSD50k,CC0-1.0,44100,8.04,full,0.0,8.04,CLEAR,0.0,0.0,0.0,0.0,2.76589115740765e-07,,,,,3.0344563029262636e-06,7364.35546875,-38.8
music_percussive/fsd375518.wav,music_percussive,FSD50K (Freesound) via HF Fhrozen/FSD50k,CC0-1.0,44100,8.04,win0.5,0.0,0.5,CLEAR,0.0,0.0,0.0,0.0,8.183555251135272e-07,,,,,4.472810819099078e-06,3789.84375,-43.9
music_percussive/fsd375518.wav,music_percussive,FSD50K (Freesound) via HF Fhrozen/FSD50k,CC0-1.0,44100,8.04,win0.5,1.885,0.5,CLEAR,0.0,0.0,0.0,0.0,1.591716008351605e-07,,,,,4.378375000204407e-06,7751.953125,-34.8
music_percussive/fsd375518.wav,music_percussive,FSD50K (Freesound) via HF Fhrozen/FSD50k,CC0-1.0,44100,8.04,win0.5,3.77,0.5,CLEAR,0.0,0.0,0.0,0.0,1.0879859227556762e-06,,,,,2.043933295964266e-06,6782.958984375,-46.0
music_percussive/fsd375518.wav,music_percussive,FSD50K (Freesound) via HF Fhrozen/FSD50k,CC0-1.0,44100,8.04,win0.5,5.655,0.5,CLEAR,0.0,0.0,0.0,0.0,0.0001068054466541066,,,,,0.0001975220287383811,4198.974609375,-66.1
music_percussive/fsd375518.wav,music_percussive,FSD50K (Freesound) via HF Fhrozen/FSD50k,CC0-1.0,44100,8.04,win0.5,7.54,0.5,CLEAR,0.0,0.0,0.0,0.0,0.00046073600793902303,,,,,0.0008306409693064618,2024.12109375,-72.1
music_percussive/fsd375518.wav,music_percussive,FSD50K (Freesound) via HF Fhrozen/FSD50k,CC0-1.0,44100,8.04,win0.2,0.0,0.2,CLEAR,0.0,0.0,0.0,0.0,1.3609406425490497e-06,,,,,7.5464948943590174e-06,1076.66015625,-44.9
music_percussive/fsd375518.wav,music_percussive,FSD50K (Freesound) via HF Fhrozen/FSD50k,CC0-1.0,44100,8.04,win0.2,1.96,0.2,CLEAR,0.0,0.0,0.0,0.0,1.499565639608539e-07,,,,,4.325328700333943e-06,7773.486328125,-34.7
music_percussive/fsd375518.wav,music_percussive,FSD50K (Freesound) via HF Fhrozen/FSD50k,CC0-1.0,44100,8.04,win0.2,3.92,0.2,CLEAR,0.0,0.0,0.0,0.0,1.077500880129514e-06,,,,,1.98902913438752e-06,6782.958984375,-46.2
music_percussive/fsd375518.wav,music_percussive,FSD50K (Freesound) via HF Fhrozen/FSD50k,CC0-1.0,44100,8.04,win0.2,5.88,0.2,CLEAR,0.0,0.0,0.0,0.0,0.00010912044116503643,,,,,0.0002056819809426538,4005.17578125,-66.2
music_percussive/fsd375518.wav,music_percussive,FSD50K (Freesound) via HF Fhrozen/FSD50k,CC0-1.0,44100,8.04,win0.2,7.84,0.2,CLEAR,0.0,0.0,0.0,0.0,0.0005222166978301748,,,,,0.0009785905813959673,2024.12109375,-73.0
music_percussive/fsd353700.wav,music_percussive,FSD50K (Freesound) via HF Fhrozen/FSD50k,CC0-1.0,44100,6.0,full,0.0,6.0,CLEAR,0.0,0.0,0.0,0.0,6.755492830208468e-05,,,,,7.165501802955825e-05,5318.701171875,-22.6
music_percussive/fsd353700.wav,music_percussive,FSD50K (Freesound) via HF Fhrozen/FSD50k,CC0-1.0,44100,6.0,win0.5,0.0,0.5,CLEAR,0.0,0.0,0.0,0.0,4.3443416403325724e-05,,,,,4.5755252337981536e-05,430.6640625,-22.1
music_percussive/fsd353700.wav,music_percussive,FSD50K (Freesound) via HF Fhrozen/FSD50k,CC0-1.0,44100,6.0,win0.5,1.375,0.5,CLEAR,0.0,0.0,0.0,0.0,3.3635317153296266e-05,,,,,3.568351239592155e-05,430.6640625,-21.5
music_percussive/fsd353700.wav,music_percussive,FSD50K (Freesound) via HF Fhrozen/FSD50k,CC0-1.0,44100,6.0,win0.5,2.75,0.5,CLEAR,0.0,0.0,0.0,0.0,4.1853178997667756e-05,,,,,4.677522994228045e-05,5189.501953125,-23.7
music_percussive/fsd353700.wav,music_percussive,FSD50K (Freesound) via HF Fhrozen/FSD50k,CC0-1.0,44100,6.0,win0.5,4.125,0.5,CLEAR,0.0,0.0013,0.0,0.0,0.00012741887228275833,,,,,0.0001335258228184719,7149.0234375,-21.0
music_percussive/fsd353700.wav,music_percussive,FSD50K (Freesound) via HF Fhrozen/FSD50k,CC0-1.0,44100,6.0,win0.5,5.5,0.5,CLEAR,0.0,0.0,0.0,0.0,2.837927682961578e-08,,,,,7.175359432860824e-08,581.396484375,-20.3
music_percussive/fsd353700.wav,music_percussive,FSD50K (Freesound) via HF Fhrozen/FSD50k,CC0-1.0,44100,6.0,win0.2,0.0,0.2,CLEAR,0.0,0.0,0.0,0.0,4.4161708077319034e-05,,,,,4.646752001030894e-05,409.130859375,-21.3
music_percussive/fsd353700.wav,music_percussive,FSD50K (Freesound) via HF Fhrozen/FSD50k,CC0-1.0,44100,6.0,win0.2,1.45,0.2,CLEAR,0.0,0.0,0.0,0.0,3.134945842575958e-05,,,,,3.313014968328324e-05,366.064453125,-19.1
music_percussive/fsd353700.wav,music_percussive,FSD50K (Freesound) via HF Fhrozen/FSD50k,CC0-1.0,44100,6.0,win0.2,2.9,0.2,CLEAR,0.0,0.0,0.0,0.0,4.425197304240151e-05,,,,,4.692287473809215e-05,925.927734375,-21.4
music_percussive/fsd353700.wav,music_percussive,FSD50K (Freesound) via HF Fhrozen/FSD50k,CC0-1.0,44100,6.0,win0.2,4.35,0.2,CLEAR,0.0,0.0,0.0,0.0,2.232269541042153e-05,,,,,2.3695803161810638e-05,430.6640625,-20.8
music_percussive/fsd353700.wav,music_percussive,FSD50K (Freesound) via HF Fhrozen/FSD50k,CC0-1.0,44100,6.0,win0.2,5.8,0.2,CLEAR,0.0,0.0,0.0,0.0,1.910868088274728e-08,,,,,7.478540286231037e-08,796.728515625,-19.3
music_percussive/fsd426037.wav,music_percussive,FSD50K (Freesound) via HF Fhrozen/FSD50k,CC-BY-3.0,44100,7.5,full,0.0,7.5,CLEAR,0.0,0.0229,0.0,0.9595,0.0022949533493734687,8.055682942663868,1.0801240436054296,6.975558899058438,15719.23828125,0.01238011179313922,15676.171875,-17.8
music_percussive/fsd426037.wav,music_percussive,FSD50K (Freesound) via HF Fhrozen/FSD50k,CC-BY-3.0,44100,7.5,win0.5,0.0,0.5,CLEAR,0.0,0.0674,0.0,1.0,0.006738935207234981,10.603633920478316,3.8703545627746405,6.733279357703676,15719.23828125,0.040665004652267904,17657.2265625,-18.4
music_percussive/fsd426037.wav,music_percussive,FSD50K (Freesound) via HF Fhrozen/FSD50k,CC-BY-3.0,44100,7.5,win0.5,1.75,0.5,CLEAR,0.0,0.0276,0.0,1.0,0.0027611559056608514,11.077323601275623,3.8703545627746405,7.206969038500983,15719.23828125,0.015873880093503084,16128.369140625,-19.4
music_percussive/fsd426037.wav,music_percussive,FSD50K (Freesound) via HF Fhrozen/FSD50k,CC-BY-3.0,44100,7.5,win0.5,3.5,0.5,CLEAR,0.0,0.0503,0.0,1.0,0.005028972082552391,8.11203404582663,3.8703545627746405,4.241679483051989,15633.10546875,0.019918521635691418,16860.498046875,-21.4
music_percussive/fsd426037.wav,music_percussive,FSD50K (Freesound) via HF Fhrozen/FSD50k,CC-BY-3.0,44100,7.5,win0.5,5.25,0.5,CLEAR,0.0,0.0441,0.0,1.0,0.004410187086202174,9.077989101545281,3.8703545627746405,5.207634538770641,15267.041015625,0.02309762816723419,16989.697265625,-17.3
music_percussive/fsd426037.wav,music_percussive,FSD50K (Freesound) via HF Fhrozen/FSD50k,CC-BY-3.0,44100,7.5,win0.5,7.0,0.5,CLEAR,0.0,0.0,0.0,0.0,1.6956304423618995e-05,,,,,0.00010102111911134857,4565.0390625,-18.3
music_percussive/fsd426037.wav,music_percussive,FSD50K (Freesound) via HF Fhrozen/FSD50k,CC-BY-3.0,44100,7.5,win0.2,0.0,0.2,CLEAR,0.0,0.0687,0.0,1.0,0.006865588408271397,11.685280777116702,6.003926243331833,5.681354533784869,15719.23828125,0.041803848102461086,17614.16015625,-17.4
music_percussive/fsd426037.wav,music_percussive,FSD50K (Freesound) via HF Fhrozen/FSD50k,CC-BY-3.0,44100,7.5,win0.2,1.825,0.2,CLEAR,0.0,0.0139,0.0,0.4562,0.001386647352154709,11.44770067555454,6.003926243331833,5.443774432222707,17528.02734375,0.004726747701406568,11649.462890625,-21.8
music_percussive/fsd426037.wav,music_percussive,FSD50K (Freesound) via HF Fhrozen/FSD50k,CC-BY-3.0,44100,7.5,win0.2,3.65,0.2,CLEAR,0.0,0.0938,0.0,1.0,0.009375095755857793,10.495049030266593,6.003926243331833,4.49112278693476,15633.10546875,0.03910376183924078,17937.158203125,-21.3
music_percussive/fsd426037.wav,music_percussive,FSD50K (Freesound) via HF Fhrozen/FSD50k,CC-BY-3.0,44100,7.5,win0.2,5.475,0.2,CLEAR,0.0,0.0093,0.0,0.5961,0.0009340929236141243,10.395796589712674,6.003926243331833,4.391870346380841,17054.296875,0.004964488927531997,12769.189453125,-15.0
music_percussive/fsd426037.wav,music_percussive,FSD50K (Freesound) via HF Fhrozen/FSD50k,CC-BY-3.0,44100,7.5,win0.2,7.3,0.2,CLEAR,0.0,0.0,0.0,0.0,3.458352169625699e-06,,,,,4.3348945258391626e-05,3014.6484375,-19.3
music_percussive/fsd323233.wav,music_percussive,FSD50K (Freesound) via HF Fhrozen/FSD50k,CC-BY-3.0,44100,6.486,full,0.0,6.486,CLEAR,0.0259,0.0054,0.1238,0.144,0.0005432362812538774,13.713442332766455,1.1571506932988693,12.556291639467586,15353.173828125,0.001265631041043839,9151.611328125,-10.8
music_percussive/fsd323233.wav,music_percussive,FSD50K (Freesound) via HF Fhrozen/FSD50k,CC-BY-3.0,44100,6.486,win0.5,0.0,0.5,CLEAR,0.0,0.0029,0.0,0.0,0.0002867297553904952,,,,,0.0006234268974175998,6976.7578125,-8.6
music_percussive/fsd323233.wav,music_percussive,FSD50K (Freesound) via HF Fhrozen/FSD50k,CC-BY-3.0,44100,6.486,win0.5,1.496,0.5,CLEAR,0.0,0.0197,0.0,0.6554,0.00197116785458099,13.638266042135383,3.8703545627746405,9.767911479360743,16860.498046875,0.004539045636631548,13242.919921875,-15.3
music_percussive/fsd323233.wav,music_percussive,FSD50K (Freesound) via HF Fhrozen/FSD50k,CC-BY-3.0,44100,6.486,win0.5,2.993,0.5,CLEAR,0.0,0.0375,0.0,0.833,0.003745378272088799,13.446298169333396,3.8703545627746405,9.575943606558756,16860.498046875,0.007909455774033238,14664.111328125,-18.3
music_percussive/fsd323233.wav,music_percussive,FSD50K (Freesound) via HF Fhrozen/FSD50k,CC-BY-3.0,44100,6.486,win0.5,4.489,0.5,CLEAR,0.2184,0.1025,0.4654,1.0,0.010247660377019074,17.832706753152568,3.8703545627746405,13.962352190377928,15353.173828125,0.029693786602346773,18238.623046875,-19.4
music_percussive/fsd323233.wav,music_percussive,FSD50K (Freesound) via HF Fhrozen/FSD50k,CC-BY-3.0,44100,6.486,win0.2,0.0,0.2,CLEAR,0.0,0.0001,0.0,0.0,8.389348390765901e-06,,,,,2.1854438474516445e-05,172.265625,-5.1
music_percussive/fsd323233.wav,music_percussive,FSD50K (Freesound) via HF Fhrozen/FSD50k,CC-BY-3.0,44100,6.486,win0.2,1.571,0.2,CLEAR,0.0,0.0141,0.0,0.5235,0.0014094623090153658,13.459666201214642,6.003926243331833,7.455739957882809,18540.087890625,0.002889212639096069,12187.79296875,-13.9
music_percussive/fsd323233.wav,music_percussive,FSD50K (Freesound) via HF Fhrozen/FSD50k,CC-BY-3.0,44100,6.486,win0.2,3.143,0.2,CLEAR,0.0,0.0772,0.0,1.0,0.007721228983760885,9.25586247053693,6.003926243331833,3.251936227205098,19078.41796875,0.01409386414288622,17140.4296875,-22.0
music_percussive/fsd323233.wav,music_percussive,FSD50K (Freesound) via HF Fhrozen/FSD50k,CC-BY-3.0,44100,6.486,win0.2,4.714,0.2,CLEAR,0.2409,0.1125,0.5156,1.0,0.011254489656297459,21.471215761277552,6.003926243331833,15.46728951794572,15353.173828125,0.036021405422434774,18324.755859375,-21.9
music_percussive/fsd86362.wav,music_percussive,FSD50K (Freesound) via HF Fhrozen/FSD50k,CC-BY-3.0,44100,5.252,full,0.0,5.252,CLEAR,0.0,0.6209,0.0,1.0,0.062089954460090836,3.503450816019114,1.280033392381819,2.223417423637295,15396.240234375,0.1938477682377729,20413.4765625,-22.1
music_percussive/fsd86362.wav,music_percussive,FSD50K (Freesound) via HF Fhrozen/FSD50k,CC-BY-3.0,44100,5.252,win0.5,0.0,0.5,CLEAR,0.0,0.0,0.0,1.0,0.012199173836798577,7.117449201600223,3.8703545627746405,3.247094638825583,15482.373046875,0.023895480766173788,19336.81640625,-48.0
music_percussive/fsd86362.wav,music_percussive,FSD50K (Freesound) via HF Fhrozen/FSD50k,CC-BY-3.0,44100,5.252,win0.5,1.188,0.5,CLEAR,0.0,0.6532,0.0,1.0,0.06531788940481544,5.076260119458503,3.8703545627746405,1.2059055566838626,15374.70703125,0.16596383342100338,20284.27734375,-23.6
music_percussive/fsd86362.wav,music_percussive,FSD50K (Freesound) via HF Fhrozen/FSD50k,CC-BY-3.0,44100,5.252,win0.5,2.376,0.5,CLEAR,0.0,0.5617,0.0,1.0,0.05617474943319808,7.015759094552431,3.8703545627746405,3.1454045317777903,15460.83984375,0.1670235673989475,20241.2109375,-19.0
music_percussive/fsd86362.wav,music_percussive,FSD50K (Freesound) via HF Fhrozen/FSD50k,CC-BY-3.0,44100,5.252,win0.5,3.564,0.5,CLEAR,0.0,0.6428,0.0,1.0,0.06428467397686644,6.115870637990573,3.8703545627746405,2.245516075215933,16279.1015625,0.24129617243648602,20499.609375,-19.6
music_percussive/fsd86362.wav,music_percussive,FSD50K (Freesound) via HF Fhrozen/FSD50k,CC-BY-3.0,44100,5.252,win0.5,4.752,0.5,CLEAR,0.0,0.8311,0.0,1.0,0.08310774254983684,8.45013832376717,3.8703545627746405,4.57978376099253,20499.609375,0.1469358139907245,20542.67578125,-44.5
music_percussive/fsd86362.wav,music_percussive,FSD50K (Freesound) via HF Fhrozen/FSD50k,CC-BY-3.0,44100,5.252,win0.2,0.0,0.2,CLEAR,0.0,0.0,0.0,1.0,0.016020385618401804,8.820926625617268,6.003926243331833,2.8170003822854355,15396.240234375,0.03243157194253516,19164.55078125,-53.2
music_percussive/fsd86362.wav,music_percussive,FSD50K (Freesound) via HF Fhrozen/FSD50k,CC-BY-3.0,44100,5.252,win0.2,1.263,0.2,CLEAR,0.0,0.6066,0.0,1.0,0.06066201660310624,6.058956913177827,6.003926243331833,0.05503066984599414,17743.359375,0.16259482620181911,20370.41015625,-24.1
music_percussive/fsd86362.wav,music_percussive,FSD50K (Freesound) via HF Fhrozen/FSD50k,CC-BY-3.0,44100,5.252,win0.2,2.526,0.2,CLEAR,0.0,0.6064,0.0,1.0,0.0606350680901312,7.354350468100775,6.003926243331833,1.3504242247689424,15396.240234375,0.176609391086503,19939.74609375,-18.8
music_percussive/fsd86362.wav,music_percussive,FSD50K (Freesound) via HF Fhrozen/FSD50k,CC-BY-3.0,44100,5.252,win0.2,3.789,0.2,CLEAR,0.0,0.582,0.0,1.0,0.058203199874416106,8.38679972489254,6.003926243331833,2.3828734815607078,15525.439453125,0.219386350385364,20564.208984375,-20.3
music_percussive/fsd86362.wav,music_percussive,FSD50K (Freesound) via HF Fhrozen/FSD50k,CC-BY-3.0,44100,5.252,win0.2,5.052,0.2,CLEAR,0.0,0.0,0.0,0.9811,0.0033888717646867544,12.666445053988864,6.003926243331833,6.662518810657032,15030.17578125,0.017810910692752882,15848.4375,-60.4
music_percussive/fsd348910.wav,music_percussive,FSD50K (Freesound) via HF Fhrozen/FSD50k,CC0-1.0,44100,3.457,full,0.0,3.457,CLEAR,0.0,0.0,0.0,0.1278,0.00042669133092397224,,,,,0.00042892691716167803,9022.412109375,-35.2
music_percussive/fsd348910.wav,music_percussive,FSD50K (Freesound) via HF Fhrozen/FSD50k,CC0-1.0,44100,3.457,win0.5,0.0,0.5,CLEAR,0.0,0.0,0.0,0.1278,0.00047165558024817305,,,,,0.000473972657243988,9022.412109375,-27.1
music_percussive/fsd348910.wav,music_percussive,FSD50K (Freesound) via HF Fhrozen/FSD50k,CC0-1.0,44100,3.457,win0.5,0.739,0.5,CLEAR,0.0,0.0,0.0,0.0,9.922493767088683e-07,,,,,1.9806978618785554e-06,2110.25390625,-44.1
music_percussive/fsd348910.wav,music_percussive,FSD50K (Freesound) via HF Fhrozen/FSD50k,CC0-1.0,44100,3.457,win0.5,1.479,0.5,CLEAR,0.0,0.0,0.0,0.0,2.2808307283130204e-05,,,,,4.7437434758829015e-05,2110.25390625,-57.9
music_percussive/fsd348910.wav,music_percussive,FSD50K (Freesound) via HF Fhrozen/FSD50k,CC0-1.0,44100,3.457,win0.5,2.218,0.5,CLEAR,0.0,0.0,0.0,0.0,0.0004975402865131522,2.5900681457891856,3.8703545627746405,-1.2802864169854549,17312.6953125,0.0010227704915560128,2110.25390625,-70.9
music_percussive/fsd348910.wav,music_percussive,FSD50K (Freesound) via HF Fhrozen/FSD50k,CC0-1.0,44100,3.457,win0.5,2.957,0.5,CLEAR,0.0,0.0,0.0,0.0,0.0017446483928873213,3.050417404031829,3.8703545627746405,-0.8199371587428117,17398.828125,0.0034781988839232897,3359.1796875,-77.0
music_percussive/fsd348910.wav,music_percussive,FSD50K (Freesound) via HF Fhrozen/FSD50k,CC0-1.0,44100,3.457,win0.2,0.0,0.2,CLEAR,0.0,0.0067,0.0,0.1278,0.0006664806786070644,,,,,0.0006696954728236353,9022.412109375,-24.1
music_percussive/fsd348910.wav,music_percussive,FSD50K (Freesound) via HF Fhrozen/FSD50k,CC0-1.0,44100,3.457,win0.2,0.814,0.2,CLEAR,0.0,0.0,0.0,0.0,8.489943433999646e-07,,,,,1.6844301077367128e-06,2110.25390625,-43.6
music_percussive/fsd348910.wav,music_percussive,FSD50K (Freesound) via HF Fhrozen/FSD50k,CC0-1.0,44100,3.457,win0.2,1.629,0.2,CLEAR,0.0,0.0,0.0,0.0,2.6371561459770795e-05,,,,,5.610219313341577e-05,2110.25390625,-58.7
music_percussive/fsd348910.wav,music_percussive,FSD50K (Freesound) via HF Fhrozen/FSD50k,CC0-1.0,44100,3.457,win0.2,2.443,0.2,CLEAR,0.0,0.0,0.0,0.0,0.0006306379273139751,4.781258111876597,6.003926243331833,-1.2226681314552357,19530.615234375,0.0012305634684697483,2131.787109375,-72.1
music_percussive/fsd348910.wav,music_percussive,FSD50K (Freesound) via HF Fhrozen/FSD50k,CC0-1.0,44100,3.457,win0.2,3.257,0.2,CLEAR,0.0,0.0,0.0,0.0,0.0016801339750079477,4.34869817917723,6.003926243331833,-1.6552280641546027,15288.57421875,0.003416911806324169,3186.9140625,-77.0
music_percussive/fsd20462.wav,music_percussive,FSD50K (Freesound) via HF Fhrozen/FSD50k,CC-BY-3.0,44100,8.0,full,0.0,8.0,CLEAR,0.0,0.0938,0.0,1.0,0.009376566768644044,1.4924800658804647,1.0462981717411202,0.4461818941393445,15848.4375,0.016372760168609005,17721.826171875,-10.8
music_percussive/fsd20462.wav,music_percussive,FSD50K (Freesound) via HF Fhrozen/FSD50k,CC-BY-3.0,44100,8.0,win0.5,0.0,0.5,CLEAR,0.0,0.0939,0.0,1.0,0.009393217704780337,5.98586835038394,3.8703545627746405,2.115513787609299,15848.4375,0.017050211054726743,17786.42578125,-11.9
music_percussive/fsd20462.wav,music_percussive,FSD50K (Freesound) via HF Fhrozen/FSD50k,CC-BY-3.0,44100,8.0,win0.5,1.875,0.5,CLEAR,0.0,0.1506,0.0,1.0,0.015063244717716013,4.316272202496977,3.8703545627746405,0.44591763972233656,21081.005859375,0.027576394503572868,19401.416015625,-11.0
music_percussive/fsd20462.wav,music_percussive,FSD50K (Freesound) via HF Fhrozen/FSD50k,CC-BY-3.0,44100,8.0,win0.5,3.75,0.5,CLEAR,0.0,0.1324,0.0,1.0,0.013238203152805538,6.994001912009206,3.8703545627746405,3.1236473492345653,16645.166015625,0.023667234352935305,19078.41796875,-12.1
music_percussive/fsd20462.wav,music_percussive,FSD50K (Freesound) via HF Fhrozen/FSD50k,CC-BY-3.0,44100,8.0,win0.5,5.625,0.5,CLEAR,0.0,0.1623,0.0,1.0,0.016233621339939996,5.8638598563075375,3.8703545627746405,1.993505293532897,17528.02734375,0.027860893916331876,19422.94921875,-11.9
music_percussive/fsd20462.wav,music_percussive,FSD50K (Freesound) via HF Fhrozen/FSD50k,CC-BY-3.0,44100,8.0,win0.5,7.5,0.5,CLEAR,0.0,0.1083,0.0,1.0,0.010830872048090544,5.574884395716728,3.8703545627746405,1.7045298329420873,16451.3671875,0.0194179626520972,18346.2890625,-10.7
music_percussive/fsd20462.wav,music_percussive,FSD50K (Freesound) via HF Fhrozen/FSD50k,CC-BY-3.0,44100,8.0,win0.2,0.0,0.2,CLEAR,0.0,0.057,0.0,0.8492,0.005699227609740119,7.157858838813684,6.003926243331833,1.1539325954818516,18518.5546875,0.009543701350359353,14793.310546875,-11.2
music_percussive/fsd20462.wav,music_percussive,FSD50K (Freesound) via HF Fhrozen/FSD50k,CC-BY-3.0,44100,8.0,win0.2,1.95,0.2,CLEAR,0.0,0.1398,0.0,1.0,0.013983718422040079,7.321753679549285,6.003926243331833,1.3178274362174518,16946.630859375,0.02588115277767216,19272.216796875,-11.2
music_percussive/fsd20462.wav,music_percussive,FSD50K (Freesound) via HF Fhrozen/FSD50k,CC-BY-3.0,44100,8.0,win0.2,3.9,0.2,CLEAR,0.0,0.0818,0.0,1.0,0.008183693618474557,8.421314419036952,6.003926243331833,2.4173881757051188,20865.673828125,0.013523735883094024,16968.1640625,-10.7
music_percussive/fsd20462.wav,music_percussive,FSD50K (Freesound) via HF Fhrozen/FSD50k,CC-BY-3.0,44100,8.0,win0.2,5.85,0.2,CLEAR,0.0,0.0262,0.0,0.0,0.0026174331929214828,6.264336991909071,6.003926243331833,0.2604107485772378,19638.28125,0.004245632397049762,4328.173828125,-9.0
music_percussive/fsd20462.wav,music_percussive,FSD50K (Freesound) via HF Fhrozen/FSD50k,CC-BY-3.0,44100,8.0,win0.2,7.8,0.2,CLEAR,0.0,0.0244,0.0,0.0,0.0024428739076026297,6.292330428115179,6.003926243331833,0.28840418478334584,15719.23828125,0.004134792571596598,3466.845703125,-9.3
music_wind_brass_vocal/fsd355211.wav,music_wind_brass_vocal,FSD50K (Freesound) via HF Fhrozen/FSD50k,CC-BY-3.0,44100,2.124,full,0.0,2.124,CLEAR,0.0,0.0,0.0,0.0,6.740917923313305e-08,,,,,5.962343024714251e-07,2476.318359375,-19.3
music_wind_brass_vocal/fsd355211.wav,music_wind_brass_vocal,FSD50K (Freesound) via HF Fhrozen/FSD50k,CC-BY-3.0,44100,2.124,win0.5,0.0,0.5,CLEAR,0.0,0.0,0.0,0.0,8.34125534866879e-08,,,,,6.629604164642615e-07,2433.251953125,-18.1
music_wind_brass_vocal/fsd355211.wav,music_wind_brass_vocal,FSD50K (Freesound) via HF Fhrozen/FSD50k,CC-BY-3.0,44100,2.124,win0.5,0.541,0.5,CLEAR,0.0,0.0,0.0,0.0,5.820205145684588e-08,,,,,6.679451043210646e-07,2454.78515625,-18.9
music_wind_brass_vocal/fsd355211.wav,music_wind_brass_vocal,FSD50K (Freesound) via HF Fhrozen/FSD50k,CC-BY-3.0,44100,2.124,win0.5,1.083,0.5,CLEAR,0.0,0.0,0.0,0.0,6.954606195689427e-08,,,,,4.3662129990895175e-07,2777.783203125,-18.5
music_wind_brass_vocal/fsd355211.wav,music_wind_brass_vocal,FSD50K (Freesound) via HF Fhrozen/FSD50k,CC-BY-3.0,44100,2.124,win0.5,1.624,0.5,CLEAR,0.0,0.0,0.0,0.0,8.216247198512668e-08,,,,,8.598980006607245e-07,2777.783203125,-24.2
music_wind_brass_vocal/fsd355211.wav,music_wind_brass_vocal,FSD50K (Freesound) via HF Fhrozen/FSD50k,CC-BY-3.0,44100,2.124,win0.2,0.0,0.2,CLEAR,0.0,0.0,0.0,0.0,2.9860407752566336e-05,,,,,0.00022252204677566974,3811.376953125,-27.6
music_wind_brass_vocal/fsd355211.wav,music_wind_brass_vocal,FSD50K (Freesound) via HF Fhrozen/FSD50k,CC-BY-3.0,44100,2.124,win0.2,0.481,0.2,CLEAR,0.0,0.0,0.0,0.0,4.7529049454368935e-08,,,,,6.582786473387678e-07,2454.78515625,-18.2
music_wind_brass_vocal/fsd355211.wav,music_wind_brass_vocal,FSD50K (Freesound) via HF Fhrozen/FSD50k,CC-BY-3.0,44100,2.124,win0.2,0.962,0.2,CLEAR,0.0,0.0,0.0,0.0,7.324359938376391e-08,,,,,6.32026272340956e-07,2433.251953125,-18.9
music_wind_brass_vocal/fsd355211.wav,music_wind_brass_vocal,FSD50K (Freesound) via HF Fhrozen/FSD50k,CC-BY-3.0,44100,2.124,win0.2,1.443,0.2,CLEAR,0.0,0.0,0.0,0.0,3.094417227028195e-08,,,,,3.5431717301290966e-07,2777.783203125,-18.7
music_wind_brass_vocal/fsd355211.wav,music_wind_brass_vocal,FSD50K (Freesound) via HF Fhrozen/FSD50k,CC-BY-3.0,44100,2.124,win0.2,1.924,0.2,CLEAR,0.0,0.0,0.0,0.1682,0.00013558353432686817,,,,,0.000905876557156948,9345.41015625,-56.8
music_wind_brass_vocal/fsd116897.wav,music_wind_brass_vocal,FSD50K (Freesound) via HF Fhrozen/FSD50k,CC0-1.0,44100,7.62,full,0.0,7.62,CLEAR,0.0,0.0,0.3087,0.545,0.00017264113915911594,20.69673748786514,1.070570087716565,19.626167400148574,15202.44140625,0.0012232179964040085,12360.05859375,-27.5
music_wind_brass_vocal/fsd116897.wav,music_wind_brass_vocal,FSD50K (Freesound) via HF Fhrozen/FSD50k,CC0-1.0,44100,7.62,win0.5,0.0,0.5,CLEAR,0.0,0.0,0.0,0.6365,0.00033554080386221735,9.412431726722538,3.8703545627746405,5.542077163947898,15568.505859375,0.002083858523000155,13092.1875,-30.2
music_wind_brass_vocal/fsd116897.wav,music_wind_brass_vocal,FSD50K (Freesound) via HF Fhrozen/FSD50k,CC0-1.0,44100,7.62,win0.5,1.78,0.5,CLEAR,0.0,0.0,0.0,0.3566,8.12866298985279e-05,,,,,0.00040207540466904697,10852.734375,-24.7
music_wind_brass_vocal/fsd116897.wav,music_wind_brass_vocal,FSD50K (Freesound) via HF Fhrozen/FSD50k,CC0-1.0,44100,7.62,win0.5,3.56,0.5,CLEAR,0.0,0.0,0.8944,0.5638,0.00015208244964941658,30.701750858548902,3.8703545627746405,26.83139629577426,16429.833984375,0.0015163579548724757,12510.791015625,-28.7
music_wind_brass_vocal/fsd116897.wav,music_wind_brass_vocal,FSD50K (Freesound) via HF Fhrozen/FSD50k,CC0-1.0,44100,7.62,win0.5,5.34,0.5,CLEAR,0.0,0.0,1.0,0.4885,8.449563024195383e-06,44.88857534294085,3.8703545627746405,41.0182207801662,15223.974609375,0.0022173222723770127,11907.861328125,-29.6
music_wind_brass_vocal/fsd116897.wav,music_wind_brass_vocal,FSD50K (Freesound) via HF Fhrozen/FSD50k,CC0-1.0,44100,7.62,win0.5,7.12,0.5,CLEAR,0.0,0.0,0.0,0.0,0.0002955046480667602,,,,,0.0004976205536268932,1227.392578125,-65.4
music_wind_brass_vocal/fsd116897.wav,music_wind_brass_vocal,FSD50K (Freesound) via HF Fhrozen/FSD50k,CC0-1.0,44100,7.62,win0.2,0.0,0.2,CLEAR,0.0,0.0,0.0,0.8357,0.0010854731408722449,14.82449606865586,6.003926243331833,8.820569825324027,15503.90625,0.008904837723707022,14685.64453125,-48.7
music_wind_brass_vocal/fsd116897.wav,music_wind_brass_vocal,FSD50K (Freesound) via HF Fhrozen/FSD50k,CC0-1.0,44100,7.62,win0.2,1.855,0.2,CLEAR,0.0,0.0,0.0,0.3566,8.348603355815682e-05,,,,,0.000332727241521799,10852.734375,-24.7
music_wind_brass_vocal/fsd116897.wav,music_wind_brass_vocal,FSD50K (Freesound) via HF Fhrozen/FSD50k,CC0-1.0,44100,7.62,win0.2,3.71,0.2,CLEAR,0.0,0.0,0.8703,0.5854,0.00015897927840127942,32.113489042285295,6.003926243331833,26.109562798953462,16429.833984375,0.0014870322712218478,12683.056640625,-28.7
music_wind_brass_vocal/fsd116897.wav,music_wind_brass_vocal,FSD50K (Freesound) via HF Fhrozen/FSD50k,CC0-1.0,44100,7.62,win0.2,5.565,0.2,CLEAR,0.0,0.0,1.0,0.4912,6.749458431751694e-06,44.837572839146176,6.003926243331833,38.83364659581434,15223.974609375,0.0019219896871012318,11929.39453125,-30.2
music_wind_brass_vocal/fsd116897.wav,music_wind_brass_vocal,FSD50K (Freesound) via HF Fhrozen/FSD50k,CC0-1.0,44100,7.62,win0.2,7.42,0.2,CLEAR,0.0,0.0,0.0,1.0,0.007183762320765563,5.046399639168163,6.003926243331833,-0.9575266041636699,17161.962890625,0.012040340407272426,16279.1015625,-80.3
music_wind_brass_vocal/fsd330765.wav,music_wind_brass_vocal,FSD50K (Freesound) via HF Fhrozen/FSD50k,CC-BY-3.0,44100,3.816,full,0.0,3.816,CLEAR,0.0,0.0,0.0,0.0,2.3489685547400455e-08,,,,,8.229426028994924e-08,2110.25390625,-24.6
music_wind_brass_vocal/fsd330765.wav,music_wind_brass_vocal,FSD50K (Freesound) via HF Fhrozen/FSD50k,CC-BY-3.0,44100,3.816,win0.5,0.0,0.5,CLEAR,0.0,0.0,0.0,0.0,3.2751904772688485e-08,,,,,1.3133466623639897e-07,2067.1875,-25.2
music_wind_brass_vocal/fsd330765.wav,music_wind_brass_vocal,FSD50K (Freesound) via HF Fhrozen/FSD50k,CC-BY-3.0,44100,3.816,win0.5,0.829,0.5,CLEAR,0.0,0.0,0.0,0.0,2.303936357996854e-08,,,,,1.3010042668457729e-07,2110.25390625,-23.7
music_wind_brass_vocal/fsd330765.wav,music_wind_brass_vocal,FSD50K (Freesound) via HF Fhrozen/FSD50k,CC-BY-3.0,44100,3.816,win0.5,1.658,0.5,CLEAR,0.0,0.0,0.0,0.0,1.8146612210488206e-08,,,,,5.775590373930276e-08,1981.0546875,-23.9
music_wind_brass_vocal/fsd330765.wav,music_wind_brass_vocal,FSD50K (Freesound) via HF Fhrozen/FSD50k,CC-BY-3.0,44100,3.816,win0.5,2.487,0.5,CLEAR,0.0,0.0,0.0,0.0,1.550695288872812e-08,,,,,4.703075294245071e-08,1981.0546875,-24.0
music_wind_brass_vocal/fsd330765.wav,music_wind_brass_vocal,FSD50K (Freesound) via HF Fhrozen/FSD50k,CC-BY-3.0,44100,3.816,win0.5,3.316,0.5,CLEAR,0.0,0.0,0.0,0.0,8.924490399621007e-07,,,,,1.6737809687340163e-06,1981.0546875,-43.1
music_wind_brass_vocal/fsd330765.wav,music_wind_brass_vocal,FSD50K (Freesound) via HF Fhrozen/FSD50k,CC-BY-3.0,44100,3.816,win0.2,0.0,0.2,CLEAR,0.0,0.0,0.0,0.0,3.7402002959438104e-08,,,,,9.40287190584711e-08,2950.048828125,-27.6
music_wind_brass_vocal/fsd330765.wav,music_wind_brass_vocal,FSD50K (Freesound) via HF Fhrozen/FSD50k,CC-BY-3.0,44100,3.816,win0.2,0.904,0.2,CLEAR,0.0,0.0,0.0,0.0,3.425264374321007e-08,,,,,1.1664823334022825e-07,2002.587890625,-25.3
music_wind_brass_vocal/fsd330765.wav,music_wind_brass_vocal,FSD50K (Freesound) via HF Fhrozen/FSD50k,CC-BY-3.0,44100,3.816,win0.2,1.808,0.2,CLEAR,0.0,0.0,0.0,0.0,1.4944689536775323e-08,,,,,5.272667650318433e-08,1981.0546875,-22.1
music_wind_brass_vocal/fsd330765.wav,music_wind_brass_vocal,FSD50K (Freesound) via HF Fhrozen/FSD50k,CC-BY-3.0,44100,3.816,win0.2,2.712,0.2,CLEAR,0.0,0.0,0.0,0.0,1.516211602996143e-08,,,,,4.803082353971377e-08,1981.0546875,-24.4
music_wind_brass_vocal/fsd330765.wav,music_wind_brass_vocal,FSD50K (Freesound) via HF Fhrozen/FSD50k,CC-BY-3.0,44100,3.816,win0.2,3.616,0.2,CLEAR,0.0,0.0,0.0,0.9057,0.006033989569347629,4.246983371100648,6.003926243331833,-1.7569428722311846,20413.4765625,0.010327766891193468,15245.5078125,-81.6
music_wind_brass_vocal/fsd373671.wav,music_wind_brass_vocal,FSD50K (Freesound) via HF Fhrozen/FSD50k,CC0-1.0,44100,6.617,full,0.0,6.617,CLEAR,0.0,0.0,0.0,0.0,1.5012328345587548e-07,,,,,1.0175649354238868e-06,2777.783203125,-30.1
music_wind_brass_vocal/fsd373671.wav,music_wind_brass_vocal,FSD50K (Freesound) via HF Fhrozen/FSD50k,CC0-1.0,44100,6.617,win0.5,0.0,0.5,CLEAR,0.0,0.0,0.0,0.0,1.0965599879896882e-07,,,,,1.0369253312182457e-06,1765.72265625,-27.1
music_wind_brass_vocal/fsd373671.wav,music_wind_brass_vocal,FSD50K (Freesound) via HF Fhrozen/FSD50k,CC0-1.0,44100,6.617,win0.5,1.529,0.5,CLEAR,0.0,0.0,0.0,0.0,2.510133495366457e-07,,,,,1.7644383976885157e-06,2799.31640625,-31.0
music_wind_brass_vocal/fsd373671.wav,music_wind_brass_vocal,FSD50K (Freesound) via HF Fhrozen/FSD50k,CC0-1.0,44100,6.617,win0.5,3.058,0.5,CLEAR,0.0,0.0,0.0,0.0,2.8716735366859395e-07,,,,,1.4868454344189806e-06,3122.314453125,-32.6
music_wind_brass_vocal/fsd373671.wav,music_wind_brass_vocal,FSD50K (Freesound) via HF Fhrozen/FSD50k,CC0-1.0,44100,6.617,win0.5,4.588,0.5,CLEAR,0.0,0.0,0.0,0.0,1.1865141274667443e-07,,,,,7.282543532879008e-07,1765.72265625,-29.0
music_wind_brass_vocal/fsd373671.wav,music_wind_brass_vocal,FSD50K (Freesound) via HF Fhrozen/FSD50k,CC0-1.0,44100,6.617,win0.5,6.117,0.5,CLEAR,0.0,0.0,0.0,0.0,1.2185611789228135e-07,,,,,5.991600917871067e-07,1744.189453125,-36.9
music_wind_brass_vocal/fsd373671.wav,music_wind_brass_vocal,FSD50K (Freesound) via HF Fhrozen/FSD50k,CC0-1.0,44100,6.617,win0.2,0.0,0.2,CLEAR,0.0,0.0,0.0,0.0,1.357740703080678e-07,,,,,1.229824550795093e-06,1765.72265625,-27.2
music_wind_brass_vocal/fsd373671.wav,music_wind_brass_vocal,FSD50K (Freesound) via HF Fhrozen/FSD50k,CC0-1.0,44100,6.617,win0.2,1.604,0.2,CLEAR,0.0,0.0,0.0,0.0,2.4565284090212626e-07,,,,,1.9682092681406615e-06,2820.849609375,-31.0
music_wind_brass_vocal/fsd373671.wav,music_wind_brass_vocal,FSD50K (Freesound) via HF Fhrozen/FSD50k,CC0-1.0,44100,6.617,win0.2,3.208,0.2,CLEAR,0.0,0.0,0.0,0.0,3.0216215589652083e-07,,,,,1.5061195050895542e-06,3122.314453125,-32.7
music_wind_brass_vocal/fsd373671.wav,music_wind_brass_vocal,FSD50K (Freesound) via HF Fhrozen/FSD50k,CC0-1.0,44100,6.617,win0.2,4.813,0.2,CLEAR,0.0,0.0,0.0,0.0,1.427323625859874e-07,,,,,8.243062261970942e-07,2799.31640625,-28.9
music_wind_brass_vocal/fsd373671.wav,music_wind_brass_vocal,FSD50K (Freesound) via HF Fhrozen/FSD50k,CC0-1.0,44100,6.617,win0.2,6.417,0.2,CLEAR,0.0,0.0,0.0,0.0,0.00013818853255820096,,,,,0.0002572922931710449,1399.658203125,-70.9
music_wind_brass_vocal/fsd372805.wav,music_wind_brass_vocal,FSD50K (Freesound) via HF Fhrozen/FSD50k,CC0-1.0,44100,2.89,full,0.0,2.89,CLEAR,0.0,0.0,0.0,0.0,1.244662368285808e-06,,,,,5.139724834329766e-06,3165.380859375,-33.8
music_wind_brass_vocal/fsd372805.wav,music_wind_brass_vocal,FSD50K (Freesound) via HF Fhrozen/FSD50k,CC0-1.0,44100,2.89,win0.5,0.0,0.5,CLEAR,0.0,0.0,0.0,0.0,1.2897736346727987e-06,,,,,5.394888072726237e-06,3251.513671875,-26.4
music_wind_brass_vocal/fsd372805.wav,music_wind_brass_vocal,FSD50K (Freesound) via HF Fhrozen/FSD50k,CC0-1.0,44100,2.89,win0.5,0.598,0.5,CLEAR,0.0,0.0,0.0,0.0,2.8412706641242356e-07,,,,,5.08101275585267e-07,279.931640625,-41.6
music_wind_brass_vocal/fsd372805.wav,music_wind_brass_vocal,FSD50K (Freesound) via HF Fhrozen/FSD50k,CC0-1.0,44100,2.89,win0.5,1.195,0.5,CLEAR,0.0,0.0,0.0,0.0,2.143897985380139e-06,,,,,3.7876305853321913e-06,279.931640625,-51.0
music_wind_brass_vocal/fsd372805.wav,music_wind_brass_vocal,FSD50K (Freesound) via HF Fhrozen/FSD50k,CC0-1.0,44100,2.89,win0.5,1.793,0.5,CLEAR,0.0,0.0,0.0,0.0,0.0002441820589957779,,,,,0.00040810337280081663,279.931640625,-72.1
music_wind_brass_vocal/fsd372805.wav,music_wind_brass_vocal,FSD50K (Freesound) via HF Fhrozen/FSD50k,CC0-1.0,44100,2.89,win0.2,0.0,0.2,CLEAR,0.0,0.0,0.0,0.0,1.8640923599476346e-06,,,,,7.799071516008565e-06,3639.111328125,-23.5
music_wind_brass_vocal/fsd372805.wav,music_wind_brass_vocal,FSD50K (Freesound) via HF Fhrozen/FSD50k,CC0-1.0,44100,2.89,win0.2,0.672,0.2,CLEAR,0.0,0.0,0.0,0.0,2.3175022672584902e-07,,,,,4.0615683001619455e-07,279.931640625,-41.1
music_wind_brass_vocal/fsd372805.wav,music_wind_brass_vocal,FSD50K (Freesound) via HF Fhrozen/FSD50k,CC0-1.0,44100,2.89,win0.2,1.345,0.2,CLEAR,0.0,0.0,0.0,0.0,2.475819892525818e-06,,,,,4.425274708260388e-06,279.931640625,-51.9
music_wind_brass_vocal/fsd372805.wav,music_wind_brass_vocal,FSD50K (Freesound) via HF Fhrozen/FSD50k,CC0-1.0,44100,2.89,win0.2,2.018,0.2,CLEAR,0.0,0.0,0.0,0.0,0.0010388564263251747,4.5682682641959484,6.003926243331833,-1.4356579791358843,19724.4140625,0.001751290180109899,1830.322265625,-81.0
music_wind_brass_vocal/fsd357673.wav,music_wind_brass_vocal,FSD50K (Freesound) via HF Fhrozen/FSD50k,CC-BY-3.0,44100,7.779,full,0.0,7.779,CLEAR,0.0,0.0,0.0,0.0,4.444774424101268e-06,,,,,6.0166438875035556e-05,6072.36328125,-26.5
music_wind_brass_vocal/fsd357673.wav,music_wind_brass_vocal,FSD50K (Freesound) via HF Fhrozen/FSD50k,CC-BY-3.0,44100,7.779,win0.5,0.0,0.5,CLEAR,0.0,0.0,0.0,0.0,6.27933597652715e-05,,,,,0.00012092035545702033,2497.8515625,-56.7
music_wind_brass_vocal/fsd357673.wav,music_wind_brass_vocal,FSD50K (Freesound) via HF Fhrozen/FSD50k,CC-BY-3.0,44100,7.779,win0.5,1.82,0.5,CLEAR,0.0,0.0,0.0,0.0,1.230358364070215e-06,,,,,2.1158037667505474e-05,5663.232421875,-23.6
music_wind_brass_vocal/fsd357673.wav,music_wind_brass_vocal,FSD50K (Freesound) via HF Fhrozen/FSD50k,CC-BY-3.0,44100,7.779,win0.5,3.639,0.5,CLEAR,0.0,0.0,0.0,0.0,1.000557639952247e-05,,,,,0.00012883611089191448,6998.291015625,-22.4
music_wind_brass_vocal/fsd357673.wav,music_wind_brass_vocal,FSD50K (Freesound) via HF Fhrozen/FSD50k,CC-BY-3.0,44100,7.779,win0.5,5.459,0.5,CLEAR,0.0,0.0,0.0,0.0,1.2778643396241682e-08,,,,,4.4549073948468634e-08,3509.912109375,-28.4
music_wind_brass_vocal/fsd357673.wav,music_wind_brass_vocal,FSD50K (Freesound) via HF Fhrozen/FSD50k,CC-BY-3.0,44100,7.779,win0.5,7.279,0.5,CLEAR,0.0,0.0,0.0,0.1386,0.0027789800807620784,3.299417454705502,3.8703545627746405,-0.5709371080691383,15331.640625,0.004855414791110431,9108.544921875,-82.3
music_wind_brass_vocal/fsd357673.wav,music_wind_brass_vocal,FSD50K (Freesound) via HF Fhrozen/FSD50k,CC-BY-3.0,44100,7.779,win0.2,0.0,0.2,CLEAR,0.0,0.0,0.0,0.0,0.001400175697401708,4.881490570291527,6.003926243331833,-1.1224356730403056,16817.431640625,0.002669320381280565,3682.177734375,-79.8
music_wind_brass_vocal/fsd357673.wav,music_wind_brass_vocal,FSD50K (Freesound) via HF Fhrozen/FSD50k,CC-BY-3.0,44100,7.779,win0.2,1.895,0.2,CLEAR,0.0,0.0,0.0,0.0,2.4308672488648097e-08,,,,,4.490976843383867e-07,3940.576171875,-25.4
music_wind_brass_vocal/fsd357673.wav,music_wind_brass_vocal,FSD50K (Freesound) via HF Fhrozen/FSD50k,CC-BY-3.0,44100,7.779,win0.2,3.789,0.2,CLEAR,0.0,0.0,0.0,0.0,2.6373741505888924e-08,,,,,2.7503903707085235e-07,3273.046875,-25.7
music_wind_brass_vocal/fsd357673.wav,music_wind_brass_vocal,FSD50K (Freesound) via HF Fhrozen/FSD50k,CC-BY-3.0,44100,7.779,win0.2,5.684,0.2,CLEAR,0.0,0.0,0.0,0.0,1.3248105033629727e-08,,,,,4.192166044419494e-08,3316.11328125,-28.9
music_wind_brass_vocal/fsd357673.wav,music_wind_brass_vocal,FSD50K (Freesound) via HF Fhrozen/FSD50k,CC-BY-3.0,44100,7.779,win0.2,7.579,0.2,CLEAR,0.0,0.0,0.0,0.0,0.0018443442096702535,3.6169386216420825,6.003926243331833,-2.3869876216897503,19013.818359375,0.0031974922223904027,5254.1015625,-80.7
music_wind_brass_vocal/fsd354966.wav,music_wind_brass_vocal,FSD50K (Freesound) via HF Fhrozen/FSD50k,CC-BY-3.0,44100,7.651,full,0.0,7.651,CLEAR,0.0,0.0,0.0,0.0,6.424256971916462e-08,,,,,5.186324590665804e-07,1787.255859375,-22.2
music_wind_brass_vocal/fsd354966.wav,music_wind_brass_vocal,FSD50K (Freesound) via HF Fhrozen/FSD50k,CC-BY-3.0,44100,7.651,win0.5,0.0,0.5,CLEAR,0.0,0.0,0.0,0.0,5.44122730077989e-07,,,,,2.395356898478217e-06,2605.517578125,-35.9
music_wind_brass_vocal/fsd354966.wav,music_wind_brass_vocal,FSD50K (Freesound) via HF Fhrozen/FSD50k,CC-BY-3.0,44100,7.651,win0.5,1.788,0.5,CLEAR,0.0,0.0,0.0,0.0,5.0643559775782715e-08,,,,,3.6210816680211995e-07,1356.591796875,-19.7
music_wind_brass_vocal/fsd354966.wav,music_wind_brass_vocal,FSD50K (Freesound) via HF Fhrozen/FSD50k,CC-BY-3.0,44100,7.651,win0.5,3.575,0.5,CLEAR,0.0,0.0,0.0,0.0,3.3591339864422635e-07,,,,,3.227256967754983e-06,2368.65234375,-25.5
music_wind_brass_vocal/fsd354966.wav,music_wind_brass_vocal,FSD50K (Freesound) via HF Fhrozen/FSD50k,CC-BY-3.0,44100,7.651,win0.5,5.363,0.5,CLEAR,0.0,0.0,0.0,0.0,3.8035395004640165e-08,,,,,3.110148123561422e-07,1593.45703125,-22.0
music_wind_brass_vocal/fsd354966.wav,music_wind_brass_vocal,FSD50K (Freesound) via HF Fhrozen/FSD50k,CC-BY-3.0,44100,7.651,win0.5,7.151,0.5,CLEAR,0.0,0.0,0.0,0.0,0.00036124212081985527,,,,,0.0006916098362843043,1248.92578125,-70.6
music_wind_brass_vocal/fsd354966.wav,music_wind_brass_vocal,FSD50K (Freesound) via HF Fhrozen/FSD50k,CC-BY-3.0,44100,7.651,win0.2,0.0,0.2,CLEAR,0.0,0.0,0.0,0.0,0.00043707834152114923,,,,,0.0007968352407726564,4371.240234375,-57.3
music_wind_brass_vocal/fsd354966.wav,music_wind_brass_vocal,FSD50K (Freesound) via HF Fhrozen/FSD50k,CC-BY-3.0,44100,7.651,win0.2,1.863,0.2,CLEAR,0.0,0.0,0.0,0.0,5.150526588409895e-08,,,,,3.546758748718269e-07,1356.591796875,-19.0
music_wind_brass_vocal/fsd354966.wav,music_wind_brass_vocal,FSD50K (Freesound) via HF Fhrozen/FSD50k,CC-BY-3.0,44100,7.651,win0.2,3.725,0.2,CLEAR,0.0,0.0,0.0,0.0,3.113294109989393e-06,,,,,3.648375611109752e-05,4629.638671875,-29.4
music_wind_brass_vocal/fsd354966.wav,music_wind_brass_vocal,FSD50K (Freesound) via HF Fhrozen/FSD50k,CC-BY-3.0,44100,7.651,win0.2,5.588,0.2,CLEAR,0.0,0.0,0.0,0.0,1.1771737004463179e-08,,,,,9.225711565953119e-08,1205.859375,-21.6
music_wind_brass_vocal/fsd354966.wav,music_wind_brass_vocal,FSD50K (Freesound) via HF Fhrozen/FSD50k,CC-BY-3.0,44100,7.651,win0.2,7.451,0.2,CLEAR,0.0,0.0,0.0,0.0,0.0003064918180649559,,,,,0.0005694108635138618,2088.720703125,-69.6
music_wind_brass_vocal/fsd354201.wav,music_wind_brass_vocal,FSD50K (Freesound) via HF Fhrozen/FSD50k,CC-BY-3.0,44100,2.328,full,0.0,2.328,CLEAR,0.0,0.0,0.0,0.0,4.98794255555068e-08,,,,,4.1218267313566046e-07,1055.126953125,-29.1
music_wind_brass_vocal/fsd354201.wav,music_wind_brass_vocal,FSD50K (Freesound) via HF Fhrozen/FSD50k,CC-BY-3.0,44100,2.328,win0.5,0.0,0.5,CLEAR,0.0,0.0,0.0,0.0,4.5316573912445465e-08,,,,,3.535801506710072e-07,1055.126953125,-29.6
music_wind_brass_vocal/fsd354201.wav,music_wind_brass_vocal,FSD50K (Freesound) via HF Fhrozen/FSD50k,CC-BY-3.0,44100,2.328,win0.5,0.609,0.5,CLEAR,0.0,0.0,0.0,0.0,4.4906260565381915e-08,,,,,3.527022437452939e-07,1055.126953125,-27.8
music_wind_brass_vocal/fsd354201.wav,music_wind_brass_vocal,FSD50K (Freesound) via HF Fhrozen/FSD50k,CC-BY-3.0,44100,2.328,win0.5,1.219,0.5,CLEAR,0.0,0.0,0.0,0.0,5.21221669123941e-08,,,,,5.736307204312224e-07,1055.126953125,-28.4
music_wind_brass_vocal/fsd354201.wav,music_wind_brass_vocal,FSD50K (Freesound) via HF Fhrozen/FSD50k,CC-BY-3.0,44100,2.328,win0.5,1.828,0.5,CLEAR,0.0,0.0,0.0,0.0,6.550369009654883e-08,,,,,3.0057929904481927e-07,1033.59375,-33.7
music_wind_brass_vocal/fsd354201.wav,music_wind_brass_vocal,FSD50K (Freesound) via HF Fhrozen/FSD50k,CC-BY-3.0,44100,2.328,win0.2,0.0,0.2,CLEAR,0.0,0.0,0.0,0.0,1.1820031331704696e-07,,,,,5.166091098564821e-07,1442.724609375,-36.3
music_wind_brass_vocal/fsd354201.wav,music_wind_brass_vocal,FSD50K (Freesound) via HF Fhrozen/FSD50k,CC-BY-3.0,44100,2.328,win0.2,0.532,0.2,CLEAR,0.0,0.0,0.0,0.0,4.325105881228175e-08,,,,,3.4512987940349797e-07,1055.126953125,-27.2
music_wind_brass_vocal/fsd354201.wav,music_wind_brass_vocal,FSD50K (Freesound) via HF Fhrozen/FSD50k,CC-BY-3.0,44100,2.328,win0.2,1.064,0.2,CLEAR,0.0,0.0,0.0,0.0,4.2967444630978585e-08,,,,,3.948136113986357e-07,1055.126953125,-28.2
music_wind_brass_vocal/fsd354201.wav,music_wind_brass_vocal,FSD50K (Freesound) via HF Fhrozen/FSD50k,CC-BY-3.0,44100,2.328,win0.2,1.596,0.2,CLEAR,0.0,0.0,0.0,0.0,5.519353262935064e-08,,,,,6.624832929206824e-07,1055.126953125,-28.4
music_wind_brass_vocal/fsd354201.wav,music_wind_brass_vocal,FSD50K (Freesound) via HF Fhrozen/FSD50k,CC-BY-3.0,44100,2.328,win0.2,2.128,0.2,CLEAR,0.0,0.0,0.0,0.0,3.0159007787896976e-05,,,,,5.6515765227803686e-05,430.6640625,-61.7
music_wind_brass_vocal/fsd359851.wav,music_wind_brass_vocal,FSD50K (Freesound) via HF Fhrozen/FSD50k,CC-BY-3.0,44100,4.0,full,0.0,4.0,CLEAR,0.0,0.0,0.0,0.0,6.32870291606008e-09,,,,,7.821131940660651e-08,1614.990234375,-14.6
music_wind_brass_vocal/fsd359851.wav,music_wind_brass_vocal,FSD50K (Freesound) via HF Fhrozen/FSD50k,CC-BY-3.0,44100,4.0,win0.5,0.0,0.5,CLEAR,0.0,0.0,0.0,0.0,1.2338180664177588e-08,,,,,7.821936319300633e-08,1614.990234375,-18.9
music_wind_brass_vocal/fsd359851.wav,music_wind_brass_vocal,FSD50K (Freesound) via HF Fhrozen/FSD50k,CC-BY-3.0,44100,4.0,win0.5,0.875,0.5,CLEAR,0.0,0.0,0.0,0.0,4.816837099363446e-09,,,,,1.2793456498058171e-07,1614.990234375,-11.2
music_wind_brass_vocal/fsd359851.wav,music_wind_brass_vocal,FSD50K (Freesound) via HF Fhrozen/FSD50k,CC-BY-3.0,44100,4.0,win0.5,1.75,0.5,CLEAR,0.0,0.0,0.0,0.0,4.124729863663073e-09,,,,,9.18963193797987e-09,818.26171875,-22.8
music_wind_brass_vocal/fsd359851.wav,music_wind_brass_vocal,FSD50K (Freesound) via HF Fhrozen/FSD50k,CC-BY-3.0,44100,4.0,win0.5,2.625,0.5,CLEAR,0.0,0.0,0.0,0.0,7.2933449805669486e-09,,,,,6.64422059672179e-08,1593.45703125,-12.8
music_wind_brass_vocal/fsd359851.wav,music_wind_brass_vocal,FSD50K (Freesound) via HF Fhrozen/FSD50k,CC-BY-3.0,44100,4.0,win0.5,3.5,0.5,CLEAR,0.0,0.0,0.0,0.0,1.2425479660030915e-08,,,,,3.5739094628995586e-08,1593.45703125,-25.9
music_wind_brass_vocal/fsd359851.wav,music_wind_brass_vocal,FSD50K (Freesound) via HF Fhrozen/FSD50k,CC-BY-3.0,44100,4.0,win0.2,0.0,0.2,CLEAR,0.0,0.0,0.0,0.0,0.001138862186047665,4.276673930246806,6.003926243331833,-1.7272523130850264,16882.03125,0.0021848058910144885,4242.041015625,-77.0
music_wind_brass_vocal/fsd359851.wav,music_wind_brass_vocal,FSD50K (Freesound) via HF Fhrozen/FSD50k,CC-BY-3.0,44100,4.0,win0.2,0.95,0.2,CLEAR,0.0,0.0,0.0,0.0,5.2486870639090626e-09,,,,,1.1616574418150678e-07,1614.990234375,-11.0
music_wind_brass_vocal/fsd359851.wav,music_wind_brass_vocal,FSD50K (Freesound) via HF Fhrozen/FSD50k,CC-BY-3.0,44100,4.0,win0.2,1.9,0.2,CLEAR,0.0,0.0,0.0,0.0,4.185582444690132e-09,,,,,9.458989771473488e-09,818.26171875,-22.6
music_wind_brass_vocal/fsd359851.wav,music_wind_brass_vocal,FSD50K (Freesound) via HF Fhrozen/FSD50k,CC-BY-3.0,44100,4.0,win0.2,2.85,0.2,CLEAR,0.0,0.0,0.0,0.0,6.829251512858042e-09,,,,,7.035252566398512e-08,1614.990234375,-13.0
music_wind_brass_vocal/fsd359851.wav,music_wind_brass_vocal,FSD50K (Freesound) via HF Fhrozen/FSD50k,CC-BY-3.0,44100,4.0,win0.2,3.8,0.2,CLEAR,0.0,0.0,0.0,0.0,6.959743115774779e-05,,,,,0.00013192629276562165,3875.9765625,-66.1
music_wind_brass_vocal/fsd355010.wav,music_wind_brass_vocal,FSD50K (Freesound) via HF Fhrozen/FSD50k,CC-BY-3.0,44100,7.998,full,0.0,7.998,CLEAR,0.0,0.0,0.0,0.0,2.2435758988218155e-07,,,,,1.1486162025658072e-06,2153.3203125,-28.8
music_wind_brass_vocal/fsd355010.wav,music_wind_brass_vocal,FSD50K (Freesound) via HF Fhrozen/FSD50k,CC-BY-3.0,44100,7.998,win0.5,0.0,0.5,CLEAR,0.0,0.0,0.0,0.0,3.5728861905889236e-07,,,,,7.109539567805582e-07,1270.458984375,-41.7
music_wind_brass_vocal/fsd355010.wav,music_wind_brass_vocal,FSD50K (Freesound) via HF Fhrozen/FSD50k,CC-BY-3.0,44100,7.998,win0.5,1.874,0.5,CLEAR,0.0,0.0,0.0,0.0,7.918278110937563e-08,,,,,3.3683534964791213e-07,1959.521484375,-27.5
music_wind_brass_vocal/fsd355010.wav,music_wind_brass_vocal,FSD50K (Freesound) via HF Fhrozen/FSD50k,CC-BY-3.0,44100,7.998,win0.5,3.749,0.5,CLEAR,0.0,0.0,0.0,0.0,1.597680317413047e-07,,,,,9.741650139318048e-07,2110.25390625,-24.2
music_wind_brass_vocal/fsd355010.wav,music_wind_brass_vocal,FSD50K (Freesound) via HF Fhrozen/FSD50k,CC-BY-3.0,44100,7.998,win0.5,5.623,0.5,CLEAR,0.0,0.0,0.0,0.0,5.119773141887489e-07,,,,,2.829888201749812e-06,2110.25390625,-29.7
music_wind_brass_vocal/fsd355010.wav,music_wind_brass_vocal,FSD50K (Freesound) via HF Fhrozen/FSD50k,CC-BY-3.0,44100,7.998,win0.5,7.498,0.5,CLEAR,0.0,0.0,0.0,0.0,2.0227716610373402e-05,,,,,5.099332795469726e-05,3122.314453125,-56.3
music_wind_brass_vocal/fsd355010.wav,music_wind_brass_vocal,FSD50K (Freesound) via HF Fhrozen/FSD50k,CC-BY-3.0,44100,7.998,win0.2,0.0,0.2,CLEAR,0.0,0.0,0.0,0.0,0.00037049529524785127,,,,,0.0007091804144376177,2950.048828125,-62.6
music_wind_brass_vocal/fsd355010.wav,music_wind_brass_vocal,FSD50K (Freesound) via HF Fhrozen/FSD50k,CC-BY-3.0,44100,7.998,win0.2,1.949,0.2,CLEAR,0.0,0.0,0.0,0.0,4.4323174774105245e-08,,,,,1.6839586811872373e-07,1571.923828125,-28.0
music_wind_brass_vocal/fsd355010.wav,music_wind_brass_vocal,FSD50K (Freesound) via HF Fhrozen/FSD50k,CC-BY-3.0,44100,7.998,win0.2,3.899,0.2,CLEAR,0.0,0.0,0.0,0.0,1.3852166507426034e-07,,,,,8.095287011759071e-07,2110.25390625,-23.1
music_wind_brass_vocal/fsd355010.wav,music_wind_brass_vocal,FSD50K (Freesound) via HF Fhrozen/FSD50k,CC-BY-3.0,44100,7.998,win0.2,5.848,0.2,CLEAR,0.0,0.0,0.0,0.0,1.9535680859852014e-07,,,,,1.170222116626748e-06,1959.521484375,-30.9
music_wind_brass_vocal/fsd355010.wav,music_wind_brass_vocal,FSD50K (Freesound) via HF Fhrozen/FSD50k,CC-BY-3.0,44100,7.998,win0.2,7.798,0.2,CLEAR,0.0,0.0,0.0,0.0,0.00019000283747105655,,,,,0.0003897138999611019,5404.833984375,-68.4
music_wind_brass_vocal/fsd247273.wav,music_wind_brass_vocal,FSD50K (Freesound) via HF Fhrozen/FSD50k,CC-BY-3.0,44100,4.125,full,0.0,4.125,CLEAR,0.0,0.0,0.0,0.0,6.037834389224769e-09,,,,,5.083052397756398e-08,3768.310546875,-22.3
music_wind_brass_vocal/fsd247273.wav,music_wind_brass_vocal,FSD50K (Freesound) via HF Fhrozen/FSD50k,CC-BY-3.0,44100,4.125,win0.5,0.0,0.5,CLEAR,0.0,0.0,0.0,0.0,9.134857081997651e-09,,,,,1.1830755015526266e-07,4565.0390625,-23.8
music_wind_brass_vocal/fsd247273.wav,music_wind_brass_vocal,FSD50K (Freesound) via HF Fhrozen/FSD50k,CC-BY-3.0,44100,4.125,win0.5,0.906,0.5,CLEAR,0.0,0.0,0.0,0.0,5.457223031408001e-09,,,,,4.092600164800263e-08,3746.77734375,-21.4
music_wind_brass_vocal/fsd247273.wav,music_wind_brass_vocal,FSD50K (Freesound) via HF Fhrozen/FSD50k,CC-BY-3.0,44100,4.125,win0.5,1.812,0.5,CLEAR,0.0,0.0,0.0,0.0,5.663848548290511e-09,,,,,4.520992463499042e-08,3768.310546875,-21.4
music_wind_brass_vocal/fsd247273.wav,music_wind_brass_vocal,FSD50K (Freesound) via HF Fhrozen/FSD50k,CC-BY-3.0,44100,4.125,win0.5,2.718,0.5,CLEAR,0.0,0.0,0.0,0.0,5.323457729993233e-09,,,,,3.807146231863132e-08,3337.646484375,-22.4
music_wind_brass_vocal/fsd247273.wav,music_wind_brass_vocal,FSD50K (Freesound) via HF Fhrozen/FSD50k,CC-BY-3.0,44100,4.125,win0.5,3.625,0.5,CLEAR,0.0,0.0,0.0,0.0,1.1956972672620691e-08,,,,,4.87705743125024e-08,3337.646484375,-27.3
music_wind_brass_vocal/fsd247273.wav,music_wind_brass_vocal,FSD50K (Freesound) via HF Fhrozen/FSD50k,CC-BY-3.0,44100,4.125,win0.2,0.0,0.2,CLEAR,0.0,0.0,0.0,0.082,0.002190130803368039,5.2693679192320815,6.003926243331833,-0.7345583240997513,19315.283203125,0.004119909107928073,8656.34765625,-77.4
music_wind_brass_vocal/fsd247273.wav,music_wind_brass_vocal,FSD50K (Freesound) via HF Fhrozen/FSD50k,CC-BY-3.0,44100,4.125,win0.2,0.981,0.2,CLEAR,0.0,0.0,0.0,0.0,5.137258233752468e-09,,,,,3.8500609436091677e-08,3746.77734375,-21.6
music_wind_brass_vocal/fsd247273.wav,music_wind_brass_vocal,FSD50K (Freesound) via HF Fhrozen/FSD50k,CC-BY-3.0,44100,4.125,win0.2,1.962,0.2,CLEAR,0.0,0.0,0.0,0.0,5.982720731945242e-09,,,,,4.843001983979089e-08,3768.310546875,-21.4
music_wind_brass_vocal/fsd247273.wav,music_wind_brass_vocal,FSD50K (Freesound) via HF Fhrozen/FSD50k,CC-BY-3.0,44100,4.125,win0.2,2.943,0.2,CLEAR,0.0,0.0,0.0,0.0,5.525903647441495e-09,,,,,3.7780157685296306e-08,3359.1796875,-22.3
music_wind_brass_vocal/fsd247273.wav,music_wind_brass_vocal,FSD50K (Freesound) via HF Fhrozen/FSD50k,CC-BY-3.0,44100,4.125,win0.2,3.925,0.2,CLEAR,0.0,0.0,0.0,0.0,0.0003061834240235384,,,,,0.0005766321793456462,1701.123046875,-71.9
music_wind_brass_vocal/fsd357504.wav,music_wind_brass_vocal,FSD50K (Freesound) via HF Fhrozen/FSD50k,CC-BY-3.0,44100,5.25,full,0.0,5.25,CLEAR,0.0,0.0,0.0,0.0,4.750856889736461e-08,,,,,1.24357561052724e-07,3143.84765625,-34.4
music_wind_brass_vocal/fsd357504.wav,music_wind_brass_vocal,FSD50K (Freesound) via HF Fhrozen/FSD50k,CC-BY-3.0,44100,5.25,win0.5,0.0,0.5,CLEAR,0.0,0.0,0.0,0.0,2.0881964064886267e-08,,,,,9.168204520960761e-08,3186.9140625,-30.4
music_wind_brass_vocal/fsd357504.wav,music_wind_brass_vocal,FSD50K (Freesound) via HF Fhrozen/FSD50k,CC-BY-3.0,44100,5.25,win0.5,1.187,0.5,CLEAR,0.0,0.0,0.0,0.0,2.860902631918775e-08,,,,,8.01118140648046e-08,2368.65234375,-32.0
music_wind_brass_vocal/fsd357504.wav,music_wind_brass_vocal,FSD50K (Freesound) via HF Fhrozen/FSD50k,CC-BY-3.0,44100,5.25,win0.5,2.375,0.5,CLEAR,0.0,0.0,0.0,0.0,9.201570756397384e-08,,,,,1.9324216740191721e-07,1593.45703125,-37.4
music_wind_brass_vocal/fsd357504.wav,music_wind_brass_vocal,FSD50K (Freesound) via HF Fhrozen/FSD50k,CC-BY-3.0,44100,5.25,win0.5,3.562,0.5,CLEAR,0.0,0.0,0.0,0.0,5.509893177366104e-07,,,,,1.0173230868429791e-06,1593.45703125,-44.9
music_wind_brass_vocal/fsd357504.wav,music_wind_brass_vocal,FSD50K (Freesound) via HF Fhrozen/FSD50k,CC-BY-3.0,44100,5.25,win0.5,4.75,0.5,CLEAR,0.0,0.0,0.0,1.0,0.007820170668799082,3.1474978609136244,3.8703545627746405,-0.7228567018610161,15374.70703125,0.014371978620964,16860.498046875,-87.1
music_wind_brass_vocal/fsd357504.wav,music_wind_brass_vocal,FSD50K (Freesound) via HF Fhrozen/FSD50k,CC-BY-3.0,44100,5.25,win0.2,0.0,0.2,CLEAR,0.0,0.0,0.0,1.0,0.04855112181687017,5.04064908156348,6.003926243331833,-0.9632771617683531,17248.095703125,0.08957405892753581,21167.138671875,-59.7
music_wind_brass_vocal/fsd357504.wav,music_wind_brass_vocal,FSD50K (Freesound) via HF Fhrozen/FSD50k,CC-BY-3.0,44100,5.25,win0.2,1.262,0.2,CLEAR,0.0,0.0,0.0,0.0,2.850242338151616e-08,,,,,8.263658232870394e-08,2368.65234375,-32.0
music_wind_brass_vocal/fsd357504.wav,music_wind_brass_vocal,FSD50K (Freesound) via HF Fhrozen/FSD50k,CC-BY-3.0,44100,5.25,win0.2,2.525,0.2,CLEAR,0.0,0.0,0.0,0.0,1.0259194828750112e-07,,,,,2.1114546880056496e-07,1593.45703125,-37.6
music_wind_brass_vocal/fsd357504.wav,music_wind_brass_vocal,FSD50K (Freesound) via HF Fhrozen/FSD50k,CC-BY-3.0,44100,5.25,win0.2,3.787,0.2,CLEAR,0.0,0.0,0.0,0.0,8.48178297431197e-07,,,,,1.5370066938377682e-06,1593.45703125,-46.8
music_wind_brass_vocal/fsd357504.wav,music_wind_brass_vocal,FSD50K (Freesound) via HF Fhrozen/FSD50k,CC-BY-3.0,44100,5.25,win0.2,5.05,0.2,CLEAR,0.0,0.0,0.0,0.5369,0.0035956460812530677,3.98007852683923,6.003926243331833,-2.023847716492603,15590.0390625,0.00662897067448297,12295.458984375,-84.2
music_wind_brass_vocal/fsd247519.wav,music_wind_brass_vocal,FSD50K (Freesound) via HF Fhrozen/FSD50k,CC-BY-3.0,44100,4.818,full,0.0,4.818,CLEAR,0.0,0.0,0.0,0.0,7.947604332629145e-08,,,,,4.3646495005547747e-07,1658.056640625,-26.7
music_wind_brass_vocal/fsd247519.wav,music_wind_brass_vocal,FSD50K (Freesound) via HF Fhrozen/FSD50k,CC-BY-3.0,44100,4.818,win0.5,0.0,0.5,CLEAR,0.0,0.0,0.0,0.0,2.2724654998708458e-07,,,,,7.274994715902587e-07,1679.58984375,-37.0
music_wind_brass_vocal/fsd247519.wav,music_wind_brass_vocal,FSD50K (Freesound) via HF Fhrozen/FSD50k,CC-BY-3.0,44100,4.818,win0.5,1.08,0.5,CLEAR,0.0,0.0,0.0,0.0,7.588697612600832e-08,,,,,5.382618186399523e-07,1658.056640625,-27.8
music_wind_brass_vocal/fsd247519.wav,music_wind_brass_vocal,FSD50K (Freesound) via HF Fhrozen/FSD50k,CC-BY-3.0,44100,4.818,win0.5,2.159,0.5,CLEAR,0.0,0.0,0.0,0.0,7.487535124869649e-08,,,,,4.370268043345399e-07,1658.056640625,-22.6
music_wind_brass_vocal/fsd247519.wav,music_wind_brass_vocal,FSD50K (Freesound) via HF Fhrozen/FSD50k,CC-BY-3.0,44100,4.818,win0.5,3.239,0.5,CLEAR,0.0,0.0,0.0,0.0,5.310554075128034e-08,,,,,2.81186358612394e-07,1658.056640625,-29.0
music_wind_brass_vocal/fsd247519.wav,music_wind_brass_vocal,FSD50K (Freesound) via HF Fhrozen/FSD50k,CC-BY-3.0,44100,4.818,win0.5,4.318,0.5,CLEAR,0.0,0.0,0.0,0.0,9.269724849192145e-05,,,,,0.00019883053701135248,215.33203125,-59.6
music_wind_brass_vocal/fsd247519.wav,music_wind_brass_vocal,FSD50K (Freesound) via HF Fhrozen/FSD50k,CC-BY-3.0,44100,4.818,win0.2,0.0,0.2,CLEAR,0.0,0.0,0.0,0.0,5.027837586703013e-05,,,,,0.0001070988861154992,1571.923828125,-57.5
music_wind_brass_vocal/fsd247519.wav,music_wind_brass_vocal,FSD50K (Freesound) via HF Fhrozen/FSD50k,CC-BY-3.0,44100,4.818,win0.2,1.155,0.2,CLEAR,0.0,0.0,0.0,0.0,7.57686241671931e-08,,,,,5.80777848913958e-07,1658.056640625,-28.5
music_wind_brass_vocal/fsd247519.wav,music_wind_brass_vocal,FSD50K (Freesound) via HF Fhrozen/FSD50k,CC-BY-3.0,44100,4.818,win0.2,2.309,0.2,CLEAR,0.0,0.0,0.0,0.0,8.077586774672311e-08,,,,,4.5487291558011284e-07,1679.58984375,-22.6
music_wind_brass_vocal/fsd247519.wav,music_wind_brass_vocal,FSD50K (Freesound) via HF Fhrozen/FSD50k,CC-BY-3.0,44100,4.818,win0.2,3.464,0.2,CLEAR,0.0,0.0,0.0,0.0,6.539546058978331e-08,,,,,2.3134785071221347e-07,1485.791015625,-32.1
music_wind_brass_vocal/fsd247519.wav,music_wind_brass_vocal,FSD50K (Freesound) via HF Fhrozen/FSD50k,CC-BY-3.0,44100,4.818,win0.2,4.618,0.2,CLEAR,0.0,0.0,0.0,0.0,0.00016465576027137468,,,,,0.0003295423900840561,129.19921875,-61.4
music_wind_brass_vocal/fsd354588.wav,music_wind_brass_vocal,FSD50K (Freesound) via HF Fhrozen/FSD50k,CC-BY-3.0,44100,9.0,full,0.0,9.0,CLEAR,0.0,0.0,0.0,0.0,5.0695177050191655e-06,,,,,2.1877335031007796e-05,1528.857421875,-22.5
music_wind_brass_vocal/fsd354588.wav,music_wind_brass_vocal,FSD50K (Freesound) via HF Fhrozen/FSD50k,CC-BY-3.0,44100,9.0,win0.5,0.0,0.5,CLEAR,0.0,0.0,0.0,0.0,3.1468661513695815e-05,,,,,6.833740157673678e-05,4198.974609375,-60.3
music_wind_brass_vocal/fsd354588.wav,music_wind_brass_vocal,FSD50K (Freesound) via HF Fhrozen/FSD50k,CC-BY-3.0,44100,9.0,win0.5,2.125,0.5,CLEAR,0.0,0.0,0.0,0.0,5.46648221330202e-07,,,,,4.452530608933095e-06,1528.857421875,-19.9
music_wind_brass_vocal/fsd354588.wav,music_wind_brass_vocal,FSD50K (Freesound) via HF Fhrozen/FSD50k,CC-BY-3.0,44100,9.0,win0.5,4.25,0.5,CLEAR,0.0,0.0,0.0,0.0955,6.554764476081565e-05,,,,,0.0005129251278449929,8764.013671875,-33.2
music_wind_brass_vocal/fsd354588.wav,music_wind_brass_vocal,FSD50K (Freesound) via HF Fhrozen/FSD50k,CC-BY-3.0,44100,9.0,win0.5,6.375,0.5,CLEAR,0.0,0.0,0.0,0.0,1.7895143187368903e-06,,,,,6.6726849307690354e-06,1507.32421875,-22.4
music_wind_brass_vocal/fsd354588.wav,music_wind_brass_vocal,FSD50K (Freesound) via HF Fhrozen/FSD50k,CC-BY-3.0,44100,9.0,win0.5,8.5,0.5,CLEAR,0.0,0.0,0.0,0.0,1.2447094103925266e-05,,,,,2.0831538719081285e-05,1507.32421875,-44.0
music_wind_brass_vocal/fsd354588.wav,music_wind_brass_vocal,FSD50K (Freesound) via HF Fhrozen/FSD50k,CC-BY-3.0,44100,9.0,win0.2,0.0,0.2,CLEAR,0.0,0.0,0.0,0.0,2.543132319706237e-05,,,,,5.990696525231493e-05,5512.5,-59.1
music_wind_brass_vocal/fsd354588.wav,music_wind_brass_vocal,FSD50K (Freesound) via HF Fhrozen/FSD50k,CC-BY-3.0,44100,9.0,win0.2,2.2,0.2,CLEAR,0.0,0.0,0.0,0.0,5.082392418393086e-07,,,,,3.582028756743123e-06,1528.857421875,-19.7
music_wind_brass_vocal/fsd354588.wav,music_wind_brass_vocal,FSD50K (Freesound) via HF Fhrozen/FSD50k,CC-BY-3.0,44100,9.0,win0.2,4.4,0.2,CLEAR,0.0,0.0,0.0,0.3055,0.0001447746646565527,,,,,0.0006428321981424423,10443.603515625,-35.4
music_wind_brass_vocal/fsd354588.wav,music_wind_brass_vocal,FSD50K (Freesound) via HF Fhrozen/FSD50k,CC-BY-3.0,44100,9.0,win0.2,6.6,0.2,CLEAR,0.0,0.0,0.0,0.0,1.3436619443034571e-06,,,,,4.887833376087109e-06,1507.32421875,-22.8
music_wind_brass_vocal/fsd354588.wav,music_wind_brass_vocal,FSD50K (Freesound) via HF Fhrozen/FSD50k,CC-BY-3.0,44100,9.0,win0.2,8.8,0.2,CLEAR,0.0,0.0,0.0,0.6446,0.0009343199484944058,11.63689560121318,6.003926243331833,5.632969357881347,16020.703125,0.002027970892040574,13156.787109375,-67.9
music_wind_brass_vocal/fsd248923.wav,music_wind_brass_vocal,FSD50K (Freesound) via HF Fhrozen/FSD50k,CC-BY-3.0,44100,2.706,full,0.0,2.706,CLEAR,0.0,0.0,0.0,0.0,9.165182908880544e-07,,,,,6.30214996418901e-06,3143.84765625,-18.3
music_wind_brass_vocal/fsd248923.wav,music_wind_brass_vocal,FSD50K (Freesound) via HF Fhrozen/FSD50k,CC-BY-3.0,44100,2.706,win0.5,0.0,0.5,CLEAR,0.0,0.0,0.0,0.0,4.791037454442365e-06,,,,,3.5306709461406626e-05,2971.58203125,-23.2
music_wind_brass_vocal/fsd248923.wav,music_wind_brass_vocal,FSD50K (Freesound) via HF Fhrozen/FSD50k,CC-BY-3.0,44100,2.706,win0.5,0.552,0.5,CLEAR,0.0,0.0,0.0,0.0,1.301146807353677e-06,,,,,1.7601093967394e-05,3186.9140625,-19.1
music_wind_brass_vocal/fsd248923.wav,music_wind_brass_vocal,FSD50K (Freesound) via HF Fhrozen/FSD50k,CC-BY-3.0,44100,2.706,win0.5,1.103,0.5,CLEAR,0.0,0.0,0.0,0.0,1.1512877548857103e-06,,,,,2.8031616310847176e-06,2153.3203125,-18.1
music_wind_brass_vocal/fsd248923.wav,music_wind_brass_vocal,FSD50K (Freesound) via HF Fhrozen/FSD50k,CC-BY-3.0,44100,2.706,win0.5,1.655,0.5,CLEAR,0.0,0.0,0.0,0.0,3.556771774491213e-07,,,,,5.743414726471208e-07,2153.3203125,-15.9
music_wind_brass_vocal/fsd248923.wav,music_wind_brass_vocal,FSD50K (Freesound) via HF Fhrozen/FSD50k,CC-BY-3.0,44100,2.706,win0.5,2.206,0.5,CLEAR,0.0,0.0,0.0,0.0,1.6166438607699337e-07,,,,,3.678058733665723e-07,2110.25390625,-18.6
music_wind_brass_vocal/fsd248923.wav,music_wind_brass_vocal,FSD50K (Freesound) via HF Fhrozen/FSD50k,CC-BY-3.0,44100,2.706,win0.2,0.0,0.2,CLEAR,0.0,0.0,0.0,0.3108,0.0002438323930293468,,,,,0.0006494526997932934,10486.669921875,-68.7
music_wind_brass_vocal/fsd248923.wav,music_wind_brass_vocal,FSD50K (Freesound) via HF Fhrozen/FSD50k,CC-BY-3.0,44100,2.706,win0.2,0.627,0.2,CLEAR,0.0,0.0,0.0,0.0,1.0398029724953806e-06,,,,,2.119931005153695e-05,3186.9140625,-18.3
music_wind_brass_vocal/fsd248923.wav,music_wind_brass_vocal,FSD50K (Freesound) via HF Fhrozen/FSD50k,CC-BY-3.0,44100,2.706,win0.2,1.253,0.2,CLEAR,0.0,0.0,0.0,0.0,1.1061238763556385e-06,,,,,1.9111631839623975e-06,2153.3203125,-18.4
music_wind_brass_vocal/fsd248923.wav,music_wind_brass_vocal,FSD50K (Freesound) via HF Fhrozen/FSD50k,CC-BY-3.0,44100,2.706,win0.2,1.88,0.2,CLEAR,0.0,0.0,0.0,0.0,2.619381393862879e-07,,,,,4.4044734734205516e-07,2153.3203125,-15.7
music_wind_brass_vocal/fsd248923.wav,music_wind_brass_vocal,FSD50K (Freesound) via HF Fhrozen/FSD50k,CC-BY-3.0,44100,2.706,win0.2,2.506,0.2,CLEAR,0.0,0.0,0.0,0.0,9.523425552278417e-07,,,,,3.741283834942381e-06,2153.3203125,-39.8
hf_natural/fsd366419.wav,hf_natural,FSD50K (Freesound) via HF Fhrozen/FSD50k,CC-BY-3.0,44100,6.114,full,0.0,6.114,CLEAR,0.0,0.1096,0.0,1.0,0.010955534180150979,13.023516674832976,1.1904027729942372,11.83311390183874,15159.375,0.06810723664968862,18260.15625,-28.4
hf_natural/fsd366419.wav,hf_natural,FSD50K (Freesound) via HF Fhrozen/FSD50k,CC-BY-3.0,44100,6.114,win0.5,0.0,0.5,CLEAR,0.0,0.1354,0.0,1.0,0.013543364200160517,12.80163440565379,3.8703545627746405,8.93127984287915,15159.375,0.08209480791959413,18583.154296875,-21.3
hf_natural/fsd366419.wav,hf_natural,FSD50K (Freesound) via HF Fhrozen/FSD50k,CC-BY-3.0,44100,6.114,win0.5,1.403,0.5,CLEAR,0.0,0.0,0.0,0.2543,4.7307889809718725e-05,,,,,0.00013090762223918359,10034.47265625,-32.9
hf_natural/fsd366419.wav,hf_natural,FSD50K (Freesound) via HF Fhrozen/FSD50k,CC-BY-3.0,44100,6.114,win0.5,2.807,0.5,CLEAR,0.0,0.0,0.0,0.4239,2.252643723004482e-05,,,,,2.8077864222244372e-05,11391.064453125,-41.6
hf_natural/fsd366419.wav,hf_natural,FSD50K (Freesound) via HF Fhrozen/FSD50k,CC-BY-3.0,44100,6.114,win0.5,4.21,0.5,CLEAR,0.0,0.0,0.0,0.3189,0.00012570356932336822,,,,,0.00024701144757616314,10551.26953125,-45.0
hf_natural/fsd366419.wav,hf_natural,FSD50K (Freesound) via HF Fhrozen/FSD50k,CC-BY-3.0,44100,6.114,win0.5,5.614,0.5,CLEAR,0.0,0.0,0.0,0.4804,0.003460327203910557,3.7079258809128453,3.8703545627746405,-0.16242868186179527,21727.001953125,0.004327356241566038,11843.26171875,-63.8
hf_natural/fsd366419.wav,hf_natural,FSD50K (Freesound) via HF Fhrozen/FSD50k,CC-BY-3.0,44100,6.114,win0.2,0.0,0.2,CLEAR,0.0,0.1557,0.0,1.0,0.015573969783607072,12.940360086692584,6.003926243331833,6.936433843360751,15116.30859375,0.09526621864941176,18820.01953125,-18.2
hf_natural/fsd366419.wav,hf_natural,FSD50K (Freesound) via HF Fhrozen/FSD50k,CC-BY-3.0,44100,6.114,win0.2,1.478,0.2,CLEAR,0.0,0.0,0.0,0.0,5.104086884997291e-05,,,,,0.00012199103745953143,6826.025390625,-32.0
hf_natural/fsd366419.wav,hf_natural,FSD50K (Freesound) via HF Fhrozen/FSD50k,CC-BY-3.0,44100,6.114,win0.2,2.957,0.2,CLEAR,0.0,0.0,0.0,0.3674,6.840623823082687e-05,,,,,8.494942764966618e-05,10938.8671875,-45.5
hf_natural/fsd366419.wav,hf_natural,FSD50K (Freesound) via HF Fhrozen/FSD50k,CC-BY-3.0,44100,6.114,win0.2,4.435,0.2,CLEAR,0.0,0.0,0.0,0.3566,8.304797377898143e-05,,,,,0.00017053711966146678,10852.734375,-43.5
hf_natural/fsd366419.wav,hf_natural,FSD50K (Freesound) via HF Fhrozen/FSD50k,CC-BY-3.0,44100,6.114,win0.2,5.914,0.2,CLEAR,0.0,0.0,0.0,1.0,0.03528967530841063,5.883869542517979,6.003926243331833,-0.120056700813854,21727.001953125,0.043889319082882836,21145.60546875,-73.3
hf_natural/fsd341411.wav,hf_natural,FSD50K (Freesound) via HF Fhrozen/FSD50k,CC0-1.0,44100,2.29,full,0.0,2.29,CLEAR,0.0,0.0319,0.0,1.0,0.0031884793658540733,20.448063269733588,1.902090820365949,18.54597244936764,16968.1640625,0.017833294957248277,16882.03125,-33.4
hf_natural/fsd341411.wav,hf_natural,FSD50K (Freesound) via HF Fhrozen/FSD50k,CC0-1.0,44100,2.29,win0.5,0.0,0.5,CLEAR,0.0,0.0264,0.0,1.0,0.00263625054459731,15.32438649195015,3.8703545627746405,11.45403192917551,16795.8984375,0.019016341561449303,16666.69921875,-32.7
hf_natural/fsd341411.wav,hf_natural,FSD50K (Freesound) via HF Fhrozen/FSD50k,CC0-1.0,44100,2.29,win0.5,0.597,0.5,CLEAR,0.0,0.0324,0.0,0.7657,0.0032417801935572766,20.05686653598246,3.8703545627746405,16.18651197320782,18217.08984375,0.0078103380334133415,14125.78125,-28.8
hf_natural/fsd341411.wav,hf_natural,FSD50K (Freesound) via HF Fhrozen/FSD50k,CC0-1.0,44100,2.29,win0.5,1.193,0.5,CLEAR,0.0,0.0,0.6682,1.0,0.004202438464555517,27.865530236424387,3.8703545627746405,23.995175673649747,16968.1640625,0.07924110505470598,17032.763671875,-37.6
hf_natural/fsd341411.wav,hf_natural,FSD50K (Freesound) via HF Fhrozen/FSD50k,CC0-1.0,44100,2.29,win0.5,1.79,0.5,CLEAR,0.0,0.0,0.0,1.0,0.005843459493068312,12.086921317591415,3.8703545627746405,8.216566754816775,17205.029296875,0.016794447878133806,17054.296875,-57.4
hf_natural/fsd341411.wav,hf_natural,FSD50K (Freesound) via HF Fhrozen/FSD50k,CC0-1.0,44100,2.29,win0.2,0.0,0.2,CLEAR,0.0,0.0,0.0,0.9003,0.0032000614926849707,16.383621213206812,6.003926243331833,10.37969496987498,15223.974609375,0.01259860277628101,15202.44140625,-73.3
hf_natural/fsd341411.wav,hf_natural,FSD50K (Freesound) via HF Fhrozen/FSD50k,CC0-1.0,44100,2.29,win0.2,0.522,0.2,CLEAR,0.0,0.0,0.0,1.0,0.011563265443272564,20.373478095856314,6.003926243331833,14.36955185252448,15762.3046875,0.04073383639558474,18217.08984375,-58.0
hf_natural/fsd341411.wav,hf_natural,FSD50K (Freesound) via HF Fhrozen/FSD50k,CC0-1.0,44100,2.29,win0.2,1.045,0.2,CLEAR,0.0,0.0551,0.0,1.0,0.005505586501039243,21.050469000257056,6.003926243331833,15.046542756925223,16903.564453125,0.031738115979954386,16968.1640625,-33.9
hf_natural/fsd341411.wav,hf_natural,FSD50K (Freesound) via HF Fhrozen/FSD50k,CC0-1.0,44100,2.29,win0.2,1.567,0.2,CLEAR,0.0,0.0,0.0598,1.0,0.001736455915545575,27.01181724544216,6.003926243331833,21.007891002110327,16968.1640625,0.043042188819671395,16989.697265625,-42.8
hf_natural/fsd341411.wav,hf_natural,FSD50K (Freesound) via HF Fhrozen/FSD50k,CC0-1.0,44100,2.29,win0.2,2.09,0.2,CLEAR,0.0,0.0,0.0,1.0,0.03263551220403082,3.8793398125786203,6.003926243331833,-2.1245864307532125,20348.876953125,0.054942931731559536,20758.0078125,-87.2
hf_natural/fsd235496.wav,hf_natural,FSD50K (Freesound) via HF Fhrozen/FSD50k,CC0-1.0,44100,2.763,full,0.0,2.763,CLEAR,0.0,0.0,0.0,0.0,2.1632177561231383e-05,,,,,5.7303706053889796e-05,2863.916015625,-56.5
hf_natural/fsd235496.wav,hf_natural,FSD50K (Freesound) via HF Fhrozen/FSD50k,CC0-1.0,44100,2.763,win0.5,0.0,0.5,CLEAR,0.0,0.0,0.0,0.0,4.846020507713489e-05,,,,,0.00010661291868717469,2885.44921875,-61.0
hf_natural/fsd235496.wav,hf_natural,FSD50K (Freesound) via HF Fhrozen/FSD50k,CC0-1.0,44100,2.763,win0.5,0.566,0.5,CLEAR,0.0,0.0,0.0,0.0,2.3167548359939288e-05,,,,,6.346557353399219e-05,2476.318359375,-55.3
hf_natural/fsd235496.wav,hf_natural,FSD50K (Freesound) via HF Fhrozen/FSD50k,CC0-1.0,44100,2.763,win0.5,1.131,0.5,CLEAR,0.0,0.0,0.0,0.0,1.9782520571575116e-05,,,,,6.05030500234251e-05,2885.44921875,-55.4
hf_natural/fsd235496.wav,hf_natural,FSD50K (Freesound) via HF Fhrozen/FSD50k,CC0-1.0,44100,2.763,win0.5,1.697,0.5,CLEAR,0.0,0.0,0.0,0.0,1.3779480488975565e-05,,,,,3.507222055609339e-05,2540.91796875,-54.2
hf_natural/fsd235496.wav,hf_natural,FSD50K (Freesound) via HF Fhrozen/FSD50k,CC0-1.0,44100,2.763,win0.5,2.263,0.5,CLEAR,0.0,0.0,0.0,0.0,8.415373972598484e-05,,,,,0.0001674964989659646,193.798828125,-65.7
hf_natural/fsd235496.wav,hf_natural,FSD50K (Freesound) via HF Fhrozen/FSD50k,CC0-1.0,44100,2.763,win0.2,0.0,0.2,CLEAR,0.0,0.0,0.0,0.0,5.023264216007588e-05,,,,,9.844984151869643e-05,107.666015625,-64.7
hf_natural/fsd235496.wav,hf_natural,FSD50K (Freesound) via HF Fhrozen/FSD50k,CC0-1.0,44100,2.763,win0.2,0.641,0.2,CLEAR,0.0,0.0,0.0,0.0,2.5187284251678708e-05,,,,,5.532779051570402e-05,2476.318359375,-55.4
hf_natural/fsd235496.wav,hf_natural,FSD50K (Freesound) via HF Fhrozen/FSD50k,CC0-1.0,44100,2.763,win0.2,1.281,0.2,CLEAR,0.0,0.0,0.0,0.0,1.8480970424358498e-05,,,,,5.524841036585535e-05,2906.982421875,-54.2
hf_natural/fsd235496.wav,hf_natural,FSD50K (Freesound) via HF Fhrozen/FSD50k,CC0-1.0,44100,2.763,win0.2,1.922,0.2,CLEAR,0.0,0.0,0.0,0.0,1.0707439246371842e-05,,,,,2.862444420589078e-05,2540.91796875,-53.1
hf_natural/fsd235496.wav,hf_natural,FSD50K (Freesound) via HF Fhrozen/FSD50k,CC0-1.0,44100,2.763,win0.2,2.563,0.2,CLEAR,0.0,0.0,0.0,0.0,0.0001993240537329368,,,,,0.00039066719371653677,193.798828125,-72.6
hf_natural/fsd144017.wav,hf_natural,FSD50K (Freesound) via HF Fhrozen/FSD50k,CC-BY-3.0,44100,10.406,full,0.0,10.406,CLEAR,0.0,0.0,0.0,0.0,1.4785686521826029e-06,,,,,3.3216817986672618e-06,645.99609375,-48.9
hf_natural/fsd144017.wav,hf_natural,FSD50K (Freesound) via HF Fhrozen/FSD50k,CC-BY-3.0,44100,10.406,win0.5,0.0,0.5,CLEAR,0.0,0.0,0.0,0.0,2.1727136762559285e-06,,,,,4.933827979999434e-06,559.86328125,-50.9
hf_natural/fsd144017.wav,hf_natural,FSD50K (Freesound) via HF Fhrozen/FSD50k,CC-BY-3.0,44100,10.406,win0.5,2.477,0.5,CLEAR,0.0,0.0,0.0,0.0,2.4185805878892027e-05,,,,,5.519813409464543e-05,925.927734375,-61.2
hf_natural/fsd144017.wav,hf_natural,FSD50K (Freesound) via HF Fhrozen/FSD50k,CC-BY-3.0,44100,10.406,win0.5,4.953,0.5,CLEAR,0.0,0.0,0.0,0.0,2.4841946999671607e-05,,,,,5.535873717987749e-05,624.462890625,-61.0
hf_natural/fsd144017.wav,hf_natural,FSD50K (Freesound) via HF Fhrozen/FSD50k,CC-BY-3.0,44100,10.406,win0.5,7.43,0.5,CLEAR,0.0,0.0,0.0,0.0,2.576024362511451e-07,,,,,6.013637793162649e-07,645.99609375,-41.7
hf_natural/fsd144017.wav,hf_natural,FSD50K (Freesound) via HF Fhrozen/FSD50k,CC-BY-3.0,44100,10.406,win0.5,9.906,0.5,CLEAR,0.0,0.0,0.0,0.0,0.0007173613946527559,4.315294010087552,3.8703545627746405,0.44493944731291135,15353.173828125,0.001549710523947349,4392.7734375,-75.7
hf_natural/fsd144017.wav,hf_natural,FSD50K (Freesound) via HF Fhrozen/FSD50k,CC-BY-3.0,44100,10.406,win0.2,0.0,0.2,CLEAR,0.0,0.0,0.0,0.0,2.8988587758332513e-06,,,,,6.55906273407856e-06,344.53125,-49.6
hf_natural/fsd144017.wav,hf_natural,FSD50K (Freesound) via HF Fhrozen/FSD50k,CC-BY-3.0,44100,10.406,win0.2,2.552,0.2,CLEAR,0.0,0.0,0.0,0.0,1.787318868196194e-05,,,,,4.192539250862579e-05,925.927734375,-60.2
hf_natural/fsd144017.wav,hf_natural,FSD50K (Freesound) via HF Fhrozen/FSD50k,CC-BY-3.0,44100,10.406,win0.2,5.103,0.2,CLEAR,0.0,0.0,0.0,0.0,3.491022436392785e-05,,,,,7.498812660249423e-05,624.462890625,-62.9
hf_natural/fsd144017.wav,hf_natural,FSD50K (Freesound) via HF Fhrozen/FSD50k,CC-BY-3.0,44100,10.406,win0.2,7.655,0.2,CLEAR,0.0,0.0,0.0,0.0,8.118074615985239e-07,,,,,1.7595401746968278e-06,645.99609375,-46.0
hf_natural/fsd144017.wav,hf_natural,FSD50K (Freesound) via HF Fhrozen/FSD50k,CC-BY-3.0,44100,10.406,win0.2,10.206,0.2,CLEAR,0.0,0.0,0.0,0.0,0.0014098946512465353,6.209471149670121,6.003926243331833,0.2055449063382886,15353.173828125,0.002946405924692734,7299.755859375,-78.1
hf_natural/fsd9185.wav,hf_natural,FSD50K (Freesound) via HF Fhrozen/FSD50k,CC-BY-3.0,44100,5.074,full,0.0,5.074,CLEAR,0.0742,0.0056,0.985,0.8949,0.0005586366714086591,31.959310608547362,1.302273426573062,30.6570371819743,15159.375,0.018601204760790448,15159.375,-24.0
hf_natural/fsd9185.wav,hf_natural,FSD50K (Freesound) via HF Fhrozen/FSD50k,CC-BY-3.0,44100,5.074,win0.5,0.0,0.5,CLEAR,0.0,0.0,0.8066,0.8868,0.0001667060891209945,34.400455094496714,3.8703545627746405,30.530100531722073,15137.841796875,0.011054895131695655,15094.775390625,-38.2
hf_natural/fsd9185.wav,hf_natural,FSD50K (Freesound) via HF Fhrozen/FSD50k,CC-BY-3.0,44100,5.074,win0.5,1.143,0.5,CLEAR,0.0712,0.0051,1.0,0.8976,0.0005074678431492966,35.07801680638245,3.8703545627746405,31.20766224360781,15159.375,0.03084425154865708,15180.908203125,-17.5
hf_natural/fsd9185.wav,hf_natural,FSD50K (Freesound) via HF Fhrozen/FSD50k,CC-BY-3.0,44100,5.074,win0.5,2.287,0.5,CLEAR,0.0,0.0,1.0,0.7899,1.1337558269996839e-05,39.385258565391645,3.8703545627746405,35.514904002617,15159.375,0.0021432940825170783,14319.580078125,-25.4
hf_natural/fsd9185.wav,hf_natural,FSD50K (Freesound) via HF Fhrozen/FSD50k,CC-BY-3.0,44100,5.074,win0.5,3.43,0.5,CLEAR,0.0,0.0,0.6462,0.8949,0.00012355058142425786,40.06775247516872,3.8703545627746405,36.197397912394074,15159.375,0.03287634617265265,15159.375,-26.0
hf_natural/fsd9185.wav,hf_natural,FSD50K (Freesound) via HF Fhrozen/FSD50k,CC-BY-3.0,44100,5.074,win0.5,4.574,0.5,CLEAR,0.0,0.0,0.0,0.0,0.000220122470450768,,,,,0.0003954872452084004,1528.857421875,-39.3
hf_natural/fsd9185.wav,hf_natural,FSD50K (Freesound) via HF Fhrozen/FSD50k,CC-BY-3.0,44100,5.074,win0.2,0.0,0.2,CLEAR,0.0,0.0,0.0,0.5127,0.00032340515532348874,,,,,0.0009459938229005405,12101.66015625,-41.3
hf_natural/fsd9185.wav,hf_natural,FSD50K (Freesound) via HF Fhrozen/FSD50k,CC-BY-3.0,44100,5.074,win0.2,1.218,0.2,CLEAR,0.0,0.0,0.0,0.8492,1.0849674791315978e-05,41.740214498270745,6.003926243331833,35.73628825493891,15094.775390625,0.0037948326537501306,14793.310546875,-24.7
hf_natural/fsd9185.wav,hf_natural,FSD50K (Freesound) via HF Fhrozen/FSD50k,CC-BY-3.0,44100,5.074,win0.2,2.437,0.2,CLEAR,0.0,0.0,0.8575,0.7819,2.127380794790447e-05,34.03610919668665,6.003926243331833,28.03218295335482,15137.841796875,0.0010357877535419118,14254.98046875,-24.9
hf_natural/fsd9185.wav,hf_natural,FSD50K (Freesound) via HF Fhrozen/FSD50k,CC-BY-3.0,44100,5.074,win0.2,3.655,0.2,CLEAR,0.0,0.0,0.0,0.4023,0.0004100756420070161,,,,,0.0009204698553981101,11218.798828125,-41.5
hf_natural/fsd9185.wav,hf_natural,FSD50K (Freesound) via HF Fhrozen/FSD50k,CC-BY-3.0,44100,5.074,win0.2,4.874,0.2,CLEAR,0.0,0.0,0.0,0.0,0.00020924449741026782,,,,,0.00037134370202740886,1378.125,-39.3
hf_natural/fsd91507.wav,hf_natural,FSD50K (Freesound) via HF Fhrozen/FSD50k,CC-BY-3.0,44100,7.333,full,0.0,7.333,CLEAR,0.0,0.0,0.0,0.0,5.7355595841200675e-05,,,,,0.0001848726623019,1808.7890625,-32.6
hf_natural/fsd91507.wav,hf_natural,FSD50K (Freesound) via HF Fhrozen/FSD50k,CC-BY-3.0,44100,7.333,win0.5,0.0,0.5,CLEAR,0.0,0.0,0.0,0.0,0.00012373206186465997,,,,,0.00034701852797180803,4931.103515625,-38.3
hf_natural/fsd91507.wav,hf_natural,FSD50K (Freesound) via HF Fhrozen/FSD50k,CC-BY-3.0,44100,7.333,win0.5,1.708,0.5,CLEAR,0.0,0.0,0.0,0.0,2.5266269893453098e-05,,,,,5.5313371156144004e-05,925.927734375,-54.7
hf_natural/fsd91507.wav,hf_natural,FSD50K (Freesound) via HF Fhrozen/FSD50k,CC-BY-3.0,44100,7.333,win0.5,3.417,0.5,CLEAR,0.0,0.0,0.0,0.0,0.0005276082166082472,6.760559139660973,3.8703545627746405,2.8902045768863327,15116.30859375,0.0016992921482769199,2411.71875,-34.9
hf_natural/fsd91507.wav,hf_natural,FSD50K (Freesound) via HF Fhrozen/FSD50k,CC-BY-3.0,44100,7.333,win0.5,5.125,0.5,CLEAR,0.0,0.0,0.0,0.0,4.512144545217066e-06,,,,,1.626290029943128e-05,1636.5234375,-25.5
hf_natural/fsd91507.wav,hf_natural,FSD50K (Freesound) via HF Fhrozen/FSD50k,CC-BY-3.0,44100,7.333,win0.5,6.833,0.5,CLEAR,0.0,0.0,0.0,0.0,1.639559220615256e-05,,,,,3.620440988306679e-05,322.998046875,-51.1
hf_natural/fsd91507.wav,hf_natural,FSD50K (Freesound) via HF Fhrozen/FSD50k,CC-BY-3.0,44100,7.333,win0.2,0.0,0.2,CLEAR,0.0,0.0,0.0,0.0,7.194896469699867e-06,,,,,1.6704132120210895e-05,279.931640625,-54.8
hf_natural/fsd91507.wav,hf_natural,FSD50K (Freesound) via HF Fhrozen/FSD50k,CC-BY-3.0,44100,7.333,win0.2,1.783,0.2,CLEAR,0.0,0.0,0.0,0.0,2.5875102572572796e-05,,,,,6.138913861413355e-05,645.99609375,-56.6
hf_natural/fsd91507.wav,hf_natural,FSD50K (Freesound) via HF Fhrozen/FSD50k,CC-BY-3.0,44100,7.333,win0.2,3.567,0.2,CLEAR,0.0,0.0,0.0,0.0,0.001266942318510462,7.025481668097566,6.003926243331833,1.021555424765733,18087.890625,0.002875541690648475,3186.9140625,-36.2
hf_natural/fsd91507.wav,hf_natural,FSD50K (Freesound) via HF Fhrozen/FSD50k,CC-BY-3.0,44100,7.333,win0.2,5.35,0.2,CLEAR,0.0,0.0,0.0,0.0,8.210882805855132e-06,,,,,3.104315832205373e-05,1442.724609375,-25.7
hf_natural/fsd91507.wav,hf_natural,FSD50K (Freesound) via HF Fhrozen/FSD50k,CC-BY-3.0,44100,7.333,win0.2,7.133,0.2,CLEAR,0.0,0.0,0.0,0.0,3.844726750532065e-05,,,,,7.790189547607461e-05,322.998046875,-56.4
hf_natural/fsd92019.wav,hf_natural,FSD50K (Freesound) via HF Fhrozen/FSD50k,CC-BY-3.0,44100,7.307,full,0.0,7.307,CLEAR,0.0,0.0,0.0,0.2624,0.0002730247800275621,11.57631291407123,1.0932759191377253,10.483036994933506,15417.7734375,0.001743496448835048,10099.072265625,-30.9
hf_natural/fsd92019.wav,hf_natural,FSD50K (Freesound) via HF Fhrozen/FSD50k,CC-BY-3.0,44100,7.307,win0.5,0.0,0.5,CLEAR,0.0,0.0,0.0,0.0013,0.00013255734590924255,,,,,0.0006854312599478864,8010.3515625,-59.0
hf_natural/fsd92019.wav,hf_natural,FSD50K (Freesound) via HF Fhrozen/FSD50k,CC-BY-3.0,44100,7.307,win0.5,1.702,0.5,CLEAR,0.0,0.0,0.0,0.2866,2.5913654054351912e-05,22.932660582174943,3.8703545627746405,19.062306019400303,15590.0390625,0.001080799767444604,10292.87109375,-29.3
hf_natural/fsd92019.wav,hf_natural,FSD50K (Freesound) via HF Fhrozen/FSD50k,CC-BY-3.0,44100,7.307,win0.5,3.404,0.5,CLEAR,0.0,0.0,0.0,0.8842,0.001466367304799687,15.469325519619384,3.8703545627746405,11.598970956844743,15051.708984375,0.010764817458704768,15073.2421875,-35.6
hf_natural/fsd92019.wav,hf_natural,FSD50K (Freesound) via HF Fhrozen/FSD50k,CC-BY-3.0,44100,7.307,win0.5,5.105,0.5,CLEAR,0.0,0.0,0.0,0.0,3.937404169946321e-06,,,,,3.0231431805967924e-05,7945.751953125,-34.2
hf_natural/fsd92019.wav,hf_natural,FSD50K (Freesound) via HF Fhrozen/FSD50k,CC-BY-3.0,44100,7.307,win0.5,6.807,0.5,CLEAR,0.0,0.0,0.0,0.0,0.0012450279568248304,2.8732374127200706,3.8703545627746405,-0.9971171500545699,16192.96875,0.0022293921294050632,968.994140625,-81.0
hf_natural/fsd92019.wav,hf_natural,FSD50K (Freesound) via HF Fhrozen/FSD50k,CC-BY-3.0,44100,7.307,win0.2,0.0,0.2,CLEAR,0.0,0.0,0.0,0.0,0.00014690430740362607,,,,,0.000320680059599297,6955.224609375,-68.9
hf_natural/fsd92019.wav,hf_natural,FSD50K (Freesound) via HF Fhrozen/FSD50k,CC-BY-3.0,44100,7.307,win0.2,1.777,0.2,CLEAR,0.0,0.0,0.0,0.3055,2.1805274283293715e-05,24.282034185286776,6.003926243331833,18.278107941954943,15439.306640625,0.0010167209674805425,10443.603515625,-29.5
hf_natural/fsd92019.wav,hf_natural,FSD50K (Freesound) via HF Fhrozen/FSD50k,CC-BY-3.0,44100,7.307,win0.2,3.554,0.2,CLEAR,0.0,0.0,0.0,0.9595,0.0023232999222343974,18.46174177126336,6.003926243331833,12.457815527931526,15051.708984375,0.017820957984326338,15676.171875,-36.0
hf_natural/fsd92019.wav,hf_natural,FSD50K (Freesound) via HF Fhrozen/FSD50k,CC-BY-3.0,44100,7.307,win0.2,5.33,0.2,CLEAR,0.0,0.0,0.0,0.0,2.6678790050688134e-05,,,,,6.214995505973299e-05,5275.634765625,-48.1
hf_natural/fsd92019.wav,hf_natural,FSD50K (Freesound) via HF Fhrozen/FSD50k,CC-BY-3.0,44100,7.307,win0.2,7.107,0.2,CLEAR,0.0,0.0,0.0,1.0,0.010612487175539873,4.611749192498917,6.003926243331833,-1.3921770508329159,17894.091796875,0.018742821923387318,18174.0234375,-91.9
hf_natural/fsd339648.wav,hf_natural,FSD50K (Freesound) via HF Fhrozen/FSD50k,CC0-1.0,44100,9.225,full,0.0,9.225,CLEAR,0.0,0.0,0.0,0.0,3.054731766226265e-07,,,,,7.77462827455571e-07,1119.7265625,-37.3
hf_natural/fsd339648.wav,hf_natural,FSD50K (Freesound) via HF Fhrozen/FSD50k,CC0-1.0,44100,9.225,win0.5,0.0,0.5,CLEAR,0.0,0.0,0.0,0.0,8.19913779165249e-07,,,,,2.2725990178537607e-06,1119.7265625,-29.7
hf_natural/fsd339648.wav,hf_natural,FSD50K (Freesound) via HF Fhrozen/FSD50k,CC0-1.0,44100,9.225,win0.5,2.181,0.5,CLEAR,0.0,0.0,0.0,0.0,1.0301346419665016e-07,,,,,1.8180880056246746e-07,452.197265625,-38.5
hf_natural/fsd339648.wav,hf_natural,FSD50K (Freesound) via HF Fhrozen/FSD50k,CC0-1.0,44100,9.225,win0.5,4.363,0.5,CLEAR,0.0,0.0,0.0,0.0,4.567288544288258e-06,,,,,8.171642242038163e-06,452.197265625,-55.0
hf_natural/fsd339648.wav,hf_natural,FSD50K (Freesound) via HF Fhrozen/FSD50k,CC0-1.0,44100,9.225,win0.5,6.544,0.5,CLEAR,0.0,0.0,0.0,0.0,0.00015832830890266997,,,,,0.0002919264008062786,452.197265625,-70.2
hf_natural/fsd339648.wav,hf_natural,FSD50K (Freesound) via HF Fhrozen/FSD50k,CC0-1.0,44100,9.225,win0.5,8.725,0.5,CLEAR,0.0,0.0,0.0,0.0,0.0016666278659576257,2.6866054815840794,3.8703545627746405,-1.183749081190561,15697.705078125,0.0031225835220047822,7105.95703125,-84.7
hf_natural/fsd339648.wav,hf_natural,FSD50K (Freesound) via HF Fhrozen/FSD50k,CC0-1.0,44100,9.225,win0.2,0.0,0.2,CLEAR,0.0,0.0,0.0,0.0,3.1926818409166075e-06,,,,,8.886621879283706e-06,2153.3203125,-30.9
hf_natural/fsd339648.wav,hf_natural,FSD50K (Freesound) via HF Fhrozen/FSD50k,CC0-1.0,44100,9.225,win0.2,2.256,0.2,CLEAR,0.0,0.0,0.0,0.0,1.276237812087955e-07,,,,,2.2038105196438123e-07,452.197265625,-39.4
hf_natural/fsd339648.wav,hf_natural,FSD50K (Freesound) via HF Fhrozen/FSD50k,CC0-1.0,44100,9.225,win0.2,4.513,0.2,CLEAR,0.0,0.0,0.0,0.0,5.218498820553616e-06,,,,,8.953107853761516e-06,452.197265625,-55.5
hf_natural/fsd339648.wav,hf_natural,FSD50K (Freesound) via HF Fhrozen/FSD50k,CC0-1.0,44100,9.225,win0.2,6.769,0.2,CLEAR,0.0,0.0,0.0,0.0,0.0001796433085250335,,,,,0.00032906380320919923,452.197265625,-70.6
hf_natural/fsd339648.wav,hf_natural,FSD50K (Freesound) via HF Fhrozen/FSD50k,CC0-1.0,44100,9.225,win0.2,9.025,0.2,CLEAR,0.0,0.0,0.0,0.0,0.001622912409721359,4.591366266487407,6.003926243331833,-1.4125599768444257,16149.90234375,0.0030449762367548215,7084.423828125,-84.8
hf_natural/fsd132918.wav,hf_natural,FSD50K (Freesound) via HF Fhrozen/FSD50k,CC-BY-3.0,44100,4.105,full,0.0,4.105,CLEAR,0.0,0.0,0.0,0.0,3.4046628241657575e-05,,,,,0.00012470367404172894,7192.08984375,-24.4
hf_natural/fsd132918.wav,hf_natural,FSD50K (Freesound) via HF Fhrozen/FSD50k,CC-BY-3.0,44100,4.105,win0.5,0.0,0.5,CLEAR,0.0,0.0,0.0,0.0,0.00029330395951670493,,,,,0.0005756978056823803,7170.556640625,-36.1
hf_natural/fsd132918.wav,hf_natural,FSD50K (Freesound) via HF Fhrozen/FSD50k,CC-BY-3.0,44100,4.105,win0.5,0.901,0.5,CLEAR,0.0,0.0,0.0,0.0,0.00016073914861400236,,,,,0.0003342170941386642,7450.48828125,-33.0
hf_natural/fsd132918.wav,hf_natural,FSD50K (Freesound) via HF Fhrozen/FSD50k,CC-BY-3.0,44100,4.105,win0.5,1.803,0.5,CLEAR,0.0,0.0,0.0,0.0,4.451485444227405e-05,,,,,0.00012397506025228598,5770.8984375,-26.8
hf_natural/fsd132918.wav,hf_natural,FSD50K (Freesound) via HF Fhrozen/FSD50k,CC-BY-3.0,44100,4.105,win0.5,2.704,0.5,CLEAR,0.0,0.0,0.0,0.0,2.6983125650766046e-05,,,,,0.00010412163100445937,7235.15625,-22.0
hf_natural/fsd132918.wav,hf_natural,FSD50K (Freesound) via HF Fhrozen/FSD50k,CC-BY-3.0,44100,4.105,win0.5,3.605,0.5,CLEAR,0.0,0.0,0.0,0.0,2.0997659322775686e-05,,,,,9.571161016882984e-05,7084.423828125,-20.3
hf_natural/fsd132918.wav,hf_natural,FSD50K (Freesound) via HF Fhrozen/FSD50k,CC-BY-3.0,44100,4.105,win0.2,0.0,0.2,CLEAR,0.0,0.0,0.0,0.7684,0.005010403866386242,4.582566075015871,6.003926243331833,-1.421360168315962,19293.75,0.00932013217581174,14147.314453125,-48.0
hf_natural/fsd132918.wav,hf_natural,FSD50K (Freesound) via HF Fhrozen/FSD50k,CC-BY-3.0,44100,4.105,win0.2,0.976,0.2,CLEAR,0.0,0.0,0.0,0.0,0.0008627814288069031,4.563709442062658,6.003926243331833,-1.440216801269175,18303.22265625,0.0016909741627487039,7256.689453125,-39.8
hf_natural/fsd132918.wav,hf_natural,FSD50K (Freesound) via HF Fhrozen/FSD50k,CC-BY-3.0,44100,4.105,win0.2,1.953,0.2,CLEAR,0.0,0.0,0.0,0.0,0.0002959179585793496,,,,,0.0007170925034771611,7838.0859375,-36.0
hf_natural/fsd132918.wav,hf_natural,FSD50K (Freesound) via HF Fhrozen/FSD50k,CC-BY-3.0,44100,4.105,win0.2,2.929,0.2,CLEAR,0.0,0.0,0.0,0.0,4.162164487914674e-05,,,,,0.00011923020224634457,7192.08984375,-25.5
hf_natural/fsd132918.wav,hf_natural,FSD50K (Freesound) via HF Fhrozen/FSD50k,CC-BY-3.0,44100,4.105,win0.2,3.905,0.2,CLEAR,0.0,0.0,0.0,0.0,0.0018731554359218369,4.772060108640641,6.003926243331833,-1.2318661346911917,17226.5625,0.003665316684699507,7428.955078125,-44.4
hf_natural/fsd377513.wav,hf_natural,FSD50K (Freesound) via HF Fhrozen/FSD50k,CC0-1.0,44100,7.248,full,0.0,7.248,CLEAR,0.0,0.0,0.0,0.7119,0.0018780277537741128,13.082879790498684,1.0966407697266096,11.986239020772073,15913.037109375,0.006418220871491808,13695.1171875,-37.0
hf_natural/fsd377513.wav,hf_natural,FSD50K (Freesound) via HF Fhrozen/FSD50k,CC0-1.0,44100,7.248,win0.5,0.0,0.5,CLEAR,0.0,0.0,0.0,0.0,6.703572542519973e-05,,,,,0.00024105897901899168,6761.42578125,-49.9
hf_natural/fsd377513.wav,hf_natural,FSD50K (Freesound) via HF Fhrozen/FSD50k,CC0-1.0,44100,7.248,win0.5,1.687,0.5,CLEAR,0.0,0.0261,0.0,0.9945,0.00260618601170688,16.993530981397555,3.8703545627746405,13.123176418622915,15913.037109375,0.015681669971289457,15956.103515625,-32.0
hf_natural/fsd377513.wav,hf_natural,FSD50K (Freesound) via HF Fhrozen/FSD50k,CC0-1.0,44100,7.248,win0.5,3.374,0.5,CLEAR,0.0,0.0,0.0,0.0,7.474247178668296e-05,,,,,0.000282869343096412,1421.19140625,-49.2
hf_natural/fsd377513.wav,hf_natural,FSD50K (Freesound) via HF Fhrozen/FSD50k,CC0-1.0,44100,7.248,win0.5,5.061,0.5,CLEAR,0.0,0.0,0.0,0.0,0.0003159464258563149,15.545792378266013,3.8703545627746405,11.675437815491373,15137.841796875,0.0014039461673336442,7730.419921875,-35.5
hf_natural/fsd377513.wav,hf_natural,FSD50K (Freesound) via HF Fhrozen/FSD50k,CC0-1.0,44100,7.248,win0.5,6.748,0.5,CLEAR,0.0,0.0,0.0,0.0,8.785046469790266e-05,,,,,0.00028602223418125103,1184.326171875,-50.5
hf_natural/fsd377513.wav,hf_natural,FSD50K (Freesound) via HF Fhrozen/FSD50k,CC0-1.0,44100,7.248,win0.2,0.0,0.2,CLEAR,0.0,0.0,0.0,0.0228,8.929884552780655e-05,,,,,0.0004404500752796806,8182.6171875,-52.8
hf_natural/fsd377513.wav,hf_natural,FSD50K (Freesound) via HF Fhrozen/FSD50k,CC0-1.0,44100,7.248,win0.2,1.762,0.2,CLEAR,0.0,0.0272,0.0,1.0,0.002724405579739956,18.490487779124436,6.003926243331833,12.486561535792603,15913.037109375,0.015806907609999445,16063.76953125,-30.1
hf_natural/fsd377513.wav,hf_natural,FSD50K (Freesound) via HF Fhrozen/FSD50k,CC0-1.0,44100,7.248,win0.2,3.524,0.2,CLEAR,0.0,0.0,0.0,0.0,8.163906623856228e-05,,,,,0.00032471203617982005,1485.791015625,-51.2
hf_natural/fsd377513.wav,hf_natural,FSD50K (Freesound) via HF Fhrozen/FSD50k,CC0-1.0,44100,7.248,win0.2,5.286,0.2,CLEAR,0.0,0.0,0.0,0.0,0.00021034987970309417,,,,,0.000715010370610197,5017.236328125,-56.2
hf_natural/fsd377513.wav,hf_natural,FSD50K (Freesound) via HF Fhrozen/FSD50k,CC0-1.0,44100,7.248,win0.2,7.048,0.2,CLEAR,0.0,0.0,0.0,0.0,7.921771488465821e-05,,,,,0.0003067042266414401,1141.259765625,-50.4
hf_natural/fsd179265.wav,hf_natural,FSD50K (Freesound) via HF Fhrozen/FSD50k,CC-BY-3.0,44100,4.83,full,0.0,4.83,CLEAR,0.0,0.0354,0.0,0.9191,0.0035367918986485792,12.935751437181718,1.3318071527429631,11.603944284438755,15353.173828125,0.011391511599355407,15353.173828125,-27.0
hf_natural/fsd179265.wav,hf_natural,FSD50K (Freesound) via HF Fhrozen/FSD50k,CC-BY-3.0,44100,4.83,win0.5,0.0,0.5,CLEAR,0.0,0.1994,0.0,1.0,0.019939601567047303,14.34936557718663,3.8703545627746405,10.47901101441199,15891.50390625,0.07176650884382553,18776.953125,-25.1
hf_natural/fsd179265.wav,hf_natural,FSD50K (Freesound) via HF Fhrozen/FSD50k,CC-BY-3.0,44100,4.83,win0.5,1.083,0.5,CLEAR,0.0,0.0,0.0,1.0,0.043017964237769324,6.538461318221872,3.8703545627746405,2.6681067554472313,15676.171875,0.08749441217931385,21274.8046875,-69.7
hf_natural/fsd179265.wav,hf_natural,FSD50K (Freesound) via HF Fhrozen/FSD50k,CC-BY-3.0,44100,4.83,win0.5,2.165,0.5,CLEAR,0.0,0.0,0.0,1.0,0.04360641824051489,14.773431243727186,3.8703545627746405,10.903076680952546,16494.43359375,0.17682702635262407,19250.68359375,-56.4
hf_natural/fsd179265.wav,hf_natural,FSD50K (Freesound) via HF Fhrozen/FSD50k,CC-BY-3.0,44100,4.83,win0.5,3.248,0.5,CLEAR,0.0,0.0083,0.0,0.4481,0.0008286718199316172,10.909801310908822,3.8703545627746405,7.039446748134182,15891.50390625,0.0034590976933746203,11584.86328125,-22.0
hf_natural/fsd179265.wav,hf_natural,FSD50K (Freesound) via HF Fhrozen/FSD50k,CC-BY-3.0,44100,4.83,win0.5,4.33,0.5,CLEAR,0.0,0.0,0.0,1.0,0.010628114265362072,15.261603649123519,3.8703545627746405,11.391249086348878,15719.23828125,0.04912311573884646,18238.623046875,-68.7
hf_natural/fsd179265.wav,hf_natural,FSD50K (Freesound) via HF Fhrozen/FSD50k,CC-BY-3.0,44100,4.83,win0.2,0.0,0.2,CLEAR,0.0,0.199,0.0,1.0,0.019901809165453276,13.463345328027064,6.003926243331833,7.459419084695231,15891.50390625,0.0673151764013137,18776.953125,-21.2
hf_natural/fsd179265.wav,hf_natural,FSD50K (Freesound) via HF Fhrozen/FSD50k,CC-BY-3.0,44100,4.83,win0.2,1.158,0.2,CLEAR,0.0,0.0,0.0,1.0,0.08442084736911197,8.01601024935034,6.003926243331833,2.0120840060185063,16192.96875,0.21821609378886242,21576.26953125,-69.5
hf_natural/fsd179265.wav,hf_natural,FSD50K (Freesound) via HF Fhrozen/FSD50k,CC-BY-3.0,44100,4.83,win0.2,2.315,0.2,CLEAR,0.0,0.0,0.0,1.0,0.07614299302722138,15.719490323348946,6.003926243331833,9.715564080017113,15310.107421875,0.2124055938083302,20004.345703125,-58.8
hf_natural/fsd179265.wav,hf_natural,FSD50K (Freesound) via HF Fhrozen/FSD50k,CC-BY-3.0,44100,4.83,win0.2,3.473,0.2,CLEAR,0.0,0.0,0.0,1.0,0.010664470257029506,16.486777045031758,6.003926243331833,10.482850801699925,16106.8359375,0.08010692140635527,18109.423828125,-43.0
hf_natural/fsd179265.wav,hf_natural,FSD50K (Freesound) via HF Fhrozen/FSD50k,CC-BY-3.0,44100,4.83,win0.2,4.63,0.2,CLEAR,0.0,0.0,0.0,1.0,0.020530910004440572,8.026176071915712,6.003926243331833,2.0222498285838792,15094.775390625,0.046035663149493436,19875.146484375,-69.4
hf_natural/fsd416285.wav,hf_natural,FSD50K (Freesound) via HF Fhrozen/FSD50k,CC0-1.0,44100,4.217,full,0.0,4.217,CLEAR,0.0,0.0,0.0,0.0,6.585718015570209e-05,,,,,0.0003503316025826177,5447.900390625,-44.8
hf_natural/fsd416285.wav,hf_natural,FSD50K (Freesound) via HF Fhrozen/FSD50k,CC0-1.0,44100,4.217,win0.5,0.0,0.5,CLEAR,0.0,0.0,0.0,0.8976,0.0036301035131531935,11.143835423181628,3.8703545627746405,7.273480860406988,17355.76171875,0.010282929312947962,15180.908203125,-63.9
hf_natural/fsd416285.wav,hf_natural,FSD50K (Freesound) via HF Fhrozen/FSD50k,CC0-1.0,44100,4.217,win0.5,0.929,0.5,CLEAR,0.0,0.0,0.0,0.5019,0.0010367198027597068,11.968210813079414,3.8703545627746405,8.097856250304774,16882.03125,0.0025834212309066573,12015.52734375,-53.3
hf_natural/fsd416285.wav,hf_natural,FSD50K (Freesound) via HF Fhrozen/FSD50k,CC0-1.0,44100,4.217,win0.5,1.858,0.5,CLEAR,0.0,0.0,0.0,0.8653,0.0022341987819439924,12.38491175150119,3.8703545627746405,8.51455718872655,15267.041015625,0.009090720014925497,14922.509765625,-59.0
hf_natural/fsd416285.wav,hf_natural,FSD50K (Freesound) via HF Fhrozen/FSD50k,CC0-1.0,44100,4.217,win0.5,2.788,0.5,CLEAR,0.0,0.0,0.0,0.0,2.5128912928200268e-05,,,,,0.00024213868466585695,3229.98046875,-39.8
hf_natural/fsd416285.wav,hf_natural,FSD50K (Freesound) via HF Fhrozen/FSD50k,CC0-1.0,44100,4.217,win0.5,3.717,0.5,CLEAR,0.0,0.0,0.0,0.868,0.004309794555794331,2.8715758491671095,3.8703545627746405,-0.998778713607531,15051.708984375,0.009906385733495355,14944.04296875,-65.1
hf_natural/fsd416285.wav,hf_natural,FSD50K (Freesound) via HF Fhrozen/FSD50k,CC0-1.0,44100,4.217,win0.2,0.0,0.2,CLEAR,0.0,0.0,0.0,0.8761,0.004392292099677408,5.740453674339909,6.003926243331833,-0.26347256899192395,16128.369140625,0.010054184238422581,15008.642578125,-64.7
hf_natural/fsd416285.wav,hf_natural,FSD50K (Freesound) via HF Fhrozen/FSD50k,CC0-1.0,44100,4.217,win0.2,1.004,0.2,CLEAR,0.0,0.0,0.0,0.9918,0.002809724550827821,16.011851977132014,6.003926243331833,10.007925733800182,17355.76171875,0.011466760300084693,15934.5703125,-62.3
hf_natural/fsd416285.wav,hf_natural,FSD50K (Freesound) via HF Fhrozen/FSD50k,CC0-1.0,44100,4.217,win0.2,2.008,0.2,CLEAR,0.0,0.0,0.0,0.9057,0.0026537333043485994,14.991470945855248,6.003926243331833,8.987544702523415,15267.041015625,0.011733790365164316,15245.5078125,-59.2
hf_natural/fsd416285.wav,hf_natural,FSD50K (Freesound) via HF Fhrozen/FSD50k,CC0-1.0,44100,4.217,win0.2,3.013,0.2,CLEAR,0.0,0.0,0.0,0.8492,0.004219188588213836,5.858166912979719,6.003926243331833,-0.14575933035211364,17161.962890625,0.00969277839495904,14793.310546875,-64.4
hf_natural/fsd416285.wav,hf_natural,FSD50K (Freesound) via HF Fhrozen/FSD50k,CC0-1.0,44100,4.217,win0.2,4.017,0.2,CLEAR,0.0,0.0,0.0,0.8411,0.004009748262181717,5.657496483350962,6.003926243331833,-0.3464297599808708,15180.908203125,0.009520911931732037,14728.7109375,-65.1
hf_natural/fsd404510.wav,hf_natural,FSD50K (Freesound) via HF Fhrozen/FSD50k,CC-BY-3.0,44100,2.1,full,0.0,2.1,CLEAR,0.0,0.2459,0.0,1.0,0.024586348168320865,7.314175781765943,1.979620705516042,5.334555076249901,15546.97265625,0.11160565059217648,18970.751953125,-26.7
hf_natural/fsd404510.wav,hf_natural,FSD50K (Freesound) via HF Fhrozen/FSD50k,CC-BY-3.0,44100,2.1,win0.5,0.0,0.5,CLEAR,0.0,0.0487,0.0,1.0,0.004866454480024639,13.841526117682148,3.8703545627746405,9.971171554907508,15934.5703125,0.02536773611185496,16752.83203125,-33.1
hf_natural/fsd404510.wav,hf_natural,FSD50K (Freesound) via HF Fhrozen/FSD50k,CC-BY-3.0,44100,2.1,win0.5,0.533,0.5,CLEAR,0.0,0.309,0.0,1.0,0.03089622564274761,8.893993176883473,3.8703545627746405,5.023638614108833,17183.49609375,0.12663665381103922,19099.951171875,-24.9
hf_natural/fsd404510.wav,hf_natural,FSD50K (Freesound) via HF Fhrozen/FSD50k,CC-BY-3.0,44100,2.1,win0.5,1.067,0.5,CLEAR,0.0,0.1665,0.0,1.0,0.01665071536936035,10.212156089414478,3.8703545627746405,6.341801526639838,15353.173828125,0.1060700296654676,18712.353515625,-30.3
hf_natural/fsd404510.wav,hf_natural,FSD50K (Freesound) via HF Fhrozen/FSD50k,CC-BY-3.0,44100,2.1,win0.5,1.6,0.5,CLEAR,0.0,0.2199,0.0,1.0,0.021991982244838143,10.568212502540078,3.8703545627746405,6.697857939765438,15546.97265625,0.10992042129515832,18820.01953125,-23.9
hf_natural/fsd404510.wav,hf_natural,FSD50K (Freesound) via HF Fhrozen/FSD50k,CC-BY-3.0,44100,2.1,win0.2,0.0,0.2,CLEAR,0.0,0.0424,0.0,0.5396,0.00424343594620397,14.646959506761144,6.003926243331833,8.643033263429311,18669.287109375,0.005092567112448843,12316.9921875,-33.2
hf_natural/fsd404510.wav,hf_natural,FSD50K (Freesound) via HF Fhrozen/FSD50k,CC-BY-3.0,44100,2.1,win0.2,0.475,0.2,CLEAR,0.0,0.4426,0.0,1.0,0.04425500367514182,6.939741175042591,6.003926243331833,0.935814931710758,16128.369140625,0.16877991706106826,19336.81640625,-22.5
hf_natural/fsd404510.wav,hf_natural,FSD50K (Freesound) via HF Fhrozen/FSD50k,CC-BY-3.0,44100,2.1,win0.2,0.95,0.2,CLEAR,0.0,0.0,0.0,0.5181,0.0008562733594653293,12.605670223943877,6.003926243331833,6.601743980612044,16386.767578125,0.004982433728499882,12144.7265625,-35.5
hf_natural/fsd404510.wav,hf_natural,FSD50K (Freesound) via HF Fhrozen/FSD50k,CC-BY-3.0,44100,2.1,win0.2,1.425,0.2,CLEAR,0.0,0.2941,0.0,1.0,0.029408540407453398,10.074401146472965,6.003926243331833,4.0704749031411325,16236.03515625,0.15144449117910866,19207.6171875,-27.7
hf_natural/fsd404510.wav,hf_natural,FSD50K (Freesound) via HF Fhrozen/FSD50k,CC-BY-3.0,44100,2.1,win0.2,1.9,0.2,CLEAR,0.0,0.025,0.0,0.9999,0.002504184653403118,16.99095089673446,6.003926243331833,10.987024653402628,15633.10546875,0.02020927691041087,15999.169921875,-26.9
hf_natural/fsd233785.wav,hf_natural,FSD50K (Freesound) via HF Fhrozen/FSD50k,CC-BY-3.0,44100,11.755,full,0.0,11.755,CLEAR,0.0,0.0426,0.0,1.0,0.004261575182215505,9.011209272186054,0.8683270979866403,8.142882174199414,15288.57421875,0.020539135761855492,16559.033203125,-33.0
hf_natural/fsd233785.wav,hf_natural,FSD50K (Freesound) via HF Fhrozen/FSD50k,CC-BY-3.0,44100,11.755,win0.5,0.0,0.5,CLEAR,0.0,0.0428,0.0,1.0,0.004281317026702576,15.06178012454532,3.8703545627746405,11.19142556177068,15482.373046875,0.028383921070231695,16731.298828125,-31.7
hf_natural/fsd233785.wav,hf_natural,FSD50K (Freesound) via HF Fhrozen/FSD50k,CC-BY-3.0,44100,11.755,win0.5,2.814,0.5,CLEAR,0.0,0.034,0.0,1.0,0.003398334486664241,10.92673247469911,3.8703545627746405,7.05637791192447,15267.041015625,0.01856529180043248,16365.234375,-31.2
hf_natural/fsd233785.wav,hf_natural,FSD50K (Freesound) via HF Fhrozen/FSD50k,CC-BY-3.0,44100,11.755,win0.5,5.628,0.5,CLEAR,0.0,0.0386,0.0,1.0,0.003856442196787625,9.317345002033834,3.8703545627746405,5.446990439259194,15267.041015625,0.015700253009522713,16106.8359375,-33.3
hf_natural/fsd233785.wav,hf_natural,FSD50K (Freesound) via HF Fhrozen/FSD50k,CC-BY-3.0,44100,11.755,win0.5,8.441,0.5,CLEAR,0.0,0.0,0.0,1.0,0.0056463255732831456,8.816828496952109,3.8703545627746405,4.946473934177469,15008.642578125,0.017460167346956528,16688.232421875,-37.2
hf_natural/fsd233785.wav,hf_natural,FSD50K (Freesound) via HF Fhrozen/FSD50k,CC-BY-3.0,44100,11.755,win0.5,11.255,0.5,CLEAR,0.0,0.0,0.0,1.0,0.011426629418797858,10.013274722952668,3.8703545627746405,6.1429201601780274,15202.44140625,0.040995677514151736,18281.689453125,-53.4
hf_natural/fsd233785.wav,hf_natural,FSD50K (Freesound) via HF Fhrozen/FSD50k,CC-BY-3.0,44100,11.755,win0.2,0.0,0.2,CLEAR,0.0,0.0,0.0,1.0,0.0047893548436074695,13.565447354289336,6.003926243331833,7.561521110957504,15482.373046875,0.030753938936866242,16903.564453125,-36.6
hf_natural/fsd233785.wav,hf_natural,FSD50K (Freesound) via HF Fhrozen/FSD50k,CC-BY-3.0,44100,11.755,win0.2,2.889,0.2,CLEAR,0.0,0.0353,0.0,1.0,0.003526737845613735,11.978645971057308,6.003926243331833,5.974719727725475,15288.57421875,0.017315926076772924,16192.96875,-33.9
hf_natural/fsd233785.wav,hf_natural,FSD50K (Freesound) via HF Fhrozen/FSD50k,CC-BY-3.0,44100,11.755,win0.2,5.778,0.2,CLEAR,0.0,0.036,0.0,0.973,0.0036018422583225795,10.336018040901077,6.003926243331833,4.332091797569245,17355.76171875,0.013649741493729923,15783.837890625,-33.2
hf_natural/fsd233785.wav,hf_natural,FSD50K (Freesound) via HF Fhrozen/FSD50k,CC-BY-3.0,44100,11.755,win0.2,8.666,0.2,CLEAR,0.0,0.0788,0.0,1.0,0.007879799047448429,11.524458093297103,6.003926243331833,5.52053184996527,15030.17578125,0.0220828684754895,17592.626953125,-36.0
hf_natural/fsd233785.wav,hf_natural,FSD50K (Freesound) via HF Fhrozen/FSD50k,CC-BY-3.0,44100,11.755,win0.2,11.555,0.2,CLEAR,0.0,0.0,0.0,1.0,0.007201556392646927,4.740919210897923,6.003926243331833,-1.2630070324339098,16666.69921875,0.01355745250477736,16688.232421875,-68.9
hf_natural/fsd341855.wav,hf_natural,FSD50K (Freesound) via HF Fhrozen/FSD50k,CC0-1.0,44100,5.948,full,0.0,5.948,CLEAR,0.0,0.0,0.0,0.0,1.732816171766806e-08,,,,,2.993960179089735e-08,4177.44140625,-28.9
hf_natural/fsd250705.wav,hf_natural,FSD50K (Freesound) via HF Fhrozen/FSD50k,CC-BY-3.0,44100,2.265,full,0.0,2.265,CLEAR,0.0,0.0,0.0,0.0,1.052071637714336e-05,,,,,0.00010592283258557089,4801.904296875,-42.1
hf_natural/fsd250705.wav,hf_natural,FSD50K (Freesound) via HF Fhrozen/FSD50k,CC-BY-3.0,44100,2.265,win0.5,0.0,0.5,CLEAR,0.0,0.0,0.0,0.0,7.666755759951493e-06,,,,,7.386691057962373e-05,4888.037109375,-42.2
hf_natural/fsd250705.wav,hf_natural,FSD50K (Freesound) via HF Fhrozen/FSD50k,CC-BY-3.0,44100,2.265,win0.5,0.588,0.5,CLEAR,0.0,0.0,0.0,0.0,2.796550255088111e-06,,,,,2.3295828311408144e-05,4177.44140625,-40.2
hf_natural/fsd250705.wav,hf_natural,FSD50K (Freesound) via HF Fhrozen/FSD50k,CC-BY-3.0,44100,2.265,win0.5,1.176,0.5,CLEAR,0.0,0.0,0.0,0.0,1.798016568889058e-05,,,,,0.00020046185697932534,5275.634765625,-41.2
hf_natural/fsd250705.wav,hf_natural,FSD50K (Freesound) via HF Fhrozen/FSD50k,CC-BY-3.0,44100,2.265,win0.5,1.765,0.5,CLEAR,0.0,0.0,0.0,0.0,4.261256695072592e-05,,,,,9.750540409433184e-05,5921.630859375,-65.1
hf_natural/fsd250705.wav,hf_natural,FSD50K (Freesound) via HF Fhrozen/FSD50k,CC-BY-3.0,44100,2.265,win0.2,0.0,0.2,CLEAR,0.0,0.0,0.0,0.0,3.812350203872967e-07,,,,,1.8133609566714018e-06,5124.90234375,-43.3
hf_natural/fsd250705.wav,hf_natural,FSD50K (Freesound) via HF Fhrozen/FSD50k,CC-BY-3.0,44100,2.265,win0.2,0.516,0.2,CLEAR,0.0,0.0,0.0,0.0,4.137235898068072e-06,,,,,4.6017211683760056e-05,4478.90625,-42.6
hf_natural/fsd250705.wav,hf_natural,FSD50K (Freesound) via HF Fhrozen/FSD50k,CC-BY-3.0,44100,2.265,win0.2,1.032,0.2,CLEAR,0.0,0.0,0.0,0.0,1.59091170354675e-05,,,,,0.0001518058267831129,4888.037109375,-35.9
hf_natural/fsd250705.wav,hf_natural,FSD50K (Freesound) via HF Fhrozen/FSD50k,CC-BY-3.0,44100,2.265,win0.2,1.548,0.2,CLEAR,0.0,0.0,0.0,0.0,3.0700384512672373e-06,,,,,3.3914326556009204e-05,5340.234375,-51.8
hf_natural/fsd250705.wav,hf_natural,FSD50K (Freesound) via HF Fhrozen/FSD50k,CC-BY-3.0,44100,2.265,win0.2,2.065,0.2,CLEAR,0.0,0.0,0.0,0.0,0.0002150516914575192,,,,,0.0004103170364595088,5512.5,-72.3
hf_natural/fsd257032.wav,hf_natural,FSD50K (Freesound) via HF Fhrozen/FSD50k,CC-BY-3.0,44100,11.468,full,0.0,11.468,CLEAR,0.0,0.0,0.0,0.4131,0.00012259815862259368,,,,,0.00036731737384553486,11304.931640625,-36.7
hf_natural/fsd257032.wav,hf_natural,FSD50K (Freesound) via HF Fhrozen/FSD50k,CC-BY-3.0,44100,11.468,win0.5,0.0,0.5,CLEAR,0.0,0.0,0.0,0.0,1.239484030227006e-06,,,,,6.449500655677e-05,344.53125,-46.7
hf_natural/fsd257032.wav,hf_natural,FSD50K (Freesound) via HF Fhrozen/FSD50k,CC-BY-3.0,44100,11.468,win0.5,2.742,0.5,CLEAR,0.0,0.0,0.0,0.2516,1.46900822257234e-06,,,,,0.0001669892834437363,10012.939453125,-47.4
hf_natural/fsd257032.wav,hf_natural,FSD50K (Freesound) via HF Fhrozen/FSD50k,CC-BY-3.0,44100,11.468,win0.5,5.484,0.5,CLEAR,0.0,0.0,0.0,0.1009,2.423873174380663e-06,,,,,0.00036777372265870117,8807.080078125,-49.8
hf_natural/fsd257032.wav,hf_natural,FSD50K (Freesound) via HF Fhrozen/FSD50k,CC-BY-3.0,44100,11.468,win0.5,8.226,0.5,CLEAR,0.0,0.0,0.0,0.5289,0.0006998935076002096,12.598472761449091,3.8703545627746405,8.728118198674451,18346.2890625,0.0014549861273083732,12230.859375,-32.3
hf_natural/fsd257032.wav,hf_natural,FSD50K (Freesound) via HF Fhrozen/FSD50k,CC-BY-3.0,44100,11.468,win0.5,10.968,0.5,CLEAR,0.0,0.0,0.0,0.0,1.3344322719639262e-06,,,,,0.0002375648964637555,6395.361328125,-47.3
hf_natural/fsd257032.wav,hf_natural,FSD50K (Freesound) via HF Fhrozen/FSD50k,CC-BY-3.0,44100,11.468,win0.2,0.0,0.2,CLEAR,0.0,0.0,0.0,0.0,1.2608500920408845e-06,,,,,7.252875889721905e-05,301.46484375,-46.9
hf_natural/fsd257032.wav,hf_natural,FSD50K (Freesound) via HF Fhrozen/FSD50k,CC-BY-3.0,44100,11.468,win0.2,2.817,0.2,CLEAR,0.0,0.0,0.0,0.0,1.5978532198356785e-06,,,,,0.00012604329761431102,3057.71484375,-47.5
hf_natural/fsd257032.wav,hf_natural,FSD50K (Freesound) via HF Fhrozen/FSD50k,CC-BY-3.0,44100,11.468,win0.2,5.634,0.2,CLEAR,0.0,0.0,0.0,0.1978,1.8390755340108834e-06,,,,,0.00026386093397929135,9582.275390625,-49.0
hf_natural/fsd257032.wav,hf_natural,FSD50K (Freesound) via HF Fhrozen/FSD50k,CC-BY-3.0,44100,11.468,win0.2,8.451,0.2,CLEAR,0.0,0.0,0.0,1.0,0.008795750686305776,28.974662366838288,6.003926243331833,22.970736123506455,18346.2890625,0.014775082742020077,17011.23046875,-42.1
hf_natural/fsd257032.wav,hf_natural,FSD50K (Freesound) via HF Fhrozen/FSD50k,CC-BY-3.0,44100,11.468,win0.2,11.268,0.2,CLEAR,0.0,0.0,0.0,0.0,7.880065693582309e-07,,,,,8.208550212590764e-05,3617.578125,-45.2
hf_natural/fsd132951.wav,hf_natural,FSD50K (Freesound) via HF Fhrozen/FSD50k,CC-BY-3.0,44100,8.39,full,0.0,8.39,CLEAR,0.0,0.0,0.0,1.0,0.02714823155571129,13.856849034103018,1.0222583879062774,12.834590646196741,15030.17578125,0.25244587730145024,18518.5546875,-44.2
hf_natural/fsd132951.wav,hf_natural,FSD50K (Freesound) via HF Fhrozen/FSD50k,CC-BY-3.0,44100,8.39,win0.5,0.0,0.5,CLEAR,0.0,0.0,0.0,1.0,0.008981606924891321,17.782932049748005,3.8703545627746405,13.912577486973365,15245.5078125,0.18328493455129813,17937.158203125,-48.7
hf_natural/fsd132951.wav,hf_natural,FSD50K (Freesound) via HF Fhrozen/FSD50k,CC-BY-3.0,44100,8.39,win0.5,1.973,0.5,CLEAR,0.0,0.7608,0.0,1.0,0.07607979702893886,14.816206444305609,3.8703545627746405,10.945851881530968,15439.306640625,0.49013761650050336,18690.8203125,-46.9
hf_natural/fsd132951.wav,hf_natural,FSD50K (Freesound) via HF Fhrozen/FSD50k,CC-BY-3.0,44100,8.39,win0.5,3.945,0.5,CLEAR,0.0,0.0,0.0,1.0,0.011915561668518114,14.754800235401444,3.8703545627746405,10.884445672626804,15180.908203125,0.07355119497759238,18152.490234375,-42.9
hf_natural/fsd132951.wav,hf_natural,FSD50K (Freesound) via HF Fhrozen/FSD50k,CC-BY-3.0,44100,8.39,win0.5,5.918,0.5,CLEAR,0.0,0.0,0.0,1.0,0.008634720285730339,16.38637966519214,3.8703545627746405,12.516025102417501,16580.56640625,0.1292937308967433,17958.69140625,-43.2
hf_natural/fsd132951.wav,hf_natural,FSD50K (Freesound) via HF Fhrozen/FSD50k,CC-BY-3.0,44100,8.39,win0.5,7.89,0.5,CLEAR,0.0,0.0,0.0,0.8922,0.004035897234085533,4.569924210613568,3.8703545627746405,0.6995696478389273,15353.173828125,0.010719762661045963,15137.841796875,-69.1
hf_natural/fsd132951.wav,hf_natural,FSD50K (Freesound) via HF Fhrozen/FSD50k,CC-BY-3.0,44100,8.39,win0.2,0.0,0.2,CLEAR,0.0,0.0,0.0,1.0,0.004891205027294237,19.552908484128178,6.003926243331833,13.548982240796345,15374.70703125,0.06873527842148171,16774.365234375,-47.6
hf_natural/fsd132951.wav,hf_natural,FSD50K (Freesound) via HF Fhrozen/FSD50k,CC-BY-3.0,44100,8.39,win0.2,2.048,0.2,CLEAR,0.0,0.0,0.0,1.0,0.02119761542138891,22.001394862854173,6.003926243331833,15.99746861952234,15245.5078125,0.2256319556507339,18841.552734375,-52.0
hf_natural/fsd132951.wav,hf_natural,FSD50K (Freesound) via HF Fhrozen/FSD50k,CC-BY-3.0,44100,8.39,win0.2,4.095,0.2,CLEAR,0.0,0.0,0.0,1.0,0.003994966956380848,23.715114776984162,6.003926243331833,17.71118853365233,15267.041015625,0.17316666982785772,17355.76171875,-45.2
hf_natural/fsd132951.wav,hf_natural,FSD50K (Freesound) via HF Fhrozen/FSD50k,CC-BY-3.0,44100,8.39,win0.2,6.143,0.2,CLEAR,0.0,0.068,0.0,1.0,0.006799629176131138,19.21626092510164,6.003926243331833,13.212334681769807,16515.966796875,0.12080554240576903,17937.158203125,-39.3
hf_natural/fsd132951.wav,hf_natural,FSD50K (Freesound) via HF Fhrozen/FSD50k,CC-BY-3.0,44100,8.39,win0.2,8.19,0.2,CLEAR,0.0,0.0,0.0,0.6311,0.003673292154485511,5.027578040485147,6.003926243331833,-0.9763482028466859,15697.705078125,0.008335044019430877,13049.12109375,-70.0
hf_natural/fsd33549.wav,hf_natural,FSD50K (Freesound) via HF Fhrozen/FSD50k,CC-BY-3.0,44100,2.002,full,0.0,2.002,CLEAR,0.0,0.0,0.0,0.0,1.161814493538357e-05,,,,,2.4331631014546335e-05,2282.51953125,-27.1
hf_natural/fsd33549.wav,hf_natural,FSD50K (Freesound) via HF Fhrozen/FSD50k,CC-BY-3.0,44100,2.002,win0.5,0.0,0.5,CLEAR,0.0,0.0,0.0,0.0,4.0381625642136695e-05,,,,,0.00012812493363723818,3251.513671875,-32.7
hf_natural/fsd33549.wav,hf_natural,FSD50K (Freesound) via HF Fhrozen/FSD50k,CC-BY-3.0,44100,2.002,win0.5,0.501,0.5,CLEAR,0.0,0.0,0.0,0.0,1.4820666484954733e-05,,,,,3.554589521531974e-05,2734.716796875,-26.7
hf_natural/fsd33549.wav,hf_natural,FSD50K (Freesound) via HF Fhrozen/FSD50k,CC-BY-3.0,44100,2.002,win0.5,1.001,0.5,CLEAR,0.0,0.0,0.0,0.0,8.24600502331246e-06,,,,,1.087783999808464e-05,1055.126953125,-23.4
hf_natural/fsd33549.wav,hf_natural,FSD50K (Freesound) via HF Fhrozen/FSD50k,CC-BY-3.0,44100,2.002,win0.5,1.502,0.5,CLEAR,0.0,0.0,0.0,0.0,6.4773448170761085e-06,,,,,2.365737381009723e-05,2304.052734375,-33.6
hf_natural/fsd33549.wav,hf_natural,FSD50K (Freesound) via HF Fhrozen/FSD50k,CC-BY-3.0,44100,2.002,win0.2,0.0,0.2,CLEAR,0.0,0.0,0.0,0.0,4.040642692815839e-05,,,,,0.00011636495662726712,3100.78125,-42.6
hf_natural/fsd33549.wav,hf_natural,FSD50K (Freesound) via HF Fhrozen/FSD50k,CC-BY-3.0,44100,2.002,win0.2,0.45,0.2,CLEAR,0.0,0.0,0.0,0.0,1.6232301794523362e-05,,,,,2.9041212688619743e-05,2756.25,-29.5
hf_natural/fsd33549.wav,hf_natural,FSD50K (Freesound) via HF Fhrozen/FSD50k,CC-BY-3.0,44100,2.002,win0.2,0.901,0.2,CLEAR,0.0,0.0,0.0,0.0,8.379249762921312e-06,,,,,1.0571397656116847e-05,1055.126953125,-21.0
hf_natural/fsd33549.wav,hf_natural,FSD50K (Freesound) via HF Fhrozen/FSD50k,CC-BY-3.0,44100,2.002,win0.2,1.351,0.2,CLEAR,0.0,0.0,0.0,0.0,4.728800145510172e-06,,,,,1.9397001389100458e-05,2325.5859375,-30.8
hf_natural/fsd33549.wav,hf_natural,FSD50K (Freesound) via HF Fhrozen/FSD50k,CC-BY-3.0,44100,2.002,win0.2,1.802,0.2,CLEAR,0.0,0.0,0.0,0.0,3.0218820452143366e-05,,,,,9.091142908242025e-05,2950.048828125,-46.7
hf_natural/fsd27701.wav,hf_natural,FSD50K (Freesound) via HF Fhrozen/FSD50k,CC0-1.0,44100,4.523,full,0.0,4.523,CLEAR,0.0,0.0,0.0,0.0,1.733572924526989e-06,,,,,3.0046147348249037e-06,839.794921875,-44.2
hf_natural/fsd27701.wav,hf_natural,FSD50K (Freesound) via HF Fhrozen/FSD50k,CC0-1.0,44100,4.523,win0.5,0.0,0.5,CLEAR,0.0,0.0,0.0,0.0,1.0286644734952635e-06,,,,,1.8389192028111671e-06,839.794921875,-41.9
hf_natural/fsd27701.wav,hf_natural,FSD50K (Freesound) via HF Fhrozen/FSD50k,CC0-1.0,44100,4.523,win0.5,1.006,0.5,CLEAR,0.0,0.0,0.0,0.0,8.824442735418192e-06,,,,,1.5106097512240284e-05,839.794921875,-51.1
hf_natural/fsd27701.wav,hf_natural,FSD50K (Freesound) via HF Fhrozen/FSD50k,CC0-1.0,44100,4.523,win0.5,2.011,0.5,CLEAR,0.0,0.0,0.0,0.0,1.8848377157916449e-06,,,,,3.2229427957012798e-06,839.794921875,-44.6
hf_natural/fsd27701.wav,hf_natural,FSD50K (Freesound) via HF Fhrozen/FSD50k,CC0-1.0,44100,4.523,win0.5,3.017,0.5,CLEAR,0.0,0.0,0.0,0.0,5.419187214365013e-07,,,,,9.577489231167468e-07,839.794921875,-39.4
hf_natural/fsd27701.wav,hf_natural,FSD50K (Freesound) via HF Fhrozen/FSD50k,CC0-1.0,44100,4.523,win0.5,4.023,0.5,CLEAR,0.0,0.0,0.0,0.0,3.251063958905896e-05,,,,,5.596445191741405e-05,839.794921875,-56.9
hf_natural/fsd27701.wav,hf_natural,FSD50K (Freesound) via HF Fhrozen/FSD50k,CC0-1.0,44100,4.523,win0.2,0.0,0.2,CLEAR,0.0,0.0,0.0,0.0,2.5516002694989412e-06,,,,,4.726658989527273e-06,861.328125,-45.0
hf_natural/fsd27701.wav,hf_natural,FSD50K (Freesound) via HF Fhrozen/FSD50k,CC0-1.0,44100,4.523,win0.2,1.081,0.2,CLEAR,0.0,0.0,0.0,0.0,6.729916593967899e-06,,,,,1.1221004121706423e-05,839.794921875,-50.3
hf_natural/fsd27701.wav,hf_natural,FSD50K (Freesound) via HF Fhrozen/FSD50k,CC0-1.0,44100,4.523,win0.2,2.161,0.2,CLEAR,0.0,0.0,0.0,0.0,1.7281001955802885e-06,,,,,2.9970549185110995e-06,839.794921875,-44.0
hf_natural/fsd27701.wav,hf_natural,FSD50K (Freesound) via HF Fhrozen/FSD50k,CC0-1.0,44100,4.523,win0.2,3.242,0.2,CLEAR,0.0,0.0,0.0,0.0,6.277737916306302e-07,,,,,1.0620994153628974e-06,839.794921875,-40.0
hf_natural/fsd27701.wav,hf_natural,FSD50K (Freesound) via HF Fhrozen/FSD50k,CC0-1.0,44100,4.523,win0.2,4.323,0.2,CLEAR,0.0,0.0,0.0,0.0,4.5090598245737905e-05,,,,,7.707324566603653e-05,839.794921875,-58.4
hf_natural/fsd51038.wav,hf_natural,FSD50K (Freesound) via HF Fhrozen/FSD50k,CC0-1.0,44100,9.831,full,0.0,9.831,CLEAR,0.0,0.0,0.0,0.8465,0.0015331955415018705,13.795538966174847,0.9469710159656092,12.848567950209238,15869.970703125,0.008075787304015711,14771.77734375,-33.4
hf_natural/fsd51038.wav,hf_natural,FSD50K (Freesound) via HF Fhrozen/FSD50k,CC0-1.0,44100,9.831,win0.5,0.0,0.5,CLEAR,0.0,0.0,0.0,0.7953,0.0005993757266461018,20.39684129515921,3.8703545627746405,16.52648673238457,16214.501953125,0.0031491484373305087,14362.646484375,-25.6
hf_natural/fsd51038.wav,hf_natural,FSD50K (Freesound) via HF Fhrozen/FSD50k,CC0-1.0,44100,9.831,win0.5,2.333,0.5,CLEAR,0.0,0.0,0.38,0.8626,0.0019001555629048175,15.27021006744622,3.8703545627746405,11.39985550467158,15051.708984375,0.009586810754140635,14900.9765625,-35.6
hf_natural/fsd51038.wav,hf_natural,FSD50K (Freesound) via HF Fhrozen/FSD50k,CC0-1.0,44100,9.831,win0.5,4.666,0.5,CLEAR,0.0,0.0,0.0,0.8061,0.0028961904820363885,6.973134174331653,3.8703545627746405,3.1027796115570125,15073.2421875,0.00801435642337408,14448.779296875,-47.0
hf_natural/fsd51038.wav,hf_natural,FSD50K (Freesound) via HF Fhrozen/FSD50k,CC0-1.0,44100,9.831,win0.5,6.999,0.5,CLEAR,0.0782,0.0167,0.3664,0.8734,0.0016692573491750146,15.253650173997395,3.8703545627746405,11.383295611222755,15051.708984375,0.009891754469597887,14987.109375,-30.7
hf_natural/fsd51038.wav,hf_natural,FSD50K (Freesound) via HF Fhrozen/FSD50k,CC0-1.0,44100,9.831,win0.5,9.331,0.5,CLEAR,0.0,0.0,0.0386,0.9837,0.0011725732701924028,27.31951442985296,3.8703545627746405,23.44915986707832,15869.970703125,0.013949826452861339,15869.970703125,-36.5
hf_natural/fsd51038.wav,hf_natural,FSD50K (Freesound) via HF Fhrozen/FSD50k,CC0-1.0,44100,9.831,win0.2,0.0,0.2,CLEAR,0.0,0.0,0.0,0.4023,9.22884806259973e-05,,,,,0.0005738994280881618,11218.798828125,-22.6
hf_natural/fsd51038.wav,hf_natural,FSD50K (Freesound) via HF Fhrozen/FSD50k,CC0-1.0,44100,9.831,win0.2,2.408,0.2,CLEAR,0.0,0.0,0.3667,0.8842,0.002067755459958177,17.00349374435008,6.003926243331833,10.999567501018248,15051.708984375,0.011251668525824515,15073.2421875,-36.7
hf_natural/fsd51038.wav,hf_natural,FSD50K (Freesound) via HF Fhrozen/FSD50k,CC0-1.0,44100,9.831,win0.2,4.816,0.2,CLEAR,0.0,0.0,0.0,1.0,0.009999665673263554,5.020478628990711,6.003926243331833,-0.9834476143411219,17700.29296875,0.019129127053240193,18001.7578125,-67.9
hf_natural/fsd51038.wav,hf_natural,FSD50K (Freesound) via HF Fhrozen/FSD50k,CC0-1.0,44100,9.831,win0.2,7.224,0.2,CLEAR,0.0,0.0,0.0,0.8411,0.0013149209317396317,19.128954103833642,6.003926243331833,13.12502786050181,15869.970703125,0.006863743580096134,14728.7109375,-31.8
hf_natural/fsd51038.wav,hf_natural,FSD50K (Freesound) via HF Fhrozen/FSD50k,CC0-1.0,44100,9.831,win0.2,9.631,0.2,CLEAR,0.0,0.0,0.0,0.2732,0.00223517994271656,4.651722000203357,6.003926243331833,-1.352204243128476,17894.091796875,0.004321070521687649,10185.205078125,-60.8
hf_natural/fsd257551.wav,hf_natural,FSD50K (Freesound) via HF Fhrozen/FSD50k,CC-BY-3.0,44100,8.007,full,0.0,8.007,CLEAR,0.0,0.0,0.0,0.3889,5.27109628112026e-08,,,,,1.9867031975543976e-07,11111.1328125,-20.4
hf_natural/fsd257551.wav,hf_natural,FSD50K (Freesound) via HF Fhrozen/FSD50k,CC-BY-3.0,44100,8.007,win0.5,0.0,0.5,CLEAR,0.0,0.0,0.0,0.65,9.049577090233761e-07,,,,,5.255707424445378e-06,13199.853515625,-27.2
hf_natural/fsd257551.wav,hf_natural,FSD50K (Freesound) via HF Fhrozen/FSD50k,CC-BY-3.0,44100,8.007,win0.5,1.877,0.5,CLEAR,0.0,0.0,0.0,0.117,3.4173377352600416e-08,,,,,8.962788506125825e-08,8936.279296875,-17.6
hf_natural/fsd257551.wav,hf_natural,FSD50K (Freesound) via HF Fhrozen/FSD50k,CC-BY-3.0,44100,8.007,win0.5,3.753,0.5,CLEAR,0.0,0.0,0.0,0.0,2.45223690430272e-08,,,,,5.37635161980515e-08,6976.7578125,-17.2
hf_natural/fsd257551.wav,hf_natural,FSD50K (Freesound) via HF Fhrozen/FSD50k,CC-BY-3.0,44100,8.007,win0.5,5.63,0.5,CLEAR,0.0,0.0,0.0,0.0,6.078446221179972e-07,,,,,1.165078843500608e-06,6395.361328125,-41.0
hf_natural/fsd257551.wav,hf_natural,FSD50K (Freesound) via HF Fhrozen/FSD50k,CC-BY-3.0,44100,8.007,win0.5,7.507,0.5,CLEAR,0.0,0.0,0.0,1.0,0.0088614667656892,8.374349724568589,3.8703545627746405,4.503995161793949,18260.15625,0.014801046741926846,17764.892578125,-87.9
hf_natural/fsd257551.wav,hf_natural,FSD50K (Freesound) via HF Fhrozen/FSD50k,CC-BY-3.0,44100,8.007,win0.2,0.0,0.2,CLEAR,0.0,0.0,0.0,0.6581,1.468285223115028e-06,,,,,8.740515479326502e-06,13264.453125,-27.1
hf_natural/fsd257551.wav,hf_natural,FSD50K (Freesound) via HF Fhrozen/FSD50k,CC-BY-3.0,44100,8.007,win0.2,1.952,0.2,CLEAR,0.0,0.0,0.0,0.1278,5.274708041736099e-08,,,,,1.4054473971826806e-07,9022.412109375,-18.5
hf_natural/fsd257551.wav,hf_natural,FSD50K (Freesound) via HF Fhrozen/FSD50k,CC-BY-3.0,44100,8.007,win0.2,3.903,0.2,CLEAR,0.0,0.0,0.0,0.0,2.5177005194841784e-08,,,,,5.255165669347282e-08,6869.091796875,-17.6
hf_natural/fsd257551.wav,hf_natural,FSD50K (Freesound) via HF Fhrozen/FSD50k,CC-BY-3.0,44100,8.007,win0.2,5.855,0.2,CLEAR,0.0,0.0,0.0,0.0,1.5753011675380206e-06,,,,,3.0767246028076173e-06,6395.361328125,-43.6
hf_natural/fsd257551.wav,hf_natural,FSD50K (Freesound) via HF Fhrozen/FSD50k,CC-BY-3.0,44100,8.007,win0.2,7.807,0.2,CLEAR,0.0,0.0,0.0,1.0,0.024034241453753154,12.817549925575713,6.003926243331833,6.813623682243881,18260.15625,0.039448264550199154,18863.0859375,-91.7
hf_natural/fsd233286.wav,hf_natural,FSD50K (Freesound) via HF Fhrozen/FSD50k,CC0-1.0,44100,4.619,full,0.0,4.619,CLEAR,0.0,0.0076,0.0,0.6957,0.0007613684237997802,9.248995633978707,1.3634865548624227,7.885509079116284,16429.833984375,0.002435194675200673,13565.91796875,-22.3
hf_natural/fsd233286.wav,hf_natural,FSD50K (Freesound) via HF Fhrozen/FSD50k,CC0-1.0,44100,4.619,win0.5,0.0,0.5,CLEAR,0.0,0.0,0.0,0.0,2.1463442118135015e-06,,,,,1.1582152296335536e-05,1356.591796875,-24.2
hf_natural/fsd233286.wav,hf_natural,FSD50K (Freesound) via HF Fhrozen/FSD50k,CC0-1.0,44100,4.619,win0.5,1.03,0.5,CLEAR,0.0,0.0205,0.0,0.7038,0.0020490213577575534,8.322511681919831,3.8703545627746405,4.452157119145191,21705.46875,0.004016997138845262,13630.517578125,-20.5
hf_natural/fsd233286.wav,hf_natural,FSD50K (Freesound) via HF Fhrozen/FSD50k,CC0-1.0,44100,4.619,win0.5,2.06,0.5,CLEAR,0.0,0.0,0.0,0.0,3.285116857277929e-05,,,,,0.00013343476186338074,2024.12109375,-21.2
hf_natural/fsd233286.wav,hf_natural,FSD50K (Freesound) via HF Fhrozen/FSD50k,CC0-1.0,44100,4.619,win0.5,3.089,0.5,CLEAR,0.0,0.0,0.0,0.0767,0.00015278479632148571,,,,,0.0007097730881671874,8613.28125,-21.9
hf_natural/fsd233286.wav,hf_natural,FSD50K (Freesound) via HF Fhrozen/FSD50k,CC0-1.0,44100,4.619,win0.5,4.119,0.5,CLEAR,0.0,0.0,0.0,0.2489,9.611737271469659e-05,,,,,0.000272311585071276,9991.40625,-28.9
hf_natural/fsd233286.wav,hf_natural,FSD50K (Freesound) via HF Fhrozen/FSD50k,CC0-1.0,44100,4.619,win0.2,0.0,0.2,CLEAR,0.0,0.0,0.0,0.0,2.781389703485968e-06,,,,,1.704116428602538e-05,1055.126953125,-26.4
hf_natural/fsd233286.wav,hf_natural,FSD50K (Freesound) via HF Fhrozen/FSD50k,CC0-1.0,44100,4.619,win0.2,1.105,0.2,CLEAR,0.0,0.0336,0.0,0.7361,0.003362351142986834,8.374839327065537,6.003926243331833,2.3709130837337042,21727.001953125,0.0060638874225829986,13888.916015625,-20.2
hf_natural/fsd233286.wav,hf_natural,FSD50K (Freesound) via HF Fhrozen/FSD50k,CC0-1.0,44100,4.619,win0.2,2.21,0.2,CLEAR,0.0,0.0,0.0,0.0,2.2022507259700598e-06,,,,,8.146407730504171e-06,3079.248046875,-24.0
hf_natural/fsd233286.wav,hf_natural,FSD50K (Freesound) via HF Fhrozen/FSD50k,CC0-1.0,44100,4.619,win0.2,3.314,0.2,CLEAR,0.0,0.0,0.0,0.0,1.1442007342833804e-05,,,,,0.00019826660145106446,3079.248046875,-22.8
hf_natural/fsd233286.wav,hf_natural,FSD50K (Freesound) via HF Fhrozen/FSD50k,CC0-1.0,44100,4.619,win0.2,4.419,0.2,CLEAR,0.0,0.0,0.0,0.0,0.0002029212220561123,,,,,0.000476228734088464,7084.423828125,-29.7
hf_natural/fsd389739.wav,hf_natural,FSD50K (Freesound) via HF Fhrozen/FSD50k,CC0-1.0,44100,9.228,full,0.0,9.228,CLEAR,0.0,0.0,0.0,0.0,8.388758083243702e-08,,,,,1.0852422123445715e-07,3811.376953125,-32.0
hf_natural/fsd389739.wav,hf_natural,FSD50K (Freesound) via HF Fhrozen/FSD50k,CC0-1.0,44100,9.228,win0.5,0.0,0.5,CLEAR,0.0,0.0,0.0,0.0,8.94047474079255e-08,,,,,1.1423941429143965e-07,4371.240234375,-31.7
hf_natural/fsd389739.wav,hf_natural,FSD50K (Freesound) via HF Fhrozen/FSD50k,CC0-1.0,44100,9.228,win0.5,2.182,0.5,CLEAR,0.0,0.0,0.0,0.0,3.1735827642022686e-06,,,,,5.496198539657279e-06,2562.451171875,-53.2
hf_natural/fsd389739.wav,hf_natural,FSD50K (Freesound) via HF Fhrozen/FSD50k,CC0-1.0,44100,9.228,win0.5,4.364,0.5,CLEAR,0.0,0.0,0.0,0.0,1.2712279589138859e-07,,,,,1.8674011870300534e-07,2799.31640625,-37.2
hf_natural/fsd389739.wav,hf_natural,FSD50K (Freesound) via HF Fhrozen/FSD50k,CC0-1.0,44100,9.228,win0.5,6.546,0.5,CLEAR,0.0,0.0,0.0,0.0,1.1924474800353254e-06,,,,,2.0451585414705126e-06,3919.04296875,-48.0
hf_natural/fsd389739.wav,hf_natural,FSD50K (Freesound) via HF Fhrozen/FSD50k,CC0-1.0,44100,9.228,win0.5,8.728,0.5,CLEAR,0.0,0.0,0.0,0.0,1.0554499009387277e-07,,,,,1.7393889651332253e-07,3466.845703125,-36.1
hf_natural/fsd389739.wav,hf_natural,FSD50K (Freesound) via HF Fhrozen/FSD50k,CC0-1.0,44100,9.228,win0.2,0.0,0.2,CLEAR,0.0,0.0,0.0,0.0,8.864119123172778e-08,,,,,1.1518018975703279e-07,5189.501953125,-32.2
hf_natural/fsd389739.wav,hf_natural,FSD50K (Freesound) via HF Fhrozen/FSD50k,CC0-1.0,44100,9.228,win0.2,2.257,0.2,CLEAR,0.0,0.0,0.0,0.0,4.724702167226442e-06,,,,,8.222364622831813e-06,3445.3125,-54.9
hf_natural/fsd389739.wav,hf_natural,FSD50K (Freesound) via HF Fhrozen/FSD50k,CC0-1.0,44100,9.228,win0.2,4.514,0.2,CLEAR,0.0,0.0,0.0,0.0,9.292316816620762e-08,,,,,1.2825410116412375e-07,2519.384765625,-34.5
hf_natural/fsd389739.wav,hf_natural,FSD50K (Freesound) via HF Fhrozen/FSD50k,CC0-1.0,44100,9.228,win0.2,6.771,0.2,CLEAR,0.0,0.0,0.0,0.0,6.828285013552432e-07,,,,,1.1440594610319518e-06,2304.052734375,-46.8
hf_natural/fsd389739.wav,hf_natural,FSD50K (Freesound) via HF Fhrozen/FSD50k,CC0-1.0,44100,9.228,win0.2,9.028,0.2,CLEAR,0.0,0.0,0.0,0.0,1.1248882013800054e-07,,,,,1.61934593911142e-07,3316.11328125,-36.1
hf_natural/fsd410783.wav,hf_natural,FSD50K (Freesound) via HF Fhrozen/FSD50k,CC0-1.0,44100,3.634,full,0.0,3.634,CLEAR,0.0,0.0026,0.0,0.2301,0.0002560557785981657,,,,,0.0007556115693476769,9840.673828125,-21.9
hf_natural/fsd410783.wav,hf_natural,FSD50K (Freesound) via HF Fhrozen/FSD50k,CC0-1.0,44100,3.634,win0.5,0.0,0.5,CLEAR,0.0,0.0,0.0,0.2785,0.0006335883445322613,,,,,0.0008351538656135875,10228.271484375,-52.0
hf_natural/fsd410783.wav,hf_natural,FSD50K (Freesound) via HF Fhrozen/FSD50k,CC0-1.0,44100,3.634,win0.5,0.784,0.5,CLEAR,0.0,0.0049,0.0,0.362,0.0004928609706180995,8.45980134676539,3.8703545627746405,4.58944678399075,15180.908203125,0.0011805009393624486,10895.80078125,-16.8
hf_natural/fsd410783.wav,hf_natural,FSD50K (Freesound) via HF Fhrozen/FSD50k,CC0-1.0,44100,3.634,win0.5,1.567,0.5,CLEAR,0.0,0.0,0.0,0.3108,4.2164515725174595e-06,,,,,9.698949733845261e-05,10486.669921875,-27.5
hf_natural/fsd410783.wav,hf_natural,FSD50K (Freesound) via HF Fhrozen/FSD50k,CC0-1.0,44100,3.634,win0.5,2.351,0.5,CLEAR,0.0,0.0,0.0,0.4346,2.4096197176441672e-05,,,,,0.00035432418103687976,11477.197265625,-36.1
hf_natural/fsd410783.wav,hf_natural,FSD50K (Freesound) via HF Fhrozen/FSD50k,CC0-1.0,44100,3.634,win0.5,3.134,0.5,CLEAR,0.0,0.0,0.0,0.0,0.0011562370529900638,3.370337859639016,3.8703545627746405,-0.5000167031356244,20499.609375,0.001557686688099121,710.595703125,-55.2
hf_natural/fsd410783.wav,hf_natural,FSD50K (Freesound) via HF Fhrozen/FSD50k,CC0-1.0,44100,3.634,win0.2,0.0,0.2,CLEAR,0.0,0.0,0.0,0.0,0.001352772197172828,5.200012239072453,6.003926243331833,-0.8039140042593802,19509.08203125,0.001817133997627997,1162.79296875,-56.0
hf_natural/fsd410783.wav,hf_natural,FSD50K (Freesound) via HF Fhrozen/FSD50k,CC0-1.0,44100,3.634,win0.2,0.859,0.2,CLEAR,0.0,0.0029,0.0,0.4562,0.000289656100327079,7.537378318294747,6.003926243331833,1.5334520749629146,15030.17578125,0.0014663135628077827,11649.462890625,-21.3
hf_natural/fsd410783.wav,hf_natural,FSD50K (Freesound) via HF Fhrozen/FSD50k,CC0-1.0,44100,3.634,win0.2,1.717,0.2,CLEAR,0.0,0.0,0.0,0.3135,4.670889617861776e-06,,,,,4.3645733393898e-05,10508.203125,-29.3
hf_natural/fsd410783.wav,hf_natural,FSD50K (Freesound) via HF Fhrozen/FSD50k,CC0-1.0,44100,3.634,win0.2,2.576,0.2,CLEAR,0.0,0.0,0.0,0.4508,0.005301492028814312,6.984395962013777,6.003926243331833,0.9804697186819444,21554.736328125,0.006580444824294842,11606.396484375,-58.2
hf_natural/fsd410783.wav,hf_natural,FSD50K (Freesound) via HF Fhrozen/FSD50k,CC0-1.0,44100,3.634,win0.2,3.434,0.2,CLEAR,0.0,0.0,0.0,0.0,0.0009751434642629533,5.485915352992944,6.003926243331833,-0.5180108903388891,20865.673828125,0.0013296444849101748,602.9296875,-54.7
hf_natural/fsd29888.wav,hf_natural,FSD50K (Freesound) via HF Fhrozen/FSD50k,CC-BY-3.0,44100,3.826,full,0.0,3.826,CLEAR,0.0,0.0,0.0,0.8411,0.0011937853781076283,11.385127033589583,1.491407870779741,9.893719162809843,15310.107421875,0.009341995415656076,14728.7109375,-32.6
hf_natural/fsd29888.wav,hf_natural,FSD50K (Freesound) via HF Fhrozen/FSD50k,CC-BY-3.0,44100,3.826,win0.5,0.0,0.5,CLEAR,0.0,0.0083,0.0,0.8303,0.0008325688770425054,16.16123839026056,3.8703545627746405,12.29088382748592,15353.173828125,0.00906941351230134,14642.578125,-28.4
hf_natural/fsd29888.wav,hf_natural,FSD50K (Freesound) via HF Fhrozen/FSD50k,CC-BY-3.0,44100,3.826,win0.5,0.832,0.5,CLEAR,0.0,0.0,0.0,0.6715,0.0011008643968939487,12.568572479503878,3.8703545627746405,8.698217916729238,15977.63671875,0.006379412007751789,13372.119140625,-35.6
hf_natural/fsd29888.wav,hf_natural,FSD50K (Freesound) via HF Fhrozen/FSD50k,CC-BY-3.0,44100,3.826,win0.5,1.663,0.5,CLEAR,0.0,0.0,0.0,0.903,0.002807411066977198,12.69491818049657,3.8703545627746405,8.82456361772193,15310.107421875,0.010885450716086927,15223.974609375,-42.6
hf_natural/fsd29888.wav,hf_natural,FSD50K (Freesound) via HF Fhrozen/FSD50k,CC-BY-3.0,44100,3.826,win0.5,2.495,0.5,CLEAR,0.0,0.0,0.0,0.8007,0.0012173663431785092,13.610321376679922,3.8703545627746405,9.739966813905282,16472.900390625,0.007950667321875896,14405.712890625,-31.4
hf_natural/fsd29888.wav,hf_natural,FSD50K (Freesound) via HF Fhrozen/FSD50k,CC-BY-3.0,44100,3.826,win0.5,3.326,0.5,CLEAR,0.0,0.0,0.0,0.9945,0.004703324727488113,9.742790619722873,3.8703545627746405,5.872436056948233,18044.82421875,0.011765459648782334,15956.103515625,-47.2
hf_natural/fsd29888.wav,hf_natural,FSD50K (Freesound) via HF Fhrozen/FSD50k,CC-BY-3.0,44100,3.826,win0.2,0.0,0.2,CLEAR,0.0,0.0,0.0,1.0,0.017732748647720217,4.239700249022138,6.003926243331833,-1.7642259943096947,17312.6953125,0.03663390228560794,19186.083984375,-52.5
hf_natural/fsd29888.wav,hf_natural,FSD50K (Freesound) via HF Fhrozen/FSD50k,CC-BY-3.0,44100,3.826,win0.2,0.907,0.2,CLEAR,0.0,0.0,0.0,0.693,0.001091683210962845,13.676394037890836,6.003926243331833,7.672467794559003,15396.240234375,0.006194605108507851,13544.384765625,-42.5
hf_natural/fsd29888.wav,hf_natural,FSD50K (Freesound) via HF Fhrozen/FSD50k,CC-BY-3.0,44100,3.826,win0.2,1.813,0.2,CLEAR,0.0,0.0,0.0,0.5665,0.00230439668250236,6.114331132287826,6.003926243331833,0.11040488895599321,17097.36328125,0.005036145187152215,12532.32421875,-47.7
hf_natural/fsd29888.wav,hf_natural,FSD50K (Freesound) via HF Fhrozen/FSD50k,CC-BY-3.0,44100,3.826,win0.2,2.72,0.2,CLEAR,0.0,0.0114,0.0,0.8196,0.0011355468608016887,14.367041204880271,6.003926243331833,8.363114961548439,15568.505859375,0.008262122877818107,14556.4453125,-28.9
hf_natural/fsd29888.wav,hf_natural,FSD50K (Freesound) via HF Fhrozen/FSD50k,CC-BY-3.0,44100,3.826,win0.2,3.626,0.2,CLEAR,0.0,0.0,0.0,1.0,0.065423376372913,5.074730475776493,6.003926243331833,-0.9291957675553402,17528.02734375,0.14732426761675468,20650.341796875,-61.8
hf_natural/fsd268586.wav,hf_natural,FSD50K (Freesound) via HF Fhrozen/FSD50k,CC0-1.0,44100,5.352,full,0.0,5.352,CLEAR,0.0,0.0,0.0,0.0,3.119354075371631e-09,,,,,5.8312900924722e-06,2304.052734375,-19.6
hf_natural/fsd268586.wav,hf_natural,FSD50K (Freesound) via HF Fhrozen/FSD50k,CC0-1.0,44100,5.352,win0.5,0.0,0.5,CLEAR,0.0,0.0,0.0,0.0417,7.577076123901683e-07,,,,,0.0005466834558085108,8333.349609375,-44.4
hf_natural/fsd268586.wav,hf_natural,FSD50K (Freesound) via HF Fhrozen/FSD50k,CC0-1.0,44100,5.352,win0.5,1.213,0.5,CLEAR,0.0,0.0,0.0,0.0,1.354720536906001e-09,,,,,2.697392356220577e-06,1959.521484375,-14.4
hf_natural/fsd268586.wav,hf_natural,FSD50K (Freesound) via HF Fhrozen/FSD50k,CC0-1.0,44100,5.352,win0.5,2.426,0.5,CLEAR,0.0,0.0,0.0,0.0,2.3544395317313057e-09,,,,,8.106085898873472e-06,3143.84765625,-17.9
hf_natural/fsd268586.wav,hf_natural,FSD50K (Freesound) via HF Fhrozen/FSD50k,CC0-1.0,44100,5.352,win0.5,3.639,0.5,CLEAR,0.0,0.0,0.0,0.0,7.098868575555931e-08,,,,,6.244276735162684e-05,4349.70703125,-34.3
hf_natural/fsd268586.wav,hf_natural,FSD50K (Freesound) via HF Fhrozen/FSD50k,CC0-1.0,44100,5.352,win0.5,4.852,0.5,CLEAR,0.0,0.0,0.0,0.0,2.7614520434049567e-07,,,,,0.00023446834503118344,5921.630859375,-40.3
hf_natural/fsd268586.wav,hf_natural,FSD50K (Freesound) via HF Fhrozen/FSD50k,CC0-1.0,44100,5.352,win0.2,0.0,0.2,CLEAR,0.0,0.0,0.0,0.0,5.346153289266582e-07,,,,,0.00034560316154144823,5598.6328125,-43.2
hf_natural/fsd268586.wav,hf_natural,FSD50K (Freesound) via HF Fhrozen/FSD50k,CC0-1.0,44100,5.352,win0.2,1.288,0.2,CLEAR,0.0,0.0,0.0,0.0,1.3540719223385948e-09,,,,,2.587421753859244e-06,1916.455078125,-14.1
hf_natural/fsd268586.wav,hf_natural,FSD50K (Freesound) via HF Fhrozen/FSD50k,CC0-1.0,44100,5.352,win0.2,2.576,0.2,CLEAR,0.0,0.0,0.0,0.0,2.11619412949644e-09,,,,,8.897054249745924e-06,3100.78125,-17.8
hf_natural/fsd268586.wav,hf_natural,FSD50K (Freesound) via HF Fhrozen/FSD50k,CC0-1.0,44100,5.352,win0.2,3.864,0.2,CLEAR,0.0,0.0,0.0,0.0,4.317208537003392e-08,,,,,3.844074290154538e-05,4349.70703125,-32.3
hf_natural/fsd268586.wav,hf_natural,FSD50K (Freesound) via HF Fhrozen/FSD50k,CC0-1.0,44100,5.352,win0.2,5.152,0.2,CLEAR,0.0,0.0,0.0,0.0,1.3760706883944422e-07,,,,,0.00012449368299356818,4392.7734375,-37.4
hf_natural/fsd32244.wav,hf_natural,FSD50K (Freesound) via HF Fhrozen/FSD50k,CC-BY-3.0,44100,2.8,full,0.0,2.8,CLEAR,0.0,0.0,0.0,0.0,1.4903684061118559e-05,,,,,6.984179677506612e-05,3940.576171875,-16.1
hf_natural/fsd32244.wav,hf_natural,FSD50K (Freesound) via HF Fhrozen/FSD50k,CC-BY-3.0,44100,2.8,win0.5,0.0,0.5,CLEAR,0.0,0.0,0.0,0.0,1.7280059176338326e-05,,,,,0.00012793234434416276,3983.642578125,-16.7
hf_natural/fsd32244.wav,hf_natural,FSD50K (Freesound) via HF Fhrozen/FSD50k,CC-BY-3.0,44100,2.8,win0.5,0.575,0.5,CLEAR,0.0,0.0,0.0,0.0,2.259167286803765e-05,,,,,5.0543454160212984e-05,3897.509765625,-15.7
hf_natural/fsd32244.wav,hf_natural,FSD50K (Freesound) via HF Fhrozen/FSD50k,CC-BY-3.0,44100,2.8,win0.5,1.15,0.5,CLEAR,0.0,0.0,0.0,0.0,1.536771746363446e-05,,,,,3.7694978584545105e-05,3897.509765625,-15.4
hf_natural/fsd32244.wav,hf_natural,FSD50K (Freesound) via HF Fhrozen/FSD50k,CC-BY-3.0,44100,2.8,win0.5,1.725,0.5,CLEAR,0.0,0.0,0.0,0.0,1.0924853914528597e-05,,,,,5.504294506916341e-05,3897.509765625,-15.4
hf_natural/fsd32244.wav,hf_natural,FSD50K (Freesound) via HF Fhrozen/FSD50k,CC-BY-3.0,44100,2.8,win0.5,2.3,0.5,CLEAR,0.0,0.0,0.0,0.0,9.706803075513982e-06,,,,,7.650935089190979e-05,3940.576171875,-17.0
hf_natural/fsd32244.wav,hf_natural,FSD50K (Freesound) via HF Fhrozen/FSD50k,CC-BY-3.0,44100,2.8,win0.2,0.0,0.2,CLEAR,0.0,0.0,0.0,0.0,6.571626986822493e-05,,,,,0.00013384285285660222,4069.775390625,-18.3
hf_natural/fsd32244.wav,hf_natural,FSD50K (Freesound) via HF Fhrozen/FSD50k,CC-BY-3.0,44100,2.8,win0.2,0.65,0.2,CLEAR,0.0,0.0,0.0,0.0,1.968986436156532e-05,,,,,4.560649248401887e-05,3897.509765625,-16.1
hf_natural/fsd32244.wav,hf_natural,FSD50K (Freesound) via HF Fhrozen/FSD50k,CC-BY-3.0,44100,2.8,win0.2,1.3,0.2,CLEAR,0.0,0.0,0.0,0.0,1.8300088957607618e-05,,,,,4.158829886846849e-05,3919.04296875,-15.3
hf_natural/fsd32244.wav,hf_natural,FSD50K (Freesound) via HF Fhrozen/FSD50k,CC-BY-3.0,44100,2.8,win0.2,1.95,0.2,CLEAR,0.0,0.0,0.0,0.0,1.2953739598692043e-05,,,,,8.005018734822688e-05,3897.509765625,-16.0
hf_natural/fsd32244.wav,hf_natural,FSD50K (Freesound) via HF Fhrozen/FSD50k,CC-BY-3.0,44100,2.8,win0.2,2.6,0.2,CLEAR,0.0,0.0,0.0,0.0,1.0625544670149622e-05,,,,,3.7883697091950274e-05,3832.91015625,-20.3
hf_natural/fsd187265.wav,hf_natural,FSD50K (Freesound) via HF Fhrozen/FSD50k,CC0-1.0,44100,9.759,full,0.0,9.759,CLEAR,0.0,0.0,0.0,0.0,0.00043337333801172134,6.488308566402527,0.9502336933926642,5.538074873009863,16063.76953125,0.001330036263302521,2325.5859375,-41.2
hf_natural/fsd187265.wav,hf_natural,FSD50K (Freesound) via HF Fhrozen/FSD50k,CC0-1.0,44100,9.759,win0.5,0.0,0.5,CLEAR,0.0,0.0,0.0,0.0,5.84200440716051e-05,,,,,0.0002702243829552636,2239.453125,-55.5
hf_natural/fsd187265.wav,hf_natural,FSD50K (Freesound) via HF Fhrozen/FSD50k,CC0-1.0,44100,9.759,win0.5,2.315,0.5,CLEAR,0.0,0.0,0.0,0.0,0.0004958366732803484,5.904734653018401,3.8703545627746405,2.03438009024376,15503.90625,0.0012341293408854293,430.6640625,-64.5
hf_natural/fsd187265.wav,hf_natural,FSD50K (Freesound) via HF Fhrozen/FSD50k,CC0-1.0,44100,9.759,win0.5,4.629,0.5,CLEAR,0.0,0.0,0.0,1.0,0.002665389933622576,11.595726931625649,3.8703545627746405,7.7253723688510085,15826.904296875,0.023254877479267546,16752.83203125,-60.1
hf_natural/fsd187265.wav,hf_natural,FSD50K (Freesound) via HF Fhrozen/FSD50k,CC0-1.0,44100,9.759,win0.5,6.944,0.5,CLEAR,0.0,0.0,0.0,1.0,0.0031151515857760523,12.068407496313798,3.8703545627746405,8.198052933539158,17441.89453125,0.015593707955440208,17248.095703125,-62.3
hf_natural/fsd187265.wav,hf_natural,FSD50K (Freesound) via HF Fhrozen/FSD50k,CC0-1.0,44100,9.759,win0.5,9.259,0.5,CLEAR,0.0,0.0,0.0,0.0,0.0004343789364932421,,,,,0.0009225265761332425,6029.296875,-65.0
hf_natural/fsd187265.wav,hf_natural,FSD50K (Freesound) via HF Fhrozen/FSD50k,CC0-1.0,44100,9.759,win0.2,0.0,0.2,CLEAR,0.0,0.0,0.0,0.0,1.7287805463207412e-05,,,,,9.851386309431378e-05,1959.521484375,-53.6
hf_natural/fsd187265.wav,hf_natural,FSD50K (Freesound) via HF Fhrozen/FSD50k,CC0-1.0,44100,9.759,win0.2,2.39,0.2,CLEAR,0.0,0.0,0.0,0.0,0.00044868696417366187,,,,,0.0009151518461659227,409.130859375,-64.5
hf_natural/fsd187265.wav,hf_natural,FSD50K (Freesound) via HF Fhrozen/FSD50k,CC0-1.0,44100,9.759,win0.2,4.779,0.2,CLEAR,0.0,0.0,0.0,0.0,0.0008762344659481968,5.287869643254123,6.003926243331833,-0.7160566000777102,17915.625,0.001963348223912336,1959.521484375,-69.4
hf_natural/fsd187265.wav,hf_natural,FSD50K (Freesound) via HF Fhrozen/FSD50k,CC0-1.0,44100,9.759,win0.2,7.169,0.2,CLEAR,0.0,0.0,0.0,1.0,0.002958346686112827,11.998493366737913,6.003926243331833,5.99456712340608,17291.162109375,0.014879751662682517,17226.5625,-59.8
hf_natural/fsd187265.wav,hf_natural,FSD50K (Freesound) via HF Fhrozen/FSD50k,CC0-1.0,44100,9.759,win0.2,9.559,0.2,CLEAR,0.0,0.0,0.0,0.0,0.00026458376680267055,,,,,0.0005756564759331057,7019.82421875,-66.0
hf_natural/fsd418520.wav,hf_natural,FSD50K (Freesound) via HF Fhrozen/FSD50k,CC0-1.0,44100,2.277,full,0.0,2.277,CLEAR,0.0,0.0,0.0,0.0,1.9326324481417397e-05,,,,,0.00015470868592095926,3962.109375,-35.7
hf_natural/fsd418520.wav,hf_natural,FSD50K (Freesound) via HF Fhrozen/FSD50k,CC0-1.0,44100,2.277,win0.5,1.777,0.5,CLEAR,0.0,0.0,0.0,0.0,1.420904430650219e-05,,,,,0.00012756143799351854,3962.109375,-29.1
hf_natural/fsd418520.wav,hf_natural,FSD50K (Freesound) via HF Fhrozen/FSD50k,CC0-1.0,44100,2.277,win0.2,2.077,0.2,CLEAR,0.0,0.0,0.0,0.0,1.4546095417045226e-05,,,,,0.00012900543513940578,3423.779296875,-25.5
environmental/fsd432465.wav,environmental,FSD50K (Freesound) via HF Fhrozen/FSD50k,CC0-1.0,44100,6.713,full,0.0,6.713,CLEAR,0.0,0.0,0.0,0.0,0.00020992032626983162,,,,,0.0003989029138519647,4048.2421875,-37.4
environmental/fsd432465.wav,environmental,FSD50K (Freesound) via HF Fhrozen/FSD50k,CC0-1.0,44100,6.713,win0.5,0.0,0.5,CLEAR,0.0,0.0,0.0,0.0,5.618408916542304e-05,,,,,0.0001316210443580576,3057.71484375,-38.8
environmental/fsd432465.wav,environmental,FSD50K (Freesound) via HF Fhrozen/FSD50k,CC0-1.0,44100,6.713,win0.5,1.553,0.5,CLEAR,0.0,0.0,0.0,0.0,7.855432974023079e-05,,,,,0.00017383186070384798,3940.576171875,-40.4
environmental/fsd432465.wav,environmental,FSD50K (Freesound) via HF Fhrozen/FSD50k,CC0-1.0,44100,6.713,win0.5,3.107,0.5,CLEAR,0.0,0.0,0.0,0.0,6.399919891140899e-05,,,,,0.000130579542404874,3165.380859375,-38.2
environmental/fsd432465.wav,environmental,FSD50K (Freesound) via HF Fhrozen/FSD50k,CC0-1.0,44100,6.713,win0.5,4.66,0.5,CLEAR,0.0,0.0,0.0,0.0,0.00011915464095597085,,,,,0.0002546097555840156,4801.904296875,-36.0
environmental/fsd432465.wav,environmental,FSD50K (Freesound) via HF Fhrozen/FSD50k,CC0-1.0,44100,6.713,win0.5,6.213,0.5,CLEAR,0.0,0.0,0.0,0.0,9.680013660228573e-05,,,,,0.0003039291306010423,3445.3125,-35.6
environmental/fsd432465.wav,environmental,FSD50K (Freesound) via HF Fhrozen/FSD50k,CC0-1.0,44100,6.713,win0.2,0.0,0.2,CLEAR,0.0,0.0,0.0,0.0,4.229799035029278e-05,,,,,0.00010479079119767536,2799.31640625,-37.8
environmental/fsd432465.wav,environmental,FSD50K (Freesound) via HF Fhrozen/FSD50k,CC0-1.0,44100,6.713,win0.2,1.628,0.2,CLEAR,0.0,0.0,0.0,0.0,8.927613906833424e-05,,,,,0.0001953385481073939,4220.5078125,-41.3
environmental/fsd432465.wav,environmental,FSD50K (Freesound) via HF Fhrozen/FSD50k,CC0-1.0,44100,6.713,win0.2,3.257,0.2,CLEAR,0.0,0.0,0.0,0.0,7.519662630097224e-05,,,,,0.00014795060895641014,3316.11328125,-38.4
environmental/fsd432465.wav,environmental,FSD50K (Freesound) via HF Fhrozen/FSD50k,CC0-1.0,44100,6.713,win0.2,4.885,0.2,CLEAR,0.0,0.0,0.0,0.0,0.00017038499069001243,,,,,0.0003459000684639724,4888.037109375,-34.9
environmental/fsd432465.wav,environmental,FSD50K (Freesound) via HF Fhrozen/FSD50k,CC0-1.0,44100,6.713,win0.2,6.513,0.2,CLEAR,0.0,0.0,0.0,0.0,0.00016176073594832092,,,,,0.00044705184902668924,3273.046875,-35.1
environmental/fsd202150.wav,environmental,FSD50K (Freesound) via HF Fhrozen/FSD50k,CC0-1.0,44100,8.64,full,0.0,8.64,CLEAR,0.0,0.0,0.0,0.2785,0.0012465516142017641,1.115615527333104,1.007569573057864,0.10804595427524011,17721.826171875,0.002595982675565026,10228.271484375,-61.3
environmental/fsd202150.wav,environmental,FSD50K (Freesound) via HF Fhrozen/FSD50k,CC0-1.0,44100,8.64,win0.5,0.0,0.5,CLEAR,0.0,0.0,0.0,0.5289,0.003630501393738747,3.91972609315338,3.8703545627746405,0.049371530378739426,18776.953125,0.00660879339017064,12230.859375,-66.8
environmental/fsd202150.wav,environmental,FSD50K (Freesound) via HF Fhrozen/FSD50k,CC0-1.0,44100,8.64,win0.5,2.035,0.5,CLEAR,0.0,0.0,0.0,0.0578,0.00048200209166286576,2.991399965675865,3.8703545627746405,-0.8789545970987755,17592.626953125,0.0010214895857783804,8462.548828125,-57.1
environmental/fsd202150.wav,environmental,FSD50K (Freesound) via HF Fhrozen/FSD50k,CC0-1.0,44100,8.64,win0.5,4.07,0.5,CLEAR,0.0,0.0,0.0,0.7227,0.004408660518854569,3.4842912482769064,3.8703545627746405,-0.3860633144977341,18238.623046875,0.00852442759356271,13781.25,-66.7
environmental/fsd202150.wav,environmental,FSD50K (Freesound) via HF Fhrozen/FSD50k,CC0-1.0,44100,8.64,win0.5,6.105,0.5,CLEAR,0.0,0.0,0.0,0.4212,0.0020669826874807795,3.386960025402807,3.8703545627746405,-0.48339453737183335,18281.689453125,0.004327945016800598,11369.53125,-63.8
environmental/fsd202150.wav,environmental,FSD50K (Freesound) via HF Fhrozen/FSD50k,CC0-1.0,44100,8.64,win0.5,8.14,0.5,CLEAR,0.0,0.0,0.0,0.0,0.00036582949995595145,,,,,0.0007837540426369169,7515.087890625,-56.4
environmental/fsd202150.wav,environmental,FSD50K (Freesound) via HF Fhrozen/FSD50k,CC0-1.0,44100,8.64,win0.2,0.0,0.2,CLEAR,0.0,0.0,0.0,0.6957,0.004676149388438228,5.7622702089154165,6.003926243331833,-0.24165603441641625,19078.41796875,0.008384783584894662,13565.91796875,-69.3
environmental/fsd202150.wav,environmental,FSD50K (Freesound) via HF Fhrozen/FSD50k,CC0-1.0,44100,8.64,win0.2,2.11,0.2,CLEAR,0.0,0.0,0.0,0.0,0.00045470878078371954,4.710959286544661,6.003926243331833,-1.292966956787172,16602.099609375,0.0010730433059324077,7730.419921875,-57.6
environmental/fsd202150.wav,environmental,FSD50K (Freesound) via HF Fhrozen/FSD50k,CC0-1.0,44100,8.64,win0.2,4.22,0.2,CLEAR,0.0,0.0,0.0,0.8868,0.004489104253977036,5.099858350449102,6.003926243331833,-0.9040678928827308,16989.697265625,0.010216563476438676,15094.775390625,-66.8
environmental/fsd202150.wav,environmental,FSD50K (Freesound) via HF Fhrozen/FSD50k,CC0-1.0,44100,8.64,win0.2,6.33,0.2,CLEAR,0.0,0.0,0.0,0.3835,0.0021630229948754773,5.694889816473823,6.003926243331833,-0.30903642685801014,17118.896484375,0.004448471037636733,11068.06640625,-63.9
environmental/fsd202150.wav,environmental,FSD50K (Freesound) via HF Fhrozen/FSD50k,CC0-1.0,44100,8.64,win0.2,8.44,0.2,CLEAR,0.0,0.0,0.0,0.0,0.0003443506161512797,,,,,0.0006883892316705233,7235.15625,-56.3
environmental/fsd110352.wav,environmental,FSD50K (Freesound) via HF Fhrozen/FSD50k,CC-BY-3.0,44100,7.052,full,0.0,7.052,CLEAR,0.0,0.038,0.0,1.0,0.0038033776513648,4.446136484668972,1.1121825711142062,3.3339539135547653,15805.37109375,0.01466304387791942,16214.501953125,-33.9
environmental/fsd110352.wav,environmental,FSD50K (Freesound) via HF Fhrozen/FSD50k,CC-BY-3.0,44100,7.052,win0.5,0.0,0.5,CLEAR,0.0,0.0387,0.0,0.9864,0.003870409852815023,7.130310847153711,3.8703545627746405,3.259956284379071,15267.041015625,0.014404254917330493,15891.50390625,-33.6
environmental/fsd110352.wav,environmental,FSD50K (Freesound) via HF Fhrozen/FSD50k,CC-BY-3.0,44100,7.052,win0.5,1.638,0.5,CLEAR,0.0,0.0436,0.0,1.0,0.004359857742720149,5.790772907299563,3.8703545627746405,1.9204183445249225,17161.962890625,0.015188470562192542,16451.3671875,-34.1
environmental/fsd110352.wav,environmental,FSD50K (Freesound) via HF Fhrozen/FSD50k,CC-BY-3.0,44100,7.052,win0.5,3.276,0.5,CLEAR,0.0,0.0297,0.0,0.9218,0.0029722550778593796,5.667083514527928,3.8703545627746405,1.7967289517532872,17011.23046875,0.010953899446116714,15374.70703125,-32.5
environmental/fsd110352.wav,environmental,FSD50K (Freesound) via HF Fhrozen/FSD50k,CC-BY-3.0,44100,7.052,win0.5,4.914,0.5,CLEAR,0.0,0.0411,0.0,0.9972,0.00410825608227617,4.357195421039954,3.8703545627746405,0.4868408582653134,15719.23828125,0.013102717090483091,15977.63671875,-34.7
environmental/fsd110352.wav,environmental,FSD50K (Freesound) via HF Fhrozen/FSD50k,CC-BY-3.0,44100,7.052,win0.5,6.552,0.5,CLEAR,0.0,0.0322,0.0,1.0,0.003222912531619406,6.563027741708087,3.8703545627746405,2.6926731789334464,16645.166015625,0.013154385319882977,16042.236328125,-33.2
environmental/fsd110352.wav,environmental,FSD50K (Freesound) via HF Fhrozen/FSD50k,CC-BY-3.0,44100,7.052,win0.2,0.0,0.2,CLEAR,0.0,0.0337,0.0,0.9784,0.0033686874257270088,7.106274087886946,6.003926243331833,1.102347844555113,15891.50390625,0.012196513655727218,15826.904296875,-33.3
environmental/fsd110352.wav,environmental,FSD50K (Freesound) via HF Fhrozen/FSD50k,CC-BY-3.0,44100,7.052,win0.2,1.713,0.2,CLEAR,0.0,0.0341,0.0,0.8815,0.0034068053926528392,6.5542163896720185,6.003926243331833,0.5502901463401857,16537.5,0.010139699208257472,15051.708984375,-33.7
environmental/fsd110352.wav,environmental,FSD50K (Freesound) via HF Fhrozen/FSD50k,CC-BY-3.0,44100,7.052,win0.2,3.426,0.2,CLEAR,0.0,0.0307,0.0,0.9299,0.0030719095927614457,7.025338205890746,6.003926243331833,1.021411962558913,16580.56640625,0.010894981247048982,15439.306640625,-31.8
environmental/fsd110352.wav,environmental,FSD50K (Freesound) via HF Fhrozen/FSD50k,CC-BY-3.0,44100,7.052,win0.2,5.139,0.2,CLEAR,0.0,0.0,0.0,0.9218,0.002984372090785862,7.443460622441597,6.003926243331833,1.4395343791097641,16623.6328125,0.010955755745768484,15374.70703125,-34.8
environmental/fsd110352.wav,environmental,FSD50K (Freesound) via HF Fhrozen/FSD50k,CC-BY-3.0,44100,7.052,win0.2,6.852,0.2,CLEAR,0.0,0.0291,0.0,1.0,0.0029081078335845023,8.37198562832118,6.003926243331833,2.3680593849893476,17549.560546875,0.0149876578080571,16236.03515625,-33.6
environmental/fsd105304.wav,environmental,FSD50K (Freesound) via HF Fhrozen/FSD50k,CC0-1.0,44100,11.889,full,0.0,11.889,CLEAR,0.0,0.0,0.0,0.0,1.1292285058902268e-09,,,,,8.623074415909801e-08,1744.189453125,-17.9
environmental/fsd105304.wav,environmental,FSD50K (Freesound) via HF Fhrozen/FSD50k,CC0-1.0,44100,11.889,win0.5,0.0,0.5,CLEAR,0.0,0.0,0.0,0.0,6.445987850800065e-09,,,,,1.7777680258517104e-06,2928.515625,-26.4
environmental/fsd105304.wav,environmental,FSD50K (Freesound) via HF Fhrozen/FSD50k,CC0-1.0,44100,11.889,win0.5,2.847,0.5,CLEAR,0.0,0.0,0.0,0.0,6.764970472618722e-10,,,,,1.9757820716827588e-08,1701.123046875,-15.6
environmental/fsd105304.wav,environmental,FSD50K (Freesound) via HF Fhrozen/FSD50k,CC0-1.0,44100,11.889,win0.5,5.695,0.5,CLEAR,0.0,0.0,0.0,0.0,1.2582960189630227e-09,,,,,2.163181490709539e-09,1270.458984375,-18.7
environmental/fsd105304.wav,environmental,FSD50K (Freesound) via HF Fhrozen/FSD50k,CC0-1.0,44100,11.889,win0.5,8.542,0.5,CLEAR,0.0,0.0,0.0,0.0,9.805465212744979e-10,,,,,1.1993747169906973e-08,968.994140625,-17.7
environmental/fsd105304.wav,environmental,FSD50K (Freesound) via HF Fhrozen/FSD50k,CC0-1.0,44100,11.889,win0.5,11.389,0.5,CLEAR,0.0,0.0,0.0,0.0,8.621485835078431e-09,,,,,4.3892375134880723e-07,925.927734375,-27.0
environmental/fsd105304.wav,environmental,FSD50K (Freesound) via HF Fhrozen/FSD50k,CC0-1.0,44100,11.889,win0.2,0.0,0.2,CLEAR,0.0,0.0,0.0,0.0,6.260868338886183e-08,,,,,1.8040509283061557e-05,2777.783203125,-35.5
environmental/fsd105304.wav,environmental,FSD50K (Freesound) via HF Fhrozen/FSD50k,CC0-1.0,44100,11.889,win0.2,2.922,0.2,CLEAR,0.0,0.0,0.0,0.0,6.630396117250419e-10,,,,,7.0045024071067395e-09,1636.5234375,-15.9
environmental/fsd105304.wav,environmental,FSD50K (Freesound) via HF Fhrozen/FSD50k,CC0-1.0,44100,11.889,win0.2,5.845,0.2,CLEAR,0.0,0.0,0.0,0.0,8.679615424435938e-10,,,,,1.5153505741514127e-09,1184.326171875,-17.3
environmental/fsd105304.wav,environmental,FSD50K (Freesound) via HF Fhrozen/FSD50k,CC0-1.0,44100,11.889,win0.2,8.767,0.2,CLEAR,0.0,0.0,0.0,0.0,1.1759178890022102e-09,,,,,3.4038130474897795e-08,990.52734375,-18.4
environmental/fsd105304.wav,environmental,FSD50K (Freesound) via HF Fhrozen/FSD50k,CC0-1.0,44100,11.889,win0.2,11.689,0.2,CLEAR,0.0,0.0,0.0,0.0,1.0787430665881466e-08,,,,,5.885370265007973e-07,904.39453125,-27.9
environmental/fsd430213.wav,environmental,FSD50K (Freesound) via HF Fhrozen/FSD50k,CC0-1.0,44100,5.375,full,0.0,5.375,CLEAR,0.0,0.0,0.0,0.0,0.00013968445447793266,,,,,0.00019066797710562755,2260.986328125,-36.9
environmental/fsd430213.wav,environmental,FSD50K (Freesound) via HF Fhrozen/FSD50k,CC0-1.0,44100,5.375,win0.5,0.0,0.5,CLEAR,0.0,0.0,0.0,0.0,7.230167786619164e-05,,,,,9.93112288197912e-05,344.53125,-27.7
environmental/fsd430213.wav,environmental,FSD50K (Freesound) via HF Fhrozen/FSD50k,CC0-1.0,44100,5.375,win0.5,1.219,0.5,CLEAR,0.0,0.0,0.0,0.0,0.000988336985192632,3.407182843928738,3.8703545627746405,-0.46317171884590236,20671.875,0.001351990805594858,3725.244140625,-48.5
environmental/fsd430213.wav,environmental,FSD50K (Freesound) via HF Fhrozen/FSD50k,CC0-1.0,44100,5.375,win0.5,2.438,0.5,CLEAR,0.0,0.0,0.0,0.0,0.0001569408416931349,,,,,0.00021341195657040797,6050.830078125,-45.9
environmental/fsd430213.wav,environmental,FSD50K (Freesound) via HF Fhrozen/FSD50k,CC0-1.0,44100,5.375,win0.5,3.657,0.5,CLEAR,0.0,0.0,0.0,0.0,0.0006675162981281843,,,,,0.0009105596000319254,2088.720703125,-47.3
environmental/fsd430213.wav,environmental,FSD50K (Freesound) via HF Fhrozen/FSD50k,CC0-1.0,44100,5.375,win0.5,4.875,0.5,CLEAR,0.0,0.0,0.0,0.0,2.4811224216656672e-05,,,,,3.4330119922116174e-05,1894.921875,-37.5
environmental/fsd430213.wav,environmental,FSD50K (Freesound) via HF Fhrozen/FSD50k,CC0-1.0,44100,5.375,win0.2,0.0,0.2,CLEAR,0.0,0.0,0.0,0.0,4.471903936133534e-05,,,,,6.345136912139559e-05,452.197265625,-24.5
environmental/fsd430213.wav,environmental,FSD50K (Freesound) via HF Fhrozen/FSD50k,CC0-1.0,44100,5.375,win0.2,1.294,0.2,CLEAR,0.0,0.0,0.0,0.0,0.0018507755557237654,5.6958715414243155,6.003926243331833,-0.30805470190751727,20478.076171875,0.002473184182510783,409.130859375,-46.7
environmental/fsd430213.wav,environmental,FSD50K (Freesound) via HF Fhrozen/FSD50k,CC0-1.0,44100,5.375,win0.2,2.588,0.2,CLEAR,0.0,0.0,0.0,1.0,0.028313736971550284,5.163643696074809,6.003926243331833,-0.8402825472570239,20650.341796875,0.03822470956758987,20650.341796875,-63.3
environmental/fsd430213.wav,environmental,FSD50K (Freesound) via HF Fhrozen/FSD50k,CC0-1.0,44100,5.375,win0.2,3.882,0.2,CLEAR,0.0,0.0,0.0,0.0,0.00026292744139549387,,,,,0.00036601246338594835,2088.720703125,-48.7
environmental/fsd430213.wav,environmental,FSD50K (Freesound) via HF Fhrozen/FSD50k,CC0-1.0,44100,5.375,win0.2,5.175,0.2,CLEAR,0.0,0.0,0.0,0.1359,0.005977174074768445,5.101681745086469,6.003926243331833,-0.9022444982453637,21640.869140625,0.008049290443354897,9087.01171875,-56.3
environmental/fsd380806.wav,environmental,FSD50K (Freesound) via HF Fhrozen/FSD50k,CC0-1.0,44100,7.0,full,0.0,7.0,CLEAR,0.0,0.0,0.0,0.0,9.810494740558509e-05,,,,,0.0002565416432271036,3617.578125,-35.6
environmental/fsd380806.wav,environmental,FSD50K (Freesound) via HF Fhrozen/FSD50k,CC0-1.0,44100,7.0,win0.5,0.0,0.5,CLEAR,0.0,0.0,0.0,0.0,5.802982560602791e-05,,,,,0.00012449626176669513,5641.69921875,-37.7
environmental/fsd380806.wav,environmental,FSD50K (Freesound) via HF Fhrozen/FSD50k,CC0-1.0,44100,7.0,win0.5,1.625,0.5,CLEAR,0.0,0.0,0.0,0.0,5.5505027124974275e-05,,,,,0.0002568394469096658,3273.046875,-31.4
environmental/fsd380806.wav,environmental,FSD50K (Freesound) via HF Fhrozen/FSD50k,CC0-1.0,44100,7.0,win0.5,3.25,0.5,CLEAR,0.0,0.0,0.0,0.0,0.00017384906391214485,,,,,0.0003573353948307956,3057.71484375,-39.7
environmental/fsd380806.wav,environmental,FSD50K (Freesound) via HF Fhrozen/FSD50k,CC0-1.0,44100,7.0,win0.5,4.875,0.5,CLEAR,0.0,0.0,0.0,0.0,6.356557038647472e-05,,,,,0.0001253356302249923,1571.923828125,-33.3
environmental/fsd380806.wav,environmental,FSD50K (Freesound) via HF Fhrozen/FSD50k,CC0-1.0,44100,7.0,win0.5,6.5,0.5,CLEAR,0.0,0.0,0.0,0.0,8.69158085833067e-05,,,,,0.00018370281692201202,2691.650390625,-36.3
environmental/fsd380806.wav,environmental,FSD50K (Freesound) via HF Fhrozen/FSD50k,CC0-1.0,44100,7.0,win0.2,0.0,0.2,CLEAR,0.0,0.0,0.0,0.0,6.159229376532102e-05,,,,,0.00011639078112007364,5555.56640625,-40.1
environmental/fsd380806.wav,environmental,FSD50K (Freesound) via HF Fhrozen/FSD50k,CC0-1.0,44100,7.0,win0.2,1.7,0.2,CLEAR,0.0,0.0,0.0,0.0,7.114194867253993e-05,,,,,0.00041684547076570674,6761.42578125,-30.0
environmental/fsd380806.wav,environmental,FSD50K (Freesound) via HF Fhrozen/FSD50k,CC0-1.0,44100,7.0,win0.2,3.4,0.2,CLEAR,0.0,0.0,0.0,0.0,0.00014123887556758495,,,,,0.0003172371935247124,3079.248046875,-38.7
environmental/fsd380806.wav,environmental,FSD50K (Freesound) via HF Fhrozen/FSD50k,CC0-1.0,44100,7.0,win0.2,5.1,0.2,CLEAR,0.0,0.0,0.0,0.0,4.6298940949693504e-05,,,,,9.243573565376046e-05,1313.525390625,-31.1
environmental/fsd380806.wav,environmental,FSD50K (Freesound) via HF Fhrozen/FSD50k,CC0-1.0,44100,7.0,win0.2,6.8,0.2,CLEAR,0.0,0.0,0.0,0.0,0.00017821041658983442,,,,,0.00038982327026642276,5340.234375,-40.5
environmental/fsd171089.wav,environmental,FSD50K (Freesound) via HF Fhrozen/FSD50k,CC-BY-3.0,44100,4.208,full,0.0,4.208,CLEAR,0.0,0.3901,0.0,1.0,0.03900977556997066,15.280396519660206,1.4230707338278783,13.857325785832328,15245.5078125,0.11816595989849271,21339.404296875,-28.0
environmental/fsd171089.wav,environmental,FSD50K (Freesound) via HF Fhrozen/FSD50k,CC-BY-3.0,44100,4.208,win0.5,0.0,0.5,CLEAR,0.0,0.2524,0.0,1.0,0.025236271910911035,16.153964958962753,3.8703545627746405,12.283610396188113,15396.240234375,0.0740085276132063,20650.341796875,-22.0
environmental/fsd171089.wav,environmental,FSD50K (Freesound) via HF Fhrozen/FSD50k,CC-BY-3.0,44100,4.208,win0.5,0.927,0.5,CLEAR,0.0,0.1829,0.0,1.0,0.018285234540591742,12.961878407885274,3.8703545627746405,9.091523845110634,15159.375,0.0757588411308238,19789.013671875,-36.3
environmental/fsd171089.wav,environmental,FSD50K (Freesound) via HF Fhrozen/FSD50k,CC-BY-3.0,44100,4.208,win0.5,1.854,0.5,CLEAR,0.0,0.0,0.0,1.0,0.02106402873906059,2.9531895335095504,3.8703545627746405,-0.9171650292650901,15051.708984375,0.04317850208619233,19638.28125,-61.8
environmental/fsd171089.wav,environmental,FSD50K (Freesound) via HF Fhrozen/FSD50k,CC-BY-3.0,44100,4.208,win0.5,2.781,0.5,CLEAR,0.0,0.5977,0.0,1.0,0.05977177370103612,16.03632441679821,3.8703545627746405,12.165969854023569,15245.5078125,0.17032931343433236,21705.46875,-21.6
environmental/fsd171089.wav,environmental,FSD50K (Freesound) via HF Fhrozen/FSD50k,CC-BY-3.0,44100,4.208,win0.5,3.708,0.5,CLEAR,0.0,0.0,0.0,0.8519,0.002802778766152224,13.096143579432633,3.8703545627746405,9.225789016657993,15116.30859375,0.009103067082224026,14814.84375,-56.2
environmental/fsd171089.wav,environmental,FSD50K (Freesound) via HF Fhrozen/FSD50k,CC-BY-3.0,44100,4.208,win0.2,0.0,0.2,CLEAR,0.0,0.0,0.0,0.6688,0.0012112486449467024,12.733361452450033,6.003926243331833,6.729435209118201,15374.70703125,0.005007476056393308,13350.5859375,-19.0
environmental/fsd171089.wav,environmental,FSD50K (Freesound) via HF Fhrozen/FSD50k,CC-BY-3.0,44100,4.208,win0.2,1.002,0.2,CLEAR,0.0,0.1942,0.0,1.0,0.01941638410394622,13.187532720383132,6.003926243331833,7.183606477051299,15159.375,0.08446532235121101,19896.6796875,-32.4
environmental/fsd171089.wav,environmental,FSD50K (Freesound) via HF Fhrozen/FSD50k,CC-BY-3.0,44100,4.208,win0.2,2.004,0.2,CLEAR,0.0,0.0,0.0,1.0,0.01641506253231017,4.500561649799202,6.003926243331833,-1.5033645935326305,15546.97265625,0.034155577688874623,19207.6171875,-60.7
environmental/fsd171089.wav,environmental,FSD50K (Freesound) via HF Fhrozen/FSD50k,CC-BY-3.0,44100,4.208,win0.2,3.006,0.2,CLEAR,0.0,0.4658,0.0,1.0,0.04657864372883168,16.066157103533133,6.003926243331833,10.0622308602013,15245.5078125,0.1424890846379772,21619.3359375,-17.7
environmental/fsd171089.wav,environmental,FSD50K (Freesound) via HF Fhrozen/FSD50k,CC-BY-3.0,44100,4.208,win0.2,4.008,0.2,CLEAR,0.0,0.0,0.0,0.9165,0.003941790814389675,12.893503529165525,6.003926243331833,6.889577285833692,15116.30859375,0.012224261911725695,15331.640625,-52.6
environmental/fsd350811.wav,environmental,FSD50K (Freesound) via HF Fhrozen/FSD50k,CC-BY-3.0,44100,2.972,full,0.0,2.972,CLEAR,0.0,0.0061,0.0,0.5854,0.0006064838050085052,7.418012716326037,1.6834601265701647,5.734552589755872,16774.365234375,0.004818538649439278,12683.056640625,-16.6
environmental/fsd350811.wav,environmental,FSD50K (Freesound) via HF Fhrozen/FSD50k,CC-BY-3.0,44100,2.972,win0.5,0.0,0.5,CLEAR,0.0,0.0063,0.0,0.5692,0.0006315068023570485,8.150738936019476,3.8703545627746405,4.280384373244836,15353.173828125,0.004714915751805791,12553.857421875,-15.3
environmental/fsd350811.wav,environmental,FSD50K (Freesound) via HF Fhrozen/FSD50k,CC-BY-3.0,44100,2.972,win0.5,0.618,0.5,CLEAR,0.0,0.0045,0.0,0.4454,0.00045497773004740303,7.681433511716762,3.8703545627746405,3.811078948942121,16408.30078125,0.0029457057364036913,11563.330078125,-16.7
environmental/fsd350811.wav,environmental,FSD50K (Freesound) via HF Fhrozen/FSD50k,CC-BY-3.0,44100,2.972,win0.5,1.236,0.5,CLEAR,0.0,0.0087,0.0,0.7792,0.0008659300972340657,11.636999712904261,3.8703545627746405,7.766645150129621,16774.365234375,0.008370371083632368,14233.447265625,-16.5
environmental/fsd350811.wav,environmental,FSD50K (Freesound) via HF Fhrozen/FSD50k,CC-BY-3.0,44100,2.972,win0.5,1.854,0.5,CLEAR,0.0,0.005,0.0,0.5638,0.0005000135108706288,9.572184455122304,3.8703545627746405,5.701829892347664,17011.23046875,0.004469721816330989,12510.791015625,-16.9
environmental/fsd350811.wav,environmental,FSD50K (Freesound) via HF Fhrozen/FSD50k,CC-BY-3.0,44100,2.972,win0.5,2.472,0.5,CLEAR,0.0,0.0077,0.0,0.5935,0.0007693888583508697,7.962669631938455,3.8703545627746405,4.092315069163815,15159.375,0.00460050748697315,12747.65625,-18.6
environmental/fsd350811.wav,environmental,FSD50K (Freesound) via HF Fhrozen/FSD50k,CC-BY-3.0,44100,2.972,win0.2,0.0,0.2,CLEAR,0.0,0.0048,0.0,0.6123,0.0004754824902714555,11.378649839955372,6.003926243331833,5.374723596623539,15869.970703125,0.004371013912031238,12898.388671875,-15.8
environmental/fsd350811.wav,environmental,FSD50K (Freesound) via HF Fhrozen/FSD50k,CC-BY-3.0,44100,2.972,win0.2,0.693,0.2,CLEAR,0.0,0.0031,0.0,0.3997,0.00030914365642213963,11.91114456454751,6.003926243331833,5.907218321215677,16408.30078125,0.0022673722605246974,11197.265625,-16.5
environmental/fsd350811.wav,environmental,FSD50K (Freesound) via HF Fhrozen/FSD50k,CC-BY-3.0,44100,2.972,win0.2,1.386,0.2,CLEAR,0.0,0.0086,0.0,0.65,0.0008614319701227824,13.033686103702989,6.003926243331833,7.029759860371156,17463.427734375,0.006638987652546192,13199.853515625,-15.6
environmental/fsd350811.wav,environmental,FSD50K (Freesound) via HF Fhrozen/FSD50k,CC-BY-3.0,44100,2.972,win0.2,2.079,0.2,CLEAR,0.0,0.0024,0.0,0.2758,0.00024031079137694367,10.378953538055587,6.003926243331833,4.375027294723754,16257.568359375,0.0018209105144990697,10206.73828125,-15.6
environmental/fsd350811.wav,environmental,FSD50K (Freesound) via HF Fhrozen/FSD50k,CC-BY-3.0,44100,2.972,win0.2,2.772,0.2,CLEAR,0.0,0.0115,0.0,0.5935,0.0011549597986205004,7.143526249840699,6.003926243331833,1.139600006508866,15590.0390625,0.0054225793715676745,12747.65625,-18.2
environmental/fsd422872.wav,environmental,FSD50K (Freesound) via HF Fhrozen/FSD50k,CC0-1.0,44100,6.136,full,0.0,6.136,CLEAR,0.0,0.0,0.0,0.5181,0.0014991687886474474,4.991784225136935,1.188238615921831,3.803545609215104,16020.703125,0.00403626044568136,12144.7265625,-63.5
environmental/fsd422872.wav,environmental,FSD50K (Freesound) via HF Fhrozen/FSD50k,CC0-1.0,44100,6.136,win0.5,0.0,0.5,CLEAR,0.0,0.0,0.0,1.0,0.6821147124588711,5.3294936282401375,3.8703545627746405,1.459139065465497,19315.283203125,0.8520158633647199,21942.333984375,-90.3
environmental/fsd422872.wav,environmental,FSD50K (Freesound) via HF Fhrozen/FSD50k,CC0-1.0,44100,6.136,win0.5,1.409,0.5,CLEAR,0.0,0.0,0.0,1.0,0.0139191222344298,5.057914001236617,3.8703545627746405,1.1875594384619768,19702.880859375,0.018038116242171623,19143.017578125,-73.8
environmental/fsd422872.wav,environmental,FSD50K (Freesound) via HF Fhrozen/FSD50k,CC0-1.0,44100,6.136,win0.5,2.818,0.5,CLEAR,0.0,0.0,0.0,1.0,0.008485710520226257,10.818754089823779,3.8703545627746405,6.948399527049139,16429.833984375,0.06370277107923134,17829.4921875,-67.4
environmental/fsd422872.wav,environmental,FSD50K (Freesound) via HF Fhrozen/FSD50k,CC0-1.0,44100,6.136,win0.5,4.227,0.5,CLEAR,0.0,0.0,0.0,1.0,0.018779884561946892,4.859358911061255,3.8703545627746405,0.9890043482866147,19789.013671875,0.024178841064308787,19767.48046875,-73.1
environmental/fsd422872.wav,environmental,FSD50K (Freesound) via HF Fhrozen/FSD50k,CC0-1.0,44100,6.136,win0.5,5.636,0.5,CLEAR,0.0,0.0,0.0,1.0,0.017292465124495185,4.44310522406963,3.8703545627746405,0.5727506612949891,19659.814453125,0.02222091254155726,19595.21484375,-75.1
environmental/fsd422872.wav,environmental,FSD50K (Freesound) via HF Fhrozen/FSD50k,CC0-1.0,44100,6.136,win0.2,0.0,0.2,CLEAR,0.0,0.0,0.0,1.0,0.7096350041235708,6.786465699848469,6.003926243331833,0.7825394565166359,19315.283203125,0.8780613474569523,21942.333984375,-90.5
environmental/fsd422872.wav,environmental,FSD50K (Freesound) via HF Fhrozen/FSD50k,CC0-1.0,44100,6.136,win0.2,1.484,0.2,CLEAR,0.0,0.0,0.0,1.0,0.13122190824527194,5.959919086304754,6.003926243331833,-0.044007157027079025,19681.34765625,0.1673299251380418,21404.00390625,-80.3
environmental/fsd422872.wav,environmental,FSD50K (Freesound) via HF Fhrozen/FSD50k,CC0-1.0,44100,6.136,win0.2,2.968,0.2,CLEAR,0.0,0.0,0.0,1.0,0.010942261319707063,10.663186325756165,6.003926243331833,4.659260082424332,16171.435546875,0.09294413271727663,18238.623046875,-66.4
environmental/fsd422872.wav,environmental,FSD50K (Freesound) via HF Fhrozen/FSD50k,CC0-1.0,44100,6.136,win0.2,4.452,0.2,CLEAR,0.0,0.0,0.0,1.0,0.07094009410264461,7.284748327172339,6.003926243331833,1.2808220838405067,19272.216796875,0.09129334022673753,21145.60546875,-80.2
environmental/fsd422872.wav,environmental,FSD50K (Freesound) via HF Fhrozen/FSD50k,CC0-1.0,44100,6.136,win0.2,5.936,0.2,CLEAR,0.0,0.0,0.0,1.0,0.4841883934106533,6.029970953297903,6.003926243331833,0.026044709966070556,20176.611328125,0.6186641323631847,21920.80078125,-89.4
environmental/fsd380807.wav,environmental,FSD50K (Freesound) via HF Fhrozen/FSD50k,CC0-1.0,44100,2.66,full,0.0,2.66,CLEAR,0.0,0.0,0.0,0.4696,8.207636917131767e-05,17.8864683177803,1.771464450846583,16.115003866933716,16020.703125,0.0012563768978324519,11757.12890625,-32.7
environmental/fsd380807.wav,environmental,FSD50K (Freesound) via HF Fhrozen/FSD50k,CC0-1.0,44100,2.66,win0.5,0.0,0.5,CLEAR,0.0,0.0,0.0,0.0,1.1692709555377513e-07,,,,,2.4267093143734336e-07,172.265625,-36.9
environmental/fsd380807.wav,environmental,FSD50K (Freesound) via HF Fhrozen/FSD50k,CC0-1.0,44100,2.66,win0.5,0.54,0.5,CLEAR,0.0,0.0,0.0,0.0,3.356486310730696e-08,,,,,1.1848069783367079e-07,150.732421875,-30.4
environmental/fsd380807.wav,environmental,FSD50K (Freesound) via HF Fhrozen/FSD50k,CC0-1.0,44100,2.66,win0.5,1.08,0.5,CLEAR,0.0,0.0,0.0,0.5746,0.00015649729973681327,16.990679914201404,3.8703545627746405,13.120325351426764,15396.240234375,0.002217889290843844,12596.923828125,-28.3
environmental/fsd380807.wav,environmental,FSD50K (Freesound) via HF Fhrozen/FSD50k,CC0-1.0,44100,2.66,win0.5,1.62,0.5,CLEAR,0.0,0.0,0.0,0.0,5.541463501688116e-06,,,,,1.1785142508341865e-05,129.19921875,-64.6
environmental/fsd380807.wav,environmental,FSD50K (Freesound) via HF Fhrozen/FSD50k,CC0-1.0,44100,2.66,win0.2,0.0,0.2,CLEAR,0.0,0.0,0.0,0.0,2.3500774611016296e-06,,,,,4.189527945004185e-06,538.330078125,-51.0
environmental/fsd380807.wav,environmental,FSD50K (Freesound) via HF Fhrozen/FSD50k,CC0-1.0,44100,2.66,win0.2,0.615,0.2,CLEAR,0.0,0.0,0.0,0.0,3.15183789386401e-08,,,,,9.808520025317954e-08,150.732421875,-31.2
environmental/fsd380807.wav,environmental,FSD50K (Freesound) via HF Fhrozen/FSD50k,CC0-1.0,44100,2.66,win0.2,1.23,0.2,CLEAR,0.0,0.0,0.0,0.0,4.540655014172421e-07,,,,,3.448955237824547e-06,1658.056640625,-29.0
environmental/fsd265034.wav,environmental,FSD50K (Freesound) via HF Fhrozen/FSD50k,CC0-1.0,44100,10.0,full,0.0,10.0,CLEAR,0.0,0.0,0.0,1.0,0.005014367344661845,7.574088209198661,0.9394885198945491,6.634599689304112,16149.90234375,0.02134108057980563,16709.765625,-55.8
environmental/fsd265034.wav,environmental,FSD50K (Freesound) via HF Fhrozen/FSD50k,CC0-1.0,44100,10.0,win0.5,0.0,0.5,CLEAR,0.0,0.0,0.0,1.0,0.009080992694026726,6.71055542493741,3.8703545627746405,2.8402008621627695,16472.900390625,0.028584216176561424,17829.4921875,-55.3
environmental/fsd265034.wav,environmental,FSD50K (Freesound) via HF Fhrozen/FSD50k,CC0-1.0,44100,10.0,win0.5,2.375,0.5,CLEAR,0.0,0.0,0.0,1.0,0.006690423149233173,9.628522574771987,3.8703545627746405,5.758168011997347,15525.439453125,0.028359538233817327,16903.564453125,-55.9
environmental/fsd265034.wav,environmental,FSD50K (Freesound) via HF Fhrozen/FSD50k,CC0-1.0,44100,10.0,win0.5,4.75,0.5,CLEAR,0.0,0.0,0.0,0.3647,0.0009911546853016502,5.153205047160874,3.8703545627746405,1.2828504843862336,15245.5078125,0.0028335478740108117,10917.333984375,-57.7
environmental/fsd265034.wav,environmental,FSD50K (Freesound) via HF Fhrozen/FSD50k,CC0-1.0,44100,10.0,win0.5,7.125,0.5,CLEAR,0.0,0.0,0.0,0.2247,0.0009639214231316544,4.666639679276124,3.8703545627746405,0.7962851165014837,16365.234375,0.002535791461376361,9797.607421875,-58.7
environmental/fsd265034.wav,environmental,FSD50K (Freesound) via HF Fhrozen/FSD50k,CC0-1.0,44100,10.0,win0.5,9.5,0.5,CLEAR,0.0,0.0,0.0,1.0,0.0038364346361106274,13.194816060062935,3.8703545627746405,9.324461497288295,15482.373046875,0.017931567497568694,16322.16796875,-56.0
environmental/fsd265034.wav,environmental,FSD50K (Freesound) via HF Fhrozen/FSD50k,CC0-1.0,44100,10.0,win0.2,0.0,0.2,CLEAR,0.0,0.0,0.0,0.5423,0.0015449131028942608,5.771473819759352,6.003926243331833,-0.23245242357248053,15783.837890625,0.004375857891363259,12338.525390625,-56.1
environmental/fsd265034.wav,environmental,FSD50K (Freesound) via HF Fhrozen/FSD50k,CC0-1.0,44100,10.0,win0.2,2.45,0.2,CLEAR,0.0,0.0,0.0,0.9918,0.003136143500796526,10.997277050074338,6.003926243331833,4.993350806742505,16128.369140625,0.012216185829704759,15934.5703125,-55.1
environmental/fsd265034.wav,environmental,FSD50K (Freesound) via HF Fhrozen/FSD50k,CC0-1.0,44100,10.0,win0.2,4.9,0.2,CLEAR,0.0,0.0,0.0,0.0,0.0004229822705636177,6.614268768239646,6.003926243331833,0.6103425249078134,15633.10546875,0.0012781198096120906,1701.123046875,-56.3
environmental/fsd265034.wav,environmental,FSD50K (Freesound) via HF Fhrozen/FSD50k,CC0-1.0,44100,10.0,win0.2,7.35,0.2,CLEAR,0.0,0.0,0.0,0.3862,0.0008834789485331005,8.229374311121061,6.003926243331833,2.2254480677892285,15073.2421875,0.0029599804301363494,11089.599609375,-58.3
environmental/fsd265034.wav,environmental,FSD50K (Freesound) via HF Fhrozen/FSD50k,CC0-1.0,44100,10.0,win0.2,9.8,0.2,CLEAR,0.0,0.0,0.0,1.0,0.0044579103008160256,13.215767012404122,6.003926243331833,7.211840769072289,15482.373046875,0.021219120540724834,16472.900390625,-53.2
environmental/fsd202005.wav,environmental,FSD50K (Freesound) via HF Fhrozen/FSD50k,CC0-1.0,44100,9.692,full,0.0,9.692,CLEAR,0.0,0.1205,0.0,1.0,0.012047571900673362,8.468065078890175,0.953530761810793,7.514534317079383,15353.173828125,0.07993559790555918,18195.556640625,-22.1
environmental/fsd202005.wav,environmental,FSD50K (Freesound) via HF Fhrozen/FSD50k,CC0-1.0,44100,9.692,win0.5,0.0,0.5,CLEAR,0.0,0.2093,0.0,1.0,0.020931201646868226,9.632604613631333,3.8703545627746405,5.762250050856693,15805.37109375,0.08531751776753049,18820.01953125,-39.8
environmental/fsd202005.wav,environmental,FSD50K (Freesound) via HF Fhrozen/FSD50k,CC0-1.0,44100,9.692,win0.5,2.298,0.5,CLEAR,0.0,0.1008,0.0,1.0,0.010081654541494501,8.897894538122443,3.8703545627746405,5.027539975347803,15439.306640625,0.06101852824699896,18023.291015625,-20.3
environmental/fsd202005.wav,environmental,FSD50K (Freesound) via HF Fhrozen/FSD50k,CC0-1.0,44100,9.692,win0.5,4.596,0.5,CLEAR,0.0,0.1134,0.0,1.0,0.011335851023711565,10.93834660847865,3.8703545627746405,7.06799204570401,15353.173828125,0.07841794990753659,18130.95703125,-19.3
environmental/fsd202005.wav,environmental,FSD50K (Freesound) via HF Fhrozen/FSD50k,CC0-1.0,44100,9.692,win0.5,6.894,0.5,CLEAR,0.0,0.0,0.0,0.0,0.00011764187629364266,,,,,0.000703527135458962,2756.25,-30.2
environmental/fsd202005.wav,environmental,FSD50K (Freesound) via HF Fhrozen/FSD50k,CC0-1.0,44100,9.692,win0.5,9.192,0.5,CLEAR,0.0,0.0,0.0,0.4939,0.0028728124881833325,4.974480174986851,3.8703545627746405,1.10412561221221,18217.08984375,0.006530467622018047,11950.927734375,-51.1
environmental/fsd202005.wav,environmental,FSD50K (Freesound) via HF Fhrozen/FSD50k,CC0-1.0,44100,9.692,win0.2,0.0,0.2,CLEAR,0.0,0.0,0.0,0.0,0.0002743466034853594,,,,,0.0006913976030033191,2174.853515625,-49.2
environmental/fsd202005.wav,environmental,FSD50K (Freesound) via HF Fhrozen/FSD50k,CC0-1.0,44100,9.692,win0.2,2.373,0.2,CLEAR,0.0,0.1049,0.0,1.0,0.010494893602807216,10.089006154259001,6.003926243331833,4.085079910927169,15094.775390625,0.05911349108538755,18044.82421875,-20.2
environmental/fsd202005.wav,environmental,FSD50K (Freesound) via HF Fhrozen/FSD50k,CC0-1.0,44100,9.692,win0.2,4.746,0.2,CLEAR,0.0,0.1196,0.0,1.0,0.011960020532670788,10.433066106442473,6.003926243331833,4.42913986311064,15180.908203125,0.07595704006501837,18195.556640625,-19.5
environmental/fsd202005.wav,environmental,FSD50K (Freesound) via HF Fhrozen/FSD50k,CC0-1.0,44100,9.692,win0.2,7.119,0.2,CLEAR,0.0,0.0,0.0,0.0,0.0003842138895823215,9.380566878187299,6.003926243331833,3.376640634855466,16688.232421875,0.0018218903469371698,6136.962890625,-28.6
environmental/fsd202005.wav,environmental,FSD50K (Freesound) via HF Fhrozen/FSD50k,CC0-1.0,44100,9.692,win0.2,9.492,0.2,CLEAR,0.0,0.0,0.0,0.5558,0.003198156377586232,8.607768681466387,6.003926243331833,2.6038424381345546,18217.08984375,0.00740425593562258,12446.19140625,-51.1
environmental/fsd57654.wav,environmental,FSD50K (Freesound) via HF Fhrozen/FSD50k,CC0-1.0,44100,3.943,full,0.0,3.943,CLEAR,0.0,0.0,0.0,0.0,0.0003299932270082693,,,,,0.0005769993196120422,2885.44921875,-26.3
environmental/fsd57654.wav,environmental,FSD50K (Freesound) via HF Fhrozen/FSD50k,CC0-1.0,44100,3.943,win0.5,0.0,0.5,CLEAR,0.0,0.0,0.0,0.0,0.00023554575727635882,,,,,0.0004366752958643303,3768.310546875,-25.1
environmental/fsd57654.wav,environmental,FSD50K (Freesound) via HF Fhrozen/FSD50k,CC0-1.0,44100,3.943,win0.5,0.861,0.5,CLEAR,0.0,0.0,0.0,0.0,0.0004345650110698778,,,,,0.0007695027327899954,2928.515625,-26.5
environmental/fsd57654.wav,environmental,FSD50K (Freesound) via HF Fhrozen/FSD50k,CC0-1.0,44100,3.943,win0.5,1.721,0.5,CLEAR,0.0,0.0,0.0,0.0,0.000711393890679266,3.591060906188577,3.8703545627746405,-0.2792936565860633,18066.357421875,0.0012306443898676598,3337.646484375,-28.4
environmental/fsd57654.wav,environmental,FSD50K (Freesound) via HF Fhrozen/FSD50k,CC0-1.0,44100,3.943,win0.5,2.582,0.5,CLEAR,0.0,0.0,0.0,0.0,0.0003104171843187638,,,,,0.0005342575414653364,2583.984375,-26.4
environmental/fsd57654.wav,environmental,FSD50K (Freesound) via HF Fhrozen/FSD50k,CC0-1.0,44100,3.943,win0.5,3.443,0.5,CLEAR,0.0,0.0,0.0,0.0,0.0007044830269499382,3.574912635981235,3.8703545627746405,-0.2954419267934054,18389.35546875,0.001193742764723653,904.39453125,-28.4
environmental/fsd57654.wav,environmental,FSD50K (Freesound) via HF Fhrozen/FSD50k,CC0-1.0,44100,3.943,win0.2,0.0,0.2,CLEAR,0.0,0.0,0.0,0.0,0.0003464598675741411,,,,,0.000635585116814701,3531.4453125,-26.6
environmental/fsd57654.wav,environmental,FSD50K (Freesound) via HF Fhrozen/FSD50k,CC0-1.0,44100,3.943,win0.2,0.936,0.2,CLEAR,0.0,0.0,0.0,0.0,0.00039345957762262196,,,,,0.000709287342953816,3596.044921875,-26.8
environmental/fsd57654.wav,environmental,FSD50K (Freesound) via HF Fhrozen/FSD50k,CC0-1.0,44100,3.943,win0.2,1.871,0.2,CLEAR,0.0,0.0,0.0,0.0,0.0005704975412900161,,,,,0.0009451604694511433,1528.857421875,-28.1
environmental/fsd57654.wav,environmental,FSD50K (Freesound) via HF Fhrozen/FSD50k,CC0-1.0,44100,3.943,win0.2,2.807,0.2,CLEAR,0.0,0.0,0.0,0.0,0.00024980049126206407,,,,,0.0004341168098999939,3122.314453125,-25.8
environmental/fsd57654.wav,environmental,FSD50K (Freesound) via HF Fhrozen/FSD50k,CC0-1.0,44100,3.943,win0.2,3.743,0.2,CLEAR,0.0,0.0,0.0,0.0,0.001217930394039687,4.305004403397811,6.003926243331833,-1.6989218399340213,19939.74609375,0.002096760361666113,1033.59375,-29.3
environmental/fsd392497.wav,environmental,FSD50K (Freesound) via HF Fhrozen/FSD50k,CC0-1.0,44100,6.0,full,0.0,6.0,CLEAR,0.0,0.0,0.0,0.0,1.1304658988196545e-06,,,,,3.7654043008978557e-06,150.732421875,-45.6
environmental/fsd392497.wav,environmental,FSD50K (Freesound) via HF Fhrozen/FSD50k,CC0-1.0,44100,6.0,win0.5,0.0,0.5,CLEAR,0.0,0.0,0.0,0.0,8.431174853569627e-07,,,,,2.744725264575719e-06,107.666015625,-43.7
environmental/fsd392497.wav,environmental,FSD50K (Freesound) via HF Fhrozen/FSD50k,CC0-1.0,44100,6.0,win0.5,1.375,0.5,CLEAR,0.0,0.0,0.0,0.0,2.181437347081808e-06,,,,,7.622054503546272e-06,193.798828125,-47.5
environmental/fsd392497.wav,environmental,FSD50K (Freesound) via HF Fhrozen/FSD50k,CC0-1.0,44100,6.0,win0.5,2.75,0.5,CLEAR,0.0,0.0,0.0,0.0,8.381714471243718e-07,,,,,3.052625668201631e-06,129.19921875,-44.0
environmental/fsd392497.wav,environmental,FSD50K (Freesound) via HF Fhrozen/FSD50k,CC0-1.0,44100,6.0,win0.5,4.125,0.5,CLEAR,0.0,0.0,0.0,0.0,1.5376878307136331e-06,,,,,5.614863538391582e-06,150.732421875,-45.0
environmental/fsd392497.wav,environmental,FSD50K (Freesound) via HF Fhrozen/FSD50k,CC0-1.0,44100,6.0,win0.2,0.0,0.2,CLEAR,0.0,0.0,0.0,0.0,3.123546532012685e-05,,,,,9.12566066406991e-05,1313.525390625,-56.1
environmental/fsd392497.wav,environmental,FSD50K (Freesound) via HF Fhrozen/FSD50k,CC0-1.0,44100,6.0,win0.2,1.45,0.2,CLEAR,0.0,0.0,0.0,0.0,1.4623497618338185e-05,,,,,5.4304006306242956e-05,710.595703125,-45.6
environmental/fsd392497.wav,environmental,FSD50K (Freesound) via HF Fhrozen/FSD50k,CC0-1.0,44100,6.0,win0.2,2.9,0.2,CLEAR,0.0,0.0,0.0,0.0,1.2090354513583585e-05,,,,,4.557008892806329e-05,1248.92578125,-53.5
environmental/fsd392497.wav,environmental,FSD50K (Freesound) via HF Fhrozen/FSD50k,CC0-1.0,44100,6.0,win0.2,4.35,0.2,CLEAR,0.0,0.0,0.0,0.0,6.383661710300616e-07,,,,,2.1611352573174928e-06,107.666015625,-42.6
environmental/fsd166703.wav,environmental,FSD50K (Freesound) via HF Fhrozen/FSD50k,CC0-1.0,44100,7.328,full,0.0,7.328,CLEAR,0.0,0.0,0.0,0.0,1.9410595599260048e-08,,,,,4.5623186797391785e-08,3983.642578125,-32.2
environmental/fsd166703.wav,environmental,FSD50K (Freesound) via HF Fhrozen/FSD50k,CC0-1.0,44100,7.328,win0.5,0.0,0.5,CLEAR,0.0,0.0,0.0,0.0,4.7331748892687185e-08,,,,,1.1416578718028303e-07,4048.2421875,-36.0
environmental/fsd166703.wav,environmental,FSD50K (Freesound) via HF Fhrozen/FSD50k,CC0-1.0,44100,7.328,win0.5,1.707,0.5,CLEAR,0.0,0.0,0.0,0.0,7.618846761546652e-09,,,,,1.696512948977286e-08,3962.109375,-27.6
environmental/fsd166703.wav,environmental,FSD50K (Freesound) via HF Fhrozen/FSD50k,CC0-1.0,44100,7.328,win0.5,3.414,0.5,CLEAR,0.0,0.0,0.0,0.0,1.863709216350183e-08,,,,,4.2069560271624485e-08,4026.708984375,-31.6
environmental/fsd166703.wav,environmental,FSD50K (Freesound) via HF Fhrozen/FSD50k,CC0-1.0,44100,7.328,win0.5,5.121,0.5,CLEAR,0.0,0.0,0.0,0.0,5.648575522781985e-08,,,,,1.3375436852383184e-07,4091.30859375,-36.6
environmental/fsd166703.wav,environmental,FSD50K (Freesound) via HF Fhrozen/FSD50k,CC0-1.0,44100,7.328,win0.5,6.828,0.5,CLEAR,0.0,0.0,0.0,0.0,1.3728318506252856e-07,,,,,3.3611934004228564e-07,2971.58203125,-41.1
environmental/fsd166703.wav,environmental,FSD50K (Freesound) via HF Fhrozen/FSD50k,CC0-1.0,44100,7.328,win0.2,0.0,0.2,CLEAR,0.0,0.0,0.0,0.0,3.890762904016121e-08,,,,,9.63620430774949e-08,4629.638671875,-36.2
environmental/fsd166703.wav,environmental,FSD50K (Freesound) via HF Fhrozen/FSD50k,CC0-1.0,44100,7.328,win0.2,1.782,0.2,CLEAR,0.0,0.0,0.0,0.0,6.051579857037009e-09,,,,,1.3562756288472597e-08,3983.642578125,-27.4
environmental/fsd166703.wav,environmental,FSD50K (Freesound) via HF Fhrozen/FSD50k,CC0-1.0,44100,7.328,win0.2,3.564,0.2,CLEAR,0.0,0.0,0.0,0.0,6.472384731509331e-08,,,,,1.6323331222693795e-07,3617.578125,-35.6
environmental/fsd166703.wav,environmental,FSD50K (Freesound) via HF Fhrozen/FSD50k,CC0-1.0,44100,7.328,win0.2,5.346,0.2,CLEAR,0.0,0.0,0.0,0.0,3.746852992920256e-08,,,,,8.924882137992724e-08,4112.841796875,-35.3
environmental/fsd166703.wav,environmental,FSD50K (Freesound) via HF Fhrozen/FSD50k,CC0-1.0,44100,7.328,win0.2,7.128,0.2,CLEAR,0.0,0.0,0.0,0.0,4.4805697637927006e-07,,,,,1.094502715988242e-06,2950.048828125,-45.7
environmental/fsd135866.wav,environmental,FSD50K (Freesound) via HF Fhrozen/FSD50k,CC0-1.0,44100,9.358,full,0.0,9.358,CLEAR,0.0,0.0,0.0,0.0,0.00019490054630142735,,,,,0.0006898318779983195,4521.97265625,-48.3
environmental/fsd135866.wav,environmental,FSD50K (Freesound) via HF Fhrozen/FSD50k,CC0-1.0,44100,9.358,win0.5,0.0,0.5,CLEAR,0.0,0.0,0.0,0.0,0.00012520358901850682,,,,,0.0002888275715537787,2088.720703125,-50.0
environmental/fsd135866.wav,environmental,FSD50K (Freesound) via HF Fhrozen/FSD50k,CC0-1.0,44100,9.358,win0.5,2.214,0.5,CLEAR,0.0,0.0,0.0,0.0,9.551832123035123e-05,,,,,0.0002470949034923598,1119.7265625,-49.1
environmental/fsd135866.wav,environmental,FSD50K (Freesound) via HF Fhrozen/FSD50k,CC0-1.0,44100,9.358,win0.5,4.429,0.5,CLEAR,0.0,0.0,0.0,0.0,9.752206614937037e-05,,,,,0.00025934182637881337,1421.19140625,-49.4
environmental/fsd135866.wav,environmental,FSD50K (Freesound) via HF Fhrozen/FSD50k,CC0-1.0,44100,9.358,win0.5,6.643,0.5,CLEAR,0.0,0.0,0.0,0.0794,0.000189985905645175,,,,,0.0007671861404661518,8634.814453125,-47.4
environmental/fsd135866.wav,environmental,FSD50K (Freesound) via HF Fhrozen/FSD50k,CC0-1.0,44100,9.358,win0.5,8.858,0.5,CLEAR,0.0,0.0,0.0,0.1224,0.0003223314826069838,7.578769874197219,3.8703545627746405,3.7084153114225784,15137.841796875,0.0012395089130785282,8979.345703125,-47.7
environmental/fsd135866.wav,environmental,FSD50K (Freesound) via HF Fhrozen/FSD50k,CC0-1.0,44100,9.358,win0.2,0.0,0.2,CLEAR,0.0,0.0,0.0,0.0,0.00019908093621899634,,,,,0.0004519084397596341,3251.513671875,-49.3
environmental/fsd135866.wav,environmental,FSD50K (Freesound) via HF Fhrozen/FSD50k,CC0-1.0,44100,9.358,win0.2,2.289,0.2,CLEAR,0.0,0.0,0.0,0.0,0.00011139724079373893,,,,,0.00028082656288231397,1184.326171875,-50.0
environmental/fsd135866.wav,environmental,FSD50K (Freesound) via HF Fhrozen/FSD50k,CC0-1.0,44100,9.358,win0.2,4.579,0.2,CLEAR,0.0,0.0,0.0,0.0,0.00014455499126944007,,,,,0.00038658274154724056,3962.109375,-50.3
environmental/fsd135866.wav,environmental,FSD50K (Freesound) via HF Fhrozen/FSD50k,CC0-1.0,44100,9.358,win0.2,6.868,0.2,CLEAR,0.0,0.0,0.0,0.2974,0.0004381968716307659,9.122275497529257,6.003926243331833,3.1183492541974243,15137.841796875,0.0018458711826120397,10379.00390625,-49.6
environmental/fsd135866.wav,environmental,FSD50K (Freesound) via HF Fhrozen/FSD50k,CC0-1.0,44100,9.358,win0.2,9.158,0.2,CLEAR,0.0,0.0,0.0,0.2247,0.0002868439862019448,10.124731884039983,6.003926243331833,4.12080564070815,15159.375,0.001225281993737384,9797.607421875,-48.7
environmental/fsd267245.wav,environmental,FSD50K (Freesound) via HF Fhrozen/FSD50k,CC-BY-3.0,44100,3.158,full,0.0,3.158,CLEAR,0.0,0.0,0.0,0.0,1.4861765204457088e-06,,,,,3.2650102343544733e-06,2863.916015625,-29.5
environmental/fsd267245.wav,environmental,FSD50K (Freesound) via HF Fhrozen/FSD50k,CC-BY-3.0,44100,3.158,win0.5,0.0,0.5,CLEAR,0.0,0.0,0.0,0.0,8.919335960600937e-05,,,,,0.0002000372079935238,3789.84375,-43.3
environmental/fsd267245.wav,environmental,FSD50K (Freesound) via HF Fhrozen/FSD50k,CC-BY-3.0,44100,3.158,win0.5,0.664,0.5,CLEAR,0.0,0.0,0.0,0.0,5.970833640850159e-07,,,,,1.3037326250522655e-06,2454.78515625,-23.5
environmental/fsd267245.wav,environmental,FSD50K (Freesound) via HF Fhrozen/FSD50k,CC-BY-3.0,44100,3.158,win0.5,1.329,0.5,CLEAR,0.0,0.0,0.0,0.0,6.829625411703008e-05,,,,,0.00014583068739446977,2153.3203125,-45.4
environmental/fsd267245.wav,environmental,FSD50K (Freesound) via HF Fhrozen/FSD50k,CC-BY-3.0,44100,3.158,win0.5,1.993,0.5,CLEAR,0.0,0.0,0.0,0.0,0.0003850339565035809,,,,,0.000836908765636158,3122.314453125,-54.3
environmental/fsd267245.wav,environmental,FSD50K (Freesound) via HF Fhrozen/FSD50k,CC-BY-3.0,44100,3.158,win0.5,2.658,0.5,CLEAR,0.0,0.0,0.0,0.0,0.0002446810784121811,,,,,0.0005164392767567007,2239.453125,-52.9
environmental/fsd267245.wav,environmental,FSD50K (Freesound) via HF Fhrozen/FSD50k,CC-BY-3.0,44100,3.158,win0.2,0.0,0.2,CLEAR,0.0,0.0,0.0,0.0,0.00032708539621487863,,,,,0.0007578382739950276,3122.314453125,-52.6
environmental/fsd267245.wav,environmental,FSD50K (Freesound) via HF Fhrozen/FSD50k,CC-BY-3.0,44100,3.158,win0.2,0.739,0.2,CLEAR,0.0,0.0,0.0,0.0,5.359045186760601e-07,,,,,1.2383104148372914e-06,2562.451171875,-22.5
environmental/fsd267245.wav,environmental,FSD50K (Freesound) via HF Fhrozen/FSD50k,CC-BY-3.0,44100,3.158,win0.2,1.479,0.2,CLEAR,0.0,0.0,0.0,0.0,0.00016104800912566326,,,,,0.00035778541709065493,2777.783203125,-48.9
environmental/fsd267245.wav,environmental,FSD50K (Freesound) via HF Fhrozen/FSD50k,CC-BY-3.0,44100,3.158,win0.2,2.218,0.2,CLEAR,0.0,0.0,0.0,0.0,0.00032428178118759583,,,,,0.0006906133625781492,2368.65234375,-54.0
environmental/fsd267245.wav,environmental,FSD50K (Freesound) via HF Fhrozen/FSD50k,CC-BY-3.0,44100,3.158,win0.2,2.958,0.2,CLEAR,0.0,0.0,0.0,0.0,0.00045350664226663165,,,,,0.0009126942574227728,2863.916015625,-56.0
environmental/fsd38245.wav,environmental,FSD50K (Freesound) via HF Fhrozen/FSD50k,CC0-1.0,44100,10.0,full,0.0,10.0,CLEAR,0.0,0.0,0.0,0.0,3.6848711647663985e-07,,,,,2.440180164882813e-05,1205.859375,-30.8
environmental/fsd38245.wav,environmental,FSD50K (Freesound) via HF Fhrozen/FSD50k,CC0-1.0,44100,10.0,win0.5,0.0,0.5,CLEAR,0.0,0.0,1.0,0.0,3.57121171472848e-05,38.12199468797821,3.8703545627746405,34.251640125203565,15740.771484375,0.002160202597715941,3660.64453125,-49.4
environmental/fsd38245.wav,environmental,FSD50K (Freesound) via HF Fhrozen/FSD50k,CC0-1.0,44100,10.0,win0.5,2.375,0.5,CLEAR,0.0,0.0,0.0,0.0,2.6678876865413813e-07,,,,,1.6487269134260766e-05,947.4609375,-29.6
environmental/fsd38245.wav,environmental,FSD50K (Freesound) via HF Fhrozen/FSD50k,CC0-1.0,44100,10.0,win0.5,4.75,0.5,CLEAR,0.0,0.0,1.0,0.0,4.072634283064528e-05,38.77951027250933,3.8703545627746405,34.909155709734684,15740.771484375,0.0028437221475623993,3596.044921875,-51.3
environmental/fsd38245.wav,environmental,FSD50K (Freesound) via HF Fhrozen/FSD50k,CC0-1.0,44100,10.0,win0.5,7.125,0.5,CLEAR,0.0,0.0,1.0,0.9649,0.00016078162991164891,38.846829122625564,3.8703545627746405,34.97647455985092,15740.771484375,0.011414874288518713,15719.23828125,-57.3
environmental/fsd38245.wav,environmental,FSD50K (Freesound) via HF Fhrozen/FSD50k,CC0-1.0,44100,10.0,win0.5,9.5,0.5,CLEAR,0.0,0.0,1.0,0.0,0.00012500061678669377,38.365852607662404,3.8703545627746405,34.49549804488776,15740.771484375,0.008134229996856288,2799.31640625,-56.2
environmental/fsd38245.wav,environmental,FSD50K (Freesound) via HF Fhrozen/FSD50k,CC0-1.0,44100,10.0,win0.2,0.0,0.2,CLEAR,0.0,0.0,1.0,0.0,4.364505514496562e-05,38.01406706328633,6.003926243331833,32.0101408199545,15740.771484375,0.0024187156130009383,1227.392578125,-50.8
environmental/fsd38245.wav,environmental,FSD50K (Freesound) via HF Fhrozen/FSD50k,CC0-1.0,44100,10.0,win0.2,2.45,0.2,CLEAR,0.0,0.0,0.0,0.0,2.1773191106874318e-07,,,,,1.3517523338396747e-05,947.4609375,-26.9
environmental/fsd38245.wav,environmental,FSD50K (Freesound) via HF Fhrozen/FSD50k,CC0-1.0,44100,10.0,win0.2,4.9,0.2,CLEAR,0.0,0.0,1.0,0.0,3.459112597918917e-05,38.948062002039215,6.003926243331833,32.94413575870738,15740.771484375,0.002336730746334018,4285.107421875,-50.7
environmental/fsd38245.wav,environmental,FSD50K (Freesound) via HF Fhrozen/FSD50k,CC0-1.0,44100,10.0,win0.2,7.35,0.2,CLEAR,0.0,0.0,1.0,0.0,0.00011532601963685665,38.92321048266481,6.003926243331833,32.919284239332974,15740.771484375,0.008642910018560462,1658.056640625,-56.2
environmental/fsd38245.wav,environmental,FSD50K (Freesound) via HF Fhrozen/FSD50k,CC0-1.0,44100,10.0,win0.2,9.8,0.2,CLEAR,0.0,0.0,1.0,0.9649,0.00020445576961853937,38.5119597886868,6.003926243331833,32.50803354535497,15740.771484375,0.01344351467095855,15719.23828125,-58.1
environmental/fsd135676.wav,environmental,FSD50K (Freesound) via HF Fhrozen/FSD50k,CC0-1.0,44100,3.044,full,0.0,3.044,CLEAR,0.0,0.0,0.0,0.3108,9.406138261688583e-07,,,,,7.572329372634776e-05,10486.669921875,-8.9
environmental/fsd135676.wav,environmental,FSD50K (Freesound) via HF Fhrozen/FSD50k,CC0-1.0,44100,3.044,win0.5,0.0,0.5,CLEAR,0.0,0.0,0.0,0.3135,2.3096427774613457e-06,,,,,0.000377756231959138,10508.203125,-8.9
environmental/fsd135676.wav,environmental,FSD50K (Freesound) via HF Fhrozen/FSD50k,CC0-1.0,44100,3.044,win0.5,0.636,0.5,CLEAR,0.0,0.0,0.0,0.3243,6.431666835041935e-07,,,,,3.789786736824505e-05,10594.3359375,-8.9
environmental/fsd135676.wav,environmental,FSD50K (Freesound) via HF Fhrozen/FSD50k,CC0-1.0,44100,3.044,win0.5,1.272,0.5,CLEAR,0.0,0.0,0.0,0.3081,8.126731716028132e-07,,,,,2.0349345578306057e-06,10465.13671875,-8.9
environmental/fsd135676.wav,environmental,FSD50K (Freesound) via HF Fhrozen/FSD50k,CC0-1.0,44100,3.044,win0.5,1.908,0.5,CLEAR,0.0,0.0,0.0,0.3243,1.0902399424925365e-06,,,,,2.4985185454183798e-06,10594.3359375,-8.9
environmental/fsd135676.wav,environmental,FSD50K (Freesound) via HF Fhrozen/FSD50k,CC0-1.0,44100,3.044,win0.5,2.544,0.5,CLEAR,0.0,0.0,0.0,0.2839,1.101700155993895e-06,,,,,2.853091523355901e-06,10271.337890625,-8.9
environmental/fsd135676.wav,environmental,FSD50K (Freesound) via HF Fhrozen/FSD50k,CC0-1.0,44100,3.044,win0.2,0.0,0.2,CLEAR,0.0,0.0,0.0,0.2543,2.2835883231495332e-06,,,,,9.309705132744606e-05,10034.47265625,-8.9
environmental/fsd135676.wav,environmental,FSD50K (Freesound) via HF Fhrozen/FSD50k,CC0-1.0,44100,3.044,win0.2,0.711,0.2,CLEAR,0.0,0.0,0.0,0.3378,6.539471824121242e-07,,,,,1.4874342577744213e-06,10702.001953125,-8.9
environmental/fsd135676.wav,environmental,FSD50K (Freesound) via HF Fhrozen/FSD50k,CC0-1.0,44100,3.044,win0.2,1.422,0.2,CLEAR,0.0,0.0,0.0,0.3001,1.0435064633432973e-06,,,,,2.4610557959968353e-06,10400.537109375,-8.8
environmental/fsd135676.wav,environmental,FSD50K (Freesound) via HF Fhrozen/FSD50k,CC0-1.0,44100,3.044,win0.2,2.133,0.2,CLEAR,0.0,0.0,0.0,0.3351,8.731444499259588e-07,,,,,2.0558217443930097e-06,10680.46875,-8.8
environmental/fsd135676.wav,environmental,FSD50K (Freesound) via HF Fhrozen/FSD50k,CC0-1.0,44100,3.044,win0.2,2.844,0.2,CLEAR,0.0,0.0,0.0,0.3216,1.5437939745354035e-06,,,,,4.629568960826038e-06,10572.802734375,-8.9
environmental/fsd151904.wav,environmental,FSD50K (Freesound) via HF Fhrozen/FSD50k,CC0-1.0,44100,2.208,full,0.0,2.208,CLEAR,0.0,0.0,0.0,0.2489,1.0142840893423148e-05,,,,,9.831146448697442e-05,9991.40625,-57.6
environmental/fsd151904.wav,environmental,FSD50K (Freesound) via HF Fhrozen/FSD50k,CC0-1.0,44100,2.208,win0.5,0.0,0.5,CLEAR,0.0,0.0,0.0,0.2785,4.848383053344385e-06,,,,,0.00010765033353700567,10228.271484375,-53.4
environmental/fsd151904.wav,environmental,FSD50K (Freesound) via HF Fhrozen/FSD50k,CC0-1.0,44100,2.208,win0.5,0.569,0.5,CLEAR,0.0,0.0,0.0,0.2651,1.0368062001825684e-05,,,,,6.711072627899633e-05,10120.60546875,-57.8
environmental/fsd151904.wav,environmental,FSD50K (Freesound) via HF Fhrozen/FSD50k,CC0-1.0,44100,2.208,win0.5,1.139,0.5,CLEAR,0.0,0.0,0.0,0.1305,2.37466585529229e-05,,,,,7.625325772257905e-05,9043.9453125,-62.1
environmental/fsd151904.wav,environmental,FSD50K (Freesound) via HF Fhrozen/FSD50k,CC0-1.0,44100,2.208,win0.5,1.708,0.5,CLEAR,0.0,0.0,0.0,0.0794,0.0001339488394040628,,,,,0.0002633808603429673,8634.814453125,-69.6
environmental/fsd151904.wav,environmental,FSD50K (Freesound) via HF Fhrozen/FSD50k,CC0-1.0,44100,2.208,win0.2,0.0,0.2,CLEAR,0.0,0.0,0.0,0.2543,4.621136615949727e-06,,,,,9.770422423689808e-05,10034.47265625,-53.1
environmental/fsd151904.wav,environmental,FSD50K (Freesound) via HF Fhrozen/FSD50k,CC0-1.0,44100,2.208,win0.2,0.502,0.2,CLEAR,0.0,0.0,0.0,0.1924,6.313765811554059e-06,,,,,7.454524846749625e-05,9539.208984375,-54.1
environmental/fsd151904.wav,environmental,FSD50K (Freesound) via HF Fhrozen/FSD50k,CC0-1.0,44100,2.208,win0.2,1.004,0.2,CLEAR,0.0,0.0,0.0,0.1682,3.667725293842894e-05,,,,,0.0001486579077251985,9345.41015625,-62.9
environmental/fsd151904.wav,environmental,FSD50K (Freesound) via HF Fhrozen/FSD50k,CC0-1.0,44100,2.208,win0.2,1.506,0.2,CLEAR,0.0,0.0,0.0,0.0444,0.00013133601605590445,,,,,0.00025970054174839676,8354.8828125,-69.3
environmental/fsd151904.wav,environmental,FSD50K (Freesound) via HF Fhrozen/FSD50k,CC0-1.0,44100,2.208,win0.2,2.008,0.2,CLEAR,0.0,0.0,0.0,0.109,0.0004191537922663659,,,,,0.0007968452227008932,8871.6796875,-75.0
environmental/fsd323426.wav,environmental,FSD50K (Freesound) via HF Fhrozen/FSD50k,CC0-1.0,44100,7.679,full,0.0,7.679,CLEAR,0.0,0.0164,0.0,0.6311,0.0016420429197322825,4.772963258959766,1.067442123296876,3.7055211356628903,15482.373046875,0.005574300822831886,13049.12109375,-27.3
environmental/fsd323426.wav,environmental,FSD50K (Freesound) via HF Fhrozen/FSD50k,CC0-1.0,44100,7.679,win0.5,0.0,0.5,CLEAR,0.0,0.0133,0.0,0.5127,0.0013264991545155012,5.539093049855756,3.8703545627746405,1.6687384870811157,15417.7734375,0.003968613258433376,12101.66015625,-26.8
environmental/fsd323426.wav,environmental,FSD50K (Freesound) via HF Fhrozen/FSD50k,CC0-1.0,44100,7.679,win0.5,1.795,0.5,CLEAR,0.0,0.0113,0.0,0.5585,0.00112828785896446,6.852251563356017,3.8703545627746405,2.9818970005813763,15310.107421875,0.004298852181840225,12467.724609375,-27.3
environmental/fsd323426.wav,environmental,FSD50K (Freesound) via HF Fhrozen/FSD50k,CC0-1.0,44100,7.679,win0.5,3.59,0.5,CLEAR,0.0,0.0137,0.0,0.6284,0.0013668584434350902,7.450924854528232,3.8703545627746405,3.5805702917535913,15546.97265625,0.004998525139426834,13027.587890625,-27.5
environmental/fsd323426.wav,environmental,FSD50K (Freesound) via HF Fhrozen/FSD50k,CC0-1.0,44100,7.679,win0.5,5.384,0.5,CLEAR,0.0,0.0129,0.0,0.5881,0.0012892148765803204,6.385842430693939,3.8703545627746405,2.515487867919299,15353.173828125,0.004334140660411671,12704.58984375,-26.7
environmental/fsd323426.wav,environmental,FSD50K (Freesound) via HF Fhrozen/FSD50k,CC0-1.0,44100,7.679,win0.5,7.179,0.5,CLEAR,0.0,0.0119,0.0,0.5719,0.0011921406981712697,7.1887682816161185,3.8703545627746405,3.318413718841478,15288.57421875,0.00440327417942042,12575.390625,-27.3
environmental/fsd323426.wav,environmental,FSD50K (Freesound) via HF Fhrozen/FSD50k,CC0-1.0,44100,7.679,win0.2,0.0,0.2,CLEAR,0.0,0.024,0.0,0.72,0.0024025165470614807,7.307769281538393,6.003926243331833,1.3038430382065602,15913.037109375,0.007175105386857343,13759.716796875,-28.6
environmental/fsd323426.wav,environmental,FSD50K (Freesound) via HF Fhrozen/FSD50k,CC0-1.0,44100,7.679,win0.2,1.87,0.2,CLEAR,0.0,0.0137,0.0,0.5746,0.0013680548358007464,8.163369026669647,6.003926243331833,2.1594427833378145,15310.107421875,0.004566815216397775,12596.923828125,-27.3
environmental/fsd323426.wav,environmental,FSD50K (Freesound) via HF Fhrozen/FSD50k,CC0-1.0,44100,7.679,win0.2,3.74,0.2,CLEAR,0.0,0.0141,0.0,0.6177,0.00140653870676859,7.241557772320152,6.003926243331833,1.2376315289883193,15568.505859375,0.004504057436734941,12941.455078125,-28.8
environmental/fsd323426.wav,environmental,FSD50K (Freesound) via HF Fhrozen/FSD50k,CC0-1.0,44100,7.679,win0.2,5.609,0.2,CLEAR,0.0,0.0102,0.0,0.5692,0.001020067758393753,7.643873512536608,6.003926243331833,1.6399472692047752,15460.83984375,0.003962805983229423,12553.857421875,-26.6
environmental/fsd323426.wav,environmental,FSD50K (Freesound) via HF Fhrozen/FSD50k,CC0-1.0,44100,7.679,win0.2,7.479,0.2,CLEAR,0.0,0.0096,0.0,0.5127,0.0009566541635665913,8.492306062871009,6.003926243331833,2.488379819539176,15288.57421875,0.003245377917461853,12101.66015625,-28.1
environmental/fsd244926.wav,environmental,FSD50K (Freesound) via HF Fhrozen/FSD50k,CC0-1.0,44100,3.857,full,0.0,3.857,CLEAR,0.0,0.0,0.0,0.0,2.144568584976359e-06,,,,,6.150290186379229e-06,452.197265625,-10.9
environmental/fsd244926.wav,environmental,FSD50K (Freesound) via HF Fhrozen/FSD50k,CC0-1.0,44100,3.857,win0.5,0.0,0.5,CLEAR,0.0,0.0,0.0,0.0,6.652925509216438e-07,,,,,2.1259748294760767e-06,150.732421875,-9.4
environmental/fsd244926.wav,environmental,FSD50K (Freesound) via HF Fhrozen/FSD50k,CC0-1.0,44100,3.857,win0.5,0.839,0.5,CLEAR,0.0,0.0,0.0,0.0,3.936685231383687e-06,,,,,1.0891940172766257e-05,2993.115234375,-9.0
environmental/fsd244926.wav,environmental,FSD50K (Freesound) via HF Fhrozen/FSD50k,CC0-1.0,44100,3.857,win0.5,1.679,0.5,CLEAR,0.0,0.0,0.0,0.0,8.431664522407883e-07,,,,,3.4513765771013405e-06,129.19921875,-11.0
environmental/fsd244926.wav,environmental,FSD50K (Freesound) via HF Fhrozen/FSD50k,CC0-1.0,44100,3.857,win0.5,2.518,0.5,CLEAR,0.0,0.0,0.0,0.0,5.939209442428545e-08,,,,,2.2644096448749225e-07,86.1328125,-11.7
environmental/fsd244926.wav,environmental,FSD50K (Freesound) via HF Fhrozen/FSD50k,CC0-1.0,44100,3.857,win0.5,3.357,0.5,CLEAR,0.0,0.0,0.0,0.0,1.1437776320056231e-08,,,,,2.084445001090622e-08,86.1328125,-27.0
environmental/fsd244926.wav,environmental,FSD50K (Freesound) via HF Fhrozen/FSD50k,CC0-1.0,44100,3.857,win0.2,0.0,0.2,CLEAR,0.0,0.0,0.0,0.0,4.880145158722823e-09,,,,,9.221243381680132e-09,64.599609375,-20.9
environmental/fsd244926.wav,environmental,FSD50K (Freesound) via HF Fhrozen/FSD50k,CC0-1.0,44100,3.857,win0.2,0.914,0.2,CLEAR,0.0,0.0,0.0,0.0,4.26833748427878e-06,,,,,1.1770559028523164e-05,3531.4453125,-9.5
environmental/fsd244926.wav,environmental,FSD50K (Freesound) via HF Fhrozen/FSD50k,CC0-1.0,44100,3.857,win0.2,1.829,0.2,CLEAR,0.0,0.0,0.0,0.0,1.0046114793754583e-06,,,,,3.9109233408342695e-06,172.265625,-11.9
environmental/fsd244926.wav,environmental,FSD50K (Freesound) via HF Fhrozen/FSD50k,CC0-1.0,44100,3.857,win0.2,2.743,0.2,CLEAR,0.0,0.0,0.0,0.0,2.0429315438561137e-08,,,,,5.907420912325061e-08,86.1328125,-11.6
environmental/fsd244926.wav,environmental,FSD50K (Freesound) via HF Fhrozen/FSD50k,CC0-1.0,44100,3.857,win0.2,3.657,0.2,CLEAR,0.0,0.0,0.0,0.0,1.7856907217530107e-08,,,,,3.135500364563867e-08,64.599609375,-28.9
environmental/fsd238798.wav,environmental,FSD50K (Freesound) via HF Fhrozen/FSD50k,CC-BY-3.0,44100,4.413,full,0.0,4.413,CLEAR,0.0,0.0,0.0,0.0,6.106160652346285e-07,,,,,1.3698953442753055e-06,193.798828125,-28.1
environmental/fsd238798.wav,environmental,FSD50K (Freesound) via HF Fhrozen/FSD50k,CC-BY-3.0,44100,4.413,win0.5,0.0,0.5,CLEAR,0.0,0.0,0.0,0.0,1.9955967039128651e-07,,,,,4.0382103598794087e-07,215.33203125,-26.5
environmental/fsd238798.wav,environmental,FSD50K (Freesound) via HF Fhrozen/FSD50k,CC-BY-3.0,44100,4.413,win0.5,0.978,0.5,CLEAR,0.0,0.0,0.0,0.0,3.534597535265671e-06,,,,,7.477799421468954e-06,150.732421875,-33.8
environmental/fsd238798.wav,environmental,FSD50K (Freesound) via HF Fhrozen/FSD50k,CC-BY-3.0,44100,4.413,win0.5,1.956,0.5,CLEAR,0.0,0.0,0.0,0.0,1.801829272765474e-06,,,,,4.123856408647979e-06,150.732421875,-30.7
environmental/fsd238798.wav,environmental,FSD50K (Freesound) via HF Fhrozen/FSD50k,CC-BY-3.0,44100,4.413,win0.5,2.935,0.5,CLEAR,0.0,0.0,0.0,0.0,5.252382985968792e-07,,,,,1.1821073090973792e-06,193.798828125,-25.9
environmental/fsd238798.wav,environmental,FSD50K (Freesound) via HF Fhrozen/FSD50k,CC-BY-3.0,44100,4.413,win0.5,3.913,0.5,CLEAR,0.0,0.0,0.0,0.0,3.827665656452253e-06,,,,,9.037047100977947e-06,150.732421875,-41.1
environmental/fsd238798.wav,environmental,FSD50K (Freesound) via HF Fhrozen/FSD50k,CC-BY-3.0,44100,4.413,win0.2,0.0,0.2,CLEAR,0.0,0.0,0.0,0.0,1.0961806554351441e-06,,,,,2.2119098851846457e-06,150.732421875,-36.3
environmental/fsd238798.wav,environmental,FSD50K (Freesound) via HF Fhrozen/FSD50k,CC-BY-3.0,44100,4.413,win0.2,1.053,0.2,CLEAR,0.0,0.0,0.0,0.0,2.4564621307540916e-06,,,,,5.317620825617917e-06,172.265625,-32.6
environmental/fsd238798.wav,environmental,FSD50K (Freesound) via HF Fhrozen/FSD50k,CC-BY-3.0,44100,4.413,win0.2,2.106,0.2,CLEAR,0.0,0.0,0.0,0.0,1.5148166346450716e-06,,,,,3.7363928351859456e-06,150.732421875,-30.9
environmental/fsd238798.wav,environmental,FSD50K (Freesound) via HF Fhrozen/FSD50k,CC-BY-3.0,44100,4.413,win0.2,3.16,0.2,CLEAR,0.0,0.0,0.0,0.0,1.459323360448832e-06,,,,,3.1671999532872273e-06,150.732421875,-29.7
environmental/fsd238798.wav,environmental,FSD50K (Freesound) via HF Fhrozen/FSD50k,CC-BY-3.0,44100,4.413,win0.2,4.213,0.2,CLEAR,0.0,0.0,0.0,0.0,3.861448766208392e-06,,,,,9.550242417576091e-06,129.19921875,-44.5
environmental/fsd337735.wav,environmental,FSD50K (Freesound) via HF Fhrozen/FSD50k,CC0-1.0,44100,6.829,full,0.0,6.829,CLEAR,0.0,0.0,0.0,0.0,2.4791691810180323e-05,,,,,0.00014946011407954,1270.458984375,-31.4
environmental/fsd337735.wav,environmental,FSD50K (Freesound) via HF Fhrozen/FSD50k,CC0-1.0,44100,6.829,win0.5,0.0,0.5,CLEAR,0.0,0.0,0.0,0.0,4.491297933353893e-06,,,,,3.2921636795023334e-05,2583.984375,-25.5
environmental/fsd337735.wav,environmental,FSD50K (Freesound) via HF Fhrozen/FSD50k,CC0-1.0,44100,6.829,win0.5,1.582,0.5,CLEAR,0.0,0.0,0.0,0.0,0.00010629709288850982,,,,,0.0007037127298366773,3079.248046875,-33.4
environmental/fsd337735.wav,environmental,FSD50K (Freesound) via HF Fhrozen/FSD50k,CC0-1.0,44100,6.829,win0.5,3.164,0.5,CLEAR,0.0,0.0,0.0,0.0,0.0001993486464170434,7.513474839165064,3.8703545627746405,3.6431202763904236,16559.033203125,0.0011692275314625284,236.865234375,-47.0
environmental/fsd337735.wav,environmental,FSD50K (Freesound) via HF Fhrozen/FSD50k,CC0-1.0,44100,6.829,win0.5,4.746,0.5,CLEAR,0.0,0.0,0.0,0.0,0.00010831827152604965,,,,,0.000878604642970351,301.46484375,-43.5
environmental/fsd337735.wav,environmental,FSD50K (Freesound) via HF Fhrozen/FSD50k,CC0-1.0,44100,6.829,win0.5,6.329,0.5,CLEAR,0.0,0.0,0.0,0.0,8.670423589757493e-05,,,,,0.0004781837219578982,215.33203125,-52.3
environmental/fsd337735.wav,environmental,FSD50K (Freesound) via HF Fhrozen/FSD50k,CC0-1.0,44100,6.829,win0.2,0.0,0.2,CLEAR,0.0,0.0,0.0,0.9541,0.004357779288633324,9.845836742419978,6.003926243331833,3.8419104990881454,15654.638671875,0.012757300792582409,15633.10546875,-82.8
environmental/fsd337735.wav,environmental,FSD50K (Freesound) via HF Fhrozen/FSD50k,CC0-1.0,44100,6.829,win0.2,1.657,0.2,CLEAR,0.0,0.0,0.0,0.0228,0.0002822591831868968,8.21813769385342,6.003926243331833,2.214211450521587,16494.43359375,0.0017700944055978932,8182.6171875,-39.2
environmental/fsd337735.wav,environmental,FSD50K (Freesound) via HF Fhrozen/FSD50k,CC0-1.0,44100,6.829,win0.2,3.314,0.2,CLEAR,0.0,0.0,0.0,0.0,0.00012666995314778364,,,,,0.0007699358746972347,193.798828125,-45.2
environmental/fsd337735.wav,environmental,FSD50K (Freesound) via HF Fhrozen/FSD50k,CC0-1.0,44100,6.829,win0.2,4.971,0.2,CLEAR,0.0,0.0,0.0,0.0,0.00010256474546529803,,,,,0.0005789542578181311,215.33203125,-42.2
environmental/fsd337735.wav,environmental,FSD50K (Freesound) via HF Fhrozen/FSD50k,CC0-1.0,44100,6.829,win0.2,6.629,0.2,CLEAR,0.0,0.0,0.0,0.0,0.0004800194618343865,8.158215263329653,6.003926243331833,2.1542890199978206,15116.30859375,0.0025068778067799447,5426.3671875,-68.9
environmental/fsd380494.wav,environmental,FSD50K (Freesound) via HF Fhrozen/FSD50k,CC0-1.0,44100,7.758,full,0.0,7.758,CLEAR,0.0,0.0,0.0,1.0,0.0037824595348564193,15.095257566447032,1.0612687182244827,14.033988848222549,16063.76953125,0.022416304451457363,16472.900390625,-54.9
environmental/fsd380494.wav,environmental,FSD50K (Freesound) via HF Fhrozen/FSD50k,CC0-1.0,44100,7.758,win0.5,0.0,0.5,CLEAR,0.0,0.0,0.0,0.4966,0.002839122383619691,3.0014909121976148,3.8703545627746405,-0.8688636505770257,15460.83984375,0.005668578136881607,11972.4609375,-60.2
environmental/fsd380494.wav,environmental,FSD50K (Freesound) via HF Fhrozen/FSD50k,CC0-1.0,44100,7.758,win0.5,1.815,0.5,CLEAR,0.0,0.0,0.0,1.0,0.006155758959425372,15.17138744587583,3.8703545627746405,11.30103288310119,16063.76953125,0.04091412256832469,17398.828125,-46.4
environmental/fsd380494.wav,environmental,FSD50K (Freesound) via HF Fhrozen/FSD50k,CC0-1.0,44100,7.758,win0.5,3.629,0.5,CLEAR,0.0,0.0,0.0,0.7092,0.0034805304116678694,3.55075323952747,3.8703545627746405,-0.3196013232471704,15719.23828125,0.00759927532099072,13673.583984375,-61.1
environmental/fsd380494.wav,environmental,FSD50K (Freesound) via HF Fhrozen/FSD50k,CC0-1.0,44100,7.758,win0.5,5.444,0.5,CLEAR,0.0,0.0,0.0,0.0,0.001268938342966067,3.46634740938501,3.8703545627746405,-0.40400715338963034,15223.974609375,0.0024879936584656084,4091.30859375,-57.6
environmental/fsd380494.wav,environmental,FSD50K (Freesound) via HF Fhrozen/FSD50k,CC0-1.0,44100,7.758,win0.5,7.258,0.5,CLEAR,0.0,0.0,0.0,0.1063,0.0002858413504715968,,,,,0.000789548023749327,8850.146484375,-48.5
environmental/fsd380494.wav,environmental,FSD50K (Freesound) via HF Fhrozen/FSD50k,CC0-1.0,44100,7.758,win0.2,0.0,0.2,CLEAR,0.0,0.0,0.0,0.5019,0.0029521114616136743,3.9171356193114217,6.003926243331833,-2.086790624020411,18130.95703125,0.005722075696276538,12015.52734375,-60.2
environmental/fsd380494.wav,environmental,FSD50K (Freesound) via HF Fhrozen/FSD50k,CC0-1.0,44100,7.758,win0.2,1.89,0.2,CLEAR,0.0,0.0,0.0,0.8196,0.001758098931238186,13.771106183756066,6.003926243331833,7.767179940424233,16085.302734375,0.0077654928383654115,14556.4453125,-50.5
environmental/fsd380494.wav,environmental,FSD50K (Freesound) via HF Fhrozen/FSD50k,CC0-1.0,44100,7.758,win0.2,3.779,0.2,CLEAR,0.0,0.0,0.0,0.9111,0.0048508014185590555,4.333896224591171,6.003926243331833,-1.670030018740662,15482.373046875,0.01057884248518375,15288.57421875,-61.7
environmental/fsd380494.wav,environmental,FSD50K (Freesound) via HF Fhrozen/FSD50k,CC0-1.0,44100,7.758,win0.2,5.669,0.2,CLEAR,0.0,0.0,0.0,0.2543,0.002181859404330632,5.054683167457762,6.003926243331833,-0.9492430758740706,15223.974609375,0.004438054736093829,10034.47265625,-59.0
environmental/fsd380494.wav,environmental,FSD50K (Freesound) via HF Fhrozen/FSD50k,CC0-1.0,44100,7.758,win0.2,7.558,0.2,CLEAR,0.0,0.0,0.0,0.1143,0.00023104857613802057,,,,,0.0007051468850726372,8914.74609375,-44.7
electronic_device/fsd418896.wav,electronic_device,FSD50K (Freesound) via HF Fhrozen/FSD50k,CC0-1.0,44100,2.002,full,0.0,2.002,CLEAR,0.0,0.0,0.0,0.292,0.00020074344743358486,,,,,0.0009369678871417324,10335.9375,-31.3
electronic_device/fsd418896.wav,electronic_device,FSD50K (Freesound) via HF Fhrozen/FSD50k,CC0-1.0,44100,2.002,win0.5,0.0,0.5,CLEAR,0.0,0.0,0.0,0.3055,0.00023115618785986896,,,,,0.0008804647381701827,10443.603515625,-27.3
electronic_device/fsd418896.wav,electronic_device,FSD50K (Freesound) via HF Fhrozen/FSD50k,CC0-1.0,44100,2.002,win0.5,0.501,0.5,CLEAR,0.0,0.0,0.0,0.0,0.0,,,,,0.0,0.0,-69.5
electronic_device/fsd418896.wav,electronic_device,FSD50K (Freesound) via HF Fhrozen/FSD50k,CC0-1.0,44100,2.002,win0.5,1.001,0.5,CLEAR,0.0,0.0,0.0,0.2974,0.00018084723033079774,12.517625441604554,3.8703545627746405,8.647270878829914,15826.904296875,0.0011681546841474102,10379.00390625,-29.4
electronic_device/fsd418896.wav,electronic_device,FSD50K (Freesound) via HF Fhrozen/FSD50k,CC0-1.0,44100,2.002,win0.2,0.0,0.2,CLEAR,0.0,0.0,0.0,0.3055,0.00023115618785986904,,,,,0.0008804647381701827,10443.603515625,-23.4
electronic_device/fsd418896.wav,electronic_device,FSD50K (Freesound) via HF Fhrozen/FSD50k,CC0-1.0,44100,2.002,win0.2,0.901,0.2,CLEAR,0.0,0.0,0.0,0.2705,0.0001421378225881449,,,,,0.0006519959993625305,10163.671875,-25.4
electronic_device/fsd266592.wav,electronic_device,FSD50K (Freesound) via HF Fhrozen/FSD50k,CC-BY-3.0,44100,3.8,full,0.0,3.8,CLEAR,0.0,0.0,0.0,0.0,5.7443063680804945e-08,,,,,1.655489941123087e-07,7385.888671875,-29.9
electronic_device/fsd266592.wav,electronic_device,FSD50K (Freesound) via HF Fhrozen/FSD50k,CC-BY-3.0,44100,3.8,win0.5,0.0,0.5,CLEAR,0.0,0.0,0.0,0.0,9.607913262236843e-08,,,,,2.182932940445819e-07,7278.22265625,-36.1
electronic_device/fsd266592.wav,electronic_device,FSD50K (Freesound) via HF Fhrozen/FSD50k,CC-BY-3.0,44100,3.8,win0.5,0.825,0.5,CLEAR,0.0,0.0,0.0,0.0,4.0403768460885064e-07,,,,,7.538699587238088e-07,7299.755859375,-38.8
electronic_device/fsd266592.wav,electronic_device,FSD50K (Freesound) via HF Fhrozen/FSD50k,CC-BY-3.0,44100,3.8,win0.5,1.65,0.5,CLEAR,0.0,0.0,0.0,0.0,5.022868216981488e-08,,,,,1.7872006235152231e-07,7342.822265625,-29.0
electronic_device/fsd266592.wav,electronic_device,FSD50K (Freesound) via HF Fhrozen/FSD50k,CC-BY-3.0,44100,3.8,win0.5,2.475,0.5,CLEAR,0.0,0.0,0.0,0.0,6.726594474868493e-08,,,,,1.6638446589408452e-07,7278.22265625,-31.6
electronic_device/fsd266592.wav,electronic_device,FSD50K (Freesound) via HF Fhrozen/FSD50k,CC-BY-3.0,44100,3.8,win0.5,3.3,0.5,CLEAR,0.0,0.0,0.0,0.0,2.697192158926738e-07,,,,,5.98150695642745e-07,7428.955078125,-42.3
electronic_device/fsd266592.wav,electronic_device,FSD50K (Freesound) via HF Fhrozen/FSD50k,CC-BY-3.0,44100,3.8,win0.2,0.0,0.2,CLEAR,0.0,0.0,0.0,0.0,8.535924210519778e-08,,,,,1.9781560619885001e-07,7256.689453125,-33.9
electronic_device/fsd266592.wav,electronic_device,FSD50K (Freesound) via HF Fhrozen/FSD50k,CC-BY-3.0,44100,3.8,win0.2,0.9,0.2,CLEAR,0.0,0.0,0.0,0.0,3.715025114662502e-07,,,,,6.843621480507525e-07,7321.2890625,-43.6
electronic_device/fsd266592.wav,electronic_device,FSD50K (Freesound) via HF Fhrozen/FSD50k,CC-BY-3.0,44100,3.8,win0.2,1.8,0.2,CLEAR,0.0,0.0,0.0,0.0,4.252023807117938e-08,,,,,1.6655833303454186e-07,7321.2890625,-25.1
electronic_device/fsd266592.wav,electronic_device,FSD50K (Freesound) via HF Fhrozen/FSD50k,CC-BY-3.0,44100,3.8,win0.2,2.7,0.2,CLEAR,0.0,0.0,0.0,0.0,4.978900061155609e-07,,,,,9.042033548732187e-07,7299.755859375,-45.4
electronic_device/fsd266592.wav,electronic_device,FSD50K (Freesound) via HF Fhrozen/FSD50k,CC-BY-3.0,44100,3.8,win0.2,3.6,0.2,CLEAR,0.0,0.0,0.0,0.0,7.88956964561233e-07,,,,,1.4367373751245436e-06,7278.22265625,-46.1
electronic_device/fsd370892.wav,electronic_device,FSD50K (Freesound) via HF Fhrozen/FSD50k,CC-BY-3.0,44100,2.233,full,0.0,2.233,CLEAR,0.0,0.0,0.0,0.9676,0.004124983000251823,9.7730164922791,1.9205941909433368,7.852422301335762,15116.30859375,0.014068669387322713,15740.771484375,-38.6
electronic_device/fsd370892.wav,electronic_device,FSD50K (Freesound) via HF Fhrozen/FSD50k,CC-BY-3.0,44100,2.233,win0.5,0.0,0.5,CLEAR,0.0,0.0,0.0,0.6365,0.0007802904425927262,6.0552971729541465,3.8703545627746405,2.184942610179506,15310.107421875,0.0016744555482330421,13092.1875,-59.6
electronic_device/fsd370892.wav,electronic_device,FSD50K (Freesound) via HF Fhrozen/FSD50k,CC-BY-3.0,44100,2.233,win0.5,0.578,0.5,CLEAR,0.0,0.0734,0.0,1.0,0.007341032895149965,11.383132883185574,3.8703545627746405,7.512778320410934,15697.705078125,0.027212937629767803,16968.1640625,-35.1
electronic_device/fsd370892.wav,electronic_device,FSD50K (Freesound) via HF Fhrozen/FSD50k,CC-BY-3.0,44100,2.233,win0.5,1.156,0.5,CLEAR,0.0,0.0,0.0,0.763,0.0015579212718385244,7.0650055895445245,3.8703545627746405,3.194651026769884,18776.953125,0.0038871790228310384,14104.248046875,-35.2
electronic_device/fsd370892.wav,electronic_device,FSD50K (Freesound) via HF Fhrozen/FSD50k,CC-BY-3.0,44100,2.233,win0.5,1.733,0.5,CLEAR,0.0,0.0,0.0,0.0,0.0006297418289476476,3.668634989372551,3.8703545627746405,-0.20171957340208957,15568.505859375,0.0013721528200644436,4478.90625,-60.7
electronic_device/fsd370892.wav,electronic_device,FSD50K (Freesound) via HF Fhrozen/FSD50k,CC-BY-3.0,44100,2.233,win0.2,0.0,0.2,CLEAR,0.0,0.0,0.0,0.0,0.0006145721807857315,5.297606365827933,6.003926243331833,-0.7063198775038995,17635.693359375,0.0013216914769876669,4349.70703125,-60.5
electronic_device/fsd370892.wav,electronic_device,FSD50K (Freesound) via HF Fhrozen/FSD50k,CC-BY-3.0,44100,2.233,win0.2,0.508,0.2,CLEAR,0.0,0.0724,0.0,1.0,0.007236812133829775,11.242503075046383,6.003926243331833,5.23857683171455,15719.23828125,0.02665092579877357,16925.09765625,-31.0
electronic_device/fsd370892.wav,electronic_device,FSD50K (Freesound) via HF Fhrozen/FSD50k,CC-BY-3.0,44100,2.233,win0.2,1.017,0.2,CLEAR,0.0,0.0,0.0,0.0,0.0005846926602979261,5.200625633458595,6.003926243331833,-0.8033006098732374,16731.298828125,0.001329648376978379,4263.57421875,-60.9
electronic_device/fsd370892.wav,electronic_device,FSD50K (Freesound) via HF Fhrozen/FSD50k,CC-BY-3.0,44100,2.233,win0.2,1.525,0.2,CLEAR,0.0,0.0,0.0,0.5504,0.0003564887915627152,12.703450973493027,6.003926243331833,6.699524730161194,15697.705078125,0.0019711911549932393,12403.125,-38.6
electronic_device/fsd370892.wav,electronic_device,FSD50K (Freesound) via HF Fhrozen/FSD50k,CC-BY-3.0,44100,2.233,win0.2,2.033,0.2,CLEAR,0.0,0.0,0.0,0.0,0.0005547248550891809,5.044141271440955,6.003926243331833,-0.959784971890878,15568.505859375,0.0012435868978580415,4112.841796875,-60.4
electronic_device/fsd56342.wav,electronic_device,FSD50K (Freesound) via HF Fhrozen/FSD50k,CC-BY-3.0,44100,2.4,full,0.0,2.4,CLEAR,0.0,0.0,0.0,0.0,1.2265717510947316e-05,,,,,6.58970238085912e-05,5275.634765625,-43.1
electronic_device/fsd56342.wav,electronic_device,FSD50K (Freesound) via HF Fhrozen/FSD50k,CC-BY-3.0,44100,2.4,win0.5,0.0,0.5,CLEAR,0.0,0.0,0.0,0.0,9.403882658720129e-06,,,,,5.596063406465481e-05,5081.8359375,-40.9
electronic_device/fsd56342.wav,electronic_device,FSD50K (Freesound) via HF Fhrozen/FSD50k,CC-BY-3.0,44100,2.4,win0.5,0.633,0.5,CLEAR,0.0,0.0,0.0,0.0,1.0926362353406722e-05,,,,,4.582237094069718e-05,5038.76953125,-41.9
electronic_device/fsd56342.wav,electronic_device,FSD50K (Freesound) via HF Fhrozen/FSD50k,CC-BY-3.0,44100,2.4,win0.5,1.267,0.5,CLEAR,0.0,0.0,0.0,0.0,2.4468956229757293e-05,,,,,9.68417395548076e-05,5792.431640625,-42.1
electronic_device/fsd56342.wav,electronic_device,FSD50K (Freesound) via HF Fhrozen/FSD50k,CC-BY-3.0,44100,2.4,win0.5,1.9,0.5,CLEAR,0.0,0.0,0.0,0.0,2.7839005678340623e-05,,,,,8.727614352337053e-05,4737.3046875,-49.5
electronic_device/fsd56342.wav,electronic_device,FSD50K (Freesound) via HF Fhrozen/FSD50k,CC-BY-3.0,44100,2.4,win0.2,0.0,0.2,CLEAR,0.0,0.0,0.0,0.0,7.400653203372464e-06,,,,,5.346499584655543e-05,5103.369140625,-37.8
electronic_device/fsd56342.wav,electronic_device,FSD50K (Freesound) via HF Fhrozen/FSD50k,CC-BY-3.0,44100,2.4,win0.2,0.55,0.2,CLEAR,0.0,0.0,0.0,0.0,9.775353939731482e-06,,,,,4.246391308719976e-05,4995.703125,-39.5
electronic_device/fsd56342.wav,electronic_device,FSD50K (Freesound) via HF Fhrozen/FSD50k,CC-BY-3.0,44100,2.4,win0.2,1.1,0.2,CLEAR,0.0,0.0,0.0,0.0,8.184565820676044e-06,,,,,6.005975964622391e-05,5103.369140625,-38.1
electronic_device/fsd56342.wav,electronic_device,FSD50K (Freesound) via HF Fhrozen/FSD50k,CC-BY-3.0,44100,2.4,win0.2,1.65,0.2,CLEAR,0.0,0.0,0.0,0.0,0.0015026667321747186,4.047182367973429,6.003926243331833,-1.9567438753584039,16236.03515625,0.0030097911125987393,4069.775390625,-69.1
electronic_device/fsd56342.wav,electronic_device,FSD50K (Freesound) via HF Fhrozen/FSD50k,CC-BY-3.0,44100,2.4,win0.2,2.2,0.2,CLEAR,0.0,0.0,0.0,0.0,0.0020251197195938066,4.607821958469153,6.003926243331833,-1.3961042848626795,16494.43359375,0.004275245442981155,5684.765625,-68.8
electronic_device/fsd259927.wav,electronic_device,FSD50K (Freesound) via HF Fhrozen/FSD50k,CC0-1.0,44100,2.239,full,0.0,2.239,CLEAR,0.0,0.0,0.0,0.0,1.3425788198801682e-07,,,,,2.1195863273160797e-07,1507.32421875,-16.8
electronic_device/fsd259927.wav,electronic_device,FSD50K (Freesound) via HF Fhrozen/FSD50k,CC0-1.0,44100,2.239,win0.5,0.0,0.5,CLEAR,0.0,0.0,0.0,0.0,1.4262120557045794e-07,,,,,3.273445814026143e-07,1335.05859375,-15.2
electronic_device/fsd259927.wav,electronic_device,FSD50K (Freesound) via HF Fhrozen/FSD50k,CC0-1.0,44100,2.239,win0.5,0.58,0.5,CLEAR,0.0,0.0,0.0,0.0,1.5911433236197738e-07,,,,,2.1494617150997883e-07,1507.32421875,-15.2
electronic_device/fsd259927.wav,electronic_device,FSD50K (Freesound) via HF Fhrozen/FSD50k,CC0-1.0,44100,2.239,win0.5,1.159,0.5,CLEAR,0.0,0.0,0.0,0.0,2.158265909586783e-07,,,,,2.4979309379373336e-07,1335.05859375,-16.9
electronic_device/fsd259927.wav,electronic_device,FSD50K (Freesound) via HF Fhrozen/FSD50k,CC0-1.0,44100,2.239,win0.5,1.739,0.5,CLEAR,0.0,0.0,0.0,0.0,1.1904865107760258e-08,,,,,1.675386237933069e-08,1184.326171875,-21.1
electronic_device/fsd259927.wav,electronic_device,FSD50K (Freesound) via HF Fhrozen/FSD50k,CC0-1.0,44100,2.239,win0.2,0.0,0.2,CLEAR,0.0,0.0,0.0,0.0,3.917379825252554e-07,,,,,9.046927090511221e-07,1335.05859375,-15.0
electronic_device/fsd259927.wav,electronic_device,FSD50K (Freesound) via HF Fhrozen/FSD50k,CC0-1.0,44100,2.239,win0.2,0.51,0.2,CLEAR,0.0,0.0,0.0,0.0,1.2688298242904015e-09,,,,,2.347532780960872e-09,1507.32421875,-16.4
electronic_device/fsd259927.wav,electronic_device,FSD50K (Freesound) via HF Fhrozen/FSD50k,CC0-1.0,44100,2.239,win0.2,1.019,0.2,CLEAR,0.0,0.0,0.0,0.0,6.149335574209268e-08,,,,,9.333296329345215e-08,1335.05859375,-15.0
electronic_device/fsd259927.wav,electronic_device,FSD50K (Freesound) via HF Fhrozen/FSD50k,CC0-1.0,44100,2.239,win0.2,1.529,0.2,CLEAR,0.0,0.0,0.0,0.0,1.4008769942020738e-07,,,,,2.3295119035632617e-07,1722.65625,-37.7
electronic_device/fsd259927.wav,electronic_device,FSD50K (Freesound) via HF Fhrozen/FSD50k,CC0-1.0,44100,2.239,win0.2,2.039,0.2,CLEAR,0.0,0.0,0.0,0.0,1.1962561202829365e-08,,,,,1.6077607579665102e-08,1141.259765625,-17.1
electronic_device/fsd102434.wav,electronic_device,FSD50K (Freesound) via HF Fhrozen/FSD50k,CC0-1.0,44100,2.604,full,0.0,2.604,CLEAR,0.0,0.0,0.0,0.0,2.1335765004018205e-09,,,,,2.2121823992858938e-09,5404.833984375,-10.3
electronic_device/fsd102434.wav,electronic_device,FSD50K (Freesound) via HF Fhrozen/FSD50k,CC0-1.0,44100,2.604,win0.5,0.0,0.5,CLEAR,0.0,0.0,0.0,0.0,2.1565776482118846e-09,,,,,2.235085455322526e-09,5404.833984375,-6.6
electronic_device/fsd102434.wav,electronic_device,FSD50K (Freesound) via HF Fhrozen/FSD50k,CC0-1.0,44100,2.604,win0.5,0.526,0.5,CLEAR,0.0,0.0,0.0,0.0,2.1412820636605682e-09,,,,,2.2194805553109355e-09,5404.833984375,-6.5
electronic_device/fsd102434.wav,electronic_device,FSD50K (Freesound) via HF Fhrozen/FSD50k,CC0-1.0,44100,2.604,win0.5,1.052,0.5,CLEAR,0.0,0.0,0.0,0.0,7.546242701601984e-10,,,,,8.346670394157853e-10,6739.892578125,-19.0
electronic_device/fsd102434.wav,electronic_device,FSD50K (Freesound) via HF Fhrozen/FSD50k,CC0-1.0,44100,2.604,win0.2,0.0,0.2,CLEAR,0.0,0.0,0.0,0.0,2.18896680242253e-09,,,,,2.2685282845632415e-09,5404.833984375,-6.6
electronic_device/fsd102434.wav,electronic_device,FSD50K (Freesound) via HF Fhrozen/FSD50k,CC0-1.0,44100,2.604,win0.2,0.601,0.2,CLEAR,0.0,0.0,0.0,0.0,2.313804182410792e-09,,,,,2.3934563988144494e-09,5404.833984375,-6.6
electronic_device/fsd264103.wav,electronic_device,FSD50K (Freesound) via HF Fhrozen/FSD50k,CC-BY-3.0,44100,3.068,full,0.0,3.068,CLEAR,0.0,0.0,0.0,0.2893,9.175546620084011e-06,,,,,0.00014700019416845304,10314.404296875,-27.6
electronic_device/fsd264103.wav,electronic_device,FSD50K (Freesound) via HF Fhrozen/FSD50k,CC-BY-3.0,44100,3.068,win0.5,0.0,0.5,CLEAR,0.0,0.0,0.0,0.257,9.00326312667156e-07,,,,,6.923056417352764e-05,10056.005859375,-23.5
electronic_device/fsd264103.wav,electronic_device,FSD50K (Freesound) via HF Fhrozen/FSD50k,CC-BY-3.0,44100,3.068,win0.5,0.642,0.5,CLEAR,0.0,0.0,0.0,0.4077,0.0006682429549027145,6.195986891610294,3.8703545627746405,2.325632328835653,15891.50390625,0.003411023182247638,11261.865234375,-41.6
electronic_device/fsd264103.wav,electronic_device,FSD50K (Freesound) via HF Fhrozen/FSD50k,CC-BY-3.0,44100,3.068,win0.5,1.284,0.5,CLEAR,0.0,0.0,0.0,0.6419,0.001041737358562834,6.965045948313148,3.8703545627746405,3.0946913855385074,15374.70703125,0.005463010424962625,13135.25390625,-45.0
electronic_device/fsd264103.wav,electronic_device,FSD50K (Freesound) via HF Fhrozen/FSD50k,CC-BY-3.0,44100,3.068,win0.5,1.926,0.5,CLEAR,0.0,0.0,0.0,0.2839,1.5696203956513337e-05,,,,,0.0002585246148640837,10271.337890625,-28.1
electronic_device/fsd264103.wav,electronic_device,FSD50K (Freesound) via HF Fhrozen/FSD50k,CC-BY-3.0,44100,3.068,win0.5,2.568,0.5,CLEAR,0.0,0.0,0.0,0.292,4.65706225067722e-06,,,,,0.00013082689372422512,10335.9375,-25.5
electronic_device/fsd264103.wav,electronic_device,FSD50K (Freesound) via HF Fhrozen/FSD50k,CC-BY-3.0,44100,3.068,win0.2,0.0,0.2,CLEAR,0.0,0.0,0.0,0.257,2.844697392998645e-06,,,,,6.0985220041468404e-05,10056.005859375,-26.2
electronic_device/fsd264103.wav,electronic_device,FSD50K (Freesound) via HF Fhrozen/FSD50k,CC-BY-3.0,44100,3.068,win0.2,0.717,0.2,CLEAR,0.0,0.0,0.0,0.8707,0.0021733076541902248,9.157234765666361,6.003926243331833,3.1533085223345285,16946.630859375,0.009874491717823843,14965.576171875,-49.9
electronic_device/fsd264103.wav,electronic_device,FSD50K (Freesound) via HF Fhrozen/FSD50k,CC-BY-3.0,44100,3.068,win0.2,1.434,0.2,CLEAR,0.0,0.0,0.0,1.0,0.005148596465271693,8.706538154403802,6.003926243331833,2.702611911071969,15891.50390625,0.02166332671481035,17054.296875,-53.5
electronic_device/fsd264103.wav,electronic_device,FSD50K (Freesound) via HF Fhrozen/FSD50k,CC-BY-3.0,44100,3.068,win0.2,2.151,0.2,CLEAR,0.0,0.0,0.0,0.2651,8.570548289285563e-06,,,,,0.0001892263087173623,10120.60546875,-28.4
electronic_device/fsd264103.wav,electronic_device,FSD50K (Freesound) via HF Fhrozen/FSD50k,CC-BY-3.0,44100,3.068,win0.2,2.868,0.2,CLEAR,0.0,0.0,0.0,0.2893,1.1155672422497419e-06,,,,,3.120802044278848e-05,10314.404296875,-23.7
electronic_device/fsd326291.wav,electronic_device,FSD50K (Freesound) via HF Fhrozen/FSD50k,CC0-1.0,44100,4.063,full,0.0,4.063,CLEAR,0.0,0.0,0.0,0.7873,2.5203555657638637e-06,41.66680789538819,1.4460836499408913,40.2207242454473,15008.642578125,0.001496607763818959,14298.046875,-48.9
electronic_device/fsd326291.wav,electronic_device,FSD50K (Freesound) via HF Fhrozen/FSD50k,CC0-1.0,44100,4.063,win0.5,0.0,0.5,CLEAR,0.0,0.0,0.0,0.2435,5.70991004614613e-07,,,,,0.0001444323109054859,9948.33984375,-46.7
electronic_device/fsd326291.wav,electronic_device,FSD50K (Freesound) via HF Fhrozen/FSD50k,CC0-1.0,44100,4.063,win0.5,0.891,0.5,CLEAR,0.0,0.0,0.0,0.1493,2.1334847706703673e-06,,,,,0.00041239788870316727,9194.677734375,-51.4
electronic_device/fsd326291.wav,electronic_device,FSD50K (Freesound) via HF Fhrozen/FSD50k,CC0-1.0,44100,4.063,win0.5,1.782,0.5,CLEAR,0.0,0.0,0.0,0.432,2.778024000672156e-06,,,,,0.00028028626730598836,11455.6640625,-53.1
electronic_device/fsd326291.wav,electronic_device,FSD50K (Freesound) via HF Fhrozen/FSD50k,CC0-1.0,44100,4.063,win0.5,2.673,0.5,CLEAR,0.0,0.0,0.0582,0.8545,1.0221686358187911e-06,50.20373734018003,3.8703545627746405,46.33338277740538,15073.2421875,0.004203673213446998,14836.376953125,-48.6
electronic_device/fsd326291.wav,electronic_device,FSD50K (Freesound) via HF Fhrozen/FSD50k,CC0-1.0,44100,4.063,win0.5,3.563,0.5,CLEAR,0.0,0.0,0.0,0.5854,5.5006801643240055e-06,,,,,0.0004043001238308687,12683.056640625,-50.8
electronic_device/fsd326291.wav,electronic_device,FSD50K (Freesound) via HF Fhrozen/FSD50k,CC0-1.0,44100,4.063,win0.2,0.0,0.2,CLEAR,0.0,0.0,0.0,0.5638,4.52180637878489e-06,,,,,0.0004687338635219566,12510.791015625,-53.9
electronic_device/fsd326291.wav,electronic_device,FSD50K (Freesound) via HF Fhrozen/FSD50k,CC0-1.0,44100,4.063,win0.2,0.966,0.2,CLEAR,0.0,0.0,0.0,0.3028,9.863780673572469e-07,,,,,0.0005148676247529506,10422.0703125,-48.9
electronic_device/fsd326291.wav,electronic_device,FSD50K (Freesound) via HF Fhrozen/FSD50k,CC0-1.0,44100,4.063,win0.2,1.932,0.2,CLEAR,0.0,0.0,0.0,0.4239,3.6632058159252085e-06,,,,,0.00026576356512431266,11391.064453125,-53.9
electronic_device/fsd326291.wav,electronic_device,FSD50K (Freesound) via HF Fhrozen/FSD50k,CC0-1.0,44100,4.063,win0.2,2.898,0.2,CLEAR,0.0,0.0,0.1705,0.8465,6.89488166333081e-07,50.21466613386196,6.003926243331833,44.21073989053013,15094.775390625,0.0025014860836657686,14771.77734375,-46.8
electronic_device/fsd326291.wav,electronic_device,FSD50K (Freesound) via HF Fhrozen/FSD50k,CC0-1.0,44100,4.063,win0.2,3.863,0.2,CLEAR,0.0,0.0,0.0,0.7469,6.777703940576484e-06,,,,,0.0007018766446234466,13975.048828125,-51.0
electronic_device/fsd333579.wav,electronic_device,FSD50K (Freesound) via HF Fhrozen/FSD50k,CC0-1.0,44100,4.4,full,0.0,4.4,CLEAR,0.0,0.0,0.0,0.0,1.5235076273759322e-07,,,,,2.6770151308154956e-07,7385.888671875,-39.5
electronic_device/fsd333579.wav,electronic_device,FSD50K (Freesound) via HF Fhrozen/FSD50k,CC0-1.0,44100,4.4,win0.5,0.0,0.5,CLEAR,0.0,0.0,0.0,0.0,1.7877706361938668e-07,,,,,3.1092980421810884e-07,7213.623046875,-39.3
electronic_device/fsd333579.wav,electronic_device,FSD50K (Freesound) via HF Fhrozen/FSD50k,CC0-1.0,44100,4.4,win0.5,0.975,0.5,CLEAR,0.0,0.0,0.0,0.0,1.823743455826121e-07,,,,,3.2741645015618344e-07,7278.22265625,-40.4
electronic_device/fsd333579.wav,electronic_device,FSD50K (Freesound) via HF Fhrozen/FSD50k,CC0-1.0,44100,4.4,win0.5,1.95,0.5,CLEAR,0.0,0.0,0.0,0.0,8.707459250490721e-08,,,,,1.579368697625023e-07,7342.822265625,-36.9
electronic_device/fsd333579.wav,electronic_device,FSD50K (Freesound) via HF Fhrozen/FSD50k,CC0-1.0,44100,4.4,win0.5,2.925,0.5,CLEAR,0.0,0.0,0.0,0.0,1.4832611695405622e-07,,,,,2.543212764120867e-07,7278.22265625,-38.8
electronic_device/fsd333579.wav,electronic_device,FSD50K (Freesound) via HF Fhrozen/FSD50k,CC0-1.0,44100,4.4,win0.5,3.9,0.5,CLEAR,0.0,0.0,0.0,0.0,1.7103399516464738e-07,,,,,2.9905662320728374e-07,7450.48828125,-40.0
electronic_device/fsd333579.wav,electronic_device,FSD50K (Freesound) via HF Fhrozen/FSD50k,CC0-1.0,44100,4.4,win0.2,0.0,0.2,CLEAR,0.0,0.0,0.0,0.0,2.461637191017242e-07,,,,,4.172188794426359e-07,7170.556640625,-40.4
electronic_device/fsd333579.wav,electronic_device,FSD50K (Freesound) via HF Fhrozen/FSD50k,CC0-1.0,44100,4.4,win0.2,1.05,0.2,CLEAR,0.0,0.0,0.0,0.0,1.9492916895219236e-07,,,,,3.6057083669392684e-07,7299.755859375,-38.8
electronic_device/fsd333579.wav,electronic_device,FSD50K (Freesound) via HF Fhrozen/FSD50k,CC0-1.0,44100,4.4,win0.2,2.1,0.2,CLEAR,0.0,0.0,0.0,0.0,5.055680472737955e-08,,,,,9.048615278417172e-08,7342.822265625,-35.6
electronic_device/fsd333579.wav,electronic_device,FSD50K (Freesound) via HF Fhrozen/FSD50k,CC0-1.0,44100,4.4,win0.2,3.15,0.2,CLEAR,0.0,0.0,0.0,0.0,6.779646613133366e-07,,,,,1.0932285805995675e-06,7235.15625,-43.8
electronic_device/fsd333579.wav,electronic_device,FSD50K (Freesound) via HF Fhrozen/FSD50k,CC0-1.0,44100,4.4,win0.2,4.2,0.2,CLEAR,0.0,0.0,0.0,0.0,2.600133690803416e-07,,,,,4.447660220803852e-07,7299.755859375,-42.5
electronic_device/fsd361153.wav,electronic_device,FSD50K (Freesound) via HF Fhrozen/FSD50k,CC0-1.0,44100,2.273,full,0.0,2.273,CLEAR,0.0,0.0,0.0,0.2624,0.0002593575717361135,11.453729399804434,1.9112735537457293,9.542455846058704,15051.708984375,0.001143393406935267,10099.072265625,-29.0
electronic_device/fsd361153.wav,electronic_device,FSD50K (Freesound) via HF Fhrozen/FSD50k,CC0-1.0,44100,2.273,win0.5,0.0,0.5,CLEAR,0.0,0.0,0.0,0.0,0.0008513237216134666,4.307528749090971,3.8703545627746405,0.43717418631633054,15094.775390625,0.0026660490687075186,7579.6875,-48.8
electronic_device/fsd361153.wav,electronic_device,FSD50K (Freesound) via HF Fhrozen/FSD50k,CC0-1.0,44100,2.273,win0.5,0.591,0.5,CLEAR,0.0,0.0031,0.0,0.2597,0.00030661074337154186,12.689531002039129,3.8703545627746405,8.819176439264488,15051.708984375,0.0013525055685693892,10077.5390625,-22.7
electronic_device/fsd361153.wav,electronic_device,FSD50K (Freesound) via HF Fhrozen/FSD50k,CC0-1.0,44100,2.273,win0.5,1.182,0.5,CLEAR,0.0,0.0,0.0,0.0,6.39259574652886e-05,,,,,0.0002063657002709546,2131.787109375,-36.5
electronic_device/fsd361153.wav,electronic_device,FSD50K (Freesound) via HF Fhrozen/FSD50k,CC0-1.0,44100,2.273,win0.5,1.773,0.5,CLEAR,0.0,0.0,0.0,0.0,0.00023486991134365236,,,,,0.0007396450064728521,2950.048828125,-43.5
electronic_device/fsd361153.wav,electronic_device,FSD50K (Freesound) via HF Fhrozen/FSD50k,CC0-1.0,44100,2.273,win0.2,0.0,0.2,CLEAR,0.0,0.0,0.0,0.1143,0.0009944393337456858,6.333798813499911,6.003926243331833,0.329872570168078,16365.234375,0.003233011453077146,8914.74609375,-49.3
electronic_device/fsd361153.wav,electronic_device,FSD50K (Freesound) via HF Fhrozen/FSD50k,CC0-1.0,44100,2.273,win0.2,0.518,0.2,CLEAR,0.0,0.0,0.0,0.0,7.348370915744621e-05,,,,,0.0002775511153457352,3208.447265625,-38.0
electronic_device/fsd361153.wav,electronic_device,FSD50K (Freesound) via HF Fhrozen/FSD50k,CC0-1.0,44100,2.273,win0.2,1.036,0.2,CLEAR,0.0,0.0,0.0,0.0,2.8994543278525046e-05,,,,,0.0001318640011341327,2131.787109375,-31.9
electronic_device/fsd361153.wav,electronic_device,FSD50K (Freesound) via HF Fhrozen/FSD50k,CC0-1.0,44100,2.273,win0.2,1.554,0.2,CLEAR,0.0,0.0,0.0,0.1682,0.0008864130941632041,5.5662928309785045,6.003926243331833,-0.4376334123533283,17205.029296875,0.0029313663105743925,9345.41015625,-48.7
electronic_device/fsd361153.wav,electronic_device,FSD50K (Freesound) via HF Fhrozen/FSD50k,CC0-1.0,44100,2.273,win0.2,2.073,0.2,CLEAR,0.0,0.0,0.0,0.0,0.00012885874287374928,,,,,0.0004135507786794487,2347.119140625,-40.8
electronic_device/fsd275802.wav,electronic_device,FSD50K (Freesound) via HF Fhrozen/FSD50k,CC0-1.0,44100,5.837,full,0.0,5.837,CLEAR,0.0,1.0,0.0,1.0,0.17959295786813004,9.27457913142014,1.2173467079820373,8.057232423438103,19207.6171875,0.3586613361295438,20370.41015625,-38.3
electronic_device/fsd275802.wav,electronic_device,FSD50K (Freesound) via HF Fhrozen/FSD50k,CC0-1.0,44100,5.837,win0.5,0.0,0.5,CLEAR,0.0,1.0,0.0,1.0,0.1895555254148244,9.646957214639585,3.8703545627746405,5.776602651864945,19207.6171875,0.3677725160468948,20413.4765625,-36.7
electronic_device/fsd275802.wav,electronic_device,FSD50K (Freesound) via HF Fhrozen/FSD50k,CC0-1.0,44100,5.837,win0.5,1.334,0.5,CLEAR,0.0,1.0,0.0,1.0,0.17739466932748976,8.822449856605548,3.8703545627746405,4.952095293830908,19207.6171875,0.36187224984767846,20370.41015625,-36.8
electronic_device/fsd275802.wav,electronic_device,FSD50K (Freesound) via HF Fhrozen/FSD50k,CC0-1.0,44100,5.837,win0.5,2.669,0.5,CLEAR,0.0,1.0,0.0,1.0,0.17653765417830983,8.90760388747892,3.8703545627746405,5.03724932470428,19207.6171875,0.3585232527697817,20370.41015625,-36.5
electronic_device/fsd275802.wav,electronic_device,FSD50K (Freesound) via HF Fhrozen/FSD50k,CC0-1.0,44100,5.837,win0.5,4.003,0.5,CLEAR,0.0,0.0,0.0,1.0,0.01034350869661015,18.526456737508223,3.8703545627746405,14.656102174733583,15740.771484375,0.1891592009325366,18066.357421875,-77.7
electronic_device/fsd275802.wav,electronic_device,FSD50K (Freesound) via HF Fhrozen/FSD50k,CC0-1.0,44100,5.837,win0.2,0.0,0.2,CLEAR,0.0,0.0,0.0,1.0,0.05129873470312909,7.192598438630887,6.003926243331833,1.1886721952990547,19207.6171875,0.114915047402553,20219.677734375,-33.9
electronic_device/fsd275802.wav,electronic_device,FSD50K (Freesound) via HF Fhrozen/FSD50k,CC0-1.0,44100,5.837,win0.2,1.409,0.2,CLEAR,0.0,1.0,0.0,1.0,0.17550230359250207,9.079517893077885,6.003926243331833,3.075591649746052,19207.6171875,0.3536668120325542,20370.41015625,-33.8
electronic_device/fsd275802.wav,electronic_device,FSD50K (Freesound) via HF Fhrozen/FSD50k,CC0-1.0,44100,5.837,win0.2,2.819,0.2,CLEAR,0.0,0.0,0.0,1.0,0.11279856189905074,7.744152142169818,6.003926243331833,1.740225898837985,15934.5703125,0.37925423159890914,20219.677734375,-33.9
electronic_device/fsd275802.wav,electronic_device,FSD50K (Freesound) via HF Fhrozen/FSD50k,CC0-1.0,44100,5.837,win0.2,4.228,0.2,CLEAR,0.0,0.0,0.0,1.0,0.01126432071777145,18.216686793181857,6.003926243331833,12.212760549850024,15762.3046875,0.1685854199228532,18195.556640625,-80.2
electronic_device/fsd404533.wav,electronic_device,FSD50K (Freesound) via HF Fhrozen/FSD50k,CC-BY-3.0,44100,4.485,full,0.0,4.485,CLEAR,0.0,0.4272,0.0,1.0,0.04271749668063902,7.263661207657371,1.380215015335836,5.883446192321536,17248.095703125,0.1258791596206728,19875.146484375,-12.4
electronic_device/fsd404533.wav,electronic_device,FSD50K (Freesound) via HF Fhrozen/FSD50k,CC-BY-3.0,44100,4.485,win0.5,0.0,0.5,CLEAR,0.0,0.0,0.0,0.1466,0.000801595025555126,9.764884665716366,3.8703545627746405,5.894530102941726,18130.95703125,0.002527254273651039,9173.14453125,-35.4
electronic_device/fsd404533.wav,electronic_device,FSD50K (Freesound) via HF Fhrozen/FSD50k,CC-BY-3.0,44100,4.485,win0.5,0.996,0.5,CLEAR,0.0,0.4451,0.0,1.0,0.044505909217328395,9.210306087043918,3.8703545627746405,5.339951524269278,17248.095703125,0.121993163333716,19961.279296875,-9.3
electronic_device/fsd404533.wav,electronic_device,FSD50K (Freesound) via HF Fhrozen/FSD50k,CC-BY-3.0,44100,4.485,win0.5,1.993,0.5,CLEAR,0.0,0.4604,0.0,1.0,0.04603544116757343,7.483871016257815,3.8703545627746405,3.6135164534831747,17226.5625,0.14617929007281139,20068.9453125,-11.0
electronic_device/fsd404533.wav,electronic_device,FSD50K (Freesound) via HF Fhrozen/FSD50k,CC-BY-3.0,44100,4.485,win0.5,2.989,0.5,CLEAR,0.0,0.443,0.0,1.0,0.04430380171004827,7.841694950996532,3.8703545627746405,3.971340388221891,17161.962890625,0.1360634735777573,20090.478515625,-12.8
electronic_device/fsd404533.wav,electronic_device,FSD50K (Freesound) via HF Fhrozen/FSD50k,CC-BY-3.0,44100,4.485,win0.5,3.985,0.5,CLEAR,0.0,0.0,0.0,0.1789,0.0002724326554136446,11.784949033233293,3.8703545627746405,7.914594470458653,15353.173828125,0.0014002151822585674,9431.54296875,-31.8
electronic_device/fsd404533.wav,electronic_device,FSD50K (Freesound) via HF Fhrozen/FSD50k,CC-BY-3.0,44100,4.485,win0.2,0.0,0.2,CLEAR,0.0,0.0,0.0,0.0094,0.0011538866540482388,14.861274064411713,6.003926243331833,8.85734782107988,18066.357421875,0.0026271362337448845,8074.951171875,-35.7
electronic_device/fsd404533.wav,electronic_device,FSD50K (Freesound) via HF Fhrozen/FSD50k,CC-BY-3.0,44100,4.485,win0.2,1.071,0.2,CLEAR,0.0,0.4315,0.0,1.0,0.043147808710773006,8.598357718025559,6.003926243331833,2.5944314746937263,17226.5625,0.11345366339574528,19810.546875,-9.2
electronic_device/fsd404533.wav,electronic_device,FSD50K (Freesound) via HF Fhrozen/FSD50k,CC-BY-3.0,44100,4.485,win0.2,2.143,0.2,CLEAR,0.0,0.4832,0.0,1.0,0.0483173903918298,9.603624447547897,6.003926243331833,3.5996982042160646,18217.08984375,0.1433599347504446,19939.74609375,-10.4
electronic_device/fsd404533.wav,electronic_device,FSD50K (Freesound) via HF Fhrozen/FSD50k,CC-BY-3.0,44100,4.485,win0.2,3.214,0.2,CLEAR,0.0,0.4301,0.0,1.0,0.04301330187042666,8.928170033571602,6.003926243331833,2.9242437902397693,17161.962890625,0.13369708889526302,20155.078125,-13.0
electronic_device/fsd404533.wav,electronic_device,FSD50K (Freesound) via HF Fhrozen/FSD50k,CC-BY-3.0,44100,4.485,win0.2,4.285,0.2,CLEAR,0.0,0.0,0.0,0.0,0.00043106443721352395,7.7506432888567245,6.003926243331833,1.7467170455248917,18561.62109375,0.001303651300184114,5641.69921875,-37.1
electronic_device/fsd321582.wav,electronic_device,FSD50K (Freesound) via HF Fhrozen/FSD50k,CC0-1.0,44100,4.856,full,0.0,4.856,CLEAR,0.0,0.0,0.0,0.0,9.423282992487506e-06,,,,,7.204051191000375e-05,7816.552734375,-46.8
electronic_device/fsd321582.wav,electronic_device,FSD50K (Freesound) via HF Fhrozen/FSD50k,CC0-1.0,44100,4.856,win0.5,0.0,0.5,CLEAR,0.0,0.0,0.0,0.0,3.925059170875249e-05,,,,,0.0001598211067753728,4177.44140625,-44.3
electronic_device/fsd321582.wav,electronic_device,FSD50K (Freesound) via HF Fhrozen/FSD50k,CC0-1.0,44100,4.856,win0.5,1.089,0.5,CLEAR,0.0,0.0,0.0,0.0,4.884411963450303e-06,,,,,1.8185899566321016e-05,6847.55859375,-46.0
electronic_device/fsd321582.wav,electronic_device,FSD50K (Freesound) via HF Fhrozen/FSD50k,CC0-1.0,44100,4.856,win0.5,2.178,0.5,CLEAR,0.0,0.0,0.0,0.0,3.740996591098977e-06,,,,,1.9144792542626187e-05,6890.625,-45.5
electronic_device/fsd321582.wav,electronic_device,FSD50K (Freesound) via HF Fhrozen/FSD50k,CC0-1.0,44100,4.856,win0.5,3.267,0.5,CLEAR,0.0,0.0,0.0,0.0,2.875558590009109e-06,,,,,3.4159375969558135e-05,6890.625,-44.7
electronic_device/fsd321582.wav,electronic_device,FSD50K (Freesound) via HF Fhrozen/FSD50k,CC0-1.0,44100,4.856,win0.5,4.356,0.5,CLEAR,0.0,0.0,0.0,0.0,4.018070098924067e-06,,,,,2.2070466161136517e-05,4349.70703125,-45.3
electronic_device/fsd321582.wav,electronic_device,FSD50K (Freesound) via HF Fhrozen/FSD50k,CC0-1.0,44100,4.856,win0.2,0.0,0.2,CLEAR,0.0,0.0,0.0,0.0,3.480458467148066e-05,,,,,0.00014593242490820526,4048.2421875,-45.3
electronic_device/fsd321582.wav,electronic_device,FSD50K (Freesound) via HF Fhrozen/FSD50k,CC0-1.0,44100,4.856,win0.2,1.164,0.2,CLEAR,0.0,0.0,0.0,0.0,0.0003851024654542591,,,,,0.0008228098623392006,7881.15234375,-64.6
electronic_device/fsd321582.wav,electronic_device,FSD50K (Freesound) via HF Fhrozen/FSD50k,CC0-1.0,44100,4.856,win0.2,2.328,0.2,CLEAR,0.0,0.0,0.0,0.0,2.0717065354339126e-06,,,,,1.556829398051356e-05,6890.625,-41.6
electronic_device/fsd321582.wav,electronic_device,FSD50K (Freesound) via HF Fhrozen/FSD50k,CC0-1.0,44100,4.856,win0.2,3.492,0.2,CLEAR,0.0,0.0,0.0,0.0,0.00013147969786975997,,,,,0.0005414323368114199,6481.494140625,-60.5
electronic_device/fsd321582.wav,electronic_device,FSD50K (Freesound) via HF Fhrozen/FSD50k,CC0-1.0,44100,4.856,win0.2,4.656,0.2,CLEAR,0.0,0.0,0.0,0.0,0.0005987796473958472,15.583648795925967,6.003926243331833,9.579722552594134,15740.771484375,0.0016345625945704983,4629.638671875,-65.6
electronic_device/fsd19880.wav,electronic_device,FSD50K (Freesound) via HF Fhrozen/FSD50k,CC-BY-3.0,44100,10.389,full,0.0,10.389,CLEAR,0.2621,0.0776,0.8851,1.0,0.007758246569802678,28.475672178799712,0.9220389912829936,27.55363318751672,16752.83203125,0.024858848036848433,16817.431640625,-24.1
electronic_device/fsd19880.wav,electronic_device,FSD50K (Freesound) via HF Fhrozen/FSD50k,CC-BY-3.0,44100,10.389,win0.5,0.0,0.5,CLEAR,0.2553,0.0826,0.7896,1.0,0.008257242211338297,28.469113752295062,3.8703545627746405,24.598759189520422,16752.83203125,0.02643962728225939,16838.96484375,-11.2
electronic_device/fsd19880.wav,electronic_device,FSD50K (Freesound) via HF Fhrozen/FSD50k,CC-BY-3.0,44100,10.389,win0.5,2.472,0.5,CLEAR,0.0,0.0,0.0,0.0,8.519439364319088e-05,,,,,0.00020421213251497916,4780.37109375,-48.0
electronic_device/fsd19880.wav,electronic_device,FSD50K (Freesound) via HF Fhrozen/FSD50k,CC-BY-3.0,44100,10.389,win0.5,4.944,0.5,CLEAR,0.0,0.0,0.0,0.5504,0.0025638446616512676,6.756800409019769,3.8703545627746405,2.886445846245129,20391.943359375,0.0062367137391201,12403.125,-59.7
electronic_device/fsd19880.wav,electronic_device,FSD50K (Freesound) via HF Fhrozen/FSD50k,CC-BY-3.0,44100,10.389,win0.5,7.417,0.5,CLEAR,0.0,0.0,0.0,1.0,0.015950299042520096,5.5319884901248795,3.8703545627746405,1.661633927350239,15633.10546875,0.03693005025367825,18927.685546875,-61.4
electronic_device/fsd19880.wav,electronic_device,FSD50K (Freesound) via HF Fhrozen/FSD50k,CC-BY-3.0,44100,10.389,win0.5,9.889,0.5,CLEAR,0.0,0.0,0.0,1.0,0.02463633279591542,5.709749369823552,3.8703545627746405,1.8393948070489112,20391.943359375,0.05587485069572243,19767.48046875,-71.9
electronic_device/fsd19880.wav,electronic_device,FSD50K (Freesound) via HF Fhrozen/FSD50k,CC-BY-3.0,44100,10.389,win0.2,0.0,0.2,CLEAR,0.2659,0.0896,0.7889,1.0,0.008962347286291713,29.67230116678982,6.003926243331833,23.668374923457986,16752.83203125,0.03789099502272712,17075.830078125,-11.2
electronic_device/fsd19880.wav,electronic_device,FSD50K (Freesound) via HF Fhrozen/FSD50k,CC-BY-3.0,44100,10.389,win0.2,2.547,0.2,CLEAR,0.0,0.0,0.0,0.0,6.818449360165953e-05,,,,,0.0001654352511639156,4780.37109375,-47.2
electronic_device/fsd19880.wav,electronic_device,FSD50K (Freesound) via HF Fhrozen/FSD50k,CC-BY-3.0,44100,10.389,win0.2,5.094,0.2,CLEAR,0.0,0.0,0.0,0.5477,0.0025545348110925284,6.989623463520788,6.003926243331833,0.9856972201889551,20370.41015625,0.006345361070924627,12381.591796875,-59.6
electronic_device/fsd19880.wav,electronic_device,FSD50K (Freesound) via HF Fhrozen/FSD50k,CC-BY-3.0,44100,10.389,win0.2,7.642,0.2,CLEAR,0.0,0.0,0.0,1.0,0.016928735422350023,7.5755058653894185,6.003926243331833,1.5715796220575857,20391.943359375,0.039919501452892074,19078.41796875,-61.4
electronic_device/fsd19880.wav,electronic_device,FSD50K (Freesound) via HF Fhrozen/FSD50k,CC-BY-3.0,44100,10.389,win0.2,10.189,0.2,CLEAR,0.0,0.0,0.0,1.0,0.049018766004272483,5.070611609064808,6.003926243331833,-0.9333146342670249,15633.10546875,0.10019412212355835,20951.806640625,-79.5
electronic_device/fsd340717.wav,electronic_device,FSD50K (Freesound) via HF Fhrozen/FSD50k,CC0-1.0,44100,2.566,full,0.0,2.566,CLEAR,0.0,0.0013,0.0,0.3055,0.00012640206763820053,,,,,0.0007284551366172734,10443.603515625,-16.7
electronic_device/fsd340717.wav,electronic_device,FSD50K (Freesound) via HF Fhrozen/FSD50k,CC0-1.0,44100,2.566,win0.5,0.0,0.5,CLEAR,0.0,0.0,0.0,0.1763,0.00010793561584247318,,,,,0.0008241044905258349,9410.009765625,-23.5
electronic_device/fsd340717.wav,electronic_device,FSD50K (Freesound) via HF Fhrozen/FSD50k,CC0-1.0,44100,2.566,win0.5,0.516,0.5,CLEAR,0.0,0.0012,0.0,0.3081,0.00012000323077686051,,,,,0.0007202395770472037,10465.13671875,-13.5
electronic_device/fsd340717.wav,electronic_device,FSD50K (Freesound) via HF Fhrozen/FSD50k,CC0-1.0,44100,2.566,win0.5,1.033,0.5,CLEAR,0.0,0.0016,0.0,0.3458,0.00015828056195936647,,,,,0.000922957409944808,10766.6015625,-13.5
electronic_device/fsd340717.wav,electronic_device,FSD50K (Freesound) via HF Fhrozen/FSD50k,CC0-1.0,44100,2.566,win0.5,1.549,0.5,CLEAR,0.0,0.0,0.0,0.0,2.0832711250306355e-05,,,,,0.00014671628418077217,3100.78125,-22.4
electronic_device/fsd340717.wav,electronic_device,FSD50K (Freesound) via HF Fhrozen/FSD50k,CC0-1.0,44100,2.566,win0.5,2.066,0.5,CLEAR,0.0,0.0,0.0,0.0,2.1915538154413935e-05,,,,,0.00014900267488330185,3122.314453125,-22.3
electronic_device/fsd340717.wav,electronic_device,FSD50K (Freesound) via HF Fhrozen/FSD50k,CC0-1.0,44100,2.566,win0.2,0.0,0.2,CLEAR,0.0,0.0,0.0,0.7442,0.0008423052053331787,12.009295050268536,6.003926243331833,6.005368806936703,15180.908203125,0.004746186380476162,13953.515625,-46.3
electronic_device/fsd340717.wav,electronic_device,FSD50K (Freesound) via HF Fhrozen/FSD50k,CC0-1.0,44100,2.566,win0.2,0.591,0.2,CLEAR,0.0,0.0011,0.0,0.3135,0.00010820960613783526,,,,,0.0006957655699931369,10508.203125,-14.5
electronic_device/fsd340717.wav,electronic_device,FSD50K (Freesound) via HF Fhrozen/FSD50k,CC0-1.0,44100,2.566,win0.2,1.183,0.2,CLEAR,0.0,0.0013,0.0,0.2758,0.00013242972731683416,,,,,0.0007431248604669459,10206.73828125,-11.8
electronic_device/fsd340717.wav,electronic_device,FSD50K (Freesound) via HF Fhrozen/FSD50k,CC0-1.0,44100,2.566,win0.2,1.774,0.2,CLEAR,0.0,0.0,0.0,0.0,1.7827846471869344e-05,,,,,0.00014882554161699092,3079.248046875,-22.2
electronic_device/fsd340717.wav,electronic_device,FSD50K (Freesound) via HF Fhrozen/FSD50k,CC0-1.0,44100,2.566,win0.2,2.366,0.2,CLEAR,0.0,0.0,0.0,0.0,2.6201333424174333e-05,,,,,0.00016181264462768833,3165.380859375,-22.8
electronic_device/fsd396137.wav,electronic_device,FSD50K (Freesound) via HF Fhrozen/FSD50k,CC0-1.0,44100,9.172,full,0.0,9.172,CLEAR,0.0,0.0,0.0,0.8599,0.0009142372286719976,22.592116970526273,0.9788206363842776,21.613296334141996,17205.029296875,0.009737921316039892,14879.443359375,-47.5
electronic_device/fsd396137.wav,electronic_device,FSD50K (Freesound) via HF Fhrozen/FSD50k,CC0-1.0,44100,9.172,win0.5,0.0,0.5,CLEAR,0.0,0.0,0.0,0.0,0.0002802074851559967,,,,,0.0006260902959418004,1442.724609375,-65.5
electronic_device/fsd396137.wav,electronic_device,FSD50K (Freesound) via HF Fhrozen/FSD50k,CC0-1.0,44100,9.172,win0.5,2.168,0.5,CLEAR,0.0,0.0,0.0,0.0,0.00043596740185493447,,,,,0.0009438925658663232,1830.322265625,-67.0
electronic_device/fsd396137.wav,electronic_device,FSD50K (Freesound) via HF Fhrozen/FSD50k,CC0-1.0,44100,9.172,win0.5,4.336,0.5,CLEAR,0.0,0.0,0.0,0.0,0.00035033792653635414,,,,,0.0007843228419112008,1744.189453125,-66.4
electronic_device/fsd396137.wav,electronic_device,FSD50K (Freesound) via HF Fhrozen/FSD50k,CC0-1.0,44100,9.172,win0.5,6.504,0.5,CLEAR,0.0,0.0,0.0,0.0,0.00043747593970073535,,,,,0.0009788497107101328,2067.1875,-67.5
electronic_device/fsd396137.wav,electronic_device,FSD50K (Freesound) via HF Fhrozen/FSD50k,CC0-1.0,44100,9.172,win0.5,8.672,0.5,CLEAR,0.0,0.0,0.0,0.0,2.1148688328051212e-05,,,,,6.444261142695533e-05,4069.775390625,-51.5
electronic_device/fsd396137.wav,electronic_device,FSD50K (Freesound) via HF Fhrozen/FSD50k,CC0-1.0,44100,9.172,win0.2,0.0,0.2,CLEAR,0.0,0.0,0.0,0.0,0.0003585407580797508,,,,,0.0008185987426482689,1464.2578125,-67.0
electronic_device/fsd396137.wav,electronic_device,FSD50K (Freesound) via HF Fhrozen/FSD50k,CC0-1.0,44100,9.172,win0.2,2.243,0.2,CLEAR,0.0,0.0,0.0,0.0,0.00030076714233713016,,,,,0.0006514679585835662,1227.392578125,-66.0
electronic_device/fsd396137.wav,electronic_device,FSD50K (Freesound) via HF Fhrozen/FSD50k,CC0-1.0,44100,9.172,win0.2,4.486,0.2,CLEAR,0.0,0.0,0.0,0.0,0.0004652978915624732,4.923753544439714,6.003926243331833,-1.0801726988921185,15460.83984375,0.0010078366282409695,1873.388671875,-66.6
electronic_device/fsd396137.wav,electronic_device,FSD50K (Freesound) via HF Fhrozen/FSD50k,CC0-1.0,44100,9.172,win0.2,6.729,0.2,CLEAR,0.0,0.0,0.0,0.0,0.00036644911045388896,,,,,0.000852090169371301,1442.724609375,-67.2
electronic_device/fsd396137.wav,electronic_device,FSD50K (Freesound) via HF Fhrozen/FSD50k,CC0-1.0,44100,9.172,win0.2,8.972,0.2,CLEAR,0.0,0.0,0.0,0.0,1.258119894031894e-05,,,,,4.43076042223865e-05,4069.775390625,-47.7
electronic_device/fsd28008.wav,electronic_device,FSD50K (Freesound) via HF Fhrozen/FSD50k,CC0-1.0,44100,11.13,full,0.0,11.13,CLEAR,0.0,0.0,0.0,0.0,4.7205711770009596e-05,,,,,0.00011827287415874433,6869.091796875,-20.5
electronic_device/fsd28008.wav,electronic_device,FSD50K (Freesound) via HF Fhrozen/FSD50k,CC0-1.0,44100,11.13,win0.5,0.0,0.5,CLEAR,0.0,0.0,0.0,0.0,3.926743405389595e-05,,,,,0.0001627455534470747,6847.55859375,-19.8
electronic_device/fsd28008.wav,electronic_device,FSD50K (Freesound) via HF Fhrozen/FSD50k,CC0-1.0,44100,11.13,win0.5,2.657,0.5,CLEAR,0.0,0.001,0.0,0.0,0.0001018606434021127,,,,,0.0002236563621186173,6804.4921875,-19.0
electronic_device/fsd28008.wav,electronic_device,FSD50K (Freesound) via HF Fhrozen/FSD50k,CC0-1.0,44100,11.13,win0.5,5.315,0.5,CLEAR,0.0,0.0,0.0,0.0,2.248975826852366e-05,,,,,5.749793655783848e-05,6761.42578125,-21.2
electronic_device/fsd28008.wav,electronic_device,FSD50K (Freesound) via HF Fhrozen/FSD50k,CC0-1.0,44100,11.13,win0.5,7.972,0.5,CLEAR,0.0,0.0,0.0,0.0,8.918958937261702e-05,,,,,0.00023712350367568444,6696.826171875,-21.8
electronic_device/fsd28008.wav,electronic_device,FSD50K (Freesound) via HF Fhrozen/FSD50k,CC0-1.0,44100,11.13,win0.5,10.63,0.5,CLEAR,0.0,0.0,0.0,0.0,6.047127951802126e-08,,,,,1.1501591065258013e-07,6524.560546875,-34.1
electronic_device/fsd28008.wav,electronic_device,FSD50K (Freesound) via HF Fhrozen/FSD50k,CC0-1.0,44100,11.13,win0.2,0.0,0.2,CLEAR,0.0,0.0,0.0,0.0,3.954215503179452e-05,,,,,0.00021627966125638403,6524.560546875,-18.7
electronic_device/fsd28008.wav,electronic_device,FSD50K (Freesound) via HF Fhrozen/FSD50k,CC0-1.0,44100,11.13,win0.2,2.732,0.2,CLEAR,0.0,0.002,0.0,0.0,0.00019910787166511223,,,,,0.0004207951948908237,6761.42578125,-18.6
electronic_device/fsd28008.wav,electronic_device,FSD50K (Freesound) via HF Fhrozen/FSD50k,CC0-1.0,44100,11.13,win0.2,5.465,0.2,CLEAR,0.0,0.0,0.0,0.0,4.91165693451021e-05,,,,,0.00013977768114813532,6438.427734375,-22.9
electronic_device/fsd28008.wav,electronic_device,FSD50K (Freesound) via HF Fhrozen/FSD50k,CC0-1.0,44100,11.13,win0.2,8.197,0.2,CLEAR,0.0,0.0019,0.0,0.0,0.0001944391569134157,,,,,0.0005158653463205933,6869.091796875,-22.5
electronic_device/fsd28008.wav,electronic_device,FSD50K (Freesound) via HF Fhrozen/FSD50k,CC0-1.0,44100,11.13,win0.2,10.93,0.2,CLEAR,0.0,0.0,0.0,0.0,4.135434713874276e-08,,,,,8.166426089397526e-08,6503.02734375,-30.2
electronic_device/fsd117165.wav,electronic_device,FSD50K (Freesound) via HF Fhrozen/FSD50k,CC-BY-3.0,44100,4.367,full,0.0,4.367,CLEAR,0.0,0.0,0.0,0.0,2.424110878159172e-08,,,,,4.88283149653209e-08,3316.11328125,-17.1
electronic_device/fsd117165.wav,electronic_device,FSD50K (Freesound) via HF Fhrozen/FSD50k,CC-BY-3.0,44100,4.367,win0.5,0.0,0.5,CLEAR,0.0,0.0,0.0,0.0,8.651083287675308e-08,,,,,1.7713232707909972e-07,3466.845703125,-22.5
electronic_device/fsd117165.wav,electronic_device,FSD50K (Freesound) via HF Fhrozen/FSD50k,CC-BY-3.0,44100,4.367,win0.5,0.967,0.5,CLEAR,0.0,0.0,0.0,0.0,4.864879506275392e-08,,,,,9.60700785032993e-08,3423.779296875,-20.1
electronic_device/fsd117165.wav,electronic_device,FSD50K (Freesound) via HF Fhrozen/FSD50k,CC-BY-3.0,44100,4.367,win0.5,1.933,0.5,CLEAR,0.0,0.0,0.0,0.0,9.644588899821303e-09,,,,,1.8214319644704357e-08,3100.78125,-13.1
electronic_device/fsd117165.wav,electronic_device,FSD50K (Freesound) via HF Fhrozen/FSD50k,CC-BY-3.0,44100,4.367,win0.5,2.9,0.5,CLEAR,0.0,0.0,0.0,0.0,7.014881879091614e-08,,,,,1.4374970735785998e-07,3423.779296875,-21.8
electronic_device/fsd117165.wav,electronic_device,FSD50K (Freesound) via HF Fhrozen/FSD50k,CC-BY-3.0,44100,4.367,win0.5,3.867,0.5,CLEAR,0.0,0.0,0.0,0.0,6.804018364019892e-08,,,,,1.42725555794979e-07,3488.37890625,-21.6
electronic_device/fsd117165.wav,electronic_device,FSD50K (Freesound) via HF Fhrozen/FSD50k,CC-BY-3.0,44100,4.367,win0.2,0.0,0.2,CLEAR,0.0,0.0,0.0,0.0,1.0275946744784907e-07,,,,,2.0969367102916323e-07,3488.37890625,-22.9
electronic_device/fsd117165.wav,electronic_device,FSD50K (Freesound) via HF Fhrozen/FSD50k,CC-BY-3.0,44100,4.367,win0.2,1.042,0.2,CLEAR,0.0,0.0,0.0,0.0,4.597996519968754e-08,,,,,9.131530334198045e-08,3423.779296875,-20.0
electronic_device/fsd117165.wav,electronic_device,FSD50K (Freesound) via HF Fhrozen/FSD50k,CC-BY-3.0,44100,4.367,win0.2,2.083,0.2,CLEAR,0.0,0.0,0.0,0.0,9.451111846992358e-09,,,,,1.7748800280941626e-08,3057.71484375,-13.4
electronic_device/fsd117165.wav,electronic_device,FSD50K (Freesound) via HF Fhrozen/FSD50k,CC-BY-3.0,44100,4.367,win0.2,3.125,0.2,CLEAR,0.0,0.0,0.0,0.0,7.461965499428299e-08,,,,,1.4542990840330787e-07,3423.779296875,-21.9
electronic_device/fsd117165.wav,electronic_device,FSD50K (Freesound) via HF Fhrozen/FSD50k,CC-BY-3.0,44100,4.367,win0.2,4.167,0.2,CLEAR,0.0,0.0,0.0,0.0,6.492840258054622e-08,,,,,1.3159026934650622e-07,3531.4453125,-21.3
electronic_device/fsd403449.wav,electronic_device,FSD50K (Freesound) via HF Fhrozen/FSD50k,CC-BY-3.0,44100,5.956,full,0.0,5.956,CLEAR,0.0,0.0,0.0,0.0,1.231313875946572e-05,,,,,2.2360456773259447e-05,6158.49609375,-32.9
electronic_device/fsd403449.wav,electronic_device,FSD50K (Freesound) via HF Fhrozen/FSD50k,CC-BY-3.0,44100,5.956,win0.5,0.0,0.5,CLEAR,0.0,0.0,0.0,0.0,1.6166834118844278e-05,,,,,3.0553655837726456e-05,6158.49609375,-34.1
electronic_device/fsd403449.wav,electronic_device,FSD50K (Freesound) via HF Fhrozen/FSD50k,CC-BY-3.0,44100,5.956,win0.5,1.364,0.5,CLEAR,0.0,0.0,0.0,0.0,1.0698568634199375e-05,,,,,1.9103492964277448e-05,6158.49609375,-32.4
electronic_device/fsd403449.wav,electronic_device,FSD50K (Freesound) via HF Fhrozen/FSD50k,CC-BY-3.0,44100,5.956,win0.5,2.728,0.5,CLEAR,0.0,0.0,0.0,0.0,0.00011187832009951063,,,,,0.00020162380261911982,6158.49609375,-37.1
electronic_device/fsd403449.wav,electronic_device,FSD50K (Freesound) via HF Fhrozen/FSD50k,CC-BY-3.0,44100,5.956,win0.5,4.092,0.5,CLEAR,0.0,0.0,0.0,0.0,7.613673477910854e-06,,,,,1.3568387985519712e-05,6158.49609375,-30.1
electronic_device/fsd403449.wav,electronic_device,FSD50K (Freesound) via HF Fhrozen/FSD50k,CC-BY-3.0,44100,5.956,win0.5,5.456,0.5,CLEAR,0.0,0.0,0.0,0.0,1.6714060838992684e-05,,,,,3.0946119836207714e-05,6158.49609375,-33.9
electronic_device/fsd403449.wav,electronic_device,FSD50K (Freesound) via HF Fhrozen/FSD50k,CC-BY-3.0,44100,5.956,win0.2,0.0,0.2,CLEAR,0.0,0.0,0.0,0.0,0.00016592456845273046,,,,,0.00030595480496145523,6136.962890625,-41.0
electronic_device/fsd403449.wav,electronic_device,FSD50K (Freesound) via HF Fhrozen/FSD50k,CC-BY-3.0,44100,5.956,win0.2,1.439,0.2,CLEAR,0.0,0.0,0.0,0.0,5.191546500812083e-06,,,,,9.03876075118671e-06,6158.49609375,-28.9
electronic_device/fsd403449.wav,electronic_device,FSD50K (Freesound) via HF Fhrozen/FSD50k,CC-BY-3.0,44100,5.956,win0.2,2.878,0.2,CLEAR,0.0,0.0,0.0,1.0,0.009370532366568264,4.263928212725888,6.003926243331833,-1.7399980306059444,18281.689453125,0.01647091109389914,17700.29296875,-61.8
electronic_device/fsd403449.wav,electronic_device,FSD50K (Freesound) via HF Fhrozen/FSD50k,CC-BY-3.0,44100,5.956,win0.2,4.317,0.2,CLEAR,0.0,0.0,0.0,0.0,5.815101945664312e-06,,,,,1.0091811999773232e-05,6158.49609375,-29.3
electronic_device/fsd403449.wav,electronic_device,FSD50K (Freesound) via HF Fhrozen/FSD50k,CC-BY-3.0,44100,5.956,win0.2,5.756,0.2,CLEAR,0.0,0.0,0.0,1.0,0.021155765244663283,4.455906967099489,6.003926243331833,-1.5480192762323437,17721.826171875,0.04013762242963235,19896.6796875,-65.2
electronic_device/fsd98950.wav,electronic_device,FSD50K (Freesound) via HF Fhrozen/FSD50k,CC0-1.0,44100,2.123,full,0.0,2.123,CLEAR,0.0,0.0,0.0,0.1117,7.248806482244963e-09,,,,,1.2625585538242519e-08,8893.212890625,-27.1
electronic_device/fsd98950.wav,electronic_device,FSD50K (Freesound) via HF Fhrozen/FSD50k,CC0-1.0,44100,2.123,win0.5,0.0,0.5,CLEAR,0.0,0.0,0.0,0.1143,3.3215152727227685e-09,,,,,5.847304274979931e-09,8914.74609375,-23.9
electronic_device/fsd98950.wav,electronic_device,FSD50K (Freesound) via HF Fhrozen/FSD50k,CC0-1.0,44100,2.123,win0.5,0.541,0.5,CLEAR,0.0,0.0,0.0,0.0,2.7716419719637187e-06,,,,,4.904013329516895e-06,7407.421875,-50.6
electronic_device/fsd98950.wav,electronic_device,FSD50K (Freesound) via HF Fhrozen/FSD50k,CC0-1.0,44100,2.123,win0.5,1.082,0.5,CLEAR,0.0,0.0,0.0,0.1117,6.058427905408284e-09,,,,,1.0525172596553192e-08,8893.212890625,-26.1
electronic_device/fsd98950.wav,electronic_device,FSD50K (Freesound) via HF Fhrozen/FSD50k,CC0-1.0,44100,2.123,win0.5,1.623,0.5,CLEAR,0.0,0.0,0.0,0.1143,1.2755486989092575e-08,,,,,2.1193371668940424e-08,8914.74609375,-29.3
electronic_device/fsd98950.wav,electronic_device,FSD50K (Freesound) via HF Fhrozen/FSD50k,CC0-1.0,44100,2.123,win0.2,0.0,0.2,CLEAR,0.0,0.0,0.0,0.1143,2.8779106851079215e-09,,,,,4.889022392617614e-09,8914.74609375,-23.1
electronic_device/fsd98950.wav,electronic_device,FSD50K (Freesound) via HF Fhrozen/FSD50k,CC0-1.0,44100,2.123,win0.2,0.481,0.2,CLEAR,0.0,0.0,0.0,0.0,1.4192951045071989e-07,,,,,2.4679273361177676e-07,7385.888671875,-36.8
electronic_device/fsd98950.wav,electronic_device,FSD50K (Freesound) via HF Fhrozen/FSD50k,CC0-1.0,44100,2.123,win0.2,0.962,0.2,CLEAR,0.0,0.0,0.0,0.4185,3.176409754080632e-05,,,,,5.905473945377227e-05,11347.998046875,-62.9
electronic_device/fsd98950.wav,electronic_device,FSD50K (Freesound) via HF Fhrozen/FSD50k,CC0-1.0,44100,2.123,win0.2,1.442,0.2,CLEAR,0.0,0.0,0.0,0.1143,4.83987796843414e-09,,,,,8.275646017275709e-09,8914.74609375,-24.8
electronic_device/fsd98950.wav,electronic_device,FSD50K (Freesound) via HF Fhrozen/FSD50k,CC0-1.0,44100,2.123,win0.2,1.923,0.2,CLEAR,0.0,0.0,0.0,0.292,1.8497295852305896e-05,,,,,3.066718478302606e-05,10335.9375,-61.5
electronic_device/fsd176859.wav,electronic_device,FSD50K (Freesound) via HF Fhrozen/FSD50k,CC-BY-3.0,44100,6.165,full,0.0,6.165,CLEAR,0.0,0.0,0.0,0.0,6.908051384249391e-09,,,,,1.3666186812912972e-08,2347.119140625,-31.6
electronic_device/fsd176859.wav,electronic_device,FSD50K (Freesound) via HF Fhrozen/FSD50k,CC-BY-3.0,44100,6.165,win0.5,1.416,0.5,CLEAR,0.0,0.0,0.0,0.0,1.1828205394716401e-08,,,,,2.4855987019224902e-08,2411.71875,-29.2
electronic_device/fsd176859.wav,electronic_device,FSD50K (Freesound) via HF Fhrozen/FSD50k,CC-BY-3.0,44100,6.165,win0.2,1.491,0.2,CLEAR,0.0,0.0,0.0,0.0,1.8818203926272465e-08,,,,,4.125671777411474e-08,1184.326171875,-29.4
electronic_device/fsd219506.wav,electronic_device,FSD50K (Freesound) via HF Fhrozen/FSD50k,CC0-1.0,44100,4.849,full,0.0,4.849,CLEAR,0.0,0.0,0.0,0.0,1.6104481027287342e-05,,,,,2.351682400527152e-05,1981.0546875,-18.1
electronic_device/fsd219506.wav,electronic_device,FSD50K (Freesound) via HF Fhrozen/FSD50k,CC0-1.0,44100,4.849,win0.5,0.0,0.5,CLEAR,0.0,0.0,0.0,0.0,1.3179305974567813e-05,,,,,3.2009140894618514e-05,1981.0546875,-15.3
electronic_device/fsd219506.wav,electronic_device,FSD50K (Freesound) via HF Fhrozen/FSD50k,CC0-1.0,44100,4.849,win0.5,1.087,0.5,CLEAR,0.0,0.0,0.0,0.0,1.4264420358978989e-05,,,,,1.773967705217271e-05,1981.0546875,-16.3
electronic_device/fsd219506.wav,electronic_device,FSD50K (Freesound) via HF Fhrozen/FSD50k,CC0-1.0,44100,4.849,win0.5,2.174,0.5,CLEAR,0.0,0.0,0.0,0.0,2.118855595869376e-05,,,,,2.4876322574819128e-05,1981.0546875,-17.3
electronic_device/fsd219506.wav,electronic_device,FSD50K (Freesound) via HF Fhrozen/FSD50k,CC0-1.0,44100,4.849,win0.5,3.262,0.5,CLEAR,0.0,0.0,0.0,0.0,1.4966777364456453e-05,,,,,2.0989748908898023e-05,1981.0546875,-18.6
electronic_device/fsd219506.wav,electronic_device,FSD50K (Freesound) via HF Fhrozen/FSD50k,CC0-1.0,44100,4.849,win0.5,4.349,0.5,CLEAR,0.0,0.0,0.0,0.0,1.640841742398213e-05,,,,,2.2222432567526027e-05,2002.587890625,-20.8
electronic_device/fsd219506.wav,electronic_device,FSD50K (Freesound) via HF Fhrozen/FSD50k,CC0-1.0,44100,4.849,win0.2,0.0,0.2,CLEAR,0.0,0.0,0.0,0.0,2.1110795656703805e-05,,,,,6.6720866127691e-05,1981.0546875,-15.2
electronic_device/fsd219506.wav,electronic_device,FSD50K (Freesound) via HF Fhrozen/FSD50k,CC0-1.0,44100,4.849,win0.2,1.162,0.2,CLEAR,0.0,0.0,0.0,0.0,1.315335630468848e-05,,,,,1.65243988366408e-05,1981.0546875,-15.3
electronic_device/fsd219506.wav,electronic_device,FSD50K (Freesound) via HF Fhrozen/FSD50k,CC0-1.0,44100,4.849,win0.2,2.324,0.2,CLEAR,0.0,0.0,0.0,0.0,1.8573619282580606e-05,,,,,2.2348876255399688e-05,1981.0546875,-16.3
electronic_device/fsd219506.wav,electronic_device,FSD50K (Freesound) via HF Fhrozen/FSD50k,CC0-1.0,44100,4.849,win0.2,3.487,0.2,CLEAR,0.0,0.0,0.0,0.0,0.00010899746453991458,,,,,0.0002153071904286292,2347.119140625,-38.5
electronic_device/fsd219506.wav,electronic_device,FSD50K (Freesound) via HF Fhrozen/FSD50k,CC0-1.0,44100,4.849,win0.2,4.649,0.2,CLEAR,0.0,0.0,0.0,1.0,0.007675666273945166,4.704688692898514,6.003926243331833,-1.2992375504333191,19358.349609375,0.016027669952719908,17075.830078125,-53.1
electronic_device/fsd204424.wav,electronic_device,FSD50K (Freesound) via HF Fhrozen/FSD50k,CC-BY-3.0,44100,3.945,full,0.0,3.945,CLEAR,0.0,0.0,0.0,0.0,7.016654581317758e-07,,,,,2.010398487195546e-06,3682.177734375,-22.9
electronic_device/fsd204424.wav,electronic_device,FSD50K (Freesound) via HF Fhrozen/FSD50k,CC-BY-3.0,44100,3.945,win0.5,0.0,0.5,CLEAR,0.0,0.0,0.0,0.0,8.377028212760418e-07,,,,,2.3556693758635494e-06,3703.7109375,-14.7
electronic_device/fsd204424.wav,electronic_device,FSD50K (Freesound) via HF Fhrozen/FSD50k,CC-BY-3.0,44100,3.945,win0.5,0.861,0.5,CLEAR,0.0,0.0,0.0,0.0,1.2738862659468661e-08,,,,,2.1970108694828752e-08,3488.37890625,-29.6
electronic_device/fsd204424.wav,electronic_device,FSD50K (Freesound) via HF Fhrozen/FSD50k,CC-BY-3.0,44100,3.945,win0.5,1.722,0.5,CLEAR,0.0,0.0,0.0,0.0,5.522155859864387e-07,,,,,9.671493541964952e-07,2024.12109375,-45.8
electronic_device/fsd204424.wav,electronic_device,FSD50K (Freesound) via HF Fhrozen/FSD50k,CC-BY-3.0,44100,3.945,win0.5,2.584,0.5,CLEAR,0.0,0.0,0.0,0.0,4.149434017533732e-05,,,,,7.183487608462843e-05,2088.720703125,-64.7
electronic_device/fsd204424.wav,electronic_device,FSD50K (Freesound) via HF Fhrozen/FSD50k,CC-BY-3.0,44100,3.945,win0.5,3.445,0.5,CLEAR,0.0,0.0,0.0,0.0,0.0008508107791672789,2.4314074274740802,3.8703545627746405,-1.4389471353005603,15654.638671875,0.0015075159720285968,2024.12109375,-77.9
electronic_device/fsd204424.wav,electronic_device,FSD50K (Freesound) via HF Fhrozen/FSD50k,CC-BY-3.0,44100,3.945,win0.2,0.0,0.2,CLEAR,0.0,0.0,0.0,0.0,4.338603191041058e-07,,,,,1.6953945664150742e-06,3617.578125,-17.2
electronic_device/fsd204424.wav,electronic_device,FSD50K (Freesound) via HF Fhrozen/FSD50k,CC-BY-3.0,44100,3.945,win0.2,0.936,0.2,CLEAR,0.0,0.0,0.0,0.0,1.1454122417970304e-08,,,,,1.973948646448641e-08,3488.37890625,-29.1
electronic_device/fsd204424.wav,electronic_device,FSD50K (Freesound) via HF Fhrozen/FSD50k,CC-BY-3.0,44100,3.945,win0.2,1.872,0.2,CLEAR,0.0,0.0,0.0,0.0,6.614147248664037e-07,,,,,1.1526989961856334e-06,2024.12109375,-46.4
electronic_device/fsd204424.wav,electronic_device,FSD50K (Freesound) via HF Fhrozen/FSD50k,CC-BY-3.0,44100,3.945,win0.2,2.809,0.2,CLEAR,0.0,0.0,0.0,0.0,6.916419877994593e-05,,,,,0.00011880268779587342,2045.654296875,-66.9
electronic_device/fsd204424.wav,electronic_device,FSD50K (Freesound) via HF Fhrozen/FSD50k,CC-BY-3.0,44100,3.945,win0.2,3.745,0.2,CLEAR,0.0,0.0,0.0,0.0,0.0010983216451416033,3.8055605578032314,6.003926243331833,-2.1983656855286013,15482.373046875,0.0019927394358983945,2045.654296875,-79.7
electronic_device/fsd201611.wav,electronic_device,FSD50K (Freesound) via HF Fhrozen/FSD50k,CC0-1.0,44100,4.082,full,0.0,4.082,CLEAR,0.0,0.0001,0.0,0.0,5.1134258330809594e-06,,,,,1.1762932966257339e-05,2045.654296875,-2.5
electronic_device/fsd201611.wav,electronic_device,FSD50K (Freesound) via HF Fhrozen/FSD50k,CC0-1.0,44100,4.082,win0.5,0.0,0.5,CLEAR,0.0,0.0001,0.0,0.0,5.562676513580077e-06,,,,,1.2724510881017504e-05,1830.322265625,-1.0
electronic_device/fsd201611.wav,electronic_device,FSD50K (Freesound) via HF Fhrozen/FSD50k,CC0-1.0,44100,4.082,win0.5,0.895,0.5,CLEAR,0.0,0.0,0.0,0.0,4.862956112787055e-06,,,,,1.0007144329177611e-05,1033.59375,-2.1
electronic_device/fsd201611.wav,electronic_device,FSD50K (Freesound) via HF Fhrozen/FSD50k,CC0-1.0,44100,4.082,win0.5,1.791,0.5,CLEAR,0.0,0.0,0.0,0.0,5.823072917987169e-08,,,,,8.732185264269476e-08,1313.525390625,-10.2
electronic_device/fsd201611.wav,electronic_device,FSD50K (Freesound) via HF Fhrozen/FSD50k,CC0-1.0,44100,4.082,win0.5,2.686,0.5,CLEAR,0.0,0.0,0.0,0.0,4.6521733493193525e-06,,,,,9.576070467120298e-06,1033.59375,-2.1
electronic_device/fsd201611.wav,electronic_device,FSD50K (Freesound) via HF Fhrozen/FSD50k,CC0-1.0,44100,4.082,win0.5,3.582,0.5,CLEAR,0.0,0.0001,0.0,0.0,5.6852008611132685e-06,,,,,1.3034290646599167e-05,1830.322265625,-1.0
electronic_device/fsd201611.wav,electronic_device,FSD50K (Freesound) via HF Fhrozen/FSD50k,CC0-1.0,44100,4.082,win0.2,0.0,0.2,CLEAR,0.0,0.0,0.0,0.0,4.3391004360132925e-06,,,,,9.102100607303093e-06,1507.32421875,-0.9
electronic_device/fsd201611.wav,electronic_device,FSD50K (Freesound) via HF Fhrozen/FSD50k,CC0-1.0,44100,4.082,win0.2,0.97,0.2,CLEAR,0.0,0.0001,0.0,0.0,6.002591732120485e-06,,,,,1.1513568196334174e-05,2562.451171875,-1.9
electronic_device/fsd201611.wav,electronic_device,FSD50K (Freesound) via HF Fhrozen/FSD50k,CC0-1.0,44100,4.082,win0.2,1.941,0.2,CLEAR,0.0,0.0,0.0,0.0,1.3997800228763586e-07,,,,,2.3071652804129113e-07,1335.05859375,-12.1
electronic_device/fsd201611.wav,electronic_device,FSD50K (Freesound) via HF Fhrozen/FSD50k,CC0-1.0,44100,4.082,win0.2,2.911,0.2,CLEAR,0.0,0.0001,0.0,0.0,6.098878092188962e-06,,,,,1.1510122093592059e-05,2562.451171875,-1.9
electronic_device/fsd201611.wav,electronic_device,FSD50K (Freesound) via HF Fhrozen/FSD50k,CC0-1.0,44100,4.082,win0.2,3.882,0.2,CLEAR,0.0,0.0,0.0,0.0,4.55078169624675e-06,,,,,9.575637017348017e-06,1507.32421875,-0.9
electronic_device/fsd167536.wav,electronic_device,FSD50K (Freesound) via HF Fhrozen/FSD50k,CC0-1.0,44100,6.922,full,0.0,6.922,CLEAR,0.0,0.0,0.0,0.0,3.519271560696826e-05,,,,,8.767985332111941e-05,4866.50390625,-18.0
electronic_device/fsd167536.wav,electronic_device,FSD50K (Freesound) via HF Fhrozen/FSD50k,CC0-1.0,44100,6.922,win0.5,0.0,0.5,CLEAR,0.0,0.0,0.0,0.0,3.330864393058464e-05,,,,,7.862232831804844e-05,5426.3671875,-17.0
electronic_device/fsd167536.wav,electronic_device,FSD50K (Freesound) via HF Fhrozen/FSD50k,CC0-1.0,44100,6.922,win0.5,1.606,0.5,CLEAR,0.0,0.0,0.0,0.0,4.3909875909159246e-05,,,,,0.00011139434193621298,4844.970703125,-18.4
electronic_device/fsd167536.wav,electronic_device,FSD50K (Freesound) via HF Fhrozen/FSD50k,CC0-1.0,44100,6.922,win0.5,3.211,0.5,CLEAR,0.0,0.0,0.0,0.0,3.753291939222613e-05,,,,,8.744798923160266e-05,5447.900390625,-18.7
electronic_device/fsd167536.wav,electronic_device,FSD50K (Freesound) via HF Fhrozen/FSD50k,CC0-1.0,44100,6.922,win0.5,4.817,0.5,CLEAR,0.0,0.0,0.0,0.0,3.637908243968684e-05,,,,,9.671746836906347e-05,4780.37109375,-18.7
electronic_device/fsd167536.wav,electronic_device,FSD50K (Freesound) via HF Fhrozen/FSD50k,CC0-1.0,44100,6.922,win0.5,6.422,0.5,CLEAR,0.0,0.0,0.0,0.0,3.691381725498138e-05,,,,,8.805752134353423e-05,5060.302734375,-19.4
electronic_device/fsd167536.wav,electronic_device,FSD50K (Freesound) via HF Fhrozen/FSD50k,CC0-1.0,44100,6.922,win0.2,0.0,0.2,CLEAR,0.0,0.0003,0.0,0.0,3.4586867790346455e-05,,,,,8.006233727227888e-05,5426.3671875,-15.8
electronic_device/fsd167536.wav,electronic_device,FSD50K (Freesound) via HF Fhrozen/FSD50k,CC0-1.0,44100,6.922,win0.2,1.681,0.2,CLEAR,0.0,0.0,0.0,0.0,4.1924939878567044e-05,,,,,0.00010807538926663023,4844.970703125,-21.7
electronic_device/fsd167536.wav,electronic_device,FSD50K (Freesound) via HF Fhrozen/FSD50k,CC0-1.0,44100,6.922,win0.2,3.361,0.2,CLEAR,0.0,0.0004,0.0,0.0,3.639579993477487e-05,,,,,8.42080331193848e-05,5426.3671875,-16.1
electronic_device/fsd167536.wav,electronic_device,FSD50K (Freesound) via HF Fhrozen/FSD50k,CC0-1.0,44100,6.922,win0.2,5.042,0.2,CLEAR,0.0,0.0,0.0,0.0,3.449079685702817e-05,,,,,9.752632705459531e-05,4694.23828125,-20.6
electronic_device/fsd167536.wav,electronic_device,FSD50K (Freesound) via HF Fhrozen/FSD50k,CC0-1.0,44100,6.922,win0.2,6.722,0.2,CLEAR,0.0,0.0,0.0,0.0,4.8087462005013384e-05,,,,,0.00012274885801632712,5254.1015625,-25.6
electronic_device/fsd138277.wav,electronic_device,FSD50K (Freesound) via HF Fhrozen/FSD50k,CC0-1.0,44100,8.465,full,0.0,8.465,CLEAR,0.0,0.0,0.0,0.0,2.045484322539612e-05,,,,,0.00013386981471807195,6847.55859375,-44.0
electronic_device/fsd138277.wav,electronic_device,FSD50K (Freesound) via HF Fhrozen/FSD50k,CC0-1.0,44100,8.465,win0.5,0.0,0.5,CLEAR,0.0,0.0,0.0,0.0,4.499543771186033e-06,,,,,1.9158397496775745e-05,2842.3828125,-46.5
electronic_device/fsd138277.wav,electronic_device,FSD50K (Freesound) via HF Fhrozen/FSD50k,CC0-1.0,44100,8.465,win0.5,1.991,0.5,CLEAR,0.0,0.0,0.0,0.0444,3.253319062787404e-05,,,,,0.00020361207978515422,8354.8828125,-43.1
electronic_device/fsd138277.wav,electronic_device,FSD50K (Freesound) via HF Fhrozen/FSD50k,CC0-1.0,44100,8.465,win0.5,3.983,0.5,CLEAR,0.0,0.0,0.0,0.0,6.5053671291811135e-06,,,,,4.721218159266821e-05,5297.16796875,-41.0
electronic_device/fsd138277.wav,electronic_device,FSD50K (Freesound) via HF Fhrozen/FSD50k,CC0-1.0,44100,8.465,win0.5,5.974,0.5,CLEAR,0.0,0.0,0.0,0.0,2.097432031282923e-06,,,,,6.999945460991394e-06,3768.310546875,-44.4
electronic_device/fsd138277.wav,electronic_device,FSD50K (Freesound) via HF Fhrozen/FSD50k,CC0-1.0,44100,8.465,win0.5,7.965,0.5,CLEAR,0.0,0.0,0.0,0.0,3.181128431976458e-06,,,,,7.465318445028998e-06,3574.51171875,-46.6
electronic_device/fsd138277.wav,electronic_device,FSD50K (Freesound) via HF Fhrozen/FSD50k,CC0-1.0,44100,8.465,win0.2,0.0,0.2,CLEAR,0.0,0.0,0.0,0.0,4.266406615848352e-06,,,,,1.566412105462308e-05,2390.185546875,-46.6
electronic_device/fsd138277.wav,electronic_device,FSD50K (Freesound) via HF Fhrozen/FSD50k,CC0-1.0,44100,8.465,win0.2,2.066,0.2,CLEAR,0.0,0.0,0.0,0.0444,3.130926710003318e-05,,,,,0.00021728806628557886,8354.8828125,-43.4
electronic_device/fsd138277.wav,electronic_device,FSD50K (Freesound) via HF Fhrozen/FSD50k,CC0-1.0,44100,8.465,win0.2,4.133,0.2,CLEAR,0.0,0.0,0.0,0.0,7.45319799878377e-06,,,,,6.174481420453067e-05,5598.6328125,-42.0
electronic_device/fsd138277.wav,electronic_device,FSD50K (Freesound) via HF Fhrozen/FSD50k,CC0-1.0,44100,8.465,win0.2,6.199,0.2,CLEAR,0.0,0.0,0.0,0.0,2.2527583937725533e-06,,,,,7.01077689982903e-06,3725.244140625,-44.5
electronic_device/fsd138277.wav,electronic_device,FSD50K (Freesound) via HF Fhrozen/FSD50k,CC0-1.0,44100,8.465,win0.2,8.265,0.2,CLEAR,0.0,0.0,0.0,0.0,2.524661172175546e-06,,,,,5.918319192967321e-06,3488.37890625,-46.1
electronic_device/fsd264101.wav,electronic_device,FSD50K (Freesound) via HF Fhrozen/FSD50k,CC-BY-3.0,44100,10.818,full,0.0,10.818,CLEAR,0.0,0.0,0.0,0.65,0.00012459739368596165,12.961183004008953,0.9045948845345668,12.056588119474387,15611.572265625,0.0015461067537158783,13199.853515625,-33.5
electronic_device/fsd264101.wav,electronic_device,FSD50K (Freesound) via HF Fhrozen/FSD50k,CC-BY-3.0,44100,10.818,win0.5,0.0,0.5,CLEAR,0.0,0.0,0.0,0.7038,9.193567608357265e-06,26.417829431356434,3.8703545627746405,22.547474868581794,15654.638671875,0.001232926416858193,13630.517578125,-31.6
electronic_device/fsd264101.wav,electronic_device,FSD50K (Freesound) via HF Fhrozen/FSD50k,CC-BY-3.0,44100,10.818,win0.5,2.58,0.5,CLEAR,0.0,0.0,0.0,1.0,0.0060722294442244204,5.918040229997088,3.8703545627746405,2.047685667222447,16171.435546875,0.032145132922000226,17506.494140625,-54.5
electronic_device/fsd264101.wav,electronic_device,FSD50K (Freesound) via HF Fhrozen/FSD50k,CC-BY-3.0,44100,10.818,win0.5,5.159,0.5,CLEAR,0.0,0.0,0.0,0.6177,0.00013151900415435492,31.00111838819867,3.8703545627746405,27.13076382542403,15590.0390625,0.00324396216888867,12941.455078125,-36.8
electronic_device/fsd264101.wav,electronic_device,FSD50K (Freesound) via HF Fhrozen/FSD50k,CC-BY-3.0,44100,10.818,win0.5,7.739,0.5,CLEAR,0.0,0.0,0.0,0.4562,0.00012376151338965187,15.190321813695196,3.8703545627746405,11.319967250920556,15848.4375,0.0010089911930255219,11649.462890625,-39.3
electronic_device/fsd264101.wav,electronic_device,FSD50K (Freesound) via HF Fhrozen/FSD50k,CC-BY-3.0,44100,10.818,win0.5,10.318,0.5,CLEAR,0.0,0.0,0.0,1.0,0.0059694803218991,5.695336184143601,3.8703545627746405,1.8249816213689605,15116.30859375,0.03372509234455669,17441.89453125,-55.1
electronic_device/fsd264101.wav,electronic_device,FSD50K (Freesound) via HF Fhrozen/FSD50k,CC-BY-3.0,44100,10.818,win0.2,0.0,0.2,CLEAR,0.0,0.0,0.0,0.58,8.637356726924085e-05,,,,,0.0008552423398883112,12639.990234375,-36.9
electronic_device/fsd264101.wav,electronic_device,FSD50K (Freesound) via HF Fhrozen/FSD50k,CC-BY-3.0,44100,10.818,win0.2,2.654,0.2,CLEAR,0.0,0.0,0.0,1.0,0.007301798378316433,9.347595301391303,6.003926243331833,3.3436690580594703,16171.435546875,0.03552163083581452,17592.626953125,-55.5
electronic_device/fsd264101.wav,electronic_device,FSD50K (Freesound) via HF Fhrozen/FSD50k,CC-BY-3.0,44100,10.818,win0.2,5.309,0.2,CLEAR,0.0,0.0,0.0,0.6769,0.0001569944216905818,36.83160112223744,6.003926243331833,30.827674878905604,15590.0390625,0.0038536557958745244,13415.185546875,-35.8
electronic_device/fsd264101.wav,electronic_device,FSD50K (Freesound) via HF Fhrozen/FSD50k,CC-BY-3.0,44100,10.818,win0.2,7.963,0.2,CLEAR,0.0,0.0,0.0,0.4454,6.962843561886778e-05,,,,,0.0005798857211745448,11563.330078125,-37.9
electronic_device/fsd264101.wav,electronic_device,FSD50K (Freesound) via HF Fhrozen/FSD50k,CC-BY-3.0,44100,10.818,win0.2,10.618,0.2,CLEAR,0.0,0.0,0.0,1.0,0.005005176940083443,7.857123081707602,6.003926243331833,1.8531968383757693,16666.69921875,0.030874237912569158,17205.029296875,-54.8
electronic_device/fsd66300.wav,electronic_device,FSD50K (Freesound) via HF Fhrozen/FSD50k,CC-BY-3.0,44100,4.131,full,0.0,4.131,CLEAR,0.0,0.0,0.0,0.0,7.08423922585658e-07,,,,,1.8816783798552101e-06,1227.392578125,-10.7
electronic_device/fsd66300.wav,electronic_device,FSD50K (Freesound) via HF Fhrozen/FSD50k,CC-BY-3.0,44100,4.131,win0.5,0.0,0.5,CLEAR,0.0,0.0,0.0,0.0,6.307524299252505e-07,,,,,1.9038262046274001e-06,1227.392578125,-10.2
electronic_device/fsd66300.wav,electronic_device,FSD50K (Freesound) via HF Fhrozen/FSD50k,CC-BY-3.0,44100,4.131,win0.5,0.908,0.5,CLEAR,0.0,0.0,0.0,0.0,2.0549516219390427e-06,,,,,5.182723146138514e-06,1227.392578125,-13.6
electronic_device/fsd66300.wav,electronic_device,FSD50K (Freesound) via HF Fhrozen/FSD50k,CC-BY-3.0,44100,4.131,win0.5,1.815,0.5,CLEAR,0.0,0.0,0.0,0.0,1.1512905415864918e-05,,,,,5.0265279370226145e-05,1614.990234375,-21.3
electronic_device/fsd66300.wav,electronic_device,FSD50K (Freesound) via HF Fhrozen/FSD50k,CC-BY-3.0,44100,4.131,win0.5,2.723,0.5,CLEAR,0.0,0.0,0.0,0.0,4.795543781459603e-07,,,,,1.1626917774770704e-06,1227.392578125,-8.1
electronic_device/fsd66300.wav,electronic_device,FSD50K (Freesound) via HF Fhrozen/FSD50k,CC-BY-3.0,44100,4.131,win0.5,3.631,0.5,CLEAR,0.0,0.0,0.0,0.0,1.4918259990545367e-08,,,,,3.80558668984759e-08,1227.392578125,-8.7
electronic_device/fsd66300.wav,electronic_device,FSD50K (Freesound) via HF Fhrozen/FSD50k,CC-BY-3.0,44100,4.131,win0.2,0.0,0.2,CLEAR,0.0,0.0,0.0,0.0,2.0569752176946994e-08,,,,,8.304355437695413e-08,1227.392578125,-8.1
electronic_device/fsd66300.wav,electronic_device,FSD50K (Freesound) via HF Fhrozen/FSD50k,CC-BY-3.0,44100,4.131,win0.2,2.948,0.2,CLEAR,0.0,0.0,0.0,0.0,1.8216289078851454e-09,,,,,3.4353752082299643e-09,1227.392578125,-8.0
electronic_device/fsd66300.wav,electronic_device,FSD50K (Freesound) via HF Fhrozen/FSD50k,CC-BY-3.0,44100,4.131,win0.2,3.931,0.2,CLEAR,0.0,0.0,0.0,0.0,4.277414204547101e-08,,,,,1.115696068901098e-07,1227.392578125,-10.0
electronic_device/fsd184000.wav,electronic_device,FSD50K (Freesound) via HF Fhrozen/FSD50k,CC-BY-3.0,44100,3.699,full,0.0,3.699,CLEAR,0.0,0.0,0.0,0.0,7.489700730509586e-07,,,,,1.7311667620192454e-06,2217.919921875,-7.7
electronic_device/fsd184000.wav,electronic_device,FSD50K (Freesound) via HF Fhrozen/FSD50k,CC-BY-3.0,44100,3.699,win0.5,0.0,0.5,CLEAR,0.0,0.0,0.0,0.0,1.5299889259638905e-09,,,,,2.4696617832156626e-09,2217.919921875,-6.2
electronic_device/fsd184000.wav,electronic_device,FSD50K (Freesound) via HF Fhrozen/FSD50k,CC-BY-3.0,44100,3.699,win0.5,0.8,0.5,CLEAR,0.0,0.0,0.0,0.0,1.8799185035988145e-06,,,,,4.314525830705631e-06,2217.919921875,-8.4
electronic_device/fsd184000.wav,electronic_device,FSD50K (Freesound) via HF Fhrozen/FSD50k,CC-BY-3.0,44100,3.699,win0.5,1.6,0.5,CLEAR,0.0,0.0,0.0,0.0,4.635521339024916e-06,,,,,1.1052684829407355e-05,2217.919921875,-11.8
electronic_device/fsd184000.wav,electronic_device,FSD50K (Freesound) via HF Fhrozen/FSD50k,CC-BY-3.0,44100,3.699,win0.5,2.4,0.5,CLEAR,0.0,0.0,0.0,0.0,1.513735217259734e-09,,,,,2.42486182537793e-09,2217.919921875,-9.1
electronic_device/fsd184000.wav,electronic_device,FSD50K (Freesound) via HF Fhrozen/FSD50k,CC-BY-3.0,44100,3.699,win0.5,3.199,0.5,CLEAR,0.0,0.0,0.0,0.0,1.5506175755102697e-09,,,,,2.4298551756902816e-09,2217.919921875,-6.6
electronic_device/fsd184000.wav,electronic_device,FSD50K (Freesound) via HF Fhrozen/FSD50k,CC-BY-3.0,44100,3.699,win0.2,0.0,0.2,CLEAR,0.0,0.0,0.0,0.0,1.523599062083616e-09,,,,,2.463756897289052e-09,2217.919921875,-6.2
electronic_device/fsd184000.wav,electronic_device,FSD50K (Freesound) via HF Fhrozen/FSD50k,CC-BY-3.0,44100,3.699,win0.2,0.875,0.2,CLEAR,0.0,0.0,0.0,0.0,1.199347073833224e-05,,,,,2.7502020637156967e-05,2217.919921875,-10.4
electronic_device/fsd184000.wav,electronic_device,FSD50K (Freesound) via HF Fhrozen/FSD50k,CC-BY-3.0,44100,3.699,win0.2,2.625,0.2,CLEAR,0.0,0.0,0.0,0.0,1.6307336952070764e-09,,,,,2.608796687220315e-09,2217.919921875,-14.3
electronic_device/fsd184000.wav,electronic_device,FSD50K (Freesound) via HF Fhrozen/FSD50k,CC-BY-3.0,44100,3.699,win0.2,3.499,0.2,CLEAR,0.0,0.0,0.0,0.0,1.5492696931971807e-09,,,,,2.4266071181548923e-09,2217.919921875,-7.3
electronic_device/fsd252715.wav,electronic_device,FSD50K (Freesound) via HF Fhrozen/FSD50k,CC-BY-3.0,44100,4.609,full,0.0,4.609,CLEAR,0.0,0.0,0.0,0.0,2.4013422927804948e-05,,,,,5.2094257229218346e-05,7149.0234375,-31.7
electronic_device/fsd252715.wav,electronic_device,FSD50K (Freesound) via HF Fhrozen/FSD50k,CC-BY-3.0,44100,4.609,win0.5,0.0,0.5,CLEAR,0.0,0.0,0.0,0.0,2.0238703206815686e-06,,,,,2.5016892390057117e-06,6998.291015625,-31.3
electronic_device/fsd252715.wav,electronic_device,FSD50K (Freesound) via HF Fhrozen/FSD50k,CC-BY-3.0,44100,4.609,win0.5,1.027,0.5,CLEAR,0.0,0.0,0.0,0.0,1.4702575176264754e-06,,,,,1.8351614533993767e-06,7192.08984375,-30.1
electronic_device/fsd252715.wav,electronic_device,FSD50K (Freesound) via HF Fhrozen/FSD50k,CC-BY-3.0,44100,4.609,win0.5,2.055,0.5,CLEAR,0.0,0.0,0.0,0.0,3.4309299595247314e-06,,,,,4.335976995024215e-06,7105.95703125,-34.5
electronic_device/fsd252715.wav,electronic_device,FSD50K (Freesound) via HF Fhrozen/FSD50k,CC-BY-3.0,44100,4.609,win0.5,3.082,0.5,CLEAR,0.0,0.0,0.0,0.0,8.934354206817016e-07,,,,,1.112968410250703e-06,7235.15625,-28.3
electronic_device/fsd252715.wav,electronic_device,FSD50K (Freesound) via HF Fhrozen/FSD50k,CC-BY-3.0,44100,4.609,win0.5,4.109,0.5,CLEAR,0.0,0.0,0.0,0.0,6.698680564992286e-05,,,,,0.00015109500554255425,6998.291015625,-27.5
electronic_device/fsd252715.wav,electronic_device,FSD50K (Freesound) via HF Fhrozen/FSD50k,CC-BY-3.0,44100,4.609,win0.2,0.0,0.2,CLEAR,0.0,0.0,0.0,0.0,8.570296619163977e-07,,,,,1.0575357493897281e-06,6546.09375,-28.2
electronic_device/fsd252715.wav,electronic_device,FSD50K (Freesound) via HF Fhrozen/FSD50k,CC-BY-3.0,44100,4.609,win0.2,1.102,0.2,CLEAR,0.0,0.0,0.0,0.0,1.171903712692406e-06,,,,,1.4616646824998156e-06,7256.689453125,-29.9
electronic_device/fsd252715.wav,electronic_device,FSD50K (Freesound) via HF Fhrozen/FSD50k,CC-BY-3.0,44100,4.609,win0.2,2.205,0.2,CLEAR,0.0,0.0,0.0,0.0,2.9445217189359453e-06,,,,,3.713942434256444e-06,6826.025390625,-33.3
electronic_device/fsd252715.wav,electronic_device,FSD50K (Freesound) via HF Fhrozen/FSD50k,CC-BY-3.0,44100,4.609,win0.2,3.307,0.2,CLEAR,0.0,0.0,0.0,0.0,6.269308584293774e-06,,,,,7.791935140865965e-06,7192.08984375,-35.5
electronic_device/fsd252715.wav,electronic_device,FSD50K (Freesound) via HF Fhrozen/FSD50k,CC-BY-3.0,44100,4.609,win0.2,4.409,0.2,CLEAR,0.0,0.0,0.0,0.0,3.665797799197918e-05,,,,,4.5324300001075226e-05,6998.291015625,-42.4
speech_clean/vctk_p247_129_mic1.wav,speech_clean,VCTK via HF jspaulsen/vctk,CC-BY-4.0,48000,2.158,full,0.0,2.158,CLEAR,0.0,0.0,0.0,0.0664,5.42101384959112e-05,,,,,0.0003562524747286184,8531.25,-21.0
speech_clean/vctk_p247_129_mic1.wav,speech_clean,VCTK via HF jspaulsen/vctk,CC-BY-4.0,48000,2.158,win0.5,0.0,0.5,CLEAR,0.0,0.0,0.0,0.0,3.753289540415287e-05,,,,,0.00010986179931439034,5765.625,-18.0
speech_clean/vctk_p247_129_mic1.wav,speech_clean,VCTK via HF jspaulsen/vctk,CC-BY-4.0,48000,2.158,win0.5,0.553,0.5,CLEAR,0.0,0.0,0.0,0.1895,5.571480011623294e-05,,,,,0.0008475642857777075,9515.625,-20.0
speech_clean/vctk_p247_129_mic1.wav,speech_clean,VCTK via HF jspaulsen/vctk,CC-BY-4.0,48000,2.158,win0.5,1.105,0.5,CLEAR,0.0,0.0,0.0,0.0137,5.9406109151860016e-05,,,,,0.00016794190339934666,8109.375,-23.5
speech_clean/vctk_p247_129_mic1.wav,speech_clean,VCTK via HF jspaulsen/vctk,CC-BY-4.0,48000,2.158,win0.5,1.658,0.5,CLEAR,0.0,0.0,0.0,0.251,0.00013770351832068727,,,,,0.0003099138892332597,10007.8125,-25.7
speech_clean/vctk_p247_129_mic1.wav,speech_clean,VCTK via HF jspaulsen/vctk,CC-BY-4.0,48000,2.158,win0.2,0.0,0.2,CLEAR,0.0,0.0,0.0,0.0,8.866064819069384e-06,,,,,5.5933968102489776e-05,2859.375,-16.3
speech_clean/vctk_p247_129_mic1.wav,speech_clean,VCTK via HF jspaulsen/vctk,CC-BY-4.0,48000,2.158,win0.2,0.489,0.2,CLEAR,0.0,0.0,0.0,0.0,9.291492722750334e-06,,,,,1.3448496426279508e-05,2320.3125,-23.1
speech_clean/vctk_p247_129_mic1.wav,speech_clean,VCTK via HF jspaulsen/vctk,CC-BY-4.0,48000,2.158,win0.2,0.979,0.2,CLEAR,0.0,0.0,0.0,0.0,0.00010835413819176508,,,,,0.0003669090808686091,7945.3125,-23.4
speech_clean/vctk_p247_129_mic1.wav,speech_clean,VCTK via HF jspaulsen/vctk,CC-BY-4.0,48000,2.158,win0.2,1.468,0.2,CLEAR,0.0,0.0,0.0,0.0,4.1280018593245444e-05,,,,,8.874983635297536e-05,6023.4375,-25.3
speech_clean/vctk_p247_129_mic1.wav,speech_clean,VCTK via HF jspaulsen/vctk,CC-BY-4.0,48000,2.158,win0.2,1.958,0.2,CLEAR,0.0,0.0,0.0,0.2422,0.0004431836420300673,,,,,0.0009260495106293202,9937.5,-39.6
speech_clean/vctk_p251_230_mic1.wav,speech_clean,VCTK via HF jspaulsen/vctk,CC-BY-4.0,48000,2.994,full,0.0,2.994,CLEAR,0.0,0.0,0.0,0.0,7.024727746653971e-05,,,,,0.00031353298036287643,3375.0,-21.4
speech_clean/vctk_p251_230_mic1.wav,speech_clean,VCTK via HF jspaulsen/vctk,CC-BY-4.0,48000,2.994,win0.5,0.0,0.5,CLEAR,0.0,0.0,0.0,0.0,5.180250370769506e-05,,,,,0.00030858092742676514,2695.3125,-18.5
speech_clean/vctk_p251_230_mic1.wav,speech_clean,VCTK via HF jspaulsen/vctk,CC-BY-4.0,48000,2.994,win0.5,0.624,0.5,CLEAR,0.0,0.0022,0.0,0.0,0.00022306163758795835,,,,,0.0009063990432534194,5882.8125,-23.3
speech_clean/vctk_p251_230_mic1.wav,speech_clean,VCTK via HF jspaulsen/vctk,CC-BY-4.0,48000,2.994,win0.5,1.247,0.5,CLEAR,0.0,0.0,0.0,0.0,2.6657841070274295e-05,,,,,0.00014916988539898413,2578.125,-19.3
speech_clean/vctk_p251_230_mic1.wav,speech_clean,VCTK via HF jspaulsen/vctk,CC-BY-4.0,48000,2.994,win0.5,1.871,0.5,CLEAR,0.0,0.0,0.0,0.0,6.629695493469369e-05,,,,,0.000439578914339084,3796.875,-22.7
speech_clean/vctk_p251_230_mic1.wav,speech_clean,VCTK via HF jspaulsen/vctk,CC-BY-4.0,48000,2.994,win0.5,2.494,0.5,CLEAR,0.0,0.0,0.0,0.0,0.0002689893070695149,,,,,0.00047762692953342894,5695.3125,-26.3
speech_clean/vctk_p251_230_mic1.wav,speech_clean,VCTK via HF jspaulsen/vctk,CC-BY-4.0,48000,2.994,win0.2,0.0,0.2,CLEAR,0.0,0.0,0.0,0.0,5.136698207925771e-05,,,,,0.0004080528338488253,2742.1875,-18.1
speech_clean/vctk_p251_230_mic1.wav,speech_clean,VCTK via HF jspaulsen/vctk,CC-BY-4.0,48000,2.994,win0.2,0.699,0.2,CLEAR,0.0,0.004,0.0,0.0,0.0003958261811434674,11.431316186780574,5.720926867497834,5.71038931928274,15492.1875,0.0014825906641452642,6492.1875,-24.0
speech_clean/vctk_p251_230_mic1.wav,speech_clean,VCTK via HF jspaulsen/vctk,CC-BY-4.0,48000,2.994,win0.2,1.397,0.2,CLEAR,0.0,0.0,0.0,0.0,3.722033738870153e-05,,,,,6.19986505714157e-05,1898.4375,-19.9
speech_clean/vctk_p251_230_mic1.wav,speech_clean,VCTK via HF jspaulsen/vctk,CC-BY-4.0,48000,2.994,win0.2,2.096,0.2,CLEAR,0.0,0.0,0.0,0.0,0.00019472144413829748,,,,,0.0009361059737269805,3914.0625,-24.5
speech_clean/vctk_p251_230_mic1.wav,speech_clean,VCTK via HF jspaulsen/vctk,CC-BY-4.0,48000,2.994,win0.2,2.794,0.2,CLEAR,0.0,0.0,0.0,0.0,0.0006207505013232318,,,,,0.0007874438009423996,1335.9375,-40.2
speech_clean/vctk_p251_024_mic1.wav,speech_clean,VCTK via HF jspaulsen/vctk,CC-BY-4.0,48000,5.678,full,0.0,5.678,CLEAR,0.0,0.0,0.0,0.0,3.7395706019403283e-05,,,,,0.0001031847584057846,2695.3125,-21.2
speech_clean/vctk_p251_024_mic1.wav,speech_clean,VCTK via HF jspaulsen/vctk,CC-BY-4.0,48000,5.678,win0.5,0.0,0.5,CLEAR,0.0,0.0,0.0,0.0,5.936261585127478e-05,,,,,0.00022703608202855722,3914.0625,-20.8
speech_clean/vctk_p251_024_mic1.wav,speech_clean,VCTK via HF jspaulsen/vctk,CC-BY-4.0,48000,5.678,win0.5,1.294,0.5,CLEAR,0.0,0.0,0.0,0.0,3.750512468356065e-05,,,,,6.953351427783134e-05,1429.6875,-25.2
speech_clean/vctk_p251_024_mic1.wav,speech_clean,VCTK via HF jspaulsen/vctk,CC-BY-4.0,48000,5.678,win0.5,2.589,0.5,CLEAR,0.0,0.0,0.0,0.0,1.0270686924967927e-05,,,,,2.5802419021337245e-05,2484.375,-18.1
speech_clean/vctk_p251_024_mic1.wav,speech_clean,VCTK via HF jspaulsen/vctk,CC-BY-4.0,48000,5.678,win0.5,3.883,0.5,CLEAR,0.0,0.0,0.0,0.0,3.107147985653657e-05,,,,,5.8296353999121173e-05,2789.0625,-22.5
speech_clean/vctk_p251_024_mic1.wav,speech_clean,VCTK via HF jspaulsen/vctk,CC-BY-4.0,48000,5.678,win0.5,5.178,0.5,CLEAR,0.0,0.0,0.0,0.0,2.1325247074006284e-05,,,,,4.197495254712352e-05,1359.375,-24.2
speech_clean/vctk_p251_024_mic1.wav,speech_clean,VCTK via HF jspaulsen/vctk,CC-BY-4.0,48000,5.678,win0.2,0.0,0.2,CLEAR,0.0,0.0,0.0,0.2715,0.00027382113272769027,17.179953507482246,5.720926867497834,11.459026639984412,15515.625,0.0011890606250528047,10171.875,-24.9
speech_clean/vctk_p251_024_mic1.wav,speech_clean,VCTK via HF jspaulsen/vctk,CC-BY-4.0,48000,5.678,win0.2,1.369,0.2,CLEAR,0.0,0.0,0.0,0.0,3.0088352487367728e-05,,,,,5.880850794026028e-05,2742.1875,-23.1
speech_clean/vctk_p251_024_mic1.wav,speech_clean,VCTK via HF jspaulsen/vctk,CC-BY-4.0,48000,5.678,win0.2,2.739,0.2,CLEAR,0.0,0.0,0.0,0.0,1.0111276305493453e-05,,,,,2.8221971380154173e-05,2625.0,-19.0
speech_clean/vctk_p251_024_mic1.wav,speech_clean,VCTK via HF jspaulsen/vctk,CC-BY-4.0,48000,5.678,win0.2,4.108,0.2,CLEAR,0.0,0.0,0.0,0.0,9.358404531997351e-06,,,,,2.1206414495972826e-05,2765.625,-19.8
speech_clean/vctk_p251_024_mic1.wav,speech_clean,VCTK via HF jspaulsen/vctk,CC-BY-4.0,48000,5.678,win0.2,5.478,0.2,CLEAR,0.0,0.0,0.0,0.0,7.478892946544638e-05,,,,,8.98307509829854e-05,539.0625,-31.6
speech_clean/vctk_p247_246_mic1.wav,speech_clean,VCTK via HF jspaulsen/vctk,CC-BY-4.0,48000,2.522,full,0.0,2.522,CLEAR,0.0,0.0,0.0,0.0,4.397458150018229e-05,,,,,0.00030222725695561555,4640.625,-22.2
speech_clean/vctk_p247_246_mic1.wav,speech_clean,VCTK via HF jspaulsen/vctk,CC-BY-4.0,48000,2.522,win0.5,0.0,0.5,CLEAR,0.0,0.0,0.0,0.0,4.742395818865866e-05,,,,,0.00025142939174794594,2789.0625,-17.7
speech_clean/vctk_p247_246_mic1.wav,speech_clean,VCTK via HF jspaulsen/vctk,CC-BY-4.0,48000,2.522,win0.5,0.506,0.5,CLEAR,0.0,0.0,0.0,0.0,2.7127818764639136e-05,,,,,8.025128193393648e-05,1664.0625,-24.1
speech_clean/vctk_p247_246_mic1.wav,speech_clean,VCTK via HF jspaulsen/vctk,CC-BY-4.0,48000,2.522,win0.5,1.011,0.5,CLEAR,0.0,0.0,0.0,0.0,3.050632222091199e-05,,,,,7.714228998064494e-05,5460.9375,-22.6
speech_clean/vctk_p247_246_mic1.wav,speech_clean,VCTK via HF jspaulsen/vctk,CC-BY-4.0,48000,2.522,win0.5,1.517,0.5,CLEAR,0.0,0.0,0.0,0.0,3.987405868989216e-05,,,,,0.0001202561726945854,1921.875,-27.7
speech_clean/vctk_p247_246_mic1.wav,speech_clean,VCTK via HF jspaulsen/vctk,CC-BY-4.0,48000,2.522,win0.5,2.022,0.5,CLEAR,0.0,0.0,0.0,0.5439,0.0001381141284044045,21.44887689901196,3.7374992465411534,17.71137765247081,15562.5,0.002690976303167952,12351.5625,-27.8
speech_clean/vctk_p247_246_mic1.wav,speech_clean,VCTK via HF jspaulsen/vctk,CC-BY-4.0,48000,2.522,win0.2,0.0,0.2,CLEAR,0.0,0.0007,0.0,0.0,6.898622360754216e-05,,,,,0.00022593846852674276,2390.625,-18.6
speech_clean/vctk_p247_246_mic1.wav,speech_clean,VCTK via HF jspaulsen/vctk,CC-BY-4.0,48000,2.522,win0.2,0.581,0.2,CLEAR,0.0,0.0,0.0,0.0,1.968479939952139e-05,,,,,4.6402415130356164e-05,1054.6875,-23.6
speech_clean/vctk_p247_246_mic1.wav,speech_clean,VCTK via HF jspaulsen/vctk,CC-BY-4.0,48000,2.522,win0.2,1.161,0.2,CLEAR,0.0,0.0,0.0,0.0,2.3832346012107406e-05,,,,,4.5890774884790295e-05,1429.6875,-20.0
speech_clean/vctk_p247_246_mic1.wav,speech_clean,VCTK via HF jspaulsen/vctk,CC-BY-4.0,48000,2.522,win0.2,1.742,0.2,CLEAR,0.0,0.0,0.0,0.0,0.00010030299549288531,,,,,0.0003999854357953465,3773.4375,-32.9
speech_clean/vctk_p247_246_mic1.wav,speech_clean,VCTK via HF jspaulsen/vctk,CC-BY-4.0,48000,2.522,win0.2,2.322,0.2,CLEAR,0.0,0.0,0.0,0.749,0.00047440628385589476,21.855038394766897,5.720926867497834,16.134111527269063,15492.1875,0.007323181809813552,13992.1875,-38.7
speech_clean/vctk_p251_003_mic1.wav,speech_clean,VCTK via HF jspaulsen/vctk,CC-BY-4.0,48000,6.158,full,0.0,6.158,CLEAR,0.0,0.0,0.0,0.0,0.00011356208103800997,,,,,0.0004045093453585785,5156.25,-23.1
speech_clean/vctk_p251_003_mic1.wav,speech_clean,VCTK via HF jspaulsen/vctk,CC-BY-4.0,48000,6.158,win0.5,0.0,0.5,CLEAR,0.0,0.0054,0.0,0.2451,0.0005375430119390222,10.853717349663885,3.7374992465411534,7.116218103122732,15750.0,0.0017095819273419079,9960.9375,-23.4
speech_clean/vctk_p251_003_mic1.wav,speech_clean,VCTK via HF jspaulsen/vctk,CC-BY-4.0,48000,6.158,win0.5,1.414,0.5,CLEAR,0.0,0.0,0.0,0.0,0.00018518749407359225,,,,,0.00047867003843155996,5062.5,-28.7
speech_clean/vctk_p251_003_mic1.wav,speech_clean,VCTK via HF jspaulsen/vctk,CC-BY-4.0,48000,6.158,win0.5,2.829,0.5,CLEAR,0.0,0.0,0.0,0.0,0.00020609564309103517,,,,,0.0006973968988187428,4804.6875,-24.2
speech_clean/vctk_p251_003_mic1.wav,speech_clean,VCTK via HF jspaulsen/vctk,CC-BY-4.0,48000,6.158,win0.5,4.243,0.5,CLEAR,0.0,0.0,0.0,0.0,9.084806525678219e-05,,,,,0.00018116916980438156,2484.375,-22.4
speech_clean/vctk_p251_003_mic1.wav,speech_clean,VCTK via HF jspaulsen/vctk,CC-BY-4.0,48000,6.158,win0.5,5.658,0.5,CLEAR,0.0,0.0,0.0,0.0,1.1515841734554732e-05,,,,,3.463662883902425e-05,1406.25,-20.5
speech_clean/vctk_p251_003_mic1.wav,speech_clean,VCTK via HF jspaulsen/vctk,CC-BY-4.0,48000,6.158,win0.2,0.0,0.2,CLEAR,0.0,0.0116,0.0,0.3096,0.0011601736692933085,8.685875766959882,5.720926867497834,2.9649488994620476,16218.75,0.0028939620959472197,10476.5625,-22.9
speech_clean/vctk_p251_003_mic1.wav,speech_clean,VCTK via HF jspaulsen/vctk,CC-BY-4.0,48000,6.158,win0.2,1.489,0.2,CLEAR,0.0,0.0,0.0,0.0,8.737973822731632e-05,,,,,0.00019925343039863718,3023.4375,-26.3
speech_clean/vctk_p251_003_mic1.wav,speech_clean,VCTK via HF jspaulsen/vctk,CC-BY-4.0,48000,6.158,win0.2,2.979,0.2,CLEAR,0.0,0.0062,0.0,0.0,0.0006173425551165423,11.287850075573502,5.720926867497834,5.566923208075668,16335.9375,0.00204479851987647,7500.0,-24.5
speech_clean/vctk_p251_003_mic1.wav,speech_clean,VCTK via HF jspaulsen/vctk,CC-BY-4.0,48000,6.158,win0.2,4.468,0.2,CLEAR,0.0,0.0,0.0,0.0,4.910253446192867e-05,,,,,0.00011051722141089142,1757.8125,-21.1
speech_clean/vctk_p251_003_mic1.wav,speech_clean,VCTK via HF jspaulsen/vctk,CC-BY-4.0,48000,6.158,win0.2,5.958,0.2,CLEAR,0.0,0.0,0.0,0.0,1.3340889861128901e-05,,,,,3.4682394915846116e-05,960.9375,-21.4
speech_clean/vctk_p334_316_mic1.wav,speech_clean,VCTK via HF jspaulsen/vctk,CC-BY-4.0,48000,2.062,full,0.0,2.062,CLEAR,0.0,0.0,0.0,0.0,0.00019358469883935117,,,,,0.0003842140898165177,7335.9375,-30.3
speech_clean/vctk_p334_316_mic1.wav,speech_clean,VCTK via HF jspaulsen/vctk,CC-BY-4.0,48000,2.062,win0.5,0.0,0.5,CLEAR,0.0,0.0,0.0,0.0,0.00022832543983947328,,,,,0.00042164265062148677,3703.125,-27.4
speech_clean/vctk_p334_316_mic1.wav,speech_clean,VCTK via HF jspaulsen/vctk,CC-BY-4.0,48000,2.062,win0.5,0.521,0.5,CLEAR,0.0,0.0,0.0,0.4209,0.00021445851091592144,,,,,0.0005479144327798375,11367.1875,-29.9
speech_clean/vctk_p334_316_mic1.wav,speech_clean,VCTK via HF jspaulsen/vctk,CC-BY-4.0,48000,2.062,win0.5,1.041,0.5,CLEAR,0.0,0.0,0.0,0.0,0.0002736459305554576,,,,,0.00043843281896945014,2484.375,-33.8
speech_clean/vctk_p334_316_mic1.wav,speech_clean,VCTK via HF jspaulsen/vctk,CC-BY-4.0,48000,2.062,win0.5,1.562,0.5,CLEAR,0.0,0.0,0.0,0.0,0.00014611071041905946,,,,,0.0001866018860279005,3117.1875,-34.6
speech_clean/vctk_p334_316_mic1.wav,speech_clean,VCTK via HF jspaulsen/vctk,CC-BY-4.0,48000,2.062,win0.2,0.0,0.2,CLEAR,0.0,0.0,0.0,0.0,4.244577482950656e-05,,,,,7.020379841933781e-05,3375.0,-28.5
speech_clean/vctk_p334_316_mic1.wav,speech_clean,VCTK via HF jspaulsen/vctk,CC-BY-4.0,48000,2.062,win0.2,0.465,0.2,CLEAR,0.0,0.0,0.0,0.0,2.455807868147879e-05,,,,,6.012270000176713e-05,3632.8125,-26.1
speech_clean/vctk_p334_316_mic1.wav,speech_clean,VCTK via HF jspaulsen/vctk,CC-BY-4.0,48000,2.062,win0.2,0.931,0.2,CLEAR,0.0,0.0,0.0,0.0,4.469505297388414e-05,,,,,6.201455254923557e-05,2390.625,-30.0
speech_clean/vctk_p334_316_mic1.wav,speech_clean,VCTK via HF jspaulsen/vctk,CC-BY-4.0,48000,2.062,win0.2,1.396,0.2,CLEAR,0.0,0.0,0.0,0.0,0.0006760897387768091,10.160156424514694,5.720926867497834,4.43922955701686,18328.125,0.0012104478500182367,3210.9375,-33.9
speech_clean/vctk_p334_316_mic1.wav,speech_clean,VCTK via HF jspaulsen/vctk,CC-BY-4.0,48000,2.062,win0.2,1.862,0.2,CLEAR,0.0,0.0,0.0,0.0,0.004879504356169583,5.962999698993884,5.720926867497834,0.24207283149605008,21890.625,0.005511605776640317,2976.5625,-49.9
speech_clean/vctk_p251_287_mic1.wav,speech_clean,VCTK via HF jspaulsen/vctk,CC-BY-4.0,48000,3.054,full,0.0,3.054,CLEAR,0.0,0.0035,0.0,0.0,0.0003523603919138643,8.294907531423314,1.6027274717930533,6.692180059630261,15140.625,0.0011313573868129874,5812.5,-22.8
speech_clean/vctk_p251_287_mic1.wav,speech_clean,VCTK via HF jspaulsen/vctk,CC-BY-4.0,48000,3.054,win0.5,0.0,0.5,CLEAR,0.0,0.0021,0.0,0.0,0.00020688343162799337,,,,,0.0005523229838150038,4875.0,-21.1
speech_clean/vctk_p251_287_mic1.wav,speech_clean,VCTK via HF jspaulsen/vctk,CC-BY-4.0,48000,3.054,win0.5,0.638,0.5,CLEAR,0.0,0.0042,0.0,0.0,0.00042401596718155487,9.312301470587228,3.7374992465411534,5.574802224046074,15164.0625,0.0010506316891674985,4992.1875,-21.3
speech_clean/vctk_p251_287_mic1.wav,speech_clean,VCTK via HF jspaulsen/vctk,CC-BY-4.0,48000,3.054,win0.5,1.277,0.5,CLEAR,0.0,0.0037,0.0,0.0,0.00036716378018551265,11.9772518433576,3.7374992465411534,8.239752596816446,15984.375,0.0014070393082210922,2835.9375,-21.6
speech_clean/vctk_p251_287_mic1.wav,speech_clean,VCTK via HF jspaulsen/vctk,CC-BY-4.0,48000,3.054,win0.5,1.915,0.5,CLEAR,0.0,0.002,0.0,0.0,0.00020247920942650013,,,,,0.0008850529562905914,5507.8125,-22.3
speech_clean/vctk_p251_287_mic1.wav,speech_clean,VCTK via HF jspaulsen/vctk,CC-BY-4.0,48000,3.054,win0.5,2.554,0.5,CLEAR,0.0,0.0216,0.0,0.3447,0.002158455497332662,11.417644777585583,3.7374992465411534,7.680145531044429,15304.6875,0.004877814962047766,10757.8125,-32.2
speech_clean/vctk_p251_287_mic1.wav,speech_clean,VCTK via HF jspaulsen/vctk,CC-BY-4.0,48000,3.054,win0.2,0.0,0.2,CLEAR,0.0,0.0,0.0,0.0,6.233507292341544e-05,,,,,0.0001971976088797157,3117.1875,-22.7
speech_clean/vctk_p251_287_mic1.wav,speech_clean,VCTK via HF jspaulsen/vctk,CC-BY-4.0,48000,3.054,win0.2,0.713,0.2,CLEAR,0.0,0.0097,0.0,0.0,0.0009706237155211341,9.530625447250792,5.720926867497834,3.8096985797529577,16265.625,0.0019860696369789006,3679.6875,-20.2
speech_clean/vctk_p251_287_mic1.wav,speech_clean,VCTK via HF jspaulsen/vctk,CC-BY-4.0,48000,3.054,win0.2,1.427,0.2,CLEAR,0.0,0.021,0.0,0.7695,0.0020960485209301142,13.279564555567855,5.720926867497834,7.5586376880700215,15984.375,0.008501335520751656,14156.25,-25.3
speech_clean/vctk_p251_287_mic1.wav,speech_clean,VCTK via HF jspaulsen/vctk,CC-BY-4.0,48000,3.054,win0.2,2.14,0.2,CLEAR,0.0,0.0,0.0,0.0,2.871816571129725e-05,,,,,7.020513274590529e-05,3843.75,-23.4
speech_clean/vctk_p251_287_mic1.wav,speech_clean,VCTK via HF jspaulsen/vctk,CC-BY-4.0,48000,3.054,win0.2,2.854,0.2,CLEAR,0.0,0.0,0.0,0.0,0.00034216603530237076,,,,,0.0004908291940789783,4851.5625,-37.3
speech_clean/vctk_p334_075_mic1.wav,speech_clean,VCTK via HF jspaulsen/vctk,CC-BY-4.0,48000,2.158,full,0.0,2.158,CLEAR,0.0,0.0,0.0,0.0,0.00013955630785352196,,,,,0.0003384061748317498,6328.125,-27.8
speech_clean/vctk_p334_075_mic1.wav,speech_clean,VCTK via HF jspaulsen/vctk,CC-BY-4.0,48000,2.158,win0.5,0.0,0.5,CLEAR,0.0,0.0,0.0,0.0049,0.0001675845530173785,,,,,0.0004101099587698732,8039.0625,-24.1
speech_clean/vctk_p334_075_mic1.wav,speech_clean,VCTK via HF jspaulsen/vctk,CC-BY-4.0,48000,2.158,win0.5,0.553,0.5,CLEAR,0.0,0.0,0.0,0.0,5.719094592311206e-05,,,,,7.891490069501869e-05,2531.25,-28.7
speech_clean/vctk_p334_075_mic1.wav,speech_clean,VCTK via HF jspaulsen/vctk,CC-BY-4.0,48000,2.158,win0.5,1.105,0.5,CLEAR,0.0,0.0,0.0,0.0,0.0001725193591428459,,,,,0.0003284472499576468,3117.1875,-31.9
speech_clean/vctk_p334_075_mic1.wav,speech_clean,VCTK via HF jspaulsen/vctk,CC-BY-4.0,48000,2.158,win0.5,1.658,0.5,CLEAR,0.0,0.0,0.0,0.377,0.0005569745347712312,12.410402822512747,3.7374992465411534,8.672903575971594,17390.625,0.0019168624584188921,11015.625,-34.2
speech_clean/vctk_p334_075_mic1.wav,speech_clean,VCTK via HF jspaulsen/vctk,CC-BY-4.0,48000,2.158,win0.2,0.0,0.2,CLEAR,0.0,0.0,0.0,0.0,1.3946802331732374e-05,,,,,2.010449023560692e-05,3210.9375,-22.9
speech_clean/vctk_p334_075_mic1.wav,speech_clean,VCTK via HF jspaulsen/vctk,CC-BY-4.0,48000,2.158,win0.2,0.489,0.2,CLEAR,0.0,0.0,0.0,0.0,4.165697257563412e-05,,,,,5.502444114593548e-05,3398.4375,-27.3
speech_clean/vctk_p334_075_mic1.wav,speech_clean,VCTK via HF jspaulsen/vctk,CC-BY-4.0,48000,2.158,win0.2,0.979,0.2,CLEAR,0.0,0.0,0.0,0.0,2.9338921719083466e-05,,,,,3.6890796573791074e-05,1640.625,-27.6
speech_clean/vctk_p334_075_mic1.wav,speech_clean,VCTK via HF jspaulsen/vctk,CC-BY-4.0,48000,2.158,win0.2,1.468,0.2,CLEAR,0.0,0.0,0.0,0.0,0.0004012383072785369,,,,,0.000842042932488461,2976.5625,-30.9
speech_clean/vctk_p334_075_mic1.wav,speech_clean,VCTK via HF jspaulsen/vctk,CC-BY-4.0,48000,2.158,win0.2,1.958,0.2,CLEAR,0.0,0.0,0.0,0.7051,0.0051615743146547766,8.298508267889558,5.720926867497834,2.5775814003917237,16570.3125,0.008022750701314625,13640.625,-48.1
speech_clean/vctk_p334_071_mic1.wav,speech_clean,VCTK via HF jspaulsen/vctk,CC-BY-4.0,48000,2.414,full,0.0,2.414,CLEAR,0.0,0.0,0.0,0.0,8.5897323401762e-05,,,,,0.00019827201486255632,4664.0625,-27.4
speech_clean/vctk_p334_071_mic1.wav,speech_clean,VCTK via HF jspaulsen/vctk,CC-BY-4.0,48000,2.414,win0.5,0.0,0.5,CLEAR,0.0,0.0,0.0,0.0,2.7956226544722494e-05,,,,,5.327219485925593e-05,2414.0625,-23.5
speech_clean/vctk_p334_071_mic1.wav,speech_clean,VCTK via HF jspaulsen/vctk,CC-BY-4.0,48000,2.414,win0.5,0.638,0.5,CLEAR,0.0,0.0,0.0,0.4971,0.00037990978206285176,9.58014815697864,3.7374992465411534,5.842648910437486,16312.5,0.0010544132444046544,11976.5625,-31.4
speech_clean/vctk_p334_071_mic1.wav,speech_clean,VCTK via HF jspaulsen/vctk,CC-BY-4.0,48000,2.414,win0.5,1.276,0.5,CLEAR,0.0,0.0,0.0,0.0,3.619654302315323e-05,,,,,5.5766531156328394e-05,3281.25,-28.4
speech_clean/vctk_p334_071_mic1.wav,speech_clean,VCTK via HF jspaulsen/vctk,CC-BY-4.0,48000,2.414,win0.5,1.914,0.5,CLEAR,0.0,0.0,0.0,0.3096,0.000534175139679685,10.546644355427834,3.7374992465411534,6.80914510888668,15140.625,0.0011962499957265643,10476.5625,-33.0
speech_clean/vctk_p334_071_mic1.wav,speech_clean,VCTK via HF jspaulsen/vctk,CC-BY-4.0,48000,2.414,win0.2,0.0,0.2,CLEAR,0.0,0.0,0.0,0.0,0.00023162364604568855,,,,,0.0004936642130361713,2671.875,-28.3
speech_clean/vctk_p334_071_mic1.wav,speech_clean,VCTK via HF jspaulsen/vctk,CC-BY-4.0,48000,2.414,win0.2,0.553,0.2,CLEAR,0.0,0.0,0.0,0.0,5.2005545826735976e-05,,,,,5.927767626445941e-05,3117.1875,-30.2
speech_clean/vctk_p334_071_mic1.wav,speech_clean,VCTK via HF jspaulsen/vctk,CC-BY-4.0,48000,2.414,win0.2,1.107,0.2,CLEAR,0.0,0.0,0.0,0.374,0.0001595575192996483,,,,,0.0004546610472831778,10992.1875,-30.2
speech_clean/vctk_p334_071_mic1.wav,speech_clean,VCTK via HF jspaulsen/vctk,CC-BY-4.0,48000,2.414,win0.2,1.66,0.2,CLEAR,0.0,0.0,0.0,0.0,4.996342715076364e-05,,,,,6.713491150004417e-05,3070.3125,-29.9
speech_clean/vctk_p334_071_mic1.wav,speech_clean,VCTK via HF jspaulsen/vctk,CC-BY-4.0,48000,2.414,win0.2,2.214,0.2,CLEAR,0.0,0.0,0.0,1.0,0.014065963848909959,10.394635646784998,5.720926867497834,4.673708779287164,15093.75,0.026095244985555693,18796.875,-45.5
speech_clean/vctk_p334_111_mic1.wav,speech_clean,VCTK via HF jspaulsen/vctk,CC-BY-4.0,48000,2.066,full,0.0,2.066,CLEAR,0.0,0.0,0.0,0.0,5.464822212306026e-05,,,,,0.00011059977789950745,3679.6875,-28.1
speech_clean/vctk_p334_111_mic1.wav,speech_clean,VCTK via HF jspaulsen/vctk,CC-BY-4.0,48000,2.066,win0.5,0.0,0.5,CLEAR,0.0,0.0,0.0,0.0,2.226246001682004e-05,,,,,5.9980265585226085e-05,3468.75,-24.8
speech_clean/vctk_p334_111_mic1.wav,speech_clean,VCTK via HF jspaulsen/vctk,CC-BY-4.0,48000,2.066,win0.5,0.522,0.5,CLEAR,0.0,0.0,0.0,0.0,6.967716803023059e-05,,,,,0.000156560418328296,3867.1875,-27.5
speech_clean/vctk_p334_111_mic1.wav,speech_clean,VCTK via HF jspaulsen/vctk,CC-BY-4.0,48000,2.066,win0.5,1.044,0.5,CLEAR,0.0,0.0,0.0,0.0,0.0001233405945140836,,,,,0.0002251717942127364,5835.9375,-30.3
speech_clean/vctk_p334_111_mic1.wav,speech_clean,VCTK via HF jspaulsen/vctk,CC-BY-4.0,48000,2.066,win0.5,1.566,0.5,CLEAR,0.0,0.0,0.0,0.0,0.00032622231455094815,,,,,0.0004044897653288091,3703.125,-37.8
speech_clean/vctk_p334_111_mic1.wav,speech_clean,VCTK via HF jspaulsen/vctk,CC-BY-4.0,48000,2.066,win0.2,0.0,0.2,CLEAR,0.0,0.0,0.0,0.0,2.796084596399662e-05,,,,,0.00010860713375710171,2578.125,-24.9
speech_clean/vctk_p334_111_mic1.wav,speech_clean,VCTK via HF jspaulsen/vctk,CC-BY-4.0,48000,2.066,win0.2,0.466,0.2,CLEAR,0.0,0.0,0.0,0.0,1.5843545135924544e-05,,,,,2.3462496914944553e-05,2460.9375,-25.5
speech_clean/vctk_p334_111_mic1.wav,speech_clean,VCTK via HF jspaulsen/vctk,CC-BY-4.0,48000,2.066,win0.2,0.933,0.2,CLEAR,0.0,0.0,0.0,0.0723,0.00028156806140426026,,,,,0.0007951912997909478,8578.125,-33.2
speech_clean/vctk_p334_111_mic1.wav,speech_clean,VCTK via HF jspaulsen/vctk,CC-BY-4.0,48000,2.066,win0.2,1.399,0.2,CLEAR,0.0,0.0,0.0,0.0,3.297219790121624e-05,,,,,4.009846606561288e-05,3140.625,-28.9
speech_clean/vctk_p334_111_mic1.wav,speech_clean,VCTK via HF jspaulsen/vctk,CC-BY-4.0,48000,2.066,win0.2,1.866,0.2,CLEAR,0.0,0.0,0.0,0.3711,0.006722215663707909,5.942120719029043,5.720926867497834,0.22119385153120863,22875.0,0.00813470591722477,10968.75,-49.4
speech_clean/vctk_p247_322_mic1.wav,speech_clean,VCTK via HF jspaulsen/vctk,CC-BY-4.0,48000,2.574,full,0.0,2.574,CLEAR,0.0,0.0,0.0,0.0312,4.2416800636416826e-05,,,,,0.00032143013880988404,8250.0,-21.1
speech_clean/vctk_p247_322_mic1.wav,speech_clean,VCTK via HF jspaulsen/vctk,CC-BY-4.0,48000,2.574,win0.5,0.0,0.5,CLEAR,0.0,0.0,0.0,0.0,2.1642130079464856e-05,,,,,0.00019596430885892237,6023.4375,-17.5
speech_clean/vctk_p247_322_mic1.wav,speech_clean,VCTK via HF jspaulsen/vctk,CC-BY-4.0,48000,2.574,win0.5,0.518,0.5,CLEAR,0.0,0.0,0.0,0.0,4.117137242847692e-05,,,,,0.00022541609572856,6820.3125,-20.6
speech_clean/vctk_p247_322_mic1.wav,speech_clean,VCTK via HF jspaulsen/vctk,CC-BY-4.0,48000,2.574,win0.5,1.037,0.5,CLEAR,0.0,0.0,0.0,0.3184,3.3297472703806684e-05,,,,,0.0005244146796306783,10546.875,-22.1
speech_clean/vctk_p247_322_mic1.wav,speech_clean,VCTK via HF jspaulsen/vctk,CC-BY-4.0,48000,2.574,win0.5,1.555,0.5,CLEAR,0.0,0.0,0.0,0.1748,0.00011970040163638796,,,,,0.0007745968788883549,9398.4375,-26.1
speech_clean/vctk_p247_322_mic1.wav,speech_clean,VCTK via HF jspaulsen/vctk,CC-BY-4.0,48000,2.574,win0.5,2.074,0.5,CLEAR,0.0,0.0,0.0,0.0,5.139645404424114e-05,,,,,0.00013744089004130852,3140.625,-23.4
speech_clean/vctk_p247_322_mic1.wav,speech_clean,VCTK via HF jspaulsen/vctk,CC-BY-4.0,48000,2.574,win0.2,0.0,0.2,CLEAR,0.0,0.0,0.0,0.0,1.208598403781394e-05,,,,,4.320831680649287e-05,2250.0,-15.7
speech_clean/vctk_p247_322_mic1.wav,speech_clean,VCTK via HF jspaulsen/vctk,CC-BY-4.0,48000,2.574,win0.2,0.593,0.2,CLEAR,0.0,0.0,0.0,0.0,3.712958423885283e-05,,,,,9.594625208947862e-05,6679.6875,-22.9
speech_clean/vctk_p247_322_mic1.wav,speech_clean,VCTK via HF jspaulsen/vctk,CC-BY-4.0,48000,2.574,win0.2,1.187,0.2,CLEAR,0.0,0.0,0.0,0.0,9.573253809944692e-06,,,,,1.7922715683667452e-05,2601.5625,-19.9
speech_clean/vctk_p247_322_mic1.wav,speech_clean,VCTK via HF jspaulsen/vctk,CC-BY-4.0,48000,2.574,win0.2,1.78,0.2,CLEAR,0.0,0.0,0.0,0.377,0.00011951391979272627,19.870665818598432,5.720926867497834,14.149738951100598,15304.6875,0.0011131313464675838,11015.625,-25.7
speech_clean/vctk_p247_322_mic1.wav,speech_clean,VCTK via HF jspaulsen/vctk,CC-BY-4.0,48000,2.574,win0.2,2.374,0.2,CLEAR,0.0,0.0,0.0,0.0,4.6479319506760445e-05,,,,,6.196405059549376e-05,1945.3125,-30.4
speech_clean/vctk_p251_113_mic1.wav,speech_clean,VCTK via HF jspaulsen/vctk,CC-BY-4.0,48000,3.214,full,0.0,3.214,CLEAR,0.0,0.0,0.0,0.0,8.090651417283792e-05,,,,,0.0001846492176000045,3257.8125,-20.8
speech_clean/vctk_p251_113_mic1.wav,speech_clean,VCTK via HF jspaulsen/vctk,CC-BY-4.0,48000,3.214,win0.5,0.0,0.5,CLEAR,0.0,0.0,0.0,0.0,2.5784972858604167e-05,,,,,5.964035585306384e-05,2531.25,-19.7
speech_clean/vctk_p251_113_mic1.wav,speech_clean,VCTK via HF jspaulsen/vctk,CC-BY-4.0,48000,3.214,win0.5,0.678,0.5,CLEAR,0.0,0.0,0.0,0.0,7.413998950540043e-05,,,,,0.00013820533489667742,2976.5625,-21.9
speech_clean/vctk_p251_113_mic1.wav,speech_clean,VCTK via HF jspaulsen/vctk,CC-BY-4.0,48000,3.214,win0.5,1.357,0.5,CLEAR,0.0,0.0042,0.0,0.1865,0.0004226423808019168,,,,,0.0008833036509208162,9492.1875,-23.0
speech_clean/vctk_p251_113_mic1.wav,speech_clean,VCTK via HF jspaulsen/vctk,CC-BY-4.0,48000,3.214,win0.5,2.035,0.5,CLEAR,0.0,0.0,0.0,0.0,2.9699888500850596e-05,,,,,4.503594194617933e-05,1710.9375,-20.0
speech_clean/vctk_p251_113_mic1.wav,speech_clean,VCTK via HF jspaulsen/vctk,CC-BY-4.0,48000,3.214,win0.5,2.714,0.5,CLEAR,0.0,0.0,0.0,0.0,2.9618262711674226e-05,,,,,5.745183384994767e-05,2367.1875,-20.7
speech_clean/vctk_p251_113_mic1.wav,speech_clean,VCTK via HF jspaulsen/vctk,CC-BY-4.0,48000,3.214,win0.2,0.0,0.2,CLEAR,0.0,0.0,0.0,0.0,9.97279405577108e-06,,,,,2.2747362266694264e-05,1992.1875,-19.7
speech_clean/vctk_p251_113_mic1.wav,speech_clean,VCTK via HF jspaulsen/vctk,CC-BY-4.0,48000,3.214,win0.2,0.753,0.2,CLEAR,0.0,0.0,0.0,0.0,0.00043150724421012887,,,,,0.0006676237697379044,3117.1875,-26.3
speech_clean/vctk_p251_113_mic1.wav,speech_clean,VCTK via HF jspaulsen/vctk,CC-BY-4.0,48000,3.214,win0.2,1.507,0.2,CLEAR,0.0,0.0,0.0,0.0,2.6690516191684693e-05,,,,,9.561084339236884e-05,4664.0625,-22.3
speech_clean/vctk_p251_113_mic1.wav,speech_clean,VCTK via HF jspaulsen/vctk,CC-BY-4.0,48000,3.214,win0.2,2.26,0.2,CLEAR,0.0,0.0,0.0,0.0,2.6563913823959865e-05,,,,,3.8037263180703855e-05,1664.0625,-17.9
speech_clean/vctk_p251_113_mic1.wav,speech_clean,VCTK via HF jspaulsen/vctk,CC-BY-4.0,48000,3.214,win0.2,3.014,0.2,CLEAR,0.0,0.0,0.0,0.0,9.325881285400135e-05,,,,,0.00011123190789165668,1710.9375,-32.9
speech_clean/vctk_p251_049_mic1.wav,speech_clean,VCTK via HF jspaulsen/vctk,CC-BY-4.0,48000,3.086,full,0.0,3.086,CLEAR,0.0,0.0,0.0,0.0,4.5321060605720057e-05,,,,,0.0001029440879982262,2414.0625,-19.3
speech_clean/vctk_p251_049_mic1.wav,speech_clean,VCTK via HF jspaulsen/vctk,CC-BY-4.0,48000,3.086,win0.5,0.0,0.5,CLEAR,0.0,0.0,0.0,0.0,2.883484437188595e-05,,,,,5.582240068643807e-05,1945.3125,-15.3
speech_clean/vctk_p251_049_mic1.wav,speech_clean,VCTK via HF jspaulsen/vctk,CC-BY-4.0,48000,3.086,win0.5,0.646,0.5,CLEAR,0.0,0.0,0.0,0.0,0.00010422439179168451,,,,,0.00026678850940221416,4781.25,-21.0
speech_clean/vctk_p251_049_mic1.wav,speech_clean,VCTK via HF jspaulsen/vctk,CC-BY-4.0,48000,3.086,win0.5,1.293,0.5,CLEAR,0.0,0.0,0.0,0.0,6.143106924571313e-05,,,,,0.00018830850084301532,5320.3125,-23.2
speech_clean/vctk_p251_049_mic1.wav,speech_clean,VCTK via HF jspaulsen/vctk,CC-BY-4.0,48000,3.086,win0.5,1.939,0.5,CLEAR,0.0,0.0,0.0,0.0,6.51370423123162e-05,,,,,0.00014654372153700268,2695.3125,-20.0
speech_clean/vctk_p251_049_mic1.wav,speech_clean,VCTK via HF jspaulsen/vctk,CC-BY-4.0,48000,3.086,win0.5,2.586,0.5,CLEAR,0.0,0.0,0.0,0.0,5.3273367199284884e-05,,,,,0.00011896900866427643,2531.25,-20.0
speech_clean/vctk_p251_049_mic1.wav,speech_clean,VCTK via HF jspaulsen/vctk,CC-BY-4.0,48000,3.086,win0.2,0.0,0.2,CLEAR,0.0,0.0008,0.0,0.0,8.215003929147432e-05,,,,,0.00013910913667062512,2015.625,-15.8
speech_clean/vctk_p251_049_mic1.wav,speech_clean,VCTK via HF jspaulsen/vctk,CC-BY-4.0,48000,3.086,win0.2,0.721,0.2,CLEAR,0.0,0.0,0.0,0.0,1.9806305266021977e-05,,,,,4.606157812513409e-05,1781.25,-22.5
speech_clean/vctk_p251_049_mic1.wav,speech_clean,VCTK via HF jspaulsen/vctk,CC-BY-4.0,48000,3.086,win0.2,1.443,0.2,CLEAR,0.0,0.0,0.0,0.0312,0.0002421435114359226,,,,,0.0006516017688676642,8250.0,-27.5
speech_clean/vctk_p251_049_mic1.wav,speech_clean,VCTK via HF jspaulsen/vctk,CC-BY-4.0,48000,3.086,win0.2,2.164,0.2,CLEAR,0.0,0.0,0.0,0.0,0.00010334450896538368,,,,,0.00020096386675627894,3609.375,-23.2
speech_clean/vctk_p251_049_mic1.wav,speech_clean,VCTK via HF jspaulsen/vctk,CC-BY-4.0,48000,3.086,win0.2,2.886,0.2,CLEAR,0.0,0.0,0.0,0.0,0.0006091326958182258,,,,,0.0009400227438422904,3726.5625,-36.0
speech_clean/vctk_p251_023_mic1.wav,speech_clean,VCTK via HF jspaulsen/vctk,CC-BY-4.0,48000,9.966,full,0.0,9.966,CLEAR,0.0,0.0,0.0,0.0,4.913281940230787e-05,,,,,0.0001560870097362249,2906.25,-20.0
speech_clean/vctk_p251_023_mic1.wav,speech_clean,VCTK via HF jspaulsen/vctk,CC-BY-4.0,48000,9.966,win0.5,0.0,0.5,CLEAR,0.0,0.0,0.0,0.0,5.541427958595599e-05,,,,,0.0001788794870243113,2039.0625,-17.6
speech_clean/vctk_p251_023_mic1.wav,speech_clean,VCTK via HF jspaulsen/vctk,CC-BY-4.0,48000,9.966,win0.5,2.366,0.5,CLEAR,0.0,0.0026,0.0,0.0,0.0002588311135835925,11.319374746036118,3.7374992465411534,7.581875499494965,16453.125,0.0010253510285672535,4523.4375,-21.5
speech_clean/vctk_p251_023_mic1.wav,speech_clean,VCTK via HF jspaulsen/vctk,CC-BY-4.0,48000,9.966,win0.5,4.733,0.5,CLEAR,0.0,0.0,0.0,0.0,8.18283781961003e-05,,,,,0.00021807005538132946,3070.3125,-21.5
speech_clean/vctk_p251_023_mic1.wav,speech_clean,VCTK via HF jspaulsen/vctk,CC-BY-4.0,48000,9.966,win0.5,7.099,0.5,CLEAR,0.0,0.0,0.0,0.0,0.00013267035140448091,,,,,0.00024260059271813395,4968.75,-23.9
speech_clean/vctk_p251_023_mic1.wav,speech_clean,VCTK via HF jspaulsen/vctk,CC-BY-4.0,48000,9.966,win0.5,9.466,0.5,CLEAR,0.0,0.0,0.0,0.0,2.5568805110674513e-05,,,,,4.095040435308658e-05,2460.9375,-24.2
speech_clean/vctk_p251_023_mic1.wav,speech_clean,VCTK via HF jspaulsen/vctk,CC-BY-4.0,48000,9.966,win0.2,0.0,0.2,CLEAR,0.0,0.0022,0.0,0.0,0.00021630189137535532,,,,,0.0007149334316426502,2109.375,-22.2
speech_clean/vctk_p251_023_mic1.wav,speech_clean,VCTK via HF jspaulsen/vctk,CC-BY-4.0,48000,9.966,win0.2,2.441,0.2,CLEAR,0.0,0.0065,0.0,0.0,0.0006481092859778042,12.116416310759444,5.720926867497834,6.39548944326161,16804.6875,0.002338712175360813,4523.4375,-20.5
speech_clean/vctk_p251_023_mic1.wav,speech_clean,VCTK via HF jspaulsen/vctk,CC-BY-4.0,48000,9.966,win0.2,4.883,0.2,CLEAR,0.0,0.0,0.0,0.0,5.499540512905311e-05,,,,,8.051160698013854e-05,2695.3125,-22.8
speech_clean/vctk_p251_023_mic1.wav,speech_clean,VCTK via HF jspaulsen/vctk,CC-BY-4.0,48000,9.966,win0.2,7.324,0.2,CLEAR,0.0,0.0389,0.0,0.6436,0.0038860465390246745,11.7377803643389,5.720926867497834,6.016853496841065,19265.625,0.007225711529033725,13148.4375,-27.7
speech_clean/vctk_p251_023_mic1.wav,speech_clean,VCTK via HF jspaulsen/vctk,CC-BY-4.0,48000,9.966,win0.2,9.766,0.2,CLEAR,0.0,0.0,0.0,0.0,0.0001943553776839471,,,,,0.00026382312783655823,820.3125,-35.1
speech_clean/vctk_p247_438_mic1.wav,speech_clean,VCTK via HF jspaulsen/vctk,CC-BY-4.0,48000,2.03,full,0.0,2.03,CLEAR,0.0,0.0,0.0,0.0,2.7364122368957402e-05,,,,,0.00022659896124427374,4195.3125,-20.8
speech_clean/vctk_p247_438_mic1.wav,speech_clean,VCTK via HF jspaulsen/vctk,CC-BY-4.0,48000,2.03,win0.5,0.0,0.5,CLEAR,0.0,0.0,0.0,0.0,3.0258563986358108e-05,,,,,0.0007775681096560834,5578.125,-21.0
speech_clean/vctk_p247_438_mic1.wav,speech_clean,VCTK via HF jspaulsen/vctk,CC-BY-4.0,48000,2.03,win0.5,0.51,0.5,CLEAR,0.0,0.0,0.0,0.0,2.4309471459866617e-05,,,,,7.753225523113571e-05,2906.25,-20.8
speech_clean/vctk_p247_438_mic1.wav,speech_clean,VCTK via HF jspaulsen/vctk,CC-BY-4.0,48000,2.03,win0.5,1.02,0.5,CLEAR,0.0,0.0,0.0,0.0,1.6314136522667442e-05,,,,,5.1223982385244774e-05,2648.4375,-19.6
speech_clean/vctk_p247_438_mic1.wav,speech_clean,VCTK via HF jspaulsen/vctk,CC-BY-4.0,48000,2.03,win0.5,1.53,0.5,CLEAR,0.0,0.0,0.0,0.0,2.862390684750451e-05,,,,,7.491700817555657e-05,5343.75,-22.0
speech_clean/vctk_p247_438_mic1.wav,speech_clean,VCTK via HF jspaulsen/vctk,CC-BY-4.0,48000,2.03,win0.2,0.0,0.2,CLEAR,0.0,0.0,0.0,0.9658,0.0005782479319087617,26.47782461851213,5.720926867497834,20.756897751014296,16054.6875,0.01674520919854838,15726.5625,-32.1
speech_clean/vctk_p247_438_mic1.wav,speech_clean,VCTK via HF jspaulsen/vctk,CC-BY-4.0,48000,2.03,win0.2,0.457,0.2,CLEAR,0.0,0.0,0.0,0.0,4.336914086918812e-06,,,,,8.384963826003463e-06,3023.4375,-18.9
speech_clean/vctk_p247_438_mic1.wav,speech_clean,VCTK via HF jspaulsen/vctk,CC-BY-4.0,48000,2.03,win0.2,0.915,0.2,CLEAR,0.0,0.0,0.0,0.0,6.779055201332864e-05,,,,,0.00017862557791413047,2578.125,-21.9
speech_clean/vctk_p247_438_mic1.wav,speech_clean,VCTK via HF jspaulsen/vctk,CC-BY-4.0,48000,2.03,win0.2,1.372,0.2,CLEAR,0.0,0.0,0.0,0.0,5.24668454187029e-05,,,,,9.943734196428677e-05,5367.1875,-20.1
speech_clean/vctk_p247_438_mic1.wav,speech_clean,VCTK via HF jspaulsen/vctk,CC-BY-4.0,48000,2.03,win0.2,1.83,0.2,CLEAR,0.0,0.0,0.0,0.0,0.0012499508894881137,7.241126470674021,5.720926867497834,1.520199603176187,16921.875,0.0021273218937001314,3164.0625,-41.1
speech_clean/vctk_p251_095_mic1.wav,speech_clean,VCTK via HF jspaulsen/vctk,CC-BY-4.0,48000,3.406,full,0.0,3.406,CLEAR,0.0,0.002,0.0,0.0,0.00019668811236617868,,,,,0.0004732595093847871,5484.375,-21.6
speech_clean/vctk_p251_095_mic1.wav,speech_clean,VCTK via HF jspaulsen/vctk,CC-BY-4.0,48000,3.406,win0.5,0.0,0.5,CLEAR,0.0,0.0,0.0,0.0,6.726719132932617e-05,,,,,0.00019628570964591954,7570.3125,-21.4
speech_clean/vctk_p251_095_mic1.wav,speech_clean,VCTK via HF jspaulsen/vctk,CC-BY-4.0,48000,3.406,win0.5,0.726,0.5,CLEAR,0.0,0.0017,0.0,0.0,0.00016880788703386637,,,,,0.0005113151324879065,6046.875,-20.6
speech_clean/vctk_p251_095_mic1.wav,speech_clean,VCTK via HF jspaulsen/vctk,CC-BY-4.0,48000,3.406,win0.5,1.453,0.5,CLEAR,0.0,0.0092,0.0,0.0225,0.0009182739503257084,8.460800357350799,3.7374992465411534,4.723301110809645,16265.625,0.001907976057361516,8179.6875,-21.5
speech_clean/vctk_p251_095_mic1.wav,speech_clean,VCTK via HF jspaulsen/vctk,CC-BY-4.0,48000,3.406,win0.5,2.179,0.5,CLEAR,0.0,0.0,0.0,0.0,2.9681195370070476e-05,,,,,0.00014689270740384387,2742.1875,-20.7
speech_clean/vctk_p251_095_mic1.wav,speech_clean,VCTK via HF jspaulsen/vctk,CC-BY-4.0,48000,3.406,win0.5,2.906,0.5,CLEAR,0.0,0.0,0.0,0.0,4.98884642422845e-05,,,,,0.0001891791019821152,2648.4375,-24.5
speech_clean/vctk_p251_095_mic1.wav,speech_clean,VCTK via HF jspaulsen/vctk,CC-BY-4.0,48000,3.406,win0.2,0.0,0.2,CLEAR,0.0,0.0,0.0,0.6992,0.0009324596336872754,16.602023836019562,5.720926867497834,10.881096968521728,16171.875,0.0041463538587590346,13593.75,-33.4
speech_clean/vctk_p251_095_mic1.wav,speech_clean,VCTK via HF jspaulsen/vctk,CC-BY-4.0,48000,3.406,win0.2,0.801,0.2,CLEAR,0.0,0.0,0.0,0.0,0.0007905435856613846,12.36280986021594,5.720926867497834,6.641882992718106,17601.5625,0.0012232660903310482,7265.625,-32.1
speech_clean/vctk_p251_095_mic1.wav,speech_clean,VCTK via HF jspaulsen/vctk,CC-BY-4.0,48000,3.406,win0.2,1.603,0.2,CLEAR,0.0,0.0058,0.0,0.0,0.0005845091594921843,,,,,0.0008292202769952171,5718.75,-20.9
speech_clean/vctk_p251_095_mic1.wav,speech_clean,VCTK via HF jspaulsen/vctk,CC-BY-4.0,48000,3.406,win0.2,2.404,0.2,CLEAR,0.0,0.0,0.0,0.0,2.4720748806724286e-05,,,,,9.905506727837545e-05,2601.5625,-21.2
speech_clean/vctk_p251_095_mic1.wav,speech_clean,VCTK via HF jspaulsen/vctk,CC-BY-4.0,48000,3.406,win0.2,3.206,0.2,CLEAR,0.0,0.0,0.0,0.0,0.00012198831029322109,,,,,0.00028213817409311615,1523.4375,-31.4
speech_clean/vctk_p334_203_mic1.wav,speech_clean,VCTK via HF jspaulsen/vctk,CC-BY-4.0,48000,2.254,full,0.0,2.254,CLEAR,0.0,0.0,0.0,0.0,8.59462961378047e-05,,,,,0.000197346446196641,4804.6875,-28.2
speech_clean/vctk_p334_203_mic1.wav,speech_clean,VCTK via HF jspaulsen/vctk,CC-BY-4.0,48000,2.254,win0.5,0.0,0.5,CLEAR,0.0,0.0,0.0,0.0,5.3128744065158266e-05,,,,,0.0001261363741724642,3773.4375,-26.3
speech_clean/vctk_p334_203_mic1.wav,speech_clean,VCTK via HF jspaulsen/vctk,CC-BY-4.0,48000,2.254,win0.5,0.585,0.5,CLEAR,0.0,0.0,0.0,0.0,5.540803544555153e-05,,,,,0.00011161463339799908,3445.3125,-25.3
speech_clean/vctk_p334_203_mic1.wav,speech_clean,VCTK via HF jspaulsen/vctk,CC-BY-4.0,48000,2.254,win0.5,1.169,0.5,CLEAR,0.0,0.0,0.0,0.2744,0.00020783987766020853,,,,,0.0005279835444447237,10195.3125,-30.1
speech_clean/vctk_p334_203_mic1.wav,speech_clean,VCTK via HF jspaulsen/vctk,CC-BY-4.0,48000,2.254,win0.5,1.754,0.5,CLEAR,0.0,0.0,0.0,0.0,0.00019449597965978327,,,,,0.0003331213839085898,3867.1875,-35.1
speech_clean/vctk_p334_203_mic1.wav,speech_clean,VCTK via HF jspaulsen/vctk,CC-BY-4.0,48000,2.254,win0.2,0.0,0.2,CLEAR,0.0,0.0,0.0,0.0371,0.00040975827909951935,12.25906720208587,5.720926867497834,6.538140334588036,15375.0,0.0011246855650965035,8296.875,-31.0
speech_clean/vctk_p334_203_mic1.wav,speech_clean,VCTK via HF jspaulsen/vctk,CC-BY-4.0,48000,2.254,win0.2,0.513,0.2,CLEAR,0.0,0.0,0.0,0.0,4.0882929598241834e-05,,,,,4.715517499465292e-05,1734.375,-29.4
speech_clean/vctk_p334_203_mic1.wav,speech_clean,VCTK via HF jspaulsen/vctk,CC-BY-4.0,48000,2.254,win0.2,1.027,0.2,CLEAR,0.0,0.0,0.0,0.0,9.617729854068474e-05,,,,,0.00016683126859722943,3726.5625,-31.7
speech_clean/vctk_p334_203_mic1.wav,speech_clean,VCTK via HF jspaulsen/vctk,CC-BY-4.0,48000,2.254,win0.2,1.54,0.2,CLEAR,0.0,0.0,0.0,0.0,4.1414615138754726e-05,,,,,5.2420763604783845e-05,3468.75,-29.7
speech_clean/vctk_p334_203_mic1.wav,speech_clean,VCTK via HF jspaulsen/vctk,CC-BY-4.0,48000,2.254,win0.2,2.054,0.2,CLEAR,0.0,0.0,0.0,0.0,0.003666746844179124,5.356837966450825,5.720926867497834,-0.3640889010470092,21398.4375,0.004139399111239995,1828.125,-49.7
speech_clean/vctk_p334_032_mic1.wav,speech_clean,VCTK via HF jspaulsen/vctk,CC-BY-4.0,48000,2.318,full,0.0,2.318,CLEAR,0.0,0.0,0.0,0.2188,0.00020999395246238116,,,,,0.0005087863283984612,9750.0,-29.3
speech_clean/vctk_p334_032_mic1.wav,speech_clean,VCTK via HF jspaulsen/vctk,CC-BY-4.0,48000,2.318,win0.5,0.0,0.5,CLEAR,0.0,0.0,0.0,0.0,0.00018973051522970093,,,,,0.00031292624621949303,3914.0625,-27.0
speech_clean/vctk_p334_032_mic1.wav,speech_clean,VCTK via HF jspaulsen/vctk,CC-BY-4.0,48000,2.318,win0.5,0.606,0.5,CLEAR,0.0,0.0,0.0,0.4795,0.0003554458283153545,11.191386381208092,3.7374992465411534,7.453887134666939,15421.875,0.0011125041363784166,11835.9375,-28.6
speech_clean/vctk_p334_032_mic1.wav,speech_clean,VCTK via HF jspaulsen/vctk,CC-BY-4.0,48000,2.318,win0.5,1.212,0.5,CLEAR,0.0,0.0,0.0,0.0,6.268784325682832e-05,,,,,9.064074720629406e-05,3468.75,-29.8
speech_clean/vctk_p334_032_mic1.wav,speech_clean,VCTK via HF jspaulsen/vctk,CC-BY-4.0,48000,2.318,win0.5,1.818,0.5,CLEAR,0.0,0.0,0.0,0.0605,0.0002673781243961836,,,,,0.0006818927800353234,8484.375,-34.2
speech_clean/vctk_p334_032_mic1.wav,speech_clean,VCTK via HF jspaulsen/vctk,CC-BY-4.0,48000,2.318,win0.2,0.0,0.2,CLEAR,0.0,0.0,0.0,0.0,6.579805789238047e-05,,,,,9.406297766739003e-05,3960.9375,-30.9
speech_clean/vctk_p334_032_mic1.wav,speech_clean,VCTK via HF jspaulsen/vctk,CC-BY-4.0,48000,2.318,win0.2,0.529,0.2,CLEAR,0.0,0.0,0.0,0.04,0.00025750784237229326,,,,,0.000672042273077547,8320.3125,-28.6
speech_clean/vctk_p334_032_mic1.wav,speech_clean,VCTK via HF jspaulsen/vctk,CC-BY-4.0,48000,2.318,win0.2,1.059,0.2,CLEAR,0.0,0.0,0.0,0.0,4.89578506214407e-05,,,,,6.993425537117772e-05,1312.5,-28.0
speech_clean/vctk_p334_032_mic1.wav,speech_clean,VCTK via HF jspaulsen/vctk,CC-BY-4.0,48000,2.318,win0.2,1.588,0.2,CLEAR,0.0,0.0,0.0,0.0,0.0002610989774702924,,,,,0.0004102035349737873,5929.6875,-35.0
speech_clean/vctk_p334_032_mic1.wav,speech_clean,VCTK via HF jspaulsen/vctk,CC-BY-4.0,48000,2.318,win0.2,2.118,0.2,CLEAR,0.0,0.0,0.0,0.6436,0.001459471901560589,14.00313391373405,5.720926867497834,8.282207046236216,15398.4375,0.004132635313548072,13148.4375,-41.6
speech_clean/vctk_p334_324_mic1.wav,speech_clean,VCTK via HF jspaulsen/vctk,CC-BY-4.0,48000,2.094,full,0.0,2.094,CLEAR,0.0,0.0,0.0,0.0,0.00015616345548934098,,,,,0.0004105348360329025,3867.1875,-30.1
speech_clean/vctk_p334_324_mic1.wav,speech_clean,VCTK via HF jspaulsen/vctk,CC-BY-4.0,48000,2.094,win0.5,0.0,0.5,CLEAR,0.0,0.0,0.0,0.0,4.1531751981255455e-05,,,,,6.613966981929409e-05,3656.25,-28.5
speech_clean/vctk_p334_324_mic1.wav,speech_clean,VCTK via HF jspaulsen/vctk,CC-BY-4.0,48000,2.094,win0.5,0.531,0.5,CLEAR,0.0,0.0,0.0,0.0,0.0002715980169993997,,,,,0.0007700512826854216,3609.375,-30.1
speech_clean/vctk_p334_324_mic1.wav,speech_clean,VCTK via HF jspaulsen/vctk,CC-BY-4.0,48000,2.094,win0.5,1.062,0.5,CLEAR,0.0,0.0,0.0,0.0,0.00019873073642382474,,,,,0.0005705746052216571,6984.375,-29.0
speech_clean/vctk_p334_324_mic1.wav,speech_clean,VCTK via HF jspaulsen/vctk,CC-BY-4.0,48000,2.094,win0.5,1.594,0.5,CLEAR,0.0,0.0,0.0,0.0,0.00026938803467484515,,,,,0.00055931813722016,3679.6875,-35.3
speech_clean/vctk_p334_324_mic1.wav,speech_clean,VCTK via HF jspaulsen/vctk,CC-BY-4.0,48000,2.094,win0.2,0.0,0.2,CLEAR,0.0,0.0,0.0,0.0,5.741581450789816e-05,,,,,0.00010733713356094993,3914.0625,-29.2
speech_clean/vctk_p334_324_mic1.wav,speech_clean,VCTK via HF jspaulsen/vctk,CC-BY-4.0,48000,2.094,win0.2,0.473,0.2,CLEAR,0.0,0.0,0.0,0.0,7.381490773818998e-05,,,,,0.00012329940514200328,4148.4375,-31.5
speech_clean/vctk_p334_324_mic1.wav,speech_clean,VCTK via HF jspaulsen/vctk,CC-BY-4.0,48000,2.094,win0.2,0.947,0.2,CLEAR,0.0,0.0,0.0,0.0,8.324229380816022e-05,,,,,0.00013083375040180524,4078.125,-30.1
speech_clean/vctk_p334_324_mic1.wav,speech_clean,VCTK via HF jspaulsen/vctk,CC-BY-4.0,48000,2.094,win0.2,1.42,0.2,CLEAR,0.0,0.0,0.0,0.0,2.7220267822989125e-05,,,,,3.782954246101846e-05,3445.3125,-27.3
speech_clean/vctk_p334_324_mic1.wav,speech_clean,VCTK via HF jspaulsen/vctk,CC-BY-4.0,48000,2.094,win0.2,1.894,0.2,CLEAR,0.0,0.0,0.0,0.0,0.001305124771123868,5.568323616013215,5.720926867497834,-0.15260325148461895,20437.5,0.0014840645614858192,1218.75,-43.6
speech_clean/vctk_p247_418_mic1.wav,speech_clean,VCTK via HF jspaulsen/vctk,CC-BY-4.0,48000,2.702,full,0.0,2.702,CLEAR,0.0,0.0,0.0,0.2744,0.0001294436504023826,,,,,0.0005967131178641258,10195.3125,-23.6
speech_clean/vctk_p247_418_mic1.wav,speech_clean,VCTK via HF jspaulsen/vctk,CC-BY-4.0,48000,2.702,win0.5,0.0,0.5,CLEAR,0.0,0.0023,0.0,0.0049,0.00023037101907248892,,,,,0.0008444757740545183,8039.0625,-21.1
speech_clean/vctk_p247_418_mic1.wav,speech_clean,VCTK via HF jspaulsen/vctk,CC-BY-4.0,48000,2.702,win0.5,0.55,0.5,CLEAR,0.0,0.0,0.0,0.2773,0.00022019659383964147,,,,,0.0007436461871870233,10218.75,-24.8
speech_clean/vctk_p247_418_mic1.wav,speech_clean,VCTK via HF jspaulsen/vctk,CC-BY-4.0,48000,2.702,win0.5,1.101,0.5,CLEAR,0.0,0.0,0.0,0.0,3.171545603518822e-05,,,,,0.0001641838669811459,3632.8125,-23.0
speech_clean/vctk_p247_418_mic1.wav,speech_clean,VCTK via HF jspaulsen/vctk,CC-BY-4.0,48000,2.702,win0.5,1.651,0.5,CLEAR,0.0,0.0,0.0,0.4297,6.006820268467071e-05,,,,,0.0008959972983720992,11437.5,-23.2
speech_clean/vctk_p247_418_mic1.wav,speech_clean,VCTK via HF jspaulsen/vctk,CC-BY-4.0,48000,2.702,win0.5,2.202,0.5,CLEAR,0.0,0.0,0.0,0.0,6.823688275064456e-05,,,,,0.00018722434391059021,7289.0625,-27.2
speech_clean/vctk_p247_418_mic1.wav,speech_clean,VCTK via HF jspaulsen/vctk,CC-BY-4.0,48000,2.702,win0.2,0.0,0.2,CLEAR,0.0,0.0024,0.0,0.1426,0.00023607428701172758,13.580793397991972,5.720926867497834,7.859866530494138,16218.75,0.0011782422621013358,9140.625,-20.7
speech_clean/vctk_p247_418_mic1.wav,speech_clean,VCTK via HF jspaulsen/vctk,CC-BY-4.0,48000,2.702,win0.2,0.625,0.2,CLEAR,0.0,0.0074,0.0,0.6055,0.0007379726822086069,16.64611893326829,5.720926867497834,10.925192065770457,15539.0625,0.002788326692529598,12843.75,-27.6
speech_clean/vctk_p247_418_mic1.wav,speech_clean,VCTK via HF jspaulsen/vctk,CC-BY-4.0,48000,2.702,win0.2,1.251,0.2,CLEAR,0.0,0.0,0.0,0.3418,0.00028216477087685335,21.739540686983155,5.720926867497834,16.01861381948532,15281.25,0.002338961871697135,10734.375,-32.0
speech_clean/vctk_p247_418_mic1.wav,speech_clean,VCTK via HF jspaulsen/vctk,CC-BY-4.0,48000,2.702,win0.2,1.876,0.2,CLEAR,0.0,0.0,0.0,0.0,1.247848136325175e-05,,,,,2.1998609905897398e-05,3468.75,-22.2
speech_clean/vctk_p247_418_mic1.wav,speech_clean,VCTK via HF jspaulsen/vctk,CC-BY-4.0,48000,2.702,win0.2,2.502,0.2,CLEAR,0.0,0.0,0.0,0.0,7.277731135206082e-05,,,,,8.742115146351621e-05,3140.625,-32.2
speech_clean/vctk_p251_017_mic1.wav,speech_clean,VCTK via HF jspaulsen/vctk,CC-BY-4.0,48000,2.798,full,0.0,2.798,CLEAR,0.0,0.0021,0.0,0.0,0.00021454060121721432,,,,,0.0006761698416467848,5507.8125,-22.2
speech_clean/vctk_p251_017_mic1.wav,speech_clean,VCTK via HF jspaulsen/vctk,CC-BY-4.0,48000,2.798,win0.5,0.0,0.5,CLEAR,0.0,0.0045,0.0,0.0,0.00044801476726408375,,,,,0.000978376547195321,6351.5625,-23.0
speech_clean/vctk_p251_017_mic1.wav,speech_clean,VCTK via HF jspaulsen/vctk,CC-BY-4.0,48000,2.798,win0.5,0.574,0.5,CLEAR,0.0,0.0,0.0,0.0,1.3561474236367288e-05,,,,,3.4832792994882e-05,2437.5,-20.3
speech_clean/vctk_p251_017_mic1.wav,speech_clean,VCTK via HF jspaulsen/vctk,CC-BY-4.0,48000,2.798,win0.5,1.149,0.5,CLEAR,0.0,0.0038,0.0,0.0,0.0003806028291397168,11.557777801095048,3.7374992465411534,7.820278554553894,16031.25,0.0016158570823803496,5531.25,-23.7
speech_clean/vctk_p251_017_mic1.wav,speech_clean,VCTK via HF jspaulsen/vctk,CC-BY-4.0,48000,2.798,win0.5,1.723,0.5,CLEAR,0.0,0.0,0.0,0.0,3.774173676820356e-05,,,,,0.0001564259016119922,1382.8125,-19.8
speech_clean/vctk_p251_017_mic1.wav,speech_clean,VCTK via HF jspaulsen/vctk,CC-BY-4.0,48000,2.798,win0.5,2.298,0.5,CLEAR,0.0,0.0,0.0,0.0518,0.00018019378076569286,,,,,0.0009050566315853801,8414.0625,-25.7
speech_clean/vctk_p251_017_mic1.wav,speech_clean,VCTK via HF jspaulsen/vctk,CC-BY-4.0,48000,2.798,win0.2,0.0,0.2,CLEAR,0.0,0.0,0.0,0.0,0.00011389622922188592,,,,,0.00014933451234213206,2835.9375,-23.1
speech_clean/vctk_p251_017_mic1.wav,speech_clean,VCTK via HF jspaulsen/vctk,CC-BY-4.0,48000,2.798,win0.2,0.649,0.2,CLEAR,0.0,0.0,0.0,0.0,7.411480991382012e-05,,,,,0.00018378063663496003,3117.1875,-25.1
speech_clean/vctk_p251_017_mic1.wav,speech_clean,VCTK via HF jspaulsen/vctk,CC-BY-4.0,48000,2.798,win0.2,1.299,0.2,CLEAR,0.0,0.0,0.0,0.0,1.6418120489036718e-05,,,,,6.521516761433297e-05,2390.625,-21.8
speech_clean/vctk_p251_017_mic1.wav,speech_clean,VCTK via HF jspaulsen/vctk,CC-BY-4.0,48000,2.798,win0.2,1.948,0.2,CLEAR,0.0,0.0,0.0,0.0,2.2786063462911614e-05,,,,,0.00018065412997964357,1265.625,-23.1
speech_clean/vctk_p251_017_mic1.wav,speech_clean,VCTK via HF jspaulsen/vctk,CC-BY-4.0,48000,2.798,win0.2,2.598,0.2,CLEAR,0.0,0.0,0.0,0.0,3.3686292555084036e-05,,,,,4.3364543033310904e-05,375.0,-29.2
speech_clean/vctk_p251_022_mic1.wav,speech_clean,VCTK via HF jspaulsen/vctk,CC-BY-4.0,48000,5.187,full,0.0,5.187,CLEAR,0.0,0.0018,0.0,0.0,0.00017816764558383858,,,,,0.00047219121021649786,5367.1875,-20.8
speech_clean/vctk_p251_022_mic1.wav,speech_clean,VCTK via HF jspaulsen/vctk,CC-BY-4.0,48000,5.187,win0.5,0.0,0.5,CLEAR,0.0,0.0023,0.0,0.0,0.00022973909437353692,,,,,0.0008543088949622412,5718.75,-22.7
speech_clean/vctk_p251_022_mic1.wav,speech_clean,VCTK via HF jspaulsen/vctk,CC-BY-4.0,48000,5.187,win0.5,1.172,0.5,CLEAR,0.0,0.0,0.0,0.0,4.4589055941325434e-05,,,,,0.00011708698764160225,3257.8125,-20.3
speech_clean/vctk_p251_022_mic1.wav,speech_clean,VCTK via HF jspaulsen/vctk,CC-BY-4.0,48000,5.187,win0.5,2.343,0.5,CLEAR,0.0,0.0059,0.0,0.0,0.0005937608381435525,11.543848089003522,3.7374992465411534,7.806348842462368,16359.375,0.0014217732458616452,2812.5,-20.3
speech_clean/vctk_p251_022_mic1.wav,speech_clean,VCTK via HF jspaulsen/vctk,CC-BY-4.0,48000,5.187,win0.5,3.515,0.5,CLEAR,0.0,0.0,0.0,0.0,4.940438613434682e-05,,,,,0.00018413822466096432,5625.0,-23.8
speech_clean/vctk_p251_022_mic1.wav,speech_clean,VCTK via HF jspaulsen/vctk,CC-BY-4.0,48000,5.187,win0.5,4.687,0.5,CLEAR,0.0,0.0,0.0,0.0,0.0002634141921946409,,,,,0.00046728012288907385,4289.0625,-25.0
speech_clean/vctk_p251_022_mic1.wav,speech_clean,VCTK via HF jspaulsen/vctk,CC-BY-4.0,48000,5.187,win0.2,0.0,0.2,CLEAR,0.0,0.0,0.0,0.0,7.722003900905569e-05,,,,,0.00016042343129262437,2179.6875,-28.8
speech_clean/vctk_p251_022_mic1.wav,speech_clean,VCTK via HF jspaulsen/vctk,CC-BY-4.0,48000,5.187,win0.2,1.247,0.2,CLEAR,0.0,0.0,0.0,0.0,3.2749947128865185e-05,,,,,8.446324374059037e-05,1078.125,-20.0
speech_clean/vctk_p251_022_mic1.wav,speech_clean,VCTK via HF jspaulsen/vctk,CC-BY-4.0,48000,5.187,win0.2,2.493,0.2,CLEAR,0.0,0.0,0.0,0.0,2.3852920418002853e-05,,,,,9.883848277633771e-05,2671.875,-18.7
speech_clean/vctk_p251_022_mic1.wav,speech_clean,VCTK via HF jspaulsen/vctk,CC-BY-4.0,48000,5.187,win0.2,3.74,0.2,CLEAR,0.0,0.0,0.0,0.0,6.400837788125133e-05,,,,,0.00024145207616174783,5859.375,-23.9
speech_clean/vctk_p251_022_mic1.wav,speech_clean,VCTK via HF jspaulsen/vctk,CC-BY-4.0,48000,5.187,win0.2,4.987,0.2,CLEAR,0.0,0.0,0.0,0.3506,0.002698021838804872,12.192990092420475,5.720926867497834,6.472063224922641,15609.375,0.005366326737526477,10804.6875,-36.8
speech_clean/vctk_p247_253_mic1.wav,speech_clean,VCTK via HF jspaulsen/vctk,CC-BY-4.0,48000,2.638,full,0.0,2.638,CLEAR,0.0,0.0,0.0,0.2012,5.5736045871265495e-05,,,,,0.0008165596895203671,9609.375,-22.3
speech_clean/vctk_p247_253_mic1.wav,speech_clean,VCTK via HF jspaulsen/vctk,CC-BY-4.0,48000,2.638,win0.5,0.0,0.5,CLEAR,0.0,0.0,0.0,0.3301,5.974731802021351e-05,22.943887099030444,3.7374992465411534,19.206387852489293,15210.9375,0.0014622946509140276,10640.625,-19.2
speech_clean/vctk_p247_253_mic1.wav,speech_clean,VCTK via HF jspaulsen/vctk,CC-BY-4.0,48000,2.638,win0.5,0.534,0.5,CLEAR,0.0,0.0,0.0,0.0,3.715316754688928e-05,,,,,0.0003791054226454134,6585.9375,-22.7
speech_clean/vctk_p247_253_mic1.wav,speech_clean,VCTK via HF jspaulsen/vctk,CC-BY-4.0,48000,2.638,win0.5,1.069,0.5,CLEAR,0.0,0.0,0.0,0.1748,6.245447303062154e-05,,,,,0.00032579253346456765,9398.4375,-22.4
speech_clean/vctk_p247_253_mic1.wav,speech_clean,VCTK via HF jspaulsen/vctk,CC-BY-4.0,48000,2.638,win0.5,1.603,0.5,CLEAR,0.0,0.0,0.0,0.0,4.072489693065706e-05,,,,,0.00010403411431345408,6515.625,-24.1
speech_clean/vctk_p247_253_mic1.wav,speech_clean,VCTK via HF jspaulsen/vctk,CC-BY-4.0,48000,2.638,win0.5,2.138,0.5,CLEAR,0.0,0.0,0.0,0.251,9.29699471524896e-05,22.72255291782425,3.7374992465411534,18.985053671283097,15023.4375,0.0014698367965448045,10007.8125,-26.8
speech_clean/vctk_p247_253_mic1.wav,speech_clean,VCTK via HF jspaulsen/vctk,CC-BY-4.0,48000,2.638,win0.2,0.0,0.2,CLEAR,0.0,0.0017,0.0,0.7168,0.0001714623187511622,23.75933263074844,5.720926867497834,18.038405763250605,15210.9375,0.004490293817220621,13734.375,-20.7
speech_clean/vctk_p247_253_mic1.wav,speech_clean,VCTK via HF jspaulsen/vctk,CC-BY-4.0,48000,2.638,win0.2,0.609,0.2,CLEAR,0.0,0.0,0.0,0.0928,7.804490540739985e-05,,,,,0.00042183419002601966,8742.1875,-24.5
speech_clean/vctk_p247_253_mic1.wav,speech_clean,VCTK via HF jspaulsen/vctk,CC-BY-4.0,48000,2.638,win0.2,1.219,0.2,CLEAR,0.0,0.0,0.0,0.0,3.8164379034678436e-05,,,,,8.139045823822843e-05,6070.3125,-24.0
speech_clean/vctk_p247_253_mic1.wav,speech_clean,VCTK via HF jspaulsen/vctk,CC-BY-4.0,48000,2.638,win0.2,1.828,0.2,CLEAR,0.0,0.0,0.0,0.0,4.477373981562322e-05,,,,,0.00019521238718999564,7078.125,-26.6
speech_clean/vctk_p247_253_mic1.wav,speech_clean,VCTK via HF jspaulsen/vctk,CC-BY-4.0,48000,2.638,win0.2,2.438,0.2,CLEAR,0.0,0.0,0.0,0.9102,0.0011411487792028045,23.19925093997547,5.720926867497834,17.478324072477637,15164.0625,0.013815546115697516,15281.25,-41.4
speech_clean/vctk_p251_353_mic1.wav,speech_clean,VCTK via HF jspaulsen/vctk,CC-BY-4.0,48000,2.734,full,0.0,2.734,CLEAR,0.0,0.0019,0.0,0.0,0.0001886833277467318,,,,,0.0008728861260119132,4171.875,-20.7
speech_clean/vctk_p251_353_mic1.wav,speech_clean,VCTK via HF jspaulsen/vctk,CC-BY-4.0,48000,2.734,win0.5,0.0,0.5,CLEAR,0.0,0.0,0.0,0.0,1.838780541626998e-05,,,,,7.410384404969253e-05,1781.25,-18.6
speech_clean/vctk_p251_353_mic1.wav,speech_clean,VCTK via HF jspaulsen/vctk,CC-BY-4.0,48000,2.734,win0.5,0.558,0.5,CLEAR,0.0,0.0025,0.0,0.0,0.0002473489964709989,13.356529973880617,3.7374992465411534,9.619030727339464,15046.875,0.001062041427834569,6234.375,-20.7
speech_clean/vctk_p251_353_mic1.wav,speech_clean,VCTK via HF jspaulsen/vctk,CC-BY-4.0,48000,2.734,win0.5,1.117,0.5,CLEAR,0.0,0.0084,0.0,0.0,0.0008397229915555986,12.902437744555648,3.7374992465411534,9.164938498014495,16664.0625,0.00398471812005356,7570.3125,-20.7
speech_clean/vctk_p251_353_mic1.wav,speech_clean,VCTK via HF jspaulsen/vctk,CC-BY-4.0,48000,2.734,win0.5,1.675,0.5,CLEAR,0.0,0.0,0.0,0.0,2.7659218635861037e-05,,,,,0.00014011142591162482,1617.1875,-21.9
speech_clean/vctk_p251_353_mic1.wav,speech_clean,VCTK via HF jspaulsen/vctk,CC-BY-4.0,48000,2.734,win0.5,2.234,0.5,CLEAR,0.0,0.0,0.0,0.0,3.189363680405145e-05,,,,,0.00013333723119942077,2671.875,-23.1
speech_clean/vctk_p251_353_mic1.wav,speech_clean,VCTK via HF jspaulsen/vctk,CC-BY-4.0,48000,2.734,win0.2,0.0,0.2,CLEAR,0.0,0.0,0.0,0.0,1.8851342240539642e-05,,,,,9.618352680721071e-05,1406.25,-19.5
speech_clean/vctk_p251_353_mic1.wav,speech_clean,VCTK via HF jspaulsen/vctk,CC-BY-4.0,48000,2.734,win0.2,0.633,0.2,CLEAR,0.0,0.0065,0.0,0.585,0.0006502568529859958,18.22655891055288,5.720926867497834,12.505632043055044,15375.0,0.004282347890812519,12679.6875,-24.8
speech_clean/vctk_p251_353_mic1.wav,speech_clean,VCTK via HF jspaulsen/vctk,CC-BY-4.0,48000,2.734,win0.2,1.267,0.2,CLEAR,0.0,0.0055,0.0,0.0,0.0005468090345607163,14.175781254962747,5.720926867497834,8.454854387464913,15070.3125,0.0017811510784079877,3328.125,-20.8
speech_clean/vctk_p251_353_mic1.wav,speech_clean,VCTK via HF jspaulsen/vctk,CC-BY-4.0,48000,2.734,win0.2,1.9,0.2,CLEAR,0.0,0.0,0.0,0.0,3.828920688545644e-05,,,,,0.00010634715614135166,1312.5,-21.5
speech_clean/vctk_p251_353_mic1.wav,speech_clean,VCTK via HF jspaulsen/vctk,CC-BY-4.0,48000,2.734,win0.2,2.534,0.2,CLEAR,0.0,0.0,0.0,0.0,0.0002567157790130477,,,,,0.0003041281770976753,2648.4375,-33.6
speech_clean/vctk_p251_008_mic1.wav,speech_clean,VCTK via HF jspaulsen/vctk,CC-BY-4.0,48000,6.03,full,0.0,6.03,CLEAR,0.0,0.0,0.0,0.0,8.014050616003264e-05,,,,,0.00022178205891191667,3773.4375,-20.7
speech_clean/vctk_p251_008_mic1.wav,speech_clean,VCTK via HF jspaulsen/vctk,CC-BY-4.0,48000,6.03,win0.5,0.0,0.5,CLEAR,0.0,0.0012,0.0,0.0,0.0001215243381692985,,,,,0.00042438617509996666,5484.375,-18.6
speech_clean/vctk_p251_008_mic1.wav,speech_clean,VCTK via HF jspaulsen/vctk,CC-BY-4.0,48000,6.03,win0.5,1.382,0.5,CLEAR,0.0,0.0,0.0,0.0,7.549510898316523e-05,,,,,0.0001223332114496272,1640.625,-19.3
speech_clean/vctk_p251_008_mic1.wav,speech_clean,VCTK via HF jspaulsen/vctk,CC-BY-4.0,48000,6.03,win0.5,2.765,0.5,CLEAR,0.0,0.0008,0.0,0.0,8.183943575204392e-05,,,,,0.00022126037200443814,2671.875,-18.6
speech_clean/vctk_p251_008_mic1.wav,speech_clean,VCTK via HF jspaulsen/vctk,CC-BY-4.0,48000,6.03,win0.5,4.147,0.5,CLEAR,0.0,0.0,0.0,0.0,4.9786073426431724e-05,,,,,0.00010104232559562343,4476.5625,-20.6
speech_clean/vctk_p251_008_mic1.wav,speech_clean,VCTK via HF jspaulsen/vctk,CC-BY-4.0,48000,6.03,win0.5,5.53,0.5,CLEAR,0.0,0.0,0.0,0.0,0.00012421303193149374,,,,,0.00032517805152242047,4945.3125,-24.0
speech_clean/vctk_p251_008_mic1.wav,speech_clean,VCTK via HF jspaulsen/vctk,CC-BY-4.0,48000,6.03,win0.2,0.0,0.2,CLEAR,0.0,0.0,0.0,0.0,2.403823808588128e-05,,,,,0.0001229072267779088,2507.8125,-17.2
speech_clean/vctk_p251_008_mic1.wav,speech_clean,VCTK via HF jspaulsen/vctk,CC-BY-4.0,48000,6.03,win0.2,1.457,0.2,CLEAR,0.0,0.0,0.0,0.0,1.167938458633006e-05,,,,,5.153309711209794e-05,1640.625,-18.3
speech_clean/vctk_p251_008_mic1.wav,speech_clean,VCTK via HF jspaulsen/vctk,CC-BY-4.0,48000,6.03,win0.2,2.915,0.2,CLEAR,0.0,0.0032,0.0,0.0,0.00032495213227314804,,,,,0.000583012117396036,3351.5625,-21.9
speech_clean/vctk_p251_008_mic1.wav,speech_clean,VCTK via HF jspaulsen/vctk,CC-BY-4.0,48000,6.03,win0.2,4.372,0.2,CLEAR,0.0,0.0,0.0,0.0,0.00013177511349548066,,,,,0.0002667429506311289,6046.875,-21.4
speech_clean/vctk_p251_008_mic1.wav,speech_clean,VCTK via HF jspaulsen/vctk,CC-BY-4.0,48000,6.03,win0.2,5.83,0.2,CLEAR,0.0,0.0,0.0,0.0,9.166522802901011e-05,,,,,0.00010558563169410395,1125.0,-32.0
speech_clean/vctk_p247_176_mic1.wav,speech_clean,VCTK via HF jspaulsen/vctk,CC-BY-4.0,48000,3.598,full,0.0,3.598,CLEAR,0.0,0.0,0.0,0.0,2.4190130776347424e-05,,,,,0.00019471665953608373,6914.0625,-19.7
speech_clean/vctk_p247_176_mic1.wav,speech_clean,VCTK via HF jspaulsen/vctk,CC-BY-4.0,48000,3.598,win0.5,0.0,0.5,CLEAR,0.0,0.0,0.0,0.0,1.3379320444444952e-05,,,,,2.3508799720462984e-05,1476.5625,-18.3
speech_clean/vctk_p247_176_mic1.wav,speech_clean,VCTK via HF jspaulsen/vctk,CC-BY-4.0,48000,3.598,win0.5,0.774,0.5,CLEAR,0.0,0.0,0.0,0.0,5.9918690394394434e-06,,,,,2.0839873353704567e-05,2835.9375,-16.1
speech_clean/vctk_p247_176_mic1.wav,speech_clean,VCTK via HF jspaulsen/vctk,CC-BY-4.0,48000,3.598,win0.5,1.549,0.5,CLEAR,0.0,0.0,0.0,0.0,1.6419209685739444e-05,,,,,5.278716130687974e-05,3632.8125,-18.5
speech_clean/vctk_p247_176_mic1.wav,speech_clean,VCTK via HF jspaulsen/vctk,CC-BY-4.0,48000,3.598,win0.5,2.323,0.5,CLEAR,0.0,0.0,0.0,0.0,4.645214241745377e-05,,,,,0.0002256749005425465,7054.6875,-23.0
speech_clean/vctk_p247_176_mic1.wav,speech_clean,VCTK via HF jspaulsen/vctk,CC-BY-4.0,48000,3.598,win0.5,3.098,0.5,CLEAR,0.0,0.0,0.0,0.6816,0.0001811656364093432,21.382524705039053,3.7374992465411534,17.645025458497898,15093.75,0.0035392783080995184,13453.125,-27.1
speech_clean/vctk_p247_176_mic1.wav,speech_clean,VCTK via HF jspaulsen/vctk,CC-BY-4.0,48000,3.598,win0.2,0.0,0.2,CLEAR,0.0,0.0,0.0,0.0,5.5556091269673075e-06,,,,,6.680845335994159e-06,937.5,-17.7
speech_clean/vctk_p247_176_mic1.wav,speech_clean,VCTK via HF jspaulsen/vctk,CC-BY-4.0,48000,3.598,win0.2,0.849,0.2,CLEAR,0.0,0.0,0.0,0.0,1.885036953729466e-06,,,,,6.436341544034712e-06,1617.1875,-14.7
speech_clean/vctk_p247_176_mic1.wav,speech_clean,VCTK via HF jspaulsen/vctk,CC-BY-4.0,48000,3.598,win0.2,1.699,0.2,CLEAR,0.0,0.0,0.0,0.0,5.717980512588568e-05,,,,,0.00022599635591964652,6421.875,-23.5
speech_clean/vctk_p247_176_mic1.wav,speech_clean,VCTK via HF jspaulsen/vctk,CC-BY-4.0,48000,3.598,win0.2,2.548,0.2,CLEAR,0.0,0.0,0.0,0.0107,8.829939451594632e-05,,,,,0.0002289842345204369,8085.9375,-24.5
speech_clean/vctk_p247_176_mic1.wav,speech_clean,VCTK via HF jspaulsen/vctk,CC-BY-4.0,48000,3.598,win0.2,3.398,0.2,CLEAR,0.0,0.0,0.0,0.7695,0.0002987061850408622,22.7218027873346,5.720926867497834,17.000875919836766,15023.4375,0.00595686272836179,14156.25,-31.2
speech_clean/vctk_p326_340_mic1.wav,speech_clean,VCTK via HF jspaulsen/vctk,CC-BY-4.0,48000,2.222,full,0.0,2.222,CLEAR,0.0,0.0,0.0,0.0723,0.00021898273412661467,,,,,0.0006210752743894765,8578.125,-30.9
speech_clean/vctk_p326_340_mic1.wav,speech_clean,VCTK via HF jspaulsen/vctk,CC-BY-4.0,48000,2.222,win0.5,0.0,0.5,CLEAR,0.0,0.0,0.0,0.2832,0.00034519683103869547,13.870716982960971,3.7374992465411534,10.133217736419818,15585.9375,0.0010995619939248573,10265.625,-29.1
speech_clean/vctk_p326_340_mic1.wav,speech_clean,VCTK via HF jspaulsen/vctk,CC-BY-4.0,48000,2.222,win0.5,0.574,0.5,CLEAR,0.0,0.0,0.0,0.0,4.332100853734726e-05,,,,,6.950065474268223e-05,1289.0625,-29.3
speech_clean/vctk_p326_340_mic1.wav,speech_clean,VCTK via HF jspaulsen/vctk,CC-BY-4.0,48000,2.222,win0.5,1.148,0.5,CLEAR,0.0,0.0,0.0,0.1221,0.000171574200632424,,,,,0.0004965338477606627,8976.5625,-31.6
speech_clean/vctk_p326_340_mic1.wav,speech_clean,VCTK via HF jspaulsen/vctk,CC-BY-4.0,48000,2.222,win0.5,1.722,0.5,CLEAR,0.0,0.0,0.0,0.0,0.00011705229153203871,,,,,0.00013556674844737528,773.4375,-34.2
speech_clean/vctk_p326_340_mic1.wav,speech_clean,VCTK via HF jspaulsen/vctk,CC-BY-4.0,48000,2.222,win0.2,0.0,0.2,CLEAR,0.0,0.0127,0.0,0.6348,0.001271619336715581,14.090621248595308,5.720926867497834,8.369694381097474,15585.9375,0.0041033721933564785,13078.125,-29.7
speech_clean/vctk_p326_340_mic1.wav,speech_clean,VCTK via HF jspaulsen/vctk,CC-BY-4.0,48000,2.222,win0.2,0.505,0.2,CLEAR,0.0,0.0,0.0,0.0,5.665725177289364e-05,,,,,9.790630717381527e-05,3000.0,-28.0
speech_clean/vctk_p326_340_mic1.wav,speech_clean,VCTK via HF jspaulsen/vctk,CC-BY-4.0,48000,2.222,win0.2,1.011,0.2,CLEAR,0.0,0.0,0.0,0.1484,0.00039137415560907407,,,,,0.0009020543986804669,9187.5,-36.7
speech_clean/vctk_p326_340_mic1.wav,speech_clean,VCTK via HF jspaulsen/vctk,CC-BY-4.0,48000,2.222,win0.2,1.516,0.2,CLEAR,0.0,0.0,0.0,0.3506,0.0005652903219003809,11.086810514788239,5.720926867497834,5.365883647290405,15562.5,0.00158809755893907,10804.6875,-32.3
speech_clean/vctk_p326_340_mic1.wav,speech_clean,VCTK via HF jspaulsen/vctk,CC-BY-4.0,48000,2.222,win0.2,2.022,0.2,CLEAR,0.0,0.0,0.0,0.0,0.0005054422847621684,,,,,0.0005719752308261658,351.5625,-40.9
speech_clean/vctk_p251_076_mic1.wav,speech_clean,VCTK via HF jspaulsen/vctk,CC-BY-4.0,48000,3.246,full,0.0,3.246,CLEAR,0.0,0.0,0.0,0.0,3.4999977511593196e-05,,,,,0.00013182885518672491,4125.0,-19.5
speech_clean/vctk_p251_076_mic1.wav,speech_clean,VCTK via HF jspaulsen/vctk,CC-BY-4.0,48000,3.246,win0.5,0.0,0.5,CLEAR,0.0,0.0,0.0,0.0,5.6624286307091525e-05,,,,,0.00015901056004428423,2859.375,-19.0
speech_clean/vctk_p251_076_mic1.wav,speech_clean,VCTK via HF jspaulsen/vctk,CC-BY-4.0,48000,3.246,win0.5,0.686,0.5,CLEAR,0.0,0.0,0.0,0.0,6.719331535060027e-06,,,,,1.7031143330709172e-05,1429.6875,-16.0
speech_clean/vctk_p251_076_mic1.wav,speech_clean,VCTK via HF jspaulsen/vctk,CC-BY-4.0,48000,3.246,win0.5,1.373,0.5,CLEAR,0.0,0.0,0.0,0.0,5.709233471821412e-05,,,,,0.00025844108530703866,5812.5,-20.0
speech_clean/vctk_p251_076_mic1.wav,speech_clean,VCTK via HF jspaulsen/vctk,CC-BY-4.0,48000,3.246,win0.5,2.059,0.5,CLEAR,0.0,0.0,0.0,0.1865,0.0003932816128812904,13.711272492331457,3.7374992465411534,9.973773245790303,15328.125,0.0021433165663713324,9492.1875,-25.3
speech_clean/vctk_p251_076_mic1.wav,speech_clean,VCTK via HF jspaulsen/vctk,CC-BY-4.0,48000,3.246,win0.5,2.746,0.5,CLEAR,0.0,0.0,0.0,0.0,2.2224279333992886e-05,,,,,7.242642835437271e-05,2742.1875,-21.3
speech_clean/vctk_p251_076_mic1.wav,speech_clean,VCTK via HF jspaulsen/vctk,CC-BY-4.0,48000,3.246,win0.2,0.0,0.2,CLEAR,0.0,0.0,0.0,0.0,1.2986240411189294e-05,,,,,1.9514322727008295e-05,2789.0625,-20.2
speech_clean/vctk_p251_076_mic1.wav,speech_clean,VCTK via HF jspaulsen/vctk,CC-BY-4.0,48000,3.246,win0.2,0.761,0.2,CLEAR,0.0,0.0,0.0,0.0,8.582921530466483e-06,,,,,2.2847237225211917e-05,1500.0,-15.2
speech_clean/vctk_p251_076_mic1.wav,speech_clean,VCTK via HF jspaulsen/vctk,CC-BY-4.0,48000,3.246,win0.2,1.523,0.2,CLEAR,0.0,0.0,0.0,0.0,5.273641540909444e-06,,,,,1.044759995922961e-05,937.5,-17.3
speech_clean/vctk_p251_076_mic1.wav,speech_clean,VCTK via HF jspaulsen/vctk,CC-BY-4.0,48000,3.246,win0.2,2.284,0.2,CLEAR,0.0,0.0,0.0,0.7344,0.0010572491187750908,15.90389402913409,5.720926867497834,10.182967161636256,15843.75,0.006066373573661719,13875.0,-32.3
speech_clean/vctk_p251_076_mic1.wav,speech_clean,VCTK via HF jspaulsen/vctk,CC-BY-4.0,48000,3.246,win0.2,3.046,0.2,CLEAR,0.0,0.0,0.0,0.0,0.0001727535493186842,,,,,0.0002160277412825113,2742.1875,-33.0
speech_clean/vctk_p251_176_mic1.wav,speech_clean,VCTK via HF jspaulsen/vctk,CC-BY-4.0,48000,2.734,full,0.0,2.734,CLEAR,0.0,0.0,0.0,0.0,0.00010484311408579998,,,,,0.000366576892937263,3539.0625,-20.9
speech_clean/vctk_p251_176_mic1.wav,speech_clean,VCTK via HF jspaulsen/vctk,CC-BY-4.0,48000,2.734,win0.5,0.0,0.5,CLEAR,0.0,0.0013,0.0,0.0,0.00012842502287412923,,,,,0.0005979588575475993,5531.25,-20.3
speech_clean/vctk_p251_176_mic1.wav,speech_clean,VCTK via HF jspaulsen/vctk,CC-BY-4.0,48000,2.734,win0.5,0.558,0.5,CLEAR,0.0,0.0,0.0,0.0,3.568615508860517e-05,,,,,6.655202811549894e-05,2835.9375,-17.7
speech_clean/vctk_p251_176_mic1.wav,speech_clean,VCTK via HF jspaulsen/vctk,CC-BY-4.0,48000,2.734,win0.5,1.117,0.5,CLEAR,0.0,0.0036,0.0,0.0,0.0003553172753839521,15.58804933323274,3.7374992465411534,11.850550086691587,17273.4375,0.0013811535036189386,6796.875,-22.4
speech_clean/vctk_p251_176_mic1.wav,speech_clean,VCTK via HF jspaulsen/vctk,CC-BY-4.0,48000,2.734,win0.5,1.675,0.5,CLEAR,0.0,0.0,0.0,0.0,4.241715865546563e-05,,,,,0.00010365824988159473,1289.0625,-20.7
speech_clean/vctk_p251_176_mic1.wav,speech_clean,VCTK via HF jspaulsen/vctk,CC-BY-4.0,48000,2.734,win0.5,2.234,0.5,CLEAR,0.0,0.0,0.0,0.0,5.7597283782816146e-05,,,,,9.568569588247009e-05,2039.0625,-26.4
speech_clean/vctk_p251_176_mic1.wav,speech_clean,VCTK via HF jspaulsen/vctk,CC-BY-4.0,48000,2.734,win0.2,0.0,0.2,CLEAR,0.0,0.004,0.0,0.0,0.00039868421461172814,13.98707409024017,5.720926867497834,8.266147222742337,17015.625,0.001556383417332303,7335.9375,-26.4
speech_clean/vctk_p251_176_mic1.wav,speech_clean,VCTK via HF jspaulsen/vctk,CC-BY-4.0,48000,2.734,win0.2,0.633,0.2,CLEAR,0.0,0.0,0.0,0.0,8.753824286548545e-06,,,,,2.5817590500188318e-05,1453.125,-17.3
speech_clean/vctk_p251_176_mic1.wav,speech_clean,VCTK via HF jspaulsen/vctk,CC-BY-4.0,48000,2.734,win0.2,1.267,0.2,CLEAR,0.0,0.0,0.0,0.0,9.4353048284439e-06,,,,,4.60427248748866e-05,2765.625,-20.6
speech_clean/vctk_p251_176_mic1.wav,speech_clean,VCTK via HF jspaulsen/vctk,CC-BY-4.0,48000,2.734,win0.2,1.9,0.2,CLEAR,0.0,0.0,0.0,0.0,5.796373952889767e-05,,,,,0.00014857282915360312,1359.375,-20.6
speech_clean/vctk_p251_176_mic1.wav,speech_clean,VCTK via HF jspaulsen/vctk,CC-BY-4.0,48000,2.734,win0.2,2.534,0.2,CLEAR,0.0,0.0,0.0,0.0,0.0001650131332193864,,,,,0.00019279904006271043,1031.25,-35.4
speech_clean/vctk_p247_011_mic1.wav,speech_clean,VCTK via HF jspaulsen/vctk,CC-BY-4.0,48000,5.486,full,0.0,5.486,CLEAR,0.0,0.0,0.0,0.1045,6.22147232679338e-05,,,,,0.00030544384583135073,8835.9375,-18.9
speech_clean/vctk_p247_011_mic1.wav,speech_clean,VCTK via HF jspaulsen/vctk,CC-BY-4.0,48000,5.486,win0.5,0.0,0.5,CLEAR,0.0,0.0,0.0,0.0,3.0792623184887035e-06,,,,,1.618585026253764e-05,1687.5,-13.3
speech_clean/vctk_p247_011_mic1.wav,speech_clean,VCTK via HF jspaulsen/vctk,CC-BY-4.0,48000,5.486,win0.5,1.246,0.5,CLEAR,0.0,0.0,0.0,0.0,1.0356827499311792e-05,,,,,3.2692569209022044e-05,3796.875,-18.4
speech_clean/vctk_p247_011_mic1.wav,speech_clean,VCTK via HF jspaulsen/vctk,CC-BY-4.0,48000,5.486,win0.5,2.493,0.5,CLEAR,0.0,0.002,0.0,0.5029,0.0002000695748477264,15.81716611018777,3.7374992465411534,12.079666863646617,15351.5625,0.001135287009722863,12023.4375,-18.0
speech_clean/vctk_p247_011_mic1.wav,speech_clean,VCTK via HF jspaulsen/vctk,CC-BY-4.0,48000,5.486,win0.5,3.739,0.5,CLEAR,0.0,0.0,0.0,0.0,3.5367086925575294e-05,,,,,8.871126608969604e-05,1054.6875,-19.7
speech_clean/vctk_p247_011_mic1.wav,speech_clean,VCTK via HF jspaulsen/vctk,CC-BY-4.0,48000,5.486,win0.5,4.986,0.5,CLEAR,0.0,0.0,0.0,0.0,7.843742204992963e-06,,,,,1.5703669145164302e-05,2015.625,-21.5
speech_clean/vctk_p247_011_mic1.wav,speech_clean,VCTK via HF jspaulsen/vctk,CC-BY-4.0,48000,5.486,win0.2,0.0,0.2,CLEAR,0.0,0.0,0.0,0.0,4.317008050507199e-06,,,,,2.221893899584758e-05,1570.3125,-14.6
speech_clean/vctk_p247_011_mic1.wav,speech_clean,VCTK via HF jspaulsen/vctk,CC-BY-4.0,48000,5.486,win0.2,1.321,0.2,CLEAR,0.0,0.0,0.0,0.0,6.439052410739669e-06,,,,,2.2090015110088867e-05,1851.5625,-16.5
speech_clean/vctk_p247_011_mic1.wav,speech_clean,VCTK via HF jspaulsen/vctk,CC-BY-4.0,48000,5.486,win0.2,2.643,0.2,CLEAR,0.0,0.0,0.0,0.0,4.4660149378430845e-06,,,,,1.6805190480642163e-05,2953.125,-15.7
speech_clean/vctk_p247_011_mic1.wav,speech_clean,VCTK via HF jspaulsen/vctk,CC-BY-4.0,48000,5.486,win0.2,3.964,0.2,CLEAR,0.0,0.0,0.0,0.0,0.0002516784702456365,,,,,0.0006770325358303876,1195.3125,-21.9
speech_clean/vctk_p247_011_mic1.wav,speech_clean,VCTK via HF jspaulsen/vctk,CC-BY-4.0,48000,5.486,win0.2,5.286,0.2,CLEAR,0.0,0.0,0.0,0.0,3.644075706992595e-05,,,,,4.5149789141657894e-05,1054.6875,-28.9
speech_clean/vctk_p251_336_mic1.wav,speech_clean,VCTK via HF jspaulsen/vctk,CC-BY-4.0,48000,2.702,full,0.0,2.702,CLEAR,0.0,0.0024,0.0,0.0,0.00023911044918102403,,,,,0.0007513059851661279,6960.9375,-22.2
speech_clean/vctk_p251_336_mic1.wav,speech_clean,VCTK via HF jspaulsen/vctk,CC-BY-4.0,48000,2.702,win0.5,0.0,0.5,CLEAR,0.0,0.0041,0.0,0.0078,0.00040656750210265013,10.022950843115721,3.7374992465411534,6.285451596574568,16500.0,0.0010336756328510495,8062.5,-19.8
speech_clean/vctk_p251_336_mic1.wav,speech_clean,VCTK via HF jspaulsen/vctk,CC-BY-4.0,48000,2.702,win0.5,0.55,0.5,CLEAR,0.0,0.0075,0.0,0.5732,0.0007530526739910867,12.568900620450368,3.7374992465411534,8.831401373909214,15984.375,0.002577155603890273,12585.9375,-26.0
speech_clean/vctk_p251_336_mic1.wav,speech_clean,VCTK via HF jspaulsen/vctk,CC-BY-4.0,48000,2.702,win0.5,1.101,0.5,CLEAR,0.0,0.0,0.0,0.0,4.6907404556450124e-05,,,,,0.00034309284456752017,5554.6875,-20.7
speech_clean/vctk_p251_336_mic1.wav,speech_clean,VCTK via HF jspaulsen/vctk,CC-BY-4.0,48000,2.702,win0.5,1.651,0.5,CLEAR,0.0,0.0036,0.0,0.0,0.0003599609880511635,14.453631009449253,3.7374992465411534,10.7161317629081,15328.125,0.0012445129075127682,7453.125,-24.2
speech_clean/vctk_p251_336_mic1.wav,speech_clean,VCTK via HF jspaulsen/vctk,CC-BY-4.0,48000,2.702,win0.5,2.202,0.5,CLEAR,0.0,0.0,0.0,0.0,9.070653707537737e-05,,,,,0.00028763406509348246,6023.4375,-28.7
speech_clean/vctk_p251_336_mic1.wav,speech_clean,VCTK via HF jspaulsen/vctk,CC-BY-4.0,48000,2.702,win0.2,0.0,0.2,CLEAR,0.0,0.0,0.0,0.0,7.247065517760171e-06,,,,,3.2310784664264507e-05,562.5,-19.4
speech_clean/vctk_p251_336_mic1.wav,speech_clean,VCTK via HF jspaulsen/vctk,CC-BY-4.0,48000,2.702,win0.2,0.625,0.2,CLEAR,0.0,0.0021,0.0,0.0,0.00021375340452226067,,,,,0.0006982381299218418,5507.8125,-22.6
speech_clean/vctk_p251_336_mic1.wav,speech_clean,VCTK via HF jspaulsen/vctk,CC-BY-4.0,48000,2.702,win0.2,1.251,0.2,CLEAR,0.0,0.0,0.0,0.2539,0.00015753278626427097,20.538170148296928,5.720926867497834,14.817243280799094,15445.3125,0.00171535719135953,10031.25,-23.6
speech_clean/vctk_p251_336_mic1.wav,speech_clean,VCTK via HF jspaulsen/vctk,CC-BY-4.0,48000,2.702,win0.2,1.876,0.2,CLEAR,0.0,0.0,0.0,0.0,0.00014081515907694888,,,,,0.00018650673605108403,3375.0,-30.4
speech_clean/vctk_p251_336_mic1.wav,speech_clean,VCTK via HF jspaulsen/vctk,CC-BY-4.0,48000,2.702,win0.2,2.502,0.2,CLEAR,0.0,0.0,0.0,0.0,0.0005077196081789041,,,,,0.0007428458908478568,6234.375,-39.5
speech_clean/vctk_p334_015_mic1.wav,speech_clean,VCTK via HF jspaulsen/vctk,CC-BY-4.0,48000,3.886,full,0.0,3.886,CLEAR,0.0,0.0,0.0,0.0,0.00018559702017043422,,,,,0.000456698786608296,6796.875,-27.6
speech_clean/vctk_p334_015_mic1.wav,speech_clean,VCTK via HF jspaulsen/vctk,CC-BY-4.0,48000,3.886,win0.5,0.0,0.5,CLEAR,0.0,0.0,0.0,0.0,0.00032715286405736433,,,,,0.000750235016073397,7031.25,-27.7
speech_clean/vctk_p334_015_mic1.wav,speech_clean,VCTK via HF jspaulsen/vctk,CC-BY-4.0,48000,3.886,win0.5,0.846,0.5,CLEAR,0.0,0.0,0.0,0.0,3.2710273250633136e-05,,,,,5.6190148412452015e-05,3234.375,-27.3
speech_clean/vctk_p334_015_mic1.wav,speech_clean,VCTK via HF jspaulsen/vctk,CC-BY-4.0,48000,3.886,win0.5,1.693,0.5,CLEAR,0.0,0.0,0.0,0.0,0.00016004687569281552,,,,,0.0002812560080409783,2695.3125,-26.2
speech_clean/vctk_p334_015_mic1.wav,speech_clean,VCTK via HF jspaulsen/vctk,CC-BY-4.0,48000,3.886,win0.5,2.539,0.5,CLEAR,0.0,0.0,0.0,0.0,5.535960848225159e-05,,,,,0.00010731080426455686,3726.5625,-26.6
speech_clean/vctk_p334_015_mic1.wav,speech_clean,VCTK via HF jspaulsen/vctk,CC-BY-4.0,48000,3.886,win0.5,3.386,0.5,CLEAR,0.0,0.0,0.0,0.0,9.229419989878037e-05,,,,,0.000146574795628622,3000.0,-32.0
speech_clean/vctk_p334_015_mic1.wav,speech_clean,VCTK via HF jspaulsen/vctk,CC-BY-4.0,48000,3.886,win0.2,0.0,0.2,CLEAR,0.0,0.0,0.0,0.0,0.00010499562682282519,,,,,0.0001715617499732715,2437.5,-32.0
speech_clean/vctk_p334_015_mic1.wav,speech_clean,VCTK via HF jspaulsen/vctk,CC-BY-4.0,48000,3.886,win0.2,0.921,0.2,CLEAR,0.0,0.0,0.0,0.0,3.7542576219764795e-05,,,,,5.627979723062668e-05,3375.0,-28.4
speech_clean/vctk_p334_015_mic1.wav,speech_clean,VCTK via HF jspaulsen/vctk,CC-BY-4.0,48000,3.886,win0.2,1.843,0.2,CLEAR,0.0,0.0,0.0,0.0,0.0004735653073608788,,,,,0.0008601526197976165,2390.625,-27.6
speech_clean/vctk_p334_015_mic1.wav,speech_clean,VCTK via HF jspaulsen/vctk,CC-BY-4.0,48000,3.886,win0.2,2.764,0.2,CLEAR,0.0,0.0,0.0,0.0,1.6644816870741712e-05,,,,,2.0677931532643905e-05,1945.3125,-24.5
speech_clean/vctk_p334_015_mic1.wav,speech_clean,VCTK via HF jspaulsen/vctk,CC-BY-4.0,48000,3.886,win0.2,3.686,0.2,CLEAR,0.0,0.0,0.0,0.0,0.00038248315931695316,,,,,0.00044306594449163125,2437.5,-39.0
speech_clean/vctk_p247_199_mic1.wav,speech_clean,VCTK via HF jspaulsen/vctk,CC-BY-4.0,48000,2.414,full,0.0,2.414,CLEAR,0.0,0.0,0.0,0.2305,8.958584438007463e-05,17.95530193387435,1.7912119016410109,16.16409003223334,15046.875,0.001091680919235038,9843.75,-23.5
speech_clean/vctk_p247_199_mic1.wav,speech_clean,VCTK via HF jspaulsen/vctk,CC-BY-4.0,48000,2.414,win0.5,0.0,0.5,CLEAR,0.0,0.0,0.0,0.0,5.500572320678826e-05,,,,,9.44869880932874e-05,2296.875,-21.3
speech_clean/vctk_p247_199_mic1.wav,speech_clean,VCTK via HF jspaulsen/vctk,CC-BY-4.0,48000,2.414,win0.5,0.638,0.5,CLEAR,0.0,0.0,0.0,0.2598,0.00021198974537690011,16.983692901896752,3.7374992465411534,13.246193655355599,15703.125,0.0017186301287117072,10078.125,-25.4
speech_clean/vctk_p247_199_mic1.wav,speech_clean,VCTK via HF jspaulsen/vctk,CC-BY-4.0,48000,2.414,win0.5,1.276,0.5,CLEAR,0.0,0.0,0.0,0.4414,0.00010168331339461046,21.745656152044788,3.7374992465411534,18.008156905503633,15234.375,0.00196517629525478,11531.25,-23.2
speech_clean/vctk_p247_199_mic1.wav,speech_clean,VCTK via HF jspaulsen/vctk,CC-BY-4.0,48000,2.414,win0.5,1.914,0.5,CLEAR,0.0,0.0,0.0,0.1455,7.126616437935971e-05,22.748245208014776,3.7374992465411534,19.010745961473624,15843.75,0.001347613959999255,9164.0625,-24.4
speech_clean/vctk_p247_199_mic1.wav,speech_clean,VCTK via HF jspaulsen/vctk,CC-BY-4.0,48000,2.414,win0.2,0.0,0.2,CLEAR,0.0,0.0,0.0,0.0,3.2737191656877355e-05,,,,,7.629205506267716e-05,1546.875,-20.7
speech_clean/vctk_p247_199_mic1.wav,speech_clean,VCTK via HF jspaulsen/vctk,CC-BY-4.0,48000,2.414,win0.2,0.553,0.2,CLEAR,0.0,0.0,0.0,0.0,1.5212034439405974e-05,,,,,3.932975798693013e-05,3070.3125,-23.8
speech_clean/vctk_p247_199_mic1.wav,speech_clean,VCTK via HF jspaulsen/vctk,CC-BY-4.0,48000,2.414,win0.2,1.107,0.2,CLEAR,0.0,0.0,0.0,0.1777,0.00011938193099166824,,,,,0.0008543026271600267,9421.875,-25.4
speech_clean/vctk_p247_199_mic1.wav,speech_clean,VCTK via HF jspaulsen/vctk,CC-BY-4.0,48000,2.414,win0.2,1.66,0.2,CLEAR,0.0,0.0,0.0,0.0,6.4784446546347556e-06,,,,,2.3798514808509622e-05,1546.875,-20.7
speech_clean/vctk_p247_199_mic1.wav,speech_clean,VCTK via HF jspaulsen/vctk,CC-BY-4.0,48000,2.414,win0.2,2.214,0.2,CLEAR,0.0,0.0,0.0,0.0,0.00010139652151460548,,,,,0.00013689666054758626,1007.8125,-33.8
speech_clean/vctk_p251_316_mic1.wav,speech_clean,VCTK via HF jspaulsen/vctk,CC-BY-4.0,48000,2.03,full,0.0,2.03,CLEAR,0.0,0.0056,0.0,0.0,0.0005627341758856368,8.464994375441066,1.9434024841197735,6.521591891321292,15421.875,0.0015796110025006157,7476.5625,-23.0
speech_clean/vctk_p251_316_mic1.wav,speech_clean,VCTK via HF jspaulsen/vctk,CC-BY-4.0,48000,2.03,win0.5,0.0,0.5,CLEAR,0.0,0.0202,0.0,0.626,0.002024341045102805,8.938528666717623,3.7374992465411534,5.20102942017647,15421.875,0.00553574040107195,13007.8125,-23.0
speech_clean/vctk_p251_316_mic1.wav,speech_clean,VCTK via HF jspaulsen/vctk,CC-BY-4.0,48000,2.03,win0.5,0.51,0.5,CLEAR,0.0,0.0,0.0,0.0,1.940354193906542e-05,,,,,2.7487125304248046e-05,1570.3125,-25.1
speech_clean/vctk_p251_316_mic1.wav,speech_clean,VCTK via HF jspaulsen/vctk,CC-BY-4.0,48000,2.03,win0.5,1.02,0.5,CLEAR,0.0,0.0,0.0,0.0,0.0001598113594077058,,,,,0.0005251935412924876,2789.0625,-22.7
speech_clean/vctk_p251_316_mic1.wav,speech_clean,VCTK via HF jspaulsen/vctk,CC-BY-4.0,48000,2.03,win0.5,1.53,0.5,CLEAR,0.0,0.0,0.0,0.0,2.0897857903960217e-05,,,,,4.65612224362473e-05,585.9375,-22.1
speech_clean/vctk_p251_316_mic1.wav,speech_clean,VCTK via HF jspaulsen/vctk,CC-BY-4.0,48000,2.03,win0.2,0.0,0.2,CLEAR,0.0,0.0167,0.0,0.5264,0.0016728980348101033,13.274015571225117,5.720926867497834,7.553088703727283,15421.875,0.0043213146879420745,12210.9375,-21.8
speech_clean/vctk_p251_316_mic1.wav,speech_clean,VCTK via HF jspaulsen/vctk,CC-BY-4.0,48000,2.03,win0.2,0.457,0.2,CLEAR,0.0,0.0,0.0,0.0,0.00022956611900598007,17.872285130345215,5.720926867497834,12.151358262847381,15562.5,0.001077514973915926,5906.25,-24.1
speech_clean/vctk_p251_316_mic1.wav,speech_clean,VCTK via HF jspaulsen/vctk,CC-BY-4.0,48000,2.03,win0.2,0.915,0.2,CLEAR,0.0,0.0,0.0,0.0,4.877972092946127e-05,,,,,8.658784283671477e-05,539.0625,-24.5
speech_clean/vctk_p251_316_mic1.wav,speech_clean,VCTK via HF jspaulsen/vctk,CC-BY-4.0,48000,2.03,win0.2,1.372,0.2,CLEAR,0.0,0.0,0.0,0.0,3.628201873657762e-05,,,,,9.396343488868939e-05,2250.0,-21.7
speech_clean/vctk_p251_316_mic1.wav,speech_clean,VCTK via HF jspaulsen/vctk,CC-BY-4.0,48000,2.03,win0.2,1.83,0.2,CLEAR,0.0,0.0,0.0,0.0,8.373959870314737e-05,,,,,0.00010802952553628358,843.75,-32.0
speech_clean/vctk_p247_178_mic1.wav,speech_clean,VCTK via HF jspaulsen/vctk,CC-BY-4.0,48000,2.542,full,0.0,2.542,CLEAR,0.0,0.0,0.0,0.0,1.560854490984639e-05,,,,,0.00010804717328637947,3187.5,-19.8
speech_clean/vctk_p247_178_mic1.wav,speech_clean,VCTK via HF jspaulsen/vctk,CC-BY-4.0,48000,2.542,win0.5,0.0,0.5,CLEAR,0.0,0.0,0.0,0.0,5.8638428306134494e-06,,,,,2.33897505277467e-05,1406.25,-15.5
speech_clean/vctk_p247_178_mic1.wav,speech_clean,VCTK via HF jspaulsen/vctk,CC-BY-4.0,48000,2.542,win0.5,0.51,0.5,CLEAR,0.0,0.0,0.0,0.0,6.609280902419458e-06,,,,,3.249556063828161e-05,2789.0625,-18.4
speech_clean/vctk_p247_178_mic1.wav,speech_clean,VCTK via HF jspaulsen/vctk,CC-BY-4.0,48000,2.542,win0.5,1.021,0.5,CLEAR,0.0,0.0,0.0,0.0,4.4815379984434086e-05,,,,,6.85645017905085e-05,1828.125,-24.0
speech_clean/vctk_p247_178_mic1.wav,speech_clean,VCTK via HF jspaulsen/vctk,CC-BY-4.0,48000,2.542,win0.5,1.531,0.5,CLEAR,0.0,0.0,0.0,0.2188,5.945498534496516e-05,,,,,0.0005151970043470364,9750.0,-24.3
speech_clean/vctk_p247_178_mic1.wav,speech_clean,VCTK via HF jspaulsen/vctk,CC-BY-4.0,48000,2.542,win0.5,2.042,0.5,CLEAR,0.0,0.0,0.0,0.1514,5.615146815081174e-05,23.691012104538856,3.7374992465411534,19.9535128579977,15187.5,0.0013670476981472092,9210.9375,-27.2
speech_clean/vctk_p247_178_mic1.wav,speech_clean,VCTK via HF jspaulsen/vctk,CC-BY-4.0,48000,2.542,win0.2,0.0,0.2,CLEAR,0.0,0.0,0.0,0.0,8.974255710466715e-06,,,,,4.2275828895360754e-05,890.625,-17.0
speech_clean/vctk_p247_178_mic1.wav,speech_clean,VCTK via HF jspaulsen/vctk,CC-BY-4.0,48000,2.542,win0.2,0.585,0.2,CLEAR,0.0,0.0,0.0,0.0,4.526811859967261e-06,,,,,1.5955043526362502e-05,2812.5,-17.6
speech_clean/vctk_p247_178_mic1.wav,speech_clean,VCTK via HF jspaulsen/vctk,CC-BY-4.0,48000,2.542,win0.2,1.171,0.2,CLEAR,0.0,0.0,0.0,0.0,0.00020438101087812282,,,,,0.0003001000585934071,3609.375,-30.7
speech_clean/vctk_p247_178_mic1.wav,speech_clean,VCTK via HF jspaulsen/vctk,CC-BY-4.0,48000,2.542,win0.2,1.756,0.2,CLEAR,0.0,0.0,0.0,0.8223,0.0011550395705051532,20.130018958468465,5.720926867497834,14.409092090970631,15257.8125,0.006200524687820105,14578.125,-33.4
speech_clean/vctk_p247_178_mic1.wav,speech_clean,VCTK via HF jspaulsen/vctk,CC-BY-4.0,48000,2.542,win0.2,2.342,0.2,CLEAR,0.0,0.0,0.0,0.0,4.082324440393314e-05,,,,,4.586493088456746e-05,468.75,-30.4
speech_clean/vctk_p334_007_mic1.wav,speech_clean,VCTK via HF jspaulsen/vctk,CC-BY-4.0,48000,3.374,full,0.0,3.374,CLEAR,0.0,0.0,0.0,0.0,6.793771500518764e-05,,,,,0.00012555277645083567,3351.5625,-28.6
speech_clean/vctk_p334_007_mic1.wav,speech_clean,VCTK via HF jspaulsen/vctk,CC-BY-4.0,48000,3.374,win0.5,0.0,0.5,CLEAR,0.0,0.0,0.0,0.0,3.451665199784749e-05,,,,,5.495662084336376e-05,2179.6875,-24.3
speech_clean/vctk_p334_007_mic1.wav,speech_clean,VCTK via HF jspaulsen/vctk,CC-BY-4.0,48000,3.374,win0.5,0.718,0.5,CLEAR,0.0,0.0,0.0,0.0,6.436796213715714e-05,,,,,0.00017516216939791334,3468.75,-29.1
speech_clean/vctk_p334_007_mic1.wav,speech_clean,VCTK via HF jspaulsen/vctk,CC-BY-4.0,48000,3.374,win0.5,1.437,0.5,CLEAR,0.0,0.0,0.0,0.0,5.2281623346735946e-05,,,,,7.966270859444577e-05,3679.6875,-29.3
speech_clean/vctk_p334_007_mic1.wav,speech_clean,VCTK via HF jspaulsen/vctk,CC-BY-4.0,48000,3.374,win0.5,2.155,0.5,CLEAR,0.0,0.0,0.0,0.0,0.00016550348879187186,,,,,0.0003058806643245111,3351.5625,-31.7
speech_clean/vctk_p334_007_mic1.wav,speech_clean,VCTK via HF jspaulsen/vctk,CC-BY-4.0,48000,3.374,win0.5,2.874,0.5,CLEAR,0.0,0.0,0.0,0.4971,0.001800323988520268,3.7871480466723244,3.7374992465411534,0.04964880013117101,16265.625,0.002621255229420958,11976.5625,-44.5
speech_clean/vctk_p334_007_mic1.wav,speech_clean,VCTK via HF jspaulsen/vctk,CC-BY-4.0,48000,3.374,win0.2,0.0,0.2,CLEAR,0.0,0.0,0.0,0.0,7.205903619338043e-05,,,,,0.00011671366345568646,1851.5625,-24.9
speech_clean/vctk_p334_007_mic1.wav,speech_clean,VCTK via HF jspaulsen/vctk,CC-BY-4.0,48000,3.374,win0.2,0.793,0.2,CLEAR,0.0,0.0,0.0,0.0,0.00010677249872450679,,,,,0.0003104103814345652,3445.3125,-30.4
speech_clean/vctk_p334_007_mic1.wav,speech_clean,VCTK via HF jspaulsen/vctk,CC-BY-4.0,48000,3.374,win0.2,1.587,0.2,CLEAR,0.0,0.0,0.0,0.0,7.228734387495932e-05,,,,,0.00010999381114878998,3656.25,-30.0
speech_clean/vctk_p334_007_mic1.wav,speech_clean,VCTK via HF jspaulsen/vctk,CC-BY-4.0,48000,3.374,win0.2,2.38,0.2,CLEAR,0.0,0.0,0.0,0.0,0.0006316055329417529,9.669796051565289,5.720926867497834,3.948869184067455,18867.1875,0.0012619426783366267,1687.5,-35.0
speech_clean/vctk_p334_007_mic1.wav,speech_clean,VCTK via HF jspaulsen/vctk,CC-BY-4.0,48000,3.374,win0.2,3.174,0.2,CLEAR,0.0,0.0,0.0,0.9014,0.009592806514265523,5.790965799649155,5.720926867497834,0.07003893215132084,19851.5625,0.010801289031365839,15210.9375,-51.3
speech_clean/vctk_p247_144_mic1.wav,speech_clean,VCTK via HF jspaulsen/vctk,CC-BY-4.0,48000,2.254,full,0.0,2.254,CLEAR,0.0,0.0,0.0,0.1104,0.00010010046380331252,,,,,0.00034504390584817404,8882.8125,-21.2
speech_clean/vctk_p247_144_mic1.wav,speech_clean,VCTK via HF jspaulsen/vctk,CC-BY-4.0,48000,2.254,win0.5,0.0,0.5,CLEAR,0.0,0.0,0.0,0.0,1.694977367402871e-05,,,,,4.0901264673555845e-05,3539.0625,-17.7
speech_clean/vctk_p247_144_mic1.wav,speech_clean,VCTK via HF jspaulsen/vctk,CC-BY-4.0,48000,2.254,win0.5,0.585,0.5,CLEAR,0.0,0.0,0.0,0.0,2.744983478093761e-05,,,,,0.00014929313531981012,6773.4375,-22.3
speech_clean/vctk_p247_144_mic1.wav,speech_clean,VCTK via HF jspaulsen/vctk,CC-BY-4.0,48000,2.254,win0.5,1.169,0.5,CLEAR,0.0,0.0068,0.0,0.0,0.0006797532483002167,10.093098608261933,3.7374992465411534,6.355599361720779,18750.0,0.0010824528955718751,3632.8125,-24.6
speech_clean/vctk_p247_144_mic1.wav,speech_clean,VCTK via HF jspaulsen/vctk,CC-BY-4.0,48000,2.254,win0.5,1.754,0.5,CLEAR,0.0,0.0,0.0,0.0,7.563511435815638e-06,,,,,1.5808548194854238e-05,1406.25,-22.8
speech_clean/vctk_p247_144_mic1.wav,speech_clean,VCTK via HF jspaulsen/vctk,CC-BY-4.0,48000,2.254,win0.2,0.0,0.2,CLEAR,0.0,0.0,0.0,0.0,2.529007186264874e-05,,,,,4.851089939408956e-05,3585.9375,-18.0
speech_clean/vctk_p247_144_mic1.wav,speech_clean,VCTK via HF jspaulsen/vctk,CC-BY-4.0,48000,2.254,win0.2,0.513,0.2,CLEAR,0.0,0.0,0.0,0.4414,0.00019006450338497903,19.30303305646993,5.720926867497834,13.582106188972094,15398.4375,0.0015714331339821556,11531.25,-25.6
speech_clean/vctk_p247_144_mic1.wav,speech_clean,VCTK via HF jspaulsen/vctk,CC-BY-4.0,48000,2.254,win0.2,1.027,0.2,CLEAR,0.0,0.0092,0.0,0.8047,0.0009195495073976051,19.354970287311758,5.720926867497834,13.634043419813924,15398.4375,0.00733590625538412,14437.5,-25.3
speech_clean/vctk_p247_144_mic1.wav,speech_clean,VCTK via HF jspaulsen/vctk,CC-BY-4.0,48000,2.254,win0.2,1.54,0.2,CLEAR,0.0,0.0,0.0,0.0,6.949513887888745e-06,,,,,1.095450011884491e-05,3234.375,-21.7
speech_clean/vctk_p247_144_mic1.wav,speech_clean,VCTK via HF jspaulsen/vctk,CC-BY-4.0,48000,2.254,win0.2,2.054,0.2,CLEAR,0.0,0.0,0.0,0.0,2.854880740431479e-05,,,,,3.4379549862764415e-05,1828.125,-28.7
speech_clean/vctk_p251_319_mic1.wav,speech_clean,VCTK via HF jspaulsen/vctk,CC-BY-4.0,48000,3.694,full,0.0,3.694,CLEAR,0.0,0.0,0.0,0.0,6.710788724897593e-05,,,,,0.0002284949778096871,3492.1875,-22.1
speech_clean/vctk_p251_319_mic1.wav,speech_clean,VCTK via HF jspaulsen/vctk,CC-BY-4.0,48000,3.694,win0.5,0.0,0.5,CLEAR,0.0,0.0,0.0,0.0,8.608059033495425e-05,,,,,0.0003988107964685214,5789.0625,-21.3
speech_clean/vctk_p251_319_mic1.wav,speech_clean,VCTK via HF jspaulsen/vctk,CC-BY-4.0,48000,3.694,win0.5,0.798,0.5,CLEAR,0.0,0.0,0.0,0.0,0.0001182674839817058,,,,,0.0003219144846652151,3070.3125,-22.3
speech_clean/vctk_p251_319_mic1.wav,speech_clean,VCTK via HF jspaulsen/vctk,CC-BY-4.0,48000,3.694,win0.5,1.597,0.5,CLEAR,0.0,0.0,0.0,0.0,0.00015607829382606244,,,,,0.00028796552340793066,3000.0,-23.3
speech_clean/vctk_p251_319_mic1.wav,speech_clean,VCTK via HF jspaulsen/vctk,CC-BY-4.0,48000,3.694,win0.5,2.395,0.5,CLEAR,0.0,0.0,0.0,0.0,3.3904894912447626e-05,,,,,0.00012210876982193708,1992.1875,-19.6
speech_clean/vctk_p251_319_mic1.wav,speech_clean,VCTK via HF jspaulsen/vctk,CC-BY-4.0,48000,3.694,win0.5,3.194,0.5,CLEAR,0.0,0.0,0.0,0.0,0.0003686977042902856,11.352645773607614,3.7374992465411534,7.615146527066461,15726.5625,0.0013607295025902296,5039.0625,-33.1
speech_clean/vctk_p251_319_mic1.wav,speech_clean,VCTK via HF jspaulsen/vctk,CC-BY-4.0,48000,3.694,win0.2,0.0,0.2,CLEAR,0.0,0.0,0.0,0.0,1.4463736103863216e-05,,,,,8.055277368865654e-05,914.0625,-19.8
speech_clean/vctk_p251_319_mic1.wav,speech_clean,VCTK via HF jspaulsen/vctk,CC-BY-4.0,48000,3.694,win0.2,0.873,0.2,CLEAR,0.0,0.0,0.0,0.0,0.00011339469718287407,,,,,0.00021423378936063342,1828.125,-21.5
speech_clean/vctk_p251_319_mic1.wav,speech_clean,VCTK via HF jspaulsen/vctk,CC-BY-4.0,48000,3.694,win0.2,1.747,0.2,CLEAR,0.0,0.0,0.0,0.0,5.3555763557150665e-05,,,,,0.00013625467239735997,2625.0,-22.8
speech_clean/vctk_p251_319_mic1.wav,speech_clean,VCTK via HF jspaulsen/vctk,CC-BY-4.0,48000,3.694,win0.2,2.62,0.2,CLEAR,0.0,0.0,0.0,0.0,4.761790428582553e-05,,,,,0.00010935567167406889,1875.0,-19.5
speech_clean/vctk_p251_319_mic1.wav,speech_clean,VCTK via HF jspaulsen/vctk,CC-BY-4.0,48000,3.694,win0.2,3.494,0.2,CLEAR,0.0,0.0,0.0,0.0,0.002786145283483234,5.28858462295707,5.720926867497834,-0.43234224454076386,23015.625,0.003367549587480053,5460.9375,-45.1
speech_clean/vctk_p334_066_mic1.wav,speech_clean,VCTK via HF jspaulsen/vctk,CC-BY-4.0,48000,2.062,full,0.0,2.062,CLEAR,0.0,0.0,0.0,0.0,0.00013558160556796588,,,,,0.0003349571941870864,4546.875,-28.3
speech_clean/vctk_p334_066_mic1.wav,speech_clean,VCTK via HF jspaulsen/vctk,CC-BY-4.0,48000,2.062,win0.5,0.0,0.5,CLEAR,0.0,0.0,0.0,0.0,7.776460439378273e-05,,,,,0.00017582196488661976,3773.4375,-24.8
speech_clean/vctk_p334_066_mic1.wav,speech_clean,VCTK via HF jspaulsen/vctk,CC-BY-4.0,48000,2.062,win0.5,0.521,0.5,CLEAR,0.0,0.0,0.0,0.0,4.738045448188085e-05,,,,,6.65911021541694e-05,2906.25,-28.5
speech_clean/vctk_p334_066_mic1.wav,speech_clean,VCTK via HF jspaulsen/vctk,CC-BY-4.0,48000,2.062,win0.5,1.041,0.5,CLEAR,0.0,0.0,0.0,0.3447,0.0005743765678541567,10.18919843136894,3.7374992465411534,6.4516991848277865,15632.8125,0.0016016677647042374,10757.8125,-31.5
speech_clean/vctk_p334_066_mic1.wav,speech_clean,VCTK via HF jspaulsen/vctk,CC-BY-4.0,48000,2.062,win0.5,1.562,0.5,CLEAR,0.0,0.0,0.0,0.002,0.00022328852773055962,,,,,0.0005738723212589059,8015.625,-32.5
speech_clean/vctk_p334_066_mic1.wav,speech_clean,VCTK via HF jspaulsen/vctk,CC-BY-4.0,48000,2.062,win0.2,0.0,0.2,CLEAR,0.0,0.0,0.0,0.0,3.094097489259708e-05,,,,,6.996698206626895e-05,3468.75,-25.1
speech_clean/vctk_p334_066_mic1.wav,speech_clean,VCTK via HF jspaulsen/vctk,CC-BY-4.0,48000,2.062,win0.2,0.465,0.2,CLEAR,0.0,0.0,0.0,0.0,4.4462790168320256e-05,,,,,6.834820740888305e-05,2953.125,-29.7
speech_clean/vctk_p334_066_mic1.wav,speech_clean,VCTK via HF jspaulsen/vctk,CC-BY-4.0,48000,2.062,win0.2,0.931,0.2,CLEAR,0.0,0.0,0.0,0.0,2.827309189973786e-05,,,,,3.8290783979481805e-05,3632.8125,-28.1
speech_clean/vctk_p334_066_mic1.wav,speech_clean,VCTK via HF jspaulsen/vctk,CC-BY-4.0,48000,2.062,win0.2,1.396,0.2,CLEAR,0.0,0.0,0.0,0.7344,0.002197295663617716,14.082494523179347,5.720926867497834,8.361567655681514,16875.0,0.007257469596044477,13875.0,-38.7
speech_clean/vctk_p334_066_mic1.wav,speech_clean,VCTK via HF jspaulsen/vctk,CC-BY-4.0,48000,2.062,win0.2,1.862,0.2,CLEAR,0.0,0.0,0.0,1.0,0.004855159505595965,13.031249360020974,5.720926867497834,7.31032249252314,16898.4375,0.01685380722306785,16781.25,-46.2
speech_clean/vctk_p251_284_mic1.wav,speech_clean,VCTK via HF jspaulsen/vctk,CC-BY-4.0,48000,3.322,full,0.0,3.322,CLEAR,0.0,0.0018,0.0,0.0,0.00018332716135307215,,,,,0.0009116002325659362,6585.9375,-20.6
speech_clean/vctk_p251_284_mic1.wav,speech_clean,VCTK via HF jspaulsen/vctk,CC-BY-4.0,48000,3.322,win0.5,0.0,0.5,CLEAR,0.0,0.0043,0.0,0.4209,0.00042588053024640056,15.956186478660543,3.7374992465411534,12.21868723211939,15375.0,0.00414542136860219,11367.1875,-20.0
speech_clean/vctk_p251_284_mic1.wav,speech_clean,VCTK via HF jspaulsen/vctk,CC-BY-4.0,48000,3.322,win0.5,0.706,0.5,CLEAR,0.0,0.0,0.0,0.0,7.909504162971716e-05,,,,,0.00029452783407855123,3046.875,-20.7
speech_clean/vctk_p251_284_mic1.wav,speech_clean,VCTK via HF jspaulsen/vctk,CC-BY-4.0,48000,3.322,win0.5,1.411,0.5,CLEAR,0.0,0.0026,0.0,0.0,0.0002590283537474241,,,,,0.0005871614760845716,2015.625,-23.5
speech_clean/vctk_p251_284_mic1.wav,speech_clean,VCTK via HF jspaulsen/vctk,CC-BY-4.0,48000,3.322,win0.5,2.117,0.5,CLEAR,0.0,0.0,0.0,0.0,0.00013874687146380073,,,,,0.00045122573077265195,4734.375,-22.5
speech_clean/vctk_p251_284_mic1.wav,speech_clean,VCTK via HF jspaulsen/vctk,CC-BY-4.0,48000,3.322,win0.5,2.822,0.5,CLEAR,0.0,0.0,0.0,0.043,0.0002937238169102403,16.361102222120422,3.7374992465411534,12.623602975579269,15257.8125,0.0016872713597913306,8343.75,-33.9
speech_clean/vctk_p251_284_mic1.wav,speech_clean,VCTK via HF jspaulsen/vctk,CC-BY-4.0,48000,3.322,win0.2,0.0,0.2,CLEAR,0.0,0.0157,0.0,0.9541,0.0015721755946775818,18.64948310010925,5.720926867497834,12.928556232611417,16218.75,0.0144812250217186,15632.8125,-27.4
speech_clean/vctk_p251_284_mic1.wav,speech_clean,VCTK via HF jspaulsen/vctk,CC-BY-4.0,48000,3.322,win0.2,0.781,0.2,CLEAR,0.0,0.0,0.0,0.0,3.7946611786275416e-06,,,,,2.5095282589639158e-05,2929.6875,-17.5
speech_clean/vctk_p251_284_mic1.wav,speech_clean,VCTK via HF jspaulsen/vctk,CC-BY-4.0,48000,3.322,win0.2,1.561,0.2,CLEAR,0.0,0.0,0.0,0.0,0.00031019342279013656,,,,,0.0007089898152754115,1734.375,-32.2
speech_clean/vctk_p251_284_mic1.wav,speech_clean,VCTK via HF jspaulsen/vctk,CC-BY-4.0,48000,3.322,win0.2,2.342,0.2,CLEAR,0.0,0.0,0.0,0.0,0.00019824008800772974,,,,,0.0004890174980929275,2953.125,-25.7
speech_clean/vctk_p251_284_mic1.wav,speech_clean,VCTK via HF jspaulsen/vctk,CC-BY-4.0,48000,3.322,win0.2,3.122,0.2,CLEAR,0.0,0.0,0.0,0.0,0.0003001787571663814,,,,,0.0005733885942081655,7242.1875,-37.7
environmental/esc_1-21189-A-10.wav,environmental,ESC-50 via HF ashraq/esc50,CC-BY-NC-3.0,44100,5.0,full,0.0,5.0,CLEAR,0.0,0.0,0.0,0.1009,1.7618738051564543e-09,,,,,3.2136059216046304e-09,8807.080078125,-20.9
environmental/esc_1-21189-A-10.wav,environmental,ESC-50 via HF ashraq/esc50,CC-BY-NC-3.0,44100,5.0,win0.5,0.0,0.5,CLEAR,0.0,0.0,0.0,0.1117,2.1861209893777364e-09,,,,,4.029482220225047e-09,8893.212890625,-21.8
environmental/esc_1-21189-A-10.wav,environmental,ESC-50 via HF ashraq/esc50,CC-BY-NC-3.0,44100,5.0,win0.5,1.125,0.5,CLEAR,0.0,0.0,0.0,0.1305,2.0341708974354507e-09,,,,,3.6743748873129258e-09,9043.9453125,-21.7
environmental/esc_1-21189-A-10.wav,environmental,ESC-50 via HF ashraq/esc50,CC-BY-NC-3.0,44100,5.0,win0.5,2.25,0.5,CLEAR,0.0,0.0,0.0,0.0767,1.7310953042913031e-09,,,,,3.100913694877304e-09,8613.28125,-20.7
environmental/esc_1-21189-A-10.wav,environmental,ESC-50 via HF ashraq/esc50,CC-BY-NC-3.0,44100,5.0,win0.5,3.375,0.5,CLEAR,0.0,0.0,0.0,0.1117,1.5149854536903134e-09,,,,,2.6954455037615956e-09,8893.212890625,-20.3
environmental/esc_1-21189-A-10.wav,environmental,ESC-50 via HF ashraq/esc50,CC-BY-NC-3.0,44100,5.0,win0.5,4.5,0.5,CLEAR,0.0,0.0,0.0,0.1305,1.5562082128970614e-09,,,,,2.768190705371676e-09,9043.9453125,-20.4
environmental/esc_1-21189-A-10.wav,environmental,ESC-50 via HF ashraq/esc50,CC-BY-NC-3.0,44100,5.0,win0.2,0.0,0.2,CLEAR,0.0,0.0,0.0,0.1413,1.814255018021321e-09,,,,,3.240390607660722e-09,9130.078125,-20.9
environmental/esc_1-21189-A-10.wav,environmental,ESC-50 via HF ashraq/esc50,CC-BY-NC-3.0,44100,5.0,win0.2,1.2,0.2,CLEAR,0.0,0.0,0.0,0.1359,1.7740654812112296e-09,,,,,3.2773052562726804e-09,9087.01171875,-21.2
environmental/esc_1-21189-A-10.wav,environmental,ESC-50 via HF ashraq/esc50,CC-BY-NC-3.0,44100,5.0,win0.2,2.4,0.2,CLEAR,0.0,0.0,0.0,0.0767,1.743251571796336e-09,,,,,2.9277598148132656e-09,8613.28125,-20.7
environmental/esc_1-21189-A-10.wav,environmental,ESC-50 via HF ashraq/esc50,CC-BY-NC-3.0,44100,5.0,win0.2,3.6,0.2,CLEAR,0.0,0.0,0.0,0.152,1.4259957302971155e-09,,,,,2.6743988816002448e-09,9216.2109375,-20.2
environmental/esc_1-21189-A-10.wav,environmental,ESC-50 via HF ashraq/esc50,CC-BY-NC-3.0,44100,5.0,win0.2,4.8,0.2,CLEAR,0.0,0.0,0.0,0.1063,1.3741573623085996e-09,,,,,2.5038287208674744e-09,8850.146484375,-20.0
environmental/esc_1-56311-A-10.wav,environmental,ESC-50 via HF ashraq/esc50,CC-BY-NC-3.0,44100,5.0,full,0.0,5.0,CLEAR,0.0,0.0,0.0,0.0148,2.934703897350907e-09,,,,,8.279199632270704e-05,8118.017578125,-19.7
environmental/esc_1-56311-A-10.wav,environmental,ESC-50 via HF ashraq/esc50,CC-BY-NC-3.0,44100,5.0,win0.5,0.0,0.5,CLEAR,0.0,0.0,0.0,0.0013,1.992478024465078e-09,,,,,7.299746160838797e-05,8010.3515625,-21.2
environmental/esc_1-56311-A-10.wav,environmental,ESC-50 via HF ashraq/esc50,CC-BY-NC-3.0,44100,5.0,win0.5,1.125,0.5,CLEAR,0.0,0.0,0.0,0.0174,1.177328458311658e-09,,,,,8.952887664148061e-05,8139.55078125,-19.1
environmental/esc_1-56311-A-10.wav,environmental,ESC-50 via HF ashraq/esc50,CC-BY-NC-3.0,44100,5.0,win0.5,2.25,0.5,CLEAR,0.0,0.0,0.0,0.0121,6.855198643731574e-10,,,,,7.255874129021573e-05,8096.484375,-17.0
environmental/esc_1-56311-A-10.wav,environmental,ESC-50 via HF ashraq/esc50,CC-BY-NC-3.0,44100,5.0,win0.5,3.375,0.5,CLEAR,0.0,0.0,0.0,0.0363,1.864618103277952e-09,,,,,8.968591814628572e-05,8290.283203125,-21.0
environmental/esc_1-56311-A-10.wav,environmental,ESC-50 via HF ashraq/esc50,CC-BY-NC-3.0,44100,5.0,win0.5,4.5,0.5,CLEAR,0.0,0.0,0.0,0.0228,1.86605103537905e-09,,,,,0.00011943779305889499,8182.6171875,-20.8
environmental/esc_1-56311-A-10.wav,environmental,ESC-50 via HF ashraq/esc50,CC-BY-NC-3.0,44100,5.0,win0.2,0.0,0.2,CLEAR,0.0,0.0,0.0,0.0,1.937975678458862e-09,,,,,3.9288767063890616e-05,7924.21875,-21.1
environmental/esc_1-56311-A-10.wav,environmental,ESC-50 via HF ashraq/esc50,CC-BY-NC-3.0,44100,5.0,win0.2,1.2,0.2,CLEAR,0.0,0.0,0.0,0.0,1.1075760511488093e-09,,,,,7.321520607794365e-05,7924.21875,-19.0
environmental/esc_1-56311-A-10.wav,environmental,ESC-50 via HF ashraq/esc50,CC-BY-NC-3.0,44100,5.0,win0.2,2.4,0.2,CLEAR,0.0,0.0,0.0,0.0228,5.677802383318793e-10,,,,,9.993027349221787e-05,8182.6171875,-16.6
environmental/esc_1-56311-A-10.wav,environmental,ESC-50 via HF ashraq/esc50,CC-BY-NC-3.0,44100,5.0,win0.2,3.6,0.2,CLEAR,0.0,0.0,0.0,0.0336,2.3555310698282873e-09,,,,,0.00010656423478483226,8268.75,-22.2
environmental/esc_1-56311-A-10.wav,environmental,ESC-50 via HF ashraq/esc50,CC-BY-NC-3.0,44100,5.0,win0.2,4.8,0.2,CLEAR,0.0,0.0,0.0,0.0363,1.3043550908753412e-09,,,,,0.00013032187123584175,8290.283203125,-20.1
environmental/esc_2-102852-A-11.wav,environmental,ESC-50 via HF ashraq/esc50,CC-BY-NC-3.0,44100,5.0,full,0.0,5.0,CLEAR,0.0,0.0,0.0,0.144,1.7130598692431842e-09,,,,,0.00011638262809319113,9151.611328125,-20.8
environmental/esc_2-102852-A-11.wav,environmental,ESC-50 via HF ashraq/esc50,CC-BY-NC-3.0,44100,5.0,win0.5,0.0,0.5,CLEAR,0.0,0.0,0.0,0.1897,1.3474380736018744e-09,,,,,0.0001541652335461017,9517.67578125,-19.9
environmental/esc_2-102852-A-11.wav,environmental,ESC-50 via HF ashraq/esc50,CC-BY-NC-3.0,44100,5.0,win0.5,1.125,0.5,CLEAR,0.0,0.0,0.0,0.1063,2.9784667315987057e-09,,,,,9.97857694926924e-05,8850.146484375,-23.1
environmental/esc_2-102852-A-11.wav,environmental,ESC-50 via HF ashraq/esc50,CC-BY-NC-3.0,44100,5.0,win0.5,2.25,0.5,CLEAR,0.0,0.0,0.0,0.1601,1.2648844787523759e-09,,,,,0.00013186725542990697,9280.810546875,-19.7
environmental/esc_2-102852-A-11.wav,environmental,ESC-50 via HF ashraq/esc50,CC-BY-NC-3.0,44100,5.0,win0.5,3.375,0.5,CLEAR,0.0,0.0,0.0,0.1224,2.38505303034851e-09,,,,,0.00013310309650042912,8979.345703125,-22.2
environmental/esc_2-102852-A-11.wav,environmental,ESC-50 via HF ashraq/esc50,CC-BY-NC-3.0,44100,5.0,win0.5,4.5,0.5,CLEAR,0.0,0.0,0.0,0.1036,1.897586191495061e-09,,,,,5.619056542868965e-05,8828.61328125,-21.4
environmental/esc_2-102852-A-11.wav,environmental,ESC-50 via HF ashraq/esc50,CC-BY-NC-3.0,44100,5.0,win0.2,0.0,0.2,CLEAR,0.0,0.0,0.0,0.2086,1.875353058942546e-09,,,,,0.0001406952645120565,9668.408203125,-21.3
environmental/esc_2-102852-A-11.wav,environmental,ESC-50 via HF ashraq/esc50,CC-BY-NC-3.0,44100,5.0,win0.2,1.2,0.2,CLEAR,0.0,0.0,0.0,0.0928,3.4610049548638533e-09,,,,,0.00011895003962665664,8742.48046875,-23.4
environmental/esc_2-102852-A-11.wav,environmental,ESC-50 via HF ashraq/esc50,CC-BY-NC-3.0,44100,5.0,win0.2,2.4,0.2,CLEAR,0.0,0.0,0.0,0.1305,1.0777054915335411e-09,,,,,9.127800196640554e-05,9043.9453125,-18.5
environmental/esc_2-102852-A-11.wav,environmental,ESC-50 via HF ashraq/esc50,CC-BY-NC-3.0,44100,5.0,win0.2,3.6,0.2,CLEAR,0.0,0.0,0.0,0.1036,2.903443155225574e-09,,,,,0.0001340151017619856,8828.61328125,-22.9
environmental/esc_2-102852-A-11.wav,environmental,ESC-50 via HF ashraq/esc50,CC-BY-NC-3.0,44100,5.0,win0.2,4.8,0.2,CLEAR,0.0,0.0,0.0,0.1009,2.2989750048008135e-09,,,,,7.128925949982044e-05,8807.080078125,-21.9
environmental/esc_1-61252-A-11.wav,environmental,ESC-50 via HF ashraq/esc50,CC-BY-NC-3.0,44100,5.0,full,0.0,5.0,CLEAR,0.0,0.0,0.0,0.1063,1.077650263422856e-09,,,,,0.0002773968693453931,8850.146484375,-18.8
environmental/esc_1-61252-A-11.wav,environmental,ESC-50 via HF ashraq/esc50,CC-BY-NC-3.0,44100,5.0,win0.5,0.0,0.5,CLEAR,0.0,0.0,0.0,0.1601,4.428391399555384e-09,,,,,0.00037160384504502915,9280.810546875,-24.9
environmental/esc_1-61252-A-11.wav,environmental,ESC-50 via HF ashraq/esc50,CC-BY-NC-3.0,44100,5.0,win0.5,1.125,0.5,CLEAR,0.0,0.0,0.0,0.0874,5.934554139149164e-10,,,,,0.00026184030595715176,8699.4140625,-16.2
environmental/esc_1-61252-A-11.wav,environmental,ESC-50 via HF ashraq/esc50,CC-BY-NC-3.0,44100,5.0,win0.5,2.25,0.5,CLEAR,0.0,0.0,0.0,0.144,2.9011840459815096e-09,,,,,0.00032327184565478326,9151.611328125,-23.2
environmental/esc_1-61252-A-11.wav,environmental,ESC-50 via HF ashraq/esc50,CC-BY-NC-3.0,44100,5.0,win0.5,3.375,0.5,CLEAR,0.0,0.0,0.0,0.1197,7.167824074594158e-10,,,,,0.00030950798280500046,8957.8125,-17.1
environmental/esc_1-61252-A-11.wav,environmental,ESC-50 via HF ashraq/esc50,CC-BY-NC-3.0,44100,5.0,win0.5,4.5,0.5,CLEAR,0.0,0.0,0.0,0.1897,3.348492025598173e-09,,,,,0.0003250967120152064,9517.67578125,-23.7
environmental/esc_1-61252-A-11.wav,environmental,ESC-50 via HF ashraq/esc50,CC-BY-NC-3.0,44100,5.0,win0.2,0.0,0.2,CLEAR,0.0,0.0,0.0,0.1978,5.628181861473756e-09,,,,,0.0003596092296841747,9582.275390625,-26.0
environmental/esc_1-61252-A-11.wav,environmental,ESC-50 via HF ashraq/esc50,CC-BY-NC-3.0,44100,5.0,win0.2,1.2,0.2,CLEAR,0.0,0.0,0.0,0.1305,7.878696662868284e-10,,,,,0.00025967384279001674,9043.9453125,-17.6
environmental/esc_1-61252-A-11.wav,environmental,ESC-50 via HF ashraq/esc50,CC-BY-NC-3.0,44100,5.0,win0.2,2.4,0.2,CLEAR,0.0,0.0,0.0,0.1628,3.5115133845332696e-09,,,,,0.0003459411147073283,9302.34375,-23.9
environmental/esc_1-61252-A-11.wav,environmental,ESC-50 via HF ashraq/esc50,CC-BY-NC-3.0,44100,5.0,win0.2,3.6,0.2,CLEAR,0.0,0.0,0.0,0.1628,6.004289652883148e-10,,,,,0.0003505076679854419,9302.34375,-16.3
environmental/esc_1-61252-A-11.wav,environmental,ESC-50 via HF ashraq/esc50,CC-BY-NC-3.0,44100,5.0,win0.2,4.8,0.2,CLEAR,0.0,0.0,0.0,0.2086,5.740795576402143e-09,,,,,0.00036711877738005084,9668.408203125,-26.2
environmental/esc_1-17150-A-12.wav,environmental,ESC-50 via HF ashraq/esc50,CC-BY-NC-3.0,44100,5.0,full,0.0,5.0,CLEAR,0.0,0.0555,0.0,1.0,0.005547742324588171,8.371346044159218,1.3109228490627136,7.060423195096504,15891.50390625,0.021351611948132537,17075.830078125,-30.1
environmental/esc_1-17150-A-12.wav,environmental,ESC-50 via HF ashraq/esc50,CC-BY-NC-3.0,44100,5.0,win0.5,0.0,0.5,CLEAR,0.0,0.2602,0.0,1.0,0.026018724438421684,4.940733883944585,3.8703545627746405,1.0703793211699444,15503.90625,0.055842557015515125,19444.482421875,-38.5
environmental/esc_1-17150-A-12.wav,environmental,ESC-50 via HF ashraq/esc50,CC-BY-NC-3.0,44100,5.0,win0.5,1.125,0.5,CLEAR,0.0,0.0525,0.0,0.9918,0.0052487664235940715,10.38821672025708,3.8703545627746405,6.5178621574824405,15008.642578125,0.014180049897675084,15934.5703125,-29.9
environmental/esc_1-17150-A-12.wav,environmental,ESC-50 via HF ashraq/esc50,CC-BY-NC-3.0,44100,5.0,win0.5,2.25,0.5,CLEAR,0.0,0.1025,0.0,1.0,0.010253521884783318,8.093534107153108,3.8703545627746405,4.223179544378468,15180.908203125,0.02511604610047243,18044.82421875,-33.2
environmental/esc_1-17150-A-12.wav,environmental,ESC-50 via HF ashraq/esc50,CC-BY-NC-3.0,44100,5.0,win0.5,3.375,0.5,CLEAR,0.0,0.1296,0.0,1.0,0.012958200321805237,7.47395975320137,3.8703545627746405,3.60360519042673,15353.173828125,0.03125245271980292,19035.3515625,-26.3
environmental/esc_1-17150-A-12.wav,environmental,ESC-50 via HF ashraq/esc50,CC-BY-NC-3.0,44100,5.0,win0.5,4.5,0.5,CLEAR,0.0,0.0299,0.0,1.0,0.002993405226526648,21.946890060144952,3.8703545627746405,18.076535497370312,15891.50390625,0.04804675727098496,17635.693359375,-30.6
environmental/esc_1-17150-A-12.wav,environmental,ESC-50 via HF ashraq/esc50,CC-BY-NC-3.0,44100,5.0,win0.2,0.0,0.2,CLEAR,0.0,0.3119,0.0,1.0,0.0311854790979777,9.516734110219662,6.003926243331833,3.5128078668878295,17506.494140625,0.06333977754880313,19379.8828125,-45.8
environmental/esc_1-17150-A-12.wav,environmental,ESC-50 via HF ashraq/esc50,CC-BY-NC-3.0,44100,5.0,win0.2,1.2,0.2,CLEAR,0.0,0.0,0.0,0.2086,0.0021617807373008977,17.89649311452044,6.003926243331833,11.892566871188606,18281.689453125,0.004688870032137261,9668.408203125,-36.0
environmental/esc_1-17150-A-12.wav,environmental,ESC-50 via HF ashraq/esc50,CC-BY-NC-3.0,44100,5.0,win0.2,2.4,0.2,CLEAR,0.0,0.1483,0.0,1.0,0.01482738569865226,8.212710393834502,6.003926243331833,2.2087841505026695,15159.375,0.03505759131058153,18604.6875,-31.1
environmental/esc_1-17150-A-12.wav,environmental,ESC-50 via HF ashraq/esc50,CC-BY-NC-3.0,44100,5.0,win0.2,3.6,0.2,CLEAR,0.0,0.1292,0.0,1.0,0.012918832778698233,7.048650655450187,6.003926243331833,1.044724412118354,15331.640625,0.02997402256104664,19035.3515625,-24.2
environmental/esc_1-17150-A-12.wav,environmental,ESC-50 via HF ashraq/esc50,CC-BY-NC-3.0,44100,5.0,win0.2,4.8,0.2,CLEAR,0.0,0.0329,0.0,1.0,0.0032850224796815083,21.373918661816557,6.003926243331833,15.369992418484724,15891.50390625,0.0514914867712817,17657.2265625,-27.0
environmental/esc_3-120644-A-12.wav,environmental,ESC-50 via HF ashraq/esc50,CC-BY-NC-3.0,44100,5.0,full,0.0,5.0,CLEAR,0.0,0.0,0.0,0.3754,0.0006819509313601082,7.03681411626995,1.3109228490627136,5.725891267207237,15137.841796875,0.002649661419014463,11003.466796875,-33.0
environmental/esc_3-120644-A-12.wav,environmental,ESC-50 via HF ashraq/esc50,CC-BY-NC-3.0,44100,5.0,win0.5,0.0,0.5,CLEAR,0.0,0.0,0.0,0.3997,0.0014727280713986337,11.542788441920539,3.8703545627746405,7.672433879145899,15546.97265625,0.0051234400000686065,11197.265625,-31.9
environmental/esc_3-120644-A-12.wav,environmental,ESC-50 via HF ashraq/esc50,CC-BY-NC-3.0,44100,5.0,win0.5,1.125,0.5,CLEAR,0.0,0.0,0.0,0.0,0.00017598114735655824,18.885056721695918,3.8703545627746405,15.014702158921278,16838.96484375,0.0013566839000055835,1808.7890625,-33.6
environmental/esc_3-120644-A-12.wav,environmental,ESC-50 via HF ashraq/esc50,CC-BY-NC-3.0,44100,5.0,win0.5,2.25,0.5,CLEAR,0.0,0.0,0.0,0.0,4.7733643143358445e-08,,,,,0.0001460212236728111,366.064453125,-34.6
environmental/esc_3-120644-A-12.wav,environmental,ESC-50 via HF ashraq/esc50,CC-BY-NC-3.0,44100,5.0,win0.5,3.375,0.5,CLEAR,0.0,0.0,0.0,0.0,5.370737303965718e-08,,,,,0.00019126514353226488,258.3984375,-35.0
environmental/esc_3-120644-A-12.wav,environmental,ESC-50 via HF ashraq/esc50,CC-BY-NC-3.0,44100,5.0,win0.5,4.5,0.5,CLEAR,0.0,0.0136,0.0,0.5961,0.0013578247515418146,7.08295217280264,3.8703545627746405,3.212597610028,15460.83984375,0.004999174305329565,12769.189453125,-31.4
environmental/esc_3-120644-A-12.wav,environmental,ESC-50 via HF ashraq/esc50,CC-BY-NC-3.0,44100,5.0,win0.2,0.0,0.2,CLEAR,0.0,0.0,0.0,0.0,3.0297845857239547e-08,62.69240782416941,6.003926243331833,56.688481580837575,15482.373046875,0.004771656394254402,2347.119140625,-33.1
environmental/esc_3-120644-A-12.wav,environmental,ESC-50 via HF ashraq/esc50,CC-BY-NC-3.0,44100,5.0,win0.2,1.2,0.2,CLEAR,0.0,0.0,0.0,0.2301,0.0008307462931685991,21.570874722405623,6.003926243331833,15.56694847907379,16838.96484375,0.005713389469294066,9840.673828125,-34.8
environmental/esc_3-120644-A-12.wav,environmental,ESC-50 via HF ashraq/esc50,CC-BY-NC-3.0,44100,5.0,win0.2,2.4,0.2,CLEAR,0.0,0.0,0.0,0.0,4.543516785243724e-08,,,,,0.00015392495024384541,366.064453125,-34.9
environmental/esc_3-120644-A-12.wav,environmental,ESC-50 via HF ashraq/esc50,CC-BY-NC-3.0,44100,5.0,win0.2,3.6,0.2,CLEAR,0.0,0.0,0.0,0.0,4.882281865935211e-08,,,,,0.00013164473605748454,236.865234375,-35.4
environmental/esc_3-120644-A-12.wav,environmental,ESC-50 via HF ashraq/esc50,CC-BY-NC-3.0,44100,5.0,win0.2,4.8,0.2,CLEAR,0.0,0.0251,0.0,0.7792,0.0025149810303344536,7.167665495524353,6.003926243331833,1.1637392521925198,15460.83984375,0.009230428311928005,14233.447265625,-30.3
environmental/esc_1-51035-A-16.wav,environmental,ESC-50 via HF ashraq/esc50,CC-BY-NC-3.0,44100,5.0,full,0.0,5.0,CLEAR,0.0,0.0,0.0,0.0,0.0002211586135660471,2.0234585268068934,1.3109228490627136,0.7125356777441798,18023.291015625,0.0012559060468787361,2713.18359375,-32.7
environmental/esc_1-51035-A-16.wav,environmental,ESC-50 via HF ashraq/esc50,CC-BY-NC-3.0,44100,5.0,win0.5,0.0,0.5,CLEAR,0.0,0.0,0.0,0.0,0.0002400675970824174,6.4244422185373065,3.8703545627746405,2.554087655762666,17657.2265625,0.0014235407971149912,2368.65234375,-33.0
environmental/esc_1-51035-A-16.wav,environmental,ESC-50 via HF ashraq/esc50,CC-BY-NC-3.0,44100,5.0,win0.5,1.125,0.5,CLEAR,0.0,0.0,0.0,0.0,0.00018790110612529543,8.1574112822233,3.8703545627746405,4.28705671944866,18238.623046875,0.0013114182068588967,2734.716796875,-33.0
environmental/esc_1-51035-A-16.wav,environmental,ESC-50 via HF ashraq/esc50,CC-BY-NC-3.0,44100,5.0,win0.5,2.25,0.5,CLEAR,0.0,0.0,0.0,0.0,0.0001691400155767363,8.010408280519925,3.8703545627746405,4.140053717745285,17269.62890625,0.0010547176065058182,3014.6484375,-32.5
environmental/esc_1-51035-A-16.wav,environmental,ESC-50 via HF ashraq/esc50,CC-BY-NC-3.0,44100,5.0,win0.5,3.375,0.5,CLEAR,0.0,0.0,0.0,0.0,0.00026369820988142423,6.094398373581784,3.8703545627746405,2.2240438108071436,18044.82421875,0.0013981616128182727,2777.783203125,-32.8
environmental/esc_1-51035-A-16.wav,environmental,ESC-50 via HF ashraq/esc50,CC-BY-NC-3.0,44100,5.0,win0.5,4.5,0.5,CLEAR,0.0,0.0,0.0,0.0,0.0002096495718321375,5.918591844235913,3.8703545627746405,2.048237281461273,16042.236328125,0.0013192207075628656,2885.44921875,-33.0
environmental/esc_1-51035-A-16.wav,environmental,ESC-50 via HF ashraq/esc50,CC-BY-NC-3.0,44100,5.0,win0.2,0.0,0.2,CLEAR,0.0,0.0,0.0,0.0,0.00023548817679903074,10.792301720694237,6.003926243331833,4.788375477362404,17872.55859375,0.0013336403424838673,2347.119140625,-32.9
environmental/esc_1-51035-A-16.wav,environmental,ESC-50 via HF ashraq/esc50,CC-BY-NC-3.0,44100,5.0,win0.2,1.2,0.2,CLEAR,0.0,0.0,0.0,0.0,8.474648148674708e-05,16.899816794819774,6.003926243331833,10.895890551487941,17743.359375,0.0010428269180112791,2670.1171875,-33.1
environmental/esc_1-51035-A-16.wav,environmental,ESC-50 via HF ashraq/esc50,CC-BY-NC-3.0,44100,5.0,win0.2,2.4,0.2,CLEAR,0.0,0.0,0.0,0.0,0.00013357200439708194,,,,,0.0008976321259729314,3229.98046875,-32.5
environmental/esc_1-51035-A-16.wav,environmental,ESC-50 via HF ashraq/esc50,CC-BY-NC-3.0,44100,5.0,win0.2,3.6,0.2,CLEAR,0.0,0.0,0.0,0.0,0.00021937507344191572,10.802569689744688,6.003926243331833,4.798643446412855,15956.103515625,0.001248202282645123,2670.1171875,-32.5
environmental/esc_1-51035-A-16.wav,environmental,ESC-50 via HF ashraq/esc50,CC-BY-NC-3.0,44100,5.0,win0.2,4.8,0.2,CLEAR,0.0,0.0,0.0,0.0,0.0002035580556032555,10.504628292082865,6.003926243331833,4.500702048751032,17571.09375,0.0012820631964314555,2648.583984375,-32.9
environmental/esc_2-104952-A-16.wav,environmental,ESC-50 via HF ashraq/esc50,CC-BY-NC-3.0,44100,5.0,full,0.0,5.0,CLEAR,0.0,0.0,0.0,0.0,2.7377339931438844e-08,,,,,3.7441904804403198e-06,1162.79296875,-32.3
environmental/esc_2-104952-A-16.wav,environmental,ESC-50 via HF ashraq/esc50,CC-BY-NC-3.0,44100,5.0,win0.5,0.0,0.5,CLEAR,0.0,0.0,0.0,0.0,6.347915873322037e-08,,,,,9.965323141433756e-06,2627.05078125,-35.7
environmental/esc_2-104952-A-16.wav,environmental,ESC-50 via HF ashraq/esc50,CC-BY-NC-3.0,44100,5.0,win0.5,1.125,0.5,CLEAR,0.0,0.0,0.0,0.0,3.8498920728265455e-08,,,,,5.994172274934491e-06,1571.923828125,-33.8
environmental/esc_2-104952-A-16.wav,environmental,ESC-50 via HF ashraq/esc50,CC-BY-NC-3.0,44100,5.0,win0.5,2.25,0.5,CLEAR,0.0,0.0,0.0,0.0,6.098608907972115e-08,,,,,7.272607922958488e-06,2605.517578125,-35.5
environmental/esc_2-104952-A-16.wav,environmental,ESC-50 via HF ashraq/esc50,CC-BY-NC-3.0,44100,5.0,win0.5,3.375,0.5,CLEAR,0.0,0.0,0.0,0.0,8.555662463489883e-09,,,,,1.2639662264334064e-06,775.1953125,-27.9
environmental/esc_2-104952-A-16.wav,environmental,ESC-50 via HF ashraq/esc50,CC-BY-NC-3.0,44100,5.0,win0.5,4.5,0.5,CLEAR,0.0,0.0,0.0,0.0,2.244772090642361e-08,,,,,2.3187109083239788e-06,947.4609375,-31.6
environmental/esc_2-104952-A-16.wav,environmental,ESC-50 via HF ashraq/esc50,CC-BY-NC-3.0,44100,5.0,win0.2,0.0,0.2,CLEAR,0.0,0.0,0.0,0.0,5.443080443268898e-08,,,,,9.010428207122914e-06,2390.185546875,-35.5
environmental/esc_2-104952-A-16.wav,environmental,ESC-50 via HF ashraq/esc50,CC-BY-NC-3.0,44100,5.0,win0.2,1.2,0.2,CLEAR,0.0,0.0,0.0,0.0,3.687966922494196e-08,,,,,5.321133485113729e-06,1291.9921875,-33.8
environmental/esc_2-104952-A-16.wav,environmental,ESC-50 via HF ashraq/esc50,CC-BY-NC-3.0,44100,5.0,win0.2,2.4,0.2,CLEAR,0.0,0.0,0.0,0.0,7.086924343582847e-08,,,,,7.163147741128679e-06,2670.1171875,-36.0
environmental/esc_2-104952-A-16.wav,environmental,ESC-50 via HF ashraq/esc50,CC-BY-NC-3.0,44100,5.0,win0.2,3.6,0.2,CLEAR,0.0,0.0,0.0,0.0,6.7154492153761115e-09,,,,,1.0878446132169913e-06,732.12890625,-26.4
environmental/esc_2-104952-A-16.wav,environmental,ESC-50 via HF ashraq/esc50,CC-BY-NC-3.0,44100,5.0,win0.2,4.8,0.2,CLEAR,0.0,0.0,0.0,0.0,3.00871325064468e-08,,,,,2.8671961408047883e-06,1076.66015625,-33.1
environmental/esc_3-103599-B-25.wav,environmental,ESC-50 via HF ashraq/esc50,CC-BY-NC-3.0,44100,5.0,full,0.0,5.0,CLEAR,0.0,0.0,0.0,0.4777,1.2782036041037211e-08,,,,,0.0005536260532188927,11821.728515625,-26.9
environmental/esc_3-103599-B-25.wav,environmental,ESC-50 via HF ashraq/esc50,CC-BY-NC-3.0,44100,5.0,win0.5,0.0,0.5,CLEAR,0.0,0.0,0.0,0.0874,6.515065541397231e-09,,,,,0.0001900711713974344,8699.4140625,-24.3
environmental/esc_3-103599-B-25.wav,environmental,ESC-50 via HF ashraq/esc50,CC-BY-NC-3.0,44100,5.0,win0.5,1.125,0.5,CLEAR,0.0,0.0,0.0,0.0,1.3087434674341984e-08,,,,,0.0002747349920104783,7945.751953125,-25.1
environmental/esc_3-103599-B-25.wav,environmental,ESC-50 via HF ashraq/esc50,CC-BY-NC-3.0,44100,5.0,win0.5,2.25,0.5,CLEAR,0.0,0.0,0.0,0.0,8.539442442348438e-09,,,,,6.699429237608407e-05,5017.236328125,-25.9
environmental/esc_3-103599-B-25.wav,environmental,ESC-50 via HF ashraq/esc50,CC-BY-NC-3.0,44100,5.0,win0.5,3.375,0.5,CLEAR,0.0,0.0,0.0,0.6957,1.81111070563087e-08,59.16796647732349,3.8703545627746405,55.297611914548845,15051.708984375,0.0011739283473049227,13565.91796875,-29.2
environmental/esc_3-103599-B-25.wav,environmental,ESC-50 via HF ashraq/esc50,CC-BY-NC-3.0,44100,5.0,win0.5,4.5,0.5,CLEAR,0.0,0.0,0.0,0.397,2.8995959640485608e-08,,,,,0.0005818757566257793,11175.732421875,-29.3
environmental/esc_3-103599-B-25.wav,environmental,ESC-50 via HF ashraq/esc50,CC-BY-NC-3.0,44100,5.0,win0.2,0.0,0.2,CLEAR,0.0,0.0,0.0,0.0,7.513949023416789e-09,,,,,0.00021586266892752168,7536.62109375,-23.2
environmental/esc_3-103599-B-25.wav,environmental,ESC-50 via HF ashraq/esc50,CC-BY-NC-3.0,44100,5.0,win0.2,1.2,0.2,CLEAR,0.0,0.0,0.0,0.3243,1.8409549226342353e-08,,,,,0.0006535436367850678,10594.3359375,-28.3
environmental/esc_3-103599-B-25.wav,environmental,ESC-50 via HF ashraq/esc50,CC-BY-NC-3.0,44100,5.0,win0.2,2.4,0.2,CLEAR,0.0,0.0,0.0,0.0,1.0782393027840499e-08,,,,,0.00014590814684632447,6309.228515625,-26.2
environmental/esc_3-103599-B-25.wav,environmental,ESC-50 via HF ashraq/esc50,CC-BY-NC-3.0,44100,5.0,win0.2,3.6,0.2,CLEAR,0.0,0.0,0.0,0.2301,1.7301984949079764e-08,,,,,0.00023380182545799585,9840.673828125,-28.1
environmental/esc_3-103599-B-25.wav,environmental,ESC-50 via HF ashraq/esc50,CC-BY-NC-3.0,44100,5.0,win0.2,4.8,0.2,CLEAR,0.0,0.0,0.0,0.0,2.799659637314579e-08,,,,,9.388016351058414e-05,6718.359375,-27.0
environmental/esc_2-209476-A-25.wav,environmental,ESC-50 via HF ashraq/esc50,CC-BY-NC-3.0,44100,5.0,full,0.0,5.0,CLEAR,0.0,0.0,0.0,0.0,2.7206249447550747e-05,,,,,0.00024415260841657003,7945.751953125,-25.0
environmental/esc_2-209476-A-25.wav,environmental,ESC-50 via HF ashraq/esc50,CC-BY-NC-3.0,44100,5.0,win0.5,0.0,0.5,CLEAR,0.0,0.0,0.0,0.0,2.3405525115865047e-05,,,,,0.00012515390144417828,5318.701171875,-20.7
environmental/esc_2-209476-A-25.wav,environmental,ESC-50 via HF ashraq/esc50,CC-BY-NC-3.0,44100,5.0,win0.5,1.125,0.5,CLEAR,0.0,0.0,0.0,0.2059,7.785053736721469e-05,,,,,0.0007485398945162181,9646.875,-27.2
environmental/esc_2-209476-A-25.wav,environmental,ESC-50 via HF ashraq/esc50,CC-BY-NC-3.0,44100,5.0,win0.5,2.25,0.5,CLEAR,0.0,0.0,0.0,0.2005,1.73482387007941e-05,,,,,0.00014735624490627646,9603.80859375,-26.3
environmental/esc_2-209476-A-25.wav,environmental,ESC-50 via HF ashraq/esc50,CC-BY-NC-3.0,44100,5.0,win0.5,3.375,0.5,CLEAR,0.0,0.0,0.0,0.0,9.364603290192854e-06,,,,,0.00014722947177425364,6136.962890625,-24.2
environmental/esc_2-209476-A-25.wav,environmental,ESC-50 via HF ashraq/esc50,CC-BY-NC-3.0,44100,5.0,win0.5,4.5,0.5,CLEAR,0.0,0.0,0.0,0.0,3.7467467780753144e-05,,,,,0.00034762098429894664,3596.044921875,-33.3
environmental/esc_2-209476-A-25.wav,environmental,ESC-50 via HF ashraq/esc50,CC-BY-NC-3.0,44100,5.0,win0.2,0.0,0.2,CLEAR,0.0,0.0,0.0,0.0847,8.608081674224431e-05,,,,,0.0006099371506057794,8677.880859375,-28.2
environmental/esc_2-209476-A-25.wav,environmental,ESC-50 via HF ashraq/esc50,CC-BY-NC-3.0,44100,5.0,win0.2,1.2,0.2,CLEAR,0.0,0.0,0.0,0.0,1.8147420805602926e-05,,,,,0.00025205887412500967,7687.353515625,-25.2
environmental/esc_2-209476-A-25.wav,environmental,ESC-50 via HF ashraq/esc50,CC-BY-NC-3.0,44100,5.0,win0.2,2.4,0.2,CLEAR,0.0,0.0,0.0,0.1628,5.467383691847464e-06,,,,,5.166475823693745e-05,9302.34375,-22.7
environmental/esc_2-209476-A-25.wav,environmental,ESC-50 via HF ashraq/esc50,CC-BY-NC-3.0,44100,5.0,win0.2,3.6,0.2,CLEAR,0.0,0.0,0.0,0.903,0.0010780365223038303,12.61898948960955,6.003926243331833,6.6150632462777175,16236.03515625,0.011522134758625768,15223.974609375,-39.0
environmental/esc_2-209476-A-25.wav,environmental,ESC-50 via HF ashraq/esc50,CC-BY-NC-3.0,44100,5.0,win0.2,4.8,0.2,CLEAR,0.0,0.0,0.0,0.4212,0.0005221118513997369,12.395192859889633,6.003926243331833,6.3912666165578,17161.962890625,0.003968550873218196,11369.53125,-39.1
environmental/esc_1-101296-A-19.wav,environmental,ESC-50 via HF ashraq/esc50,CC-BY-NC-3.0,44100,5.0,full,0.0,5.0,CLEAR,0.0,0.0,0.0,0.0,1.953994531268187e-06,,,,,7.599989615898583e-05,796.728515625,-39.2
environmental/esc_1-101296-A-19.wav,environmental,ESC-50 via HF ashraq/esc50,CC-BY-NC-3.0,44100,5.0,win0.5,0.0,0.5,CLEAR,0.0,0.0,0.0,0.0,4.442256473237257e-06,,,,,0.0001295204955260692,1098.193359375,-41.6
environmental/esc_1-101296-A-19.wav,environmental,ESC-50 via HF ashraq/esc50,CC-BY-NC-3.0,44100,5.0,win0.5,1.125,0.5,CLEAR,0.0,0.0,0.0,0.0,8.65482588283498e-07,,,,,2.2136736392114122e-05,732.12890625,-32.2
environmental/esc_1-101296-A-19.wav,environmental,ESC-50 via HF ashraq/esc50,CC-BY-NC-3.0,44100,5.0,win0.5,2.25,0.5,CLEAR,0.0,0.0,0.0,0.0,3.650030272047425e-06,,,,,0.0003353847602432643,3251.513671875,-45.4
environmental/esc_1-101296-A-19.wav,environmental,ESC-50 via HF ashraq/esc50,CC-BY-NC-3.0,44100,5.0,win0.5,3.375,0.5,CLEAR,0.0,0.0,0.0,0.0,4.03474876127299e-06,,,,,0.00020484098780606635,2088.720703125,-44.0
environmental/esc_1-101296-A-19.wav,environmental,ESC-50 via HF ashraq/esc50,CC-BY-NC-3.0,44100,5.0,win0.5,4.5,0.5,CLEAR,0.0,0.0,0.0,0.0,4.7189374024524e-06,,,,,0.0004218689472851332,4457.373046875,-46.6
environmental/esc_1-101296-A-19.wav,environmental,ESC-50 via HF ashraq/esc50,CC-BY-NC-3.0,44100,5.0,win0.2,0.0,0.2,CLEAR,0.0,0.0,0.0,0.0,6.53833754256018e-06,,,,,0.00035344858712151066,4478.90625,-46.6
environmental/esc_1-101296-A-19.wav,environmental,ESC-50 via HF ashraq/esc50,CC-BY-NC-3.0,44100,5.0,win0.2,1.2,0.2,CLEAR,0.0,0.0,0.0,0.0,6.079575727702491e-07,,,,,1.25423963855705e-05,732.12890625,-30.9
environmental/esc_1-101296-A-19.wav,environmental,ESC-50 via HF ashraq/esc50,CC-BY-NC-3.0,44100,5.0,win0.2,2.4,0.2,CLEAR,0.0,0.0,0.0,0.0,4.116962688663806e-06,,,,,0.0003034095397405935,2605.517578125,-45.4
environmental/esc_1-101296-A-19.wav,environmental,ESC-50 via HF ashraq/esc50,CC-BY-NC-3.0,44100,5.0,win0.2,3.6,0.2,CLEAR,0.0,0.0,0.0,0.0,4.172575717134106e-06,,,,,0.00019876954377923977,2304.052734375,-43.5
environmental/esc_1-101296-A-19.wav,environmental,ESC-50 via HF ashraq/esc50,CC-BY-NC-3.0,44100,5.0,win0.2,4.8,0.2,CLEAR,0.0,0.0,0.0,0.0,7.118973327341396e-06,,,,,0.0005750828719013405,4608.10546875,-48.7
environmental/esc_3-103051-B-19.wav,environmental,ESC-50 via HF ashraq/esc50,CC-BY-NC-3.0,44100,5.0,full,0.0,5.0,CLEAR,0.0,0.0,0.0,0.0,1.1383743635115619e-05,,,,,2.508055883213681e-05,581.396484375,-30.4
environmental/esc_3-103051-B-19.wav,environmental,ESC-50 via HF ashraq/esc50,CC-BY-NC-3.0,44100,5.0,win0.5,0.0,0.5,CLEAR,0.0,0.0,0.0,0.5746,0.003286447569977757,12.6160047872588,3.8703545627746405,8.74565022448416,18712.353515625,0.0070522324246002285,12596.923828125,-47.9
environmental/esc_3-103051-B-19.wav,environmental,ESC-50 via HF ashraq/esc50,CC-BY-NC-3.0,44100,5.0,win0.5,1.125,0.5,CLEAR,0.0,0.0,0.0,0.7307,0.0039956034264139444,12.919755122157264,3.8703545627746405,9.049400559382624,18712.353515625,0.008642250170330011,13845.849609375,-48.2
environmental/esc_3-103051-B-19.wav,environmental,ESC-50 via HF ashraq/esc50,CC-BY-NC-3.0,44100,5.0,win0.5,2.25,0.5,CLEAR,0.0,0.0,0.0,0.1682,0.002106738885070416,13.138545899177814,3.8703545627746405,9.268191336403174,18712.353515625,0.00457338602321006,9345.41015625,-47.6
environmental/esc_3-103051-B-19.wav,environmental,ESC-50 via HF ashraq/esc50,CC-BY-NC-3.0,44100,5.0,win0.5,3.375,0.5,CLEAR,0.0,0.0,0.0,0.0,2.009357060016039e-06,,,,,4.697373685200455e-06,581.396484375,-23.4
environmental/esc_3-103051-B-19.wav,environmental,ESC-50 via HF ashraq/esc50,CC-BY-NC-3.0,44100,5.0,win0.5,4.5,0.5,CLEAR,0.0,0.0,0.0,0.0,1.4693067266574111e-05,,,,,3.0496812506281705e-05,645.99609375,-31.1
environmental/esc_3-103051-B-19.wav,environmental,ESC-50 via HF ashraq/esc50,CC-BY-NC-3.0,44100,5.0,win0.2,0.0,0.2,CLEAR,0.0,0.0,0.0,0.5046,0.0033483317108627783,14.753700332631434,6.003926243331833,8.749774089299601,18712.353515625,0.006958477004233678,12037.060546875,-47.7
environmental/esc_3-103051-B-19.wav,environmental,ESC-50 via HF ashraq/esc50,CC-BY-NC-3.0,44100,5.0,win0.2,1.2,0.2,CLEAR,0.0,0.0,0.0,0.8842,0.004352464126740435,11.797612977719893,6.003926243331833,5.793686734388061,18712.353515625,0.010171434660997453,15073.2421875,-48.4
environmental/esc_3-103051-B-19.wav,environmental,ESC-50 via HF ashraq/esc50,CC-BY-NC-3.0,44100,5.0,win0.2,2.4,0.2,CLEAR,0.0,0.0,0.0,0.6069,0.0033621339472458774,13.582611007239509,6.003926243331833,7.578684763907676,18712.353515625,0.007284543333361977,12855.322265625,-48.1
environmental/esc_3-103051-B-19.wav,environmental,ESC-50 via HF ashraq/esc50,CC-BY-NC-3.0,44100,5.0,win0.2,3.6,0.2,CLEAR,0.0,0.0,0.0,0.0,2.083061076395296e-06,,,,,4.733919682788422e-06,559.86328125,-23.6
environmental/esc_3-103051-B-19.wav,environmental,ESC-50 via HF ashraq/esc50,CC-BY-NC-3.0,44100,5.0,win0.2,4.8,0.2,CLEAR,0.0,0.0,0.0,0.0,2.2872398485487358e-05,,,,,4.8724748789864596e-05,645.99609375,-32.5
hf_natural/esc_2-110613-A-13.wav,hf_natural,ESC-50 via HF ashraq/esc50,CC-BY-NC-3.0,44100,5.0,full,0.0,5.0,CLEAR,0.0,0.0036,0.0,0.7953,0.00036352256936170353,11.52795564638372,1.3109228490627136,10.217032797321007,15073.2421875,0.005506919031071964,14362.646484375,-19.1
hf_natural/esc_2-110613-A-13.wav,hf_natural,ESC-50 via HF ashraq/esc50,CC-BY-NC-3.0,44100,5.0,win0.5,0.0,0.5,CLEAR,0.0,0.003,0.0,0.7926,0.0003032520463093303,16.110158534455927,3.8703545627746405,12.239803971681287,15073.2421875,0.005727819933808841,14341.11328125,-19.0
hf_natural/esc_2-110613-A-13.wav,hf_natural,ESC-50 via HF ashraq/esc50,CC-BY-NC-3.0,44100,5.0,win0.5,1.125,0.5,CLEAR,0.0,0.0045,0.0,0.8007,0.00044571008079389733,14.498590974089009,3.8703545627746405,10.628236411314369,15159.375,0.0063397660699502055,14405.712890625,-19.3
hf_natural/esc_2-110613-A-13.wav,hf_natural,ESC-50 via HF ashraq/esc50,CC-BY-NC-3.0,44100,5.0,win0.5,2.25,0.5,CLEAR,0.0,0.0028,0.0,0.7765,0.0002844718010960732,13.557560798730437,3.8703545627746405,9.687206235955797,15525.439453125,0.004329216967316388,14211.9140625,-18.8
hf_natural/esc_2-110613-A-13.wav,hf_natural,ESC-50 via HF ashraq/esc50,CC-BY-NC-3.0,44100,5.0,win0.5,3.375,0.5,CLEAR,0.0,0.0047,0.0,0.8061,0.00046790263580371303,12.793515538805984,3.8703545627746405,8.923160976031344,15116.30859375,0.006279821264326569,14448.779296875,-19.0
hf_natural/esc_2-110613-A-13.wav,hf_natural,ESC-50 via HF ashraq/esc50,CC-BY-NC-3.0,44100,5.0,win0.5,4.5,0.5,CLEAR,0.0,0.0026,0.0,0.7953,0.00026295851057191356,14.965934269144638,3.8703545627746405,11.095579706369998,15094.775390625,0.00551056922181337,14362.646484375,-18.9
hf_natural/esc_2-110613-A-13.wav,hf_natural,ESC-50 via HF ashraq/esc50,CC-BY-NC-3.0,44100,5.0,win0.2,0.0,0.2,CLEAR,0.0,0.0029,0.0,0.7899,0.00029434371274928074,17.919911793487305,6.003926243331833,11.915985550155472,15094.775390625,0.005072010387297575,14319.580078125,-19.2
hf_natural/esc_2-110613-A-13.wav,hf_natural,ESC-50 via HF ashraq/esc50,CC-BY-NC-3.0,44100,5.0,win0.2,1.2,0.2,CLEAR,0.0,0.0037,0.0,0.7953,0.0003666267491976683,16.20445603122881,6.003926243331833,10.200529787896976,15353.173828125,0.005205041915719166,14362.646484375,-19.5
hf_natural/esc_2-110613-A-13.wav,hf_natural,ESC-50 via HF ashraq/esc50,CC-BY-NC-3.0,44100,5.0,win0.2,2.4,0.2,CLEAR,0.0,0.0036,0.0,0.7684,0.00035894902317719677,16.012273251184524,6.003926243331833,10.008347007852691,15805.37109375,0.0037598952625804514,14147.314453125,-17.7
hf_natural/esc_2-110613-A-13.wav,hf_natural,ESC-50 via HF ashraq/esc50,CC-BY-NC-3.0,44100,5.0,win0.2,3.6,0.2,CLEAR,0.0,0.0042,0.0,0.8115,0.0004198125081657061,15.273298328170315,6.003926243331833,9.269372084838482,16149.90234375,0.00639321144716275,14491.845703125,-18.3
hf_natural/esc_2-110613-A-13.wav,hf_natural,ESC-50 via HF ashraq/esc50,CC-BY-NC-3.0,44100,5.0,win0.2,4.8,0.2,CLEAR,0.0,0.003,0.0,0.798,0.0003027008051189145,15.945353863779161,6.003926243331833,9.941427620447328,15094.775390625,0.005747799312250437,14384.1796875,-18.5
hf_natural/esc_2-80844-A-13.wav,hf_natural,ESC-50 via HF ashraq/esc50,CC-BY-NC-3.0,44100,5.0,full,0.0,5.0,CLEAR,0.0,0.0,0.0,0.5369,1.5143614642011795e-05,,,,,0.0008627908157605366,12295.458984375,-41.9
hf_natural/esc_2-80844-A-13.wav,hf_natural,ESC-50 via HF ashraq/esc50,CC-BY-NC-3.0,44100,5.0,win0.5,0.0,0.5,CLEAR,0.0,0.0,0.0,0.5719,5.3188806774052796e-05,20.943979192247575,3.8703545627746405,17.073624629472935,15719.23828125,0.0014756872197189805,12575.390625,-43.7
hf_natural/esc_2-80844-A-13.wav,hf_natural,ESC-50 via HF ashraq/esc50,CC-BY-NC-3.0,44100,5.0,win0.5,1.125,0.5,CLEAR,0.0,0.0,0.0,0.6527,4.930333064810744e-05,28.875168994418306,3.8703545627746405,25.004814431643666,15030.17578125,0.0023069169318026624,13221.38671875,-45.6
hf_natural/esc_2-80844-A-13.wav,hf_natural,ESC-50 via HF ashraq/esc50,CC-BY-NC-3.0,44100,5.0,win0.5,2.25,0.5,CLEAR,0.0,0.0,0.0,0.5558,1.3147032542428763e-05,,,,,0.0009232977878389635,12446.19140625,-41.8
hf_natural/esc_2-80844-A-13.wav,hf_natural,ESC-50 via HF ashraq/esc50,CC-BY-NC-3.0,44100,5.0,win0.5,3.375,0.5,CLEAR,0.0,0.0,0.0,0.51,8.855579622816292e-06,,,,,0.0005684638761497782,12080.126953125,-40.7
hf_natural/esc_2-80844-A-13.wav,hf_natural,ESC-50 via HF ashraq/esc50,CC-BY-NC-3.0,44100,5.0,win0.5,4.5,0.5,CLEAR,0.0,0.0,0.0,0.4723,3.6569542682324034e-06,,,,,0.00035992384632956253,11778.662109375,-40.1
hf_natural/esc_2-80844-A-13.wav,hf_natural,ESC-50 via HF ashraq/esc50,CC-BY-NC-3.0,44100,5.0,win0.2,0.0,0.2,CLEAR,0.0,0.0,0.0,0.4992,3.273721624790593e-05,,,,,0.0007158579422077924,11993.994140625,-42.8
hf_natural/esc_2-80844-A-13.wav,hf_natural,ESC-50 via HF ashraq/esc50,CC-BY-NC-3.0,44100,5.0,win0.2,1.2,0.2,CLEAR,0.0,0.0,0.0,0.7926,0.0001017197978176239,34.21675754884219,6.003926243331833,28.212831305510356,15030.17578125,0.005567670717187974,14341.11328125,-49.4
hf_natural/esc_2-80844-A-13.wav,hf_natural,ESC-50 via HF ashraq/esc50,CC-BY-NC-3.0,44100,5.0,win0.2,2.4,0.2,CLEAR,0.0,0.0,0.0,0.8034,7.34163735998093e-05,34.13444198915916,6.003926243331833,28.130515745827324,15008.642578125,0.005382215107983903,14427.24609375,-48.6
hf_natural/esc_2-80844-A-13.wav,hf_natural,ESC-50 via HF ashraq/esc50,CC-BY-NC-3.0,44100,5.0,win0.2,3.6,0.2,CLEAR,0.0,0.0,0.0,0.7307,0.00011698586874056528,37.18671207803085,6.003926243331833,31.18278583469902,15202.44140625,0.004107726890805989,13845.849609375,-48.5
hf_natural/esc_2-80844-A-13.wav,hf_natural,ESC-50 via HF ashraq/esc50,CC-BY-NC-3.0,44100,5.0,win0.2,4.8,0.2,CLEAR,0.0,0.0,0.0,0.4077,5.143397727496315e-07,,,,,0.00013048302395874442,11261.865234375,-36.4
hf_natural/esc_1-100038-A-14.wav,hf_natural,ESC-50 via HF ashraq/esc50,CC-BY-NC-3.0,44100,5.0,full,0.0,5.0,CLEAR,0.0,0.0,0.0,0.0874,3.780760523525566e-09,,,,,1.67216289848454e-05,8699.4140625,-24.2
hf_natural/esc_1-100038-A-14.wav,hf_natural,ESC-50 via HF ashraq/esc50,CC-BY-NC-3.0,44100,5.0,win0.5,0.0,0.5,CLEAR,0.0,0.0,0.0,0.0,8.194644549934216e-10,,,,,4.81081452992985e-06,7665.8203125,-17.7
hf_natural/esc_1-100038-A-14.wav,hf_natural,ESC-50 via HF ashraq/esc50,CC-BY-NC-3.0,44100,5.0,win0.5,1.125,0.5,CLEAR,0.0,0.0,0.0,0.0,1.211523825242029e-08,,,,,8.866422358126439e-06,6933.69140625,-28.6
hf_natural/esc_1-100038-A-14.wav,hf_natural,ESC-50 via HF ashraq/esc50,CC-BY-NC-3.0,44100,5.0,win0.5,2.25,0.5,CLEAR,0.0,0.0,0.0,0.0,1.3436822096484773e-08,,,,,2.7500228622301064e-05,7192.08984375,-29.8
hf_natural/esc_1-100038-A-14.wav,hf_natural,ESC-50 via HF ashraq/esc50,CC-BY-NC-3.0,44100,5.0,win0.5,3.375,0.5,CLEAR,0.0,0.0,0.0,0.0,1.8527242730391715e-08,,,,,4.196187899774299e-05,7967.28515625,-31.1
hf_natural/esc_1-100038-A-14.wav,hf_natural,ESC-50 via HF ashraq/esc50,CC-BY-NC-3.0,44100,5.0,win0.5,4.5,0.5,CLEAR,0.0,0.0,0.0,0.1143,1.5259668428333205e-08,,,,,6.136677645453911e-05,8914.74609375,-30.3
hf_natural/esc_1-100038-A-14.wav,hf_natural,ESC-50 via HF ashraq/esc50,CC-BY-NC-3.0,44100,5.0,win0.2,0.0,0.2,CLEAR,0.0,0.0,0.0,0.0,5.683629080841049e-10,,,,,3.5177223858538948e-06,6847.55859375,-16.8
hf_natural/esc_1-100038-A-14.wav,hf_natural,ESC-50 via HF ashraq/esc50,CC-BY-NC-3.0,44100,5.0,win0.2,1.2,0.2,CLEAR,0.0,0.0,0.0,0.0,1.1190685154734978e-08,,,,,7.962491952999214e-06,6955.224609375,-29.2
hf_natural/esc_1-100038-A-14.wav,hf_natural,ESC-50 via HF ashraq/esc50,CC-BY-NC-3.0,44100,5.0,win0.2,2.4,0.2,CLEAR,0.0,0.0,0.0,0.0,1.4947044551422355e-08,,,,,3.071641383620697e-05,6955.224609375,-30.3
hf_natural/esc_1-100038-A-14.wav,hf_natural,ESC-50 via HF ashraq/esc50,CC-BY-NC-3.0,44100,5.0,win0.2,3.6,0.2,CLEAR,0.0,0.0,0.0,0.0,1.707504148130254e-08,,,,,9.235926501457726e-05,7967.28515625,-30.9
hf_natural/esc_1-100038-A-14.wav,hf_natural,ESC-50 via HF ashraq/esc50,CC-BY-NC-3.0,44100,5.0,win0.2,4.8,0.2,CLEAR,0.0,0.0,0.0,0.0,2.3432158597853597e-08,,,,,1.6593653189098132e-05,7536.62109375,-31.9
hf_natural/esc_1-54918-A-14.wav,hf_natural,ESC-50 via HF ashraq/esc50,CC-BY-NC-3.0,44100,5.0,full,0.0,5.0,CLEAR,0.0,0.0,0.0,0.0,8.335129863712143e-08,,,,,5.034411715266938e-06,7730.419921875,-27.4
hf_natural/esc_1-54918-A-14.wav,hf_natural,ESC-50 via HF ashraq/esc50,CC-BY-NC-3.0,44100,5.0,win0.5,0.0,0.5,CLEAR,0.0,0.0,0.0,0.0,3.6700733550920134e-06,,,,,3.593470906267329e-05,581.396484375,-36.0
hf_natural/esc_1-54918-A-14.wav,hf_natural,ESC-50 via HF ashraq/esc50,CC-BY-NC-3.0,44100,5.0,win0.5,1.125,0.5,CLEAR,0.0,0.0,0.0,0.0121,8.729828465712389e-09,,,,,6.341565507700705e-06,8096.484375,-28.2
hf_natural/esc_1-54918-A-14.wav,hf_natural,ESC-50 via HF ashraq/esc50,CC-BY-NC-3.0,44100,5.0,win0.5,2.25,0.5,CLEAR,0.0,0.0,0.0,0.0,6.211549630687319e-09,,,,,4.241980648476176e-06,7795.01953125,-26.6
hf_natural/esc_1-54918-A-14.wav,hf_natural,ESC-50 via HF ashraq/esc50,CC-BY-NC-3.0,44100,5.0,win0.5,3.375,0.5,CLEAR,0.0,0.0,0.0,0.0,1.1302916382084843e-08,,,,,2.782026066173743e-06,6933.69140625,-25.3
hf_natural/esc_1-54918-A-14.wav,hf_natural,ESC-50 via HF ashraq/esc50,CC-BY-NC-3.0,44100,5.0,win0.5,4.5,0.5,CLEAR,0.0,0.0,0.0,0.0,1.3744260457879093e-06,,,,,2.2142840358449307e-05,7385.888671875,-34.5
hf_natural/esc_1-54918-A-14.wav,hf_natural,ESC-50 via HF ashraq/esc50,CC-BY-NC-3.0,44100,5.0,win0.2,0.0,0.2,CLEAR,0.0,0.0,0.0,0.0,6.657009719695936e-06,,,,,4.7111169520457544e-05,581.396484375,-36.2
hf_natural/esc_1-54918-A-14.wav,hf_natural,ESC-50 via HF ashraq/esc50,CC-BY-NC-3.0,44100,5.0,win0.2,1.2,0.2,CLEAR,0.0,0.0,0.0,0.0174,1.3499634235337362e-08,,,,,1.0962433030190008e-05,8139.55078125,-28.3
hf_natural/esc_1-54918-A-14.wav,hf_natural,ESC-50 via HF ashraq/esc50,CC-BY-NC-3.0,44100,5.0,win0.2,2.4,0.2,CLEAR,0.0,0.0,0.0,0.0,8.134512383001485e-09,,,,,2.788664028413136e-06,7235.15625,-27.8
hf_natural/esc_1-54918-A-14.wav,hf_natural,ESC-50 via HF ashraq/esc50,CC-BY-NC-3.0,44100,5.0,win0.2,3.6,0.2,CLEAR,0.0,0.0,0.0,0.0,9.488672333213918e-09,,,,,3.1116019430648437e-06,6869.091796875,-24.7
hf_natural/esc_1-54918-A-14.wav,hf_natural,ESC-50 via HF ashraq/esc50,CC-BY-NC-3.0,44100,5.0,win0.2,4.8,0.2,CLEAR,0.0,0.0,0.0,0.0,3.914888731705478e-06,,,,,3.707903787636917e-05,624.462890625,-35.2
environmental/esc_1-50623-A-15.wav,environmental,ESC-50 via HF ashraq/esc50,CC-BY-NC-3.0,44100,5.0,full,0.0,5.0,CLEAR,0.0,0.0,0.0,1.0,0.008378245942420351,12.072346414114083,1.3109228490627136,10.76142356505137,16408.30078125,0.056266971352737595,17334.228515625,-43.8
environmental/esc_1-50623-A-15.wav,environmental,ESC-50 via HF ashraq/esc50,CC-BY-NC-3.0,44100,5.0,win0.5,0.0,0.5,CLEAR,0.0,0.0,0.0,1.0,0.010370606615422044,4.26170734866849,3.8703545627746405,0.3913527858938495,16709.765625,0.03135058863862505,18044.82421875,-68.1
environmental/esc_1-50623-A-15.wav,environmental,ESC-50 via HF ashraq/esc50,CC-BY-NC-3.0,44100,5.0,win0.5,1.125,0.5,CLEAR,0.0,0.109,0.0,1.0,0.010904025120325808,12.308934822624574,3.8703545627746405,8.438580259849934,16408.30078125,0.06709314179838244,18238.623046875,-36.4
environmental/esc_1-50623-A-15.wav,environmental,ESC-50 via HF ashraq/esc50,CC-BY-NC-3.0,44100,5.0,win0.5,2.25,0.5,CLEAR,0.0,0.0,0.0,1.0,0.008218517949033098,11.8843552925456,3.8703545627746405,8.01400072977096,15073.2421875,0.05743885749775378,17420.361328125,-65.3
environmental/esc_1-50623-A-15.wav,environmental,ESC-50 via HF ashraq/esc50,CC-BY-NC-3.0,44100,5.0,win0.5,3.375,0.5,CLEAR,0.0,0.0,0.0,0.0,9.309662706609492e-05,16.383646196091075,3.8703545627746405,12.513291633316435,15180.908203125,0.0011696680329140387,4565.0390625,-42.0
environmental/esc_1-50623-A-15.wav,environmental,ESC-50 via HF ashraq/esc50,CC-BY-NC-3.0,44100,5.0,win0.5,4.5,0.5,CLEAR,0.0,0.0,0.0,0.9676,0.00041281109727566806,17.73999220581279,3.8703545627746405,13.86963764303815,15590.0390625,0.013988976438177909,15740.771484375,-39.1
environmental/esc_1-50623-A-15.wav,environmental,ESC-50 via HF ashraq/esc50,CC-BY-NC-3.0,44100,5.0,win0.2,0.0,0.2,CLEAR,0.0,0.0,0.0,1.0,0.006984927021902232,5.8954772456291895,6.003926243331833,-0.10844899770264327,16623.6328125,0.021602355922505114,17355.76171875,-67.9
environmental/esc_1-50623-A-15.wav,environmental,ESC-50 via HF ashraq/esc50,CC-BY-NC-3.0,44100,5.0,win0.2,1.2,0.2,CLEAR,0.0,0.1389,0.0,1.0,0.013885979763806509,12.366798201888399,6.003926243331833,6.362871958556566,16408.30078125,0.08545288177336213,18475.48828125,-32.6
environmental/esc_1-50623-A-15.wav,environmental,ESC-50 via HF ashraq/esc50,CC-BY-NC-3.0,44100,5.0,win0.2,2.4,0.2,CLEAR,0.0,0.0,0.0,1.0,0.00896577402610627,7.183645301352529,6.003926243331833,1.1797190580206962,15590.0390625,0.026070878814909482,17721.826171875,-65.7
environmental/esc_1-50623-A-15.wav,environmental,ESC-50 via HF ashraq/esc50,CC-BY-NC-3.0,44100,5.0,win0.2,3.6,0.2,CLEAR,0.0,0.0,0.0,0.6258,0.00040626750205239665,15.848897383118025,6.003926243331833,9.844971139786193,15180.908203125,0.004666789652022094,13006.0546875,-38.1
environmental/esc_1-50623-A-15.wav,environmental,ESC-50 via HF ashraq/esc50,CC-BY-NC-3.0,44100,5.0,win0.2,4.8,0.2,CLEAR,0.0,0.0,0.0,0.9649,0.0004000598788305137,17.797438518330598,6.003926243331833,11.793512274998765,15590.0390625,0.013442285387453684,15719.23828125,-35.1
environmental/esc_2-139748-B-15.wav,environmental,ESC-50 via HF ashraq/esc50,CC-BY-NC-3.0,44100,5.0,full,0.0,5.0,CLEAR,0.0,0.0,0.0,0.0,1.5714659451471774e-06,,,,,7.592056607198026e-06,2110.25390625,-40.8
environmental/esc_2-139748-B-15.wav,environmental,ESC-50 via HF ashraq/esc50,CC-BY-NC-3.0,44100,5.0,win0.5,0.0,0.5,CLEAR,0.0,0.0,0.0,0.0,7.372927019764405e-07,,,,,3.1495060064182255e-06,732.12890625,-41.5
environmental/esc_2-139748-B-15.wav,environmental,ESC-50 via HF ashraq/esc50,CC-BY-NC-3.0,44100,5.0,win0.5,1.125,0.5,CLEAR,0.0,0.0,0.0,0.0,1.5443903975387796e-06,,,,,8.270977738174637e-06,2304.052734375,-39.8
environmental/esc_2-139748-B-15.wav,environmental,ESC-50 via HF ashraq/esc50,CC-BY-NC-3.0,44100,5.0,win0.5,2.25,0.5,CLEAR,0.0,0.0,0.0,0.0,2.20034052813111e-06,,,,,1.0243859538774879e-05,2347.119140625,-40.8
environmental/esc_2-139748-B-15.wav,environmental,ESC-50 via HF ashraq/esc50,CC-BY-NC-3.0,44100,5.0,win0.5,3.375,0.5,CLEAR,0.0,0.0,0.0,0.0,8.73683573873221e-07,,,,,4.861954421924724e-06,796.728515625,-40.9
environmental/esc_2-139748-B-15.wav,environmental,ESC-50 via HF ashraq/esc50,CC-BY-NC-3.0,44100,5.0,win0.5,4.5,0.5,CLEAR,0.0,0.0,0.0,0.0,1.677550624784506e-06,,,,,1.109804837785426e-05,968.994140625,-41.4
environmental/esc_2-139748-B-15.wav,environmental,ESC-50 via HF ashraq/esc50,CC-BY-NC-3.0,44100,5.0,win0.2,0.0,0.2,CLEAR,0.0,0.0,0.0,0.0,1.3589386340968472e-05,,,,,6.477637106587321e-05,689.0625,-54.5
environmental/esc_2-139748-B-15.wav,environmental,ESC-50 via HF ashraq/esc50,CC-BY-NC-3.0,44100,5.0,win0.2,1.2,0.2,CLEAR,0.0,0.0,0.0,0.0,4.38890687193829e-06,,,,,2.5827202766130274e-05,7536.62109375,-41.0
environmental/esc_2-139748-B-15.wav,environmental,ESC-50 via HF ashraq/esc50,CC-BY-NC-3.0,44100,5.0,win0.2,2.4,0.2,CLEAR,0.0,0.0,0.0,0.0,6.314793668978288e-07,,,,,3.2889344024323265e-06,710.595703125,-37.7
environmental/esc_2-139748-B-15.wav,environmental,ESC-50 via HF ashraq/esc50,CC-BY-NC-3.0,44100,5.0,win0.2,3.6,0.2,CLEAR,0.0,0.0,0.0,0.0,1.5611708050819473e-05,,,,,0.00012098311745227763,689.0625,-51.2
environmental/esc_2-139748-B-15.wav,environmental,ESC-50 via HF ashraq/esc50,CC-BY-NC-3.0,44100,5.0,win0.2,4.8,0.2,CLEAR,0.0,0.0,0.0,0.0,4.0041896069979477e-07,,,,,1.4877920612771018e-06,753.662109375,-37.6
environmental/esc_2-102414-F-17.wav,environmental,ESC-50 via HF ashraq/esc50,CC-BY-NC-3.0,44100,5.0,full,0.0,5.0,CLEAR,0.0,0.0,0.0,0.8599,0.0008827216674424588,10.805286049655905,1.3109228490627136,9.494363200593192,15223.974609375,0.009180045518490295,14879.443359375,-41.1
environmental/esc_2-102414-F-17.wav,environmental,ESC-50 via HF ashraq/esc50,CC-BY-NC-3.0,44100,5.0,win0.5,0.0,0.5,CLEAR,0.0,0.0,0.0,0.6957,0.00055923488710032,10.404884450223705,3.8703545627746405,6.5345298874490645,15568.505859375,0.00431434229307966,13565.91796875,-39.9
environmental/esc_2-102414-F-17.wav,environmental,ESC-50 via HF ashraq/esc50,CC-BY-NC-3.0,44100,5.0,win0.5,1.125,0.5,CLEAR,0.0,0.0,0.0,0.6258,0.00028442634324516553,13.793547141365291,3.8703545627746405,9.923192578590651,15956.103515625,0.003676749832924564,13006.0546875,-44.4
environmental/esc_2-102414-F-17.wav,environmental,ESC-50 via HF ashraq/esc50,CC-BY-NC-3.0,44100,5.0,win0.5,2.25,0.5,CLEAR,0.0,0.0,0.0,1.0,0.0004582096281025304,24.337869663430695,3.8703545627746405,20.467515100656055,16063.76953125,0.036829242984811494,16515.966796875,-51.3
environmental/esc_2-102414-F-17.wav,environmental,ESC-50 via HF ashraq/esc50,CC-BY-NC-3.0,44100,5.0,win0.5,4.5,0.5,CLEAR,0.0,0.0,0.0,0.9299,0.0015313663515643368,10.418728254907123,3.8703545627746405,6.548373692132483,15245.5078125,0.012928001459486811,15439.306640625,-33.7
environmental/esc_2-102414-F-17.wav,environmental,ESC-50 via HF ashraq/esc50,CC-BY-NC-3.0,44100,5.0,win0.2,0.0,0.2,CLEAR,0.0,0.0,0.0,0.7227,0.0008582401182889501,10.972348160532073,6.003926243331833,4.96842191720024,15073.2421875,0.004953555082236759,13781.25,-38.4
environmental/esc_2-102414-F-17.wav,environmental,ESC-50 via HF ashraq/esc50,CC-BY-NC-3.0,44100,5.0,win0.2,1.2,0.2,CLEAR,0.0,0.0,0.0,0.397,4.6978868229048894e-05,21.4084407751383,6.003926243331833,15.404514531806466,15546.97265625,0.0017415735593285149,11175.732421875,-42.6
environmental/esc_2-102414-F-17.wav,environmental,ESC-50 via HF ashraq/esc50,CC-BY-NC-3.0,44100,5.0,win0.2,2.4,0.2,CLEAR,0.0,0.0,0.0,1.0,0.00035286217444950493,30.853281728463436,6.003926243331833,24.849355485131603,16645.166015625,0.0814667146075229,16838.96484375,-52.7
environmental/esc_2-102414-F-17.wav,environmental,ESC-50 via HF ashraq/esc50,CC-BY-NC-3.0,44100,5.0,win0.2,3.6,0.2,CLEAR,0.0,0.0,0.0,1.0,0.0449710169038467,5.065155370641219,6.003926243331833,-0.9387708726906139,16149.90234375,0.1039772688291051,20930.2734375,-99.9
environmental/esc_2-102414-F-17.wav,environmental,ESC-50 via HF ashraq/esc50,CC-BY-NC-3.0,44100,5.0,win0.2,4.8,0.2,CLEAR,0.0,0.0,0.0,0.8357,0.0008211625725415377,10.63842804305377,6.003926243331833,4.634501799721937,16042.236328125,0.008159619538898828,14685.64453125,-31.4
environmental/esc_2-102414-E-17.wav,environmental,ESC-50 via HF ashraq/esc50,CC-BY-NC-3.0,44100,5.0,full,0.0,5.0,CLEAR,0.0,0.0,0.0,0.6661,0.0003847737451664209,11.328569485305488,1.3109228490627136,10.017646636242775,15267.041015625,0.005009903519105877,13329.052734375,-29.3
environmental/esc_2-102414-E-17.wav,environmental,ESC-50 via HF ashraq/esc50,CC-BY-NC-3.0,44100,5.0,win0.5,0.0,0.5,CLEAR,0.0,0.0,0.0,0.2785,7.031846353806878e-05,12.881828284279129,3.8703545627746405,9.011473721504489,15073.2421875,0.0013718626507606235,10228.271484375,-24.5
environmental/esc_2-102414-E-17.wav,environmental,ESC-50 via HF ashraq/esc50,CC-BY-NC-3.0,44100,5.0,win0.5,1.125,0.5,CLEAR,0.0,0.0099,0.0,0.9541,0.000991308139940006,13.576240506080799,3.8703545627746405,9.705885943306159,15180.908203125,0.014493489672622265,15633.10546875,-27.3
environmental/esc_2-102414-E-17.wav,environmental,ESC-50 via HF ashraq/esc50,CC-BY-NC-3.0,44100,5.0,win0.5,2.25,0.5,CLEAR,0.0,0.0,0.0,0.0,0.00012421566909085109,,,,,0.0007856552487740345,5211.03515625,-27.4
environmental/esc_2-102414-E-17.wav,environmental,ESC-50 via HF ashraq/esc50,CC-BY-NC-3.0,44100,5.0,win0.5,3.375,0.5,CLEAR,0.0,0.0,0.0,0.9891,0.0010893865480835476,17.129522725399838,3.8703545627746405,13.259168162625198,15245.5078125,0.020757448662813097,15913.037109375,-60.5
environmental/esc_2-102414-E-17.wav,environmental,ESC-50 via HF ashraq/esc50,CC-BY-NC-3.0,44100,5.0,win0.2,0.0,0.2,CLEAR,0.0,0.0,0.0,0.6473,0.000176977037708041,15.561496604189482,6.003926243331833,9.55757036085765,15525.439453125,0.005009475063317328,13178.3203125,-28.2
environmental/esc_2-102414-E-17.wav,environmental,ESC-50 via HF ashraq/esc50,CC-BY-NC-3.0,44100,5.0,win0.2,1.2,0.2,CLEAR,0.0,0.0144,0.0,1.0,0.0014438075169219864,12.856157195202702,6.003926243331833,6.852230951870869,16149.90234375,0.015743458481007888,16214.501953125,-28.4
environmental/esc_2-102414-E-17.wav,environmental,ESC-50 via HF ashraq/esc50,CC-BY-NC-3.0,44100,5.0,win0.2,2.4,0.2,CLEAR,0.0,0.0,0.0,0.0363,7.596999315099806e-05,,,,,0.0005216785830208913,8290.283203125,-35.2
environmental/esc_2-102414-E-17.wav,environmental,ESC-50 via HF ashraq/esc50,CC-BY-NC-3.0,44100,5.0,win0.2,3.6,0.2,CLEAR,0.0,0.0,0.0,0.938,0.0019978413592514365,13.219406645386467,6.003926243331833,7.215480402054634,15546.97265625,0.013030820616829777,15503.90625,-59.5
environmental/esc_2-106015-B-44.wav,environmental,ESC-50 via HF ashraq/esc50,CC-BY-NC-3.0,44100,5.0,full,0.0,5.0,CLEAR,0.0,0.0,0.0,0.0,7.861110221174645e-09,,,,,1.5581315895317143e-07,1119.7265625,-19.4
environmental/esc_2-106015-B-44.wav,environmental,ESC-50 via HF ashraq/esc50,CC-BY-NC-3.0,44100,5.0,win0.5,0.0,0.5,CLEAR,0.0,0.0,0.0,0.0,8.74330548902655e-09,,,,,1.681157638747347e-07,1141.259765625,-19.8
environmental/esc_2-106015-B-44.wav,environmental,ESC-50 via HF ashraq/esc50,CC-BY-NC-3.0,44100,5.0,win0.5,1.125,0.5,CLEAR,0.0,0.0,0.0,0.0,1.1727880884532814e-08,,,,,1.6867984481483316e-07,1141.259765625,-19.6
environmental/esc_2-106015-B-44.wav,environmental,ESC-50 via HF ashraq/esc50,CC-BY-NC-3.0,44100,5.0,win0.5,2.25,0.5,CLEAR,0.0,0.0,0.0,0.0,1.5103142160998416e-08,,,,,1.9518792942571616e-07,1076.66015625,-19.5
environmental/esc_2-106015-B-44.wav,environmental,ESC-50 via HF ashraq/esc50,CC-BY-NC-3.0,44100,5.0,win0.5,3.375,0.5,CLEAR,0.0,0.0,0.0,0.0,5.050997898750305e-09,,,,,1.3726360104416643e-07,818.26171875,-19.1
environmental/esc_2-106015-B-44.wav,environmental,ESC-50 via HF ashraq/esc50,CC-BY-NC-3.0,44100,5.0,win0.5,4.5,0.5,CLEAR,0.0,0.0,0.0,0.0,1.9165499758719343e-09,,,,,1.2140374648632209e-07,1141.259765625,-19.1
environmental/esc_2-106015-B-44.wav,environmental,ESC-50 via HF ashraq/esc50,CC-BY-NC-3.0,44100,5.0,win0.2,0.0,0.2,CLEAR,0.0,0.0,0.0,0.0,9.053861490649198e-09,,,,,1.617235641506155e-07,990.52734375,-19.8
environmental/esc_2-106015-B-44.wav,environmental,ESC-50 via HF ashraq/esc50,CC-BY-NC-3.0,44100,5.0,win0.2,1.2,0.2,CLEAR,0.0,0.0,0.0,0.0,1.2110228803064625e-08,,,,,1.721665510222056e-07,1270.458984375,-19.5
environmental/esc_2-106015-B-44.wav,environmental,ESC-50 via HF ashraq/esc50,CC-BY-NC-3.0,44100,5.0,win0.2,2.4,0.2,CLEAR,0.0,0.0,0.0,0.0,2.0906484063671325e-08,,,,,2.591916634532431e-07,947.4609375,-19.6
environmental/esc_2-106015-B-44.wav,environmental,ESC-50 via HF ashraq/esc50,CC-BY-NC-3.0,44100,5.0,win0.2,3.6,0.2,CLEAR,0.0,0.0,0.0,0.0,5.223165943808745e-09,,,,,1.6366283449650814e-07,645.99609375,-19.4
environmental/esc_2-106015-B-44.wav,environmental,ESC-50 via HF ashraq/esc50,CC-BY-NC-3.0,44100,5.0,win0.2,4.8,0.2,CLEAR,0.0,0.0,0.0,0.0,1.1382803949262125e-09,,,,,1.1716181349800501e-07,1270.458984375,-19.3
environmental/esc_2-107228-A-44.wav,environmental,ESC-50 via HF ashraq/esc50,CC-BY-NC-3.0,44100,5.0,full,0.0,5.0,CLEAR,0.0,0.0,0.0,0.0,5.048021916238459e-06,,,,,4.257585303443879e-05,6072.36328125,-16.0
environmental/esc_2-107228-A-44.wav,environmental,ESC-50 via HF ashraq/esc50,CC-BY-NC-3.0,44100,5.0,win0.5,0.0,0.5,CLEAR,0.0,0.0,0.0,0.1709,9.809253939128882e-07,,,,,3.847582190643763e-05,9366.943359375,-16.6
environmental/esc_2-107228-A-44.wav,environmental,ESC-50 via HF ashraq/esc50,CC-BY-NC-3.0,44100,5.0,win0.5,1.125,0.5,CLEAR,0.0,0.0,0.0,0.0497,4.377295434248923e-06,,,,,3.1501423753497924e-05,8397.94921875,-16.0
environmental/esc_2-107228-A-44.wav,environmental,ESC-50 via HF ashraq/esc50,CC-BY-NC-3.0,44100,5.0,win0.5,2.25,0.5,CLEAR,0.0,0.0,0.0,0.0,7.366016722713216e-08,,,,,2.4258382044813283e-05,6567.626953125,-15.4
environmental/esc_2-107228-A-44.wav,environmental,ESC-50 via HF ashraq/esc50,CC-BY-NC-3.0,44100,5.0,win0.5,3.375,0.5,CLEAR,0.0,0.0,0.0,0.0,2.0213770988438506e-06,,,,,3.8076889946612164e-05,5577.099609375,-16.5
environmental/esc_2-107228-A-44.wav,environmental,ESC-50 via HF ashraq/esc50,CC-BY-NC-3.0,44100,5.0,win0.5,4.5,0.5,CLEAR,0.0,0.0,0.0,0.0309,1.1805592051082586e-05,,,,,5.793679731326978e-05,8247.216796875,-16.1
environmental/esc_2-107228-A-44.wav,environmental,ESC-50 via HF ashraq/esc50,CC-BY-NC-3.0,44100,5.0,win0.2,0.0,0.2,CLEAR,0.0,0.0,0.0,0.2382,2.42282430274413e-06,,,,,4.882840073668223e-05,9905.2734375,-16.0
environmental/esc_2-107228-A-44.wav,environmental,ESC-50 via HF ashraq/esc50,CC-BY-NC-3.0,44100,5.0,win0.2,1.2,0.2,CLEAR,0.0,0.0,0.0,0.187,4.719602742661727e-06,,,,,3.2402842283712855e-05,9496.142578125,-14.6
environmental/esc_2-107228-A-44.wav,environmental,ESC-50 via HF ashraq/esc50,CC-BY-NC-3.0,44100,5.0,win0.2,2.4,0.2,CLEAR,0.0,0.0,0.0,0.222,2.4505663473485303e-07,,,,,2.487256030987678e-05,9776.07421875,-16.2
environmental/esc_2-107228-A-44.wav,environmental,ESC-50 via HF ashraq/esc50,CC-BY-NC-3.0,44100,5.0,win0.2,3.6,0.2,CLEAR,0.0,0.0,0.0,0.0,7.024882698964235e-08,,,,,7.109693042986532e-06,6459.9609375,-16.7
environmental/esc_2-107228-A-44.wav,environmental,ESC-50 via HF ashraq/esc50,CC-BY-NC-3.0,44100,5.0,win0.2,4.8,0.2,CLEAR,0.0,0.0,0.0,0.0,1.2437111462277913e-09,,,,,6.150830943341287e-06,4586.572265625,-16.3
environmental/esc_3-138212-A-45.wav,environmental,ESC-50 via HF ashraq/esc50,CC-BY-NC-3.0,44100,5.0,full,0.0,5.0,CLEAR,0.0,0.0,0.0,0.0,3.761429029158223e-08,,,,,2.809885366898291e-06,3423.779296875,-19.0
environmental/esc_3-138212-A-45.wav,environmental,ESC-50 via HF ashraq/esc50,CC-BY-NC-3.0,44100,5.0,win0.5,0.0,0.5,CLEAR,0.0,0.0,0.0,0.0,4.548296496155793e-08,,,,,3.8461453907933455e-06,4048.2421875,-16.2
environmental/esc_3-138212-A-45.wav,environmental,ESC-50 via HF ashraq/esc50,CC-BY-NC-3.0,44100,5.0,win0.5,1.125,0.5,CLEAR,0.0,0.0,0.0,0.0,3.3582798556730535e-08,,,,,2.763852197852919e-06,2842.3828125,-15.8
environmental/esc_3-138212-A-45.wav,environmental,ESC-50 via HF ashraq/esc50,CC-BY-NC-3.0,44100,5.0,win0.5,2.25,0.5,CLEAR,0.0,0.0,0.0,0.0,5.278433223994131e-09,,,,,1.0306646398992507e-06,2196.38671875,-19.6
environmental/esc_3-138212-A-45.wav,environmental,ESC-50 via HF ashraq/esc50,CC-BY-NC-3.0,44100,5.0,win0.5,3.375,0.5,CLEAR,0.0,0.0,0.0,0.0,9.491524534261474e-09,,,,,8.685853668790433e-07,2239.453125,-24.5
environmental/esc_3-138212-A-45.wav,environmental,ESC-50 via HF ashraq/esc50,CC-BY-NC-3.0,44100,5.0,win0.5,4.5,0.5,CLEAR,0.0,0.0,0.0,0.0,1.2934598241553515e-08,,,,,1.1905090715362666e-06,2304.052734375,-29.4
environmental/esc_3-138212-A-45.wav,environmental,ESC-50 via HF ashraq/esc50,CC-BY-NC-3.0,44100,5.0,win0.2,0.0,0.2,CLEAR,0.0,0.0,0.0,0.0,2.6342450112238225e-08,,,,,3.226179605099288e-06,4134.375,-17.0
environmental/esc_3-138212-A-45.wav,environmental,ESC-50 via HF ashraq/esc50,CC-BY-NC-3.0,44100,5.0,win0.2,1.2,0.2,CLEAR,0.0,0.0,0.0,0.0,4.764623291106569e-09,,,,,1.9211989236638844e-06,2799.31640625,-15.6
environmental/esc_3-138212-A-45.wav,environmental,ESC-50 via HF ashraq/esc50,CC-BY-NC-3.0,44100,5.0,win0.2,2.4,0.2,CLEAR,0.0,0.0,0.0,0.0,1.385055450593286e-09,,,,,8.156608090323485e-07,1873.388671875,-19.9
environmental/esc_3-138212-A-45.wav,environmental,ESC-50 via HF ashraq/esc50,CC-BY-NC-3.0,44100,5.0,win0.2,3.6,0.2,CLEAR,0.0,0.0,0.0,0.0,9.672783809838518e-09,,,,,8.302774568916035e-07,2304.052734375,-25.4
environmental/esc_3-138212-A-45.wav,environmental,ESC-50 via HF ashraq/esc50,CC-BY-NC-3.0,44100,5.0,win0.2,4.8,0.2,CLEAR,0.0,0.0,0.0,0.0,1.6218293267581286e-08,,,,,1.5654174168726599e-06,2368.65234375,-30.4
environmental/esc_1-54065-A-45.wav,environmental,ESC-50 via HF ashraq/esc50,CC-BY-NC-3.0,44100,5.0,full,0.0,5.0,CLEAR,0.0,0.0,0.0,0.0,7.492034644962981e-10,,,,,2.71525183756978e-06,2454.78515625,-17.3
environmental/esc_1-54065-A-45.wav,environmental,ESC-50 via HF ashraq/esc50,CC-BY-NC-3.0,44100,5.0,win0.5,0.0,0.5,CLEAR,0.0,0.0,0.0,0.0,8.784170371848453e-10,,,,,3.119023006637877e-06,2390.185546875,-18.0
environmental/esc_1-54065-A-45.wav,environmental,ESC-50 via HF ashraq/esc50,CC-BY-NC-3.0,44100,5.0,win0.5,1.125,0.5,CLEAR,0.0,0.0,0.0,0.0,1.0602270220686186e-09,,,,,3.842205268891856e-06,2497.8515625,-18.7
environmental/esc_1-54065-A-45.wav,environmental,ESC-50 via HF ashraq/esc50,CC-BY-NC-3.0,44100,5.0,win0.5,2.25,0.5,CLEAR,0.0,0.0,0.0,0.0,5.269677123674031e-10,,,,,2.3588853432973635e-06,2562.451171875,-15.6
environmental/esc_1-54065-A-45.wav,environmental,ESC-50 via HF ashraq/esc50,CC-BY-NC-3.0,44100,5.0,win0.5,3.375,0.5,CLEAR,0.0,0.0,0.0,0.0,1.0206136512184054e-09,,,,,3.8358217606235475e-06,2497.8515625,-18.5
environmental/esc_1-54065-A-45.wav,environmental,ESC-50 via HF ashraq/esc50,CC-BY-NC-3.0,44100,5.0,win0.5,4.5,0.5,CLEAR,0.0,0.0,0.0,0.0,5.317192290069251e-10,,,,,1.9290011267465517e-06,2390.185546875,-15.7
environmental/esc_1-54065-A-45.wav,environmental,ESC-50 via HF ashraq/esc50,CC-BY-NC-3.0,44100,5.0,win0.2,0.0,0.2,CLEAR,0.0,0.0,0.0,0.0,9.38317756488131e-10,,,,,3.4018078431195053e-06,2454.78515625,-17.7
environmental/esc_1-54065-A-45.wav,environmental,ESC-50 via HF ashraq/esc50,CC-BY-NC-3.0,44100,5.0,win0.2,1.2,0.2,CLEAR,0.0,0.0,0.0,0.0,1.2243819542160185e-09,,,,,3.540102311263206e-06,2454.78515625,-19.4
environmental/esc_1-54065-A-45.wav,environmental,ESC-50 via HF ashraq/esc50,CC-BY-NC-3.0,44100,5.0,win0.2,2.4,0.2,CLEAR,0.0,0.0,0.0,0.0,4.318520160335739e-10,,,,,2.85347308725772e-06,2454.78515625,-14.6
environmental/esc_1-54065-A-45.wav,environmental,ESC-50 via HF ashraq/esc50,CC-BY-NC-3.0,44100,5.0,win0.2,3.6,0.2,CLEAR,0.0,0.0,0.0,0.0,1.3526188917537276e-09,,,,,5.5315222775888875e-06,2540.91796875,-19.7
environmental/esc_1-54065-A-45.wav,environmental,ESC-50 via HF ashraq/esc50,CC-BY-NC-3.0,44100,5.0,win0.2,4.8,0.2,CLEAR,0.0,0.0,0.0,0.0,3.909643166635595e-10,,,,,1.4766318600713652e-06,2239.453125,-14.6
environmental/esc_2-37806-B-40.wav,environmental,ESC-50 via HF ashraq/esc50,CC-BY-NC-3.0,44100,5.0,full,0.0,5.0,CLEAR,0.0,0.0,0.0,0.0,3.9935007577181415e-10,,,,,4.6429222355954705e-07,2497.8515625,-14.5
environmental/esc_2-37806-B-40.wav,environmental,ESC-50 via HF ashraq/esc50,CC-BY-NC-3.0,44100,5.0,win0.5,0.0,0.5,CLEAR,0.0,0.0,0.0,0.0,3.4111405605119766e-10,,,,,6.308754547554659e-07,2088.720703125,-13.8
environmental/esc_2-37806-B-40.wav,environmental,ESC-50 via HF ashraq/esc50,CC-BY-NC-3.0,44100,5.0,win0.5,1.125,0.5,CLEAR,0.0,0.0,0.0,0.0,3.3461625497526755e-10,,,,,2.556178854644463e-07,1550.390625,-13.7
environmental/esc_2-37806-B-40.wav,environmental,ESC-50 via HF ashraq/esc50,CC-BY-NC-3.0,44100,5.0,win0.5,2.25,0.5,CLEAR,0.0,0.0,0.0,0.0,3.707249465863426e-10,,,,,4.777622791356992e-07,1916.455078125,-14.2
environmental/esc_2-37806-B-40.wav,environmental,ESC-50 via HF ashraq/esc50,CC-BY-NC-3.0,44100,5.0,win0.5,3.375,0.5,CLEAR,0.0,0.0,0.0,0.0,4.393490298632245e-10,,,,,5.105477526081292e-07,2583.984375,-15.1
environmental/esc_2-37806-B-40.wav,environmental,ESC-50 via HF ashraq/esc50,CC-BY-NC-3.0,44100,5.0,win0.5,4.5,0.5,CLEAR,0.0,0.0,0.0,0.0,5.433012984154397e-10,,,,,5.921982193878874e-07,3208.447265625,-16.0
environmental/esc_2-37806-B-40.wav,environmental,ESC-50 via HF ashraq/esc50,CC-BY-NC-3.0,44100,5.0,win0.2,0.0,0.2,CLEAR,0.0,0.0,0.0,0.0,3.2527294176018515e-10,,,,,4.2266280736102685e-07,1937.98828125,-13.6
environmental/esc_2-37806-B-40.wav,environmental,ESC-50 via HF ashraq/esc50,CC-BY-NC-3.0,44100,5.0,win0.2,1.2,0.2,CLEAR,0.0,0.0,0.0,0.0,3.6394515716327287e-10,,,,,2.7570285895043847e-07,1593.45703125,-13.9
environmental/esc_2-37806-B-40.wav,environmental,ESC-50 via HF ashraq/esc50,CC-BY-NC-3.0,44100,5.0,win0.2,2.4,0.2,CLEAR,0.0,0.0,0.0,0.0,3.221352544028334e-10,,,,,5.37321160107149e-07,1851.85546875,-13.9
environmental/esc_2-37806-B-40.wav,environmental,ESC-50 via HF ashraq/esc50,CC-BY-NC-3.0,44100,5.0,win0.2,3.6,0.2,CLEAR,0.0,0.0,0.0,0.0,3.6094757228924846e-10,,,,,4.3550847860725777e-07,2411.71875,-14.6
environmental/esc_2-37806-B-40.wav,environmental,ESC-50 via HF ashraq/esc50,CC-BY-NC-3.0,44100,5.0,win0.2,4.8,0.2,CLEAR,0.0,0.0,0.0,0.0,5.764751973995522e-10,,,,,6.320481734428543e-07,3380.712890625,-16.2
environmental/esc_2-188822-B-40.wav,environmental,ESC-50 via HF ashraq/esc50,CC-BY-NC-3.0,44100,5.0,full,0.0,5.0,CLEAR,0.0,0.0,0.0,0.0,3.934941106639834e-10,,,,,5.292777673272397e-08,3488.37890625,-14.4
environmental/esc_2-188822-B-40.wav,environmental,ESC-50 via HF ashraq/esc50,CC-BY-NC-3.0,44100,5.0,win0.5,0.0,0.5,CLEAR,0.0,0.0,0.0,0.0,2.7189087356304593e-10,,,,,3.8451586966781005e-08,3725.244140625,-12.7
environmental/esc_2-188822-B-40.wav,environmental,ESC-50 via HF ashraq/esc50,CC-BY-NC-3.0,44100,5.0,win0.5,1.125,0.5,CLEAR,0.0,0.0,0.0,0.0,2.5912589128330957e-10,,,,,8.140999079531575e-08,3746.77734375,-12.7
environmental/esc_2-188822-B-40.wav,environmental,ESC-50 via HF ashraq/esc50,CC-BY-NC-3.0,44100,5.0,win0.5,2.25,0.5,CLEAR,0.0,0.0,0.0,0.0,3.267582230006398e-10,,,,,2.6945724935679577e-08,3057.71484375,-13.6
environmental/esc_2-188822-B-40.wav,environmental,ESC-50 via HF ashraq/esc50,CC-BY-NC-3.0,44100,5.0,win0.5,3.375,0.5,CLEAR,0.0,0.0,0.0,0.0,6.974677853676887e-10,,,,,3.461315098968698e-08,2928.515625,-17.0
environmental/esc_2-188822-B-40.wav,environmental,ESC-50 via HF ashraq/esc50,CC-BY-NC-3.0,44100,5.0,win0.5,4.5,0.5,CLEAR,0.0,0.0,0.0,0.0,8.850761129347315e-09,,,,,1.6504763687158596e-07,3509.912109375,-27.9
environmental/esc_2-188822-B-40.wav,environmental,ESC-50 via HF ashraq/esc50,CC-BY-NC-3.0,44100,5.0,win0.2,0.0,0.2,CLEAR,0.0,0.0,0.0,0.0,3.016754399841784e-10,,,,,2.4628810333321594e-08,3466.845703125,-13.1
environmental/esc_2-188822-B-40.wav,environmental,ESC-50 via HF ashraq/esc50,CC-BY-NC-3.0,44100,5.0,win0.2,1.2,0.2,CLEAR,0.0,0.0,0.0,0.0,2.6836324627919115e-10,,,,,9.502918970304265e-08,3552.978515625,-12.7
environmental/esc_2-188822-B-40.wav,environmental,ESC-50 via HF ashraq/esc50,CC-BY-NC-3.0,44100,5.0,win0.2,2.4,0.2,CLEAR,0.0,0.0,0.0,0.0,3.2872358915559097e-10,,,,,2.4813672353492804e-08,3057.71484375,-13.6
environmental/esc_2-188822-B-40.wav,environmental,ESC-50 via HF ashraq/esc50,CC-BY-NC-3.0,44100,5.0,win0.2,3.6,0.2,CLEAR,0.0,0.0,0.0,0.0,1.0932625275660662e-09,,,,,3.366625691361884e-08,2950.048828125,-18.7
environmental/esc_2-188822-B-40.wav,environmental,ESC-50 via HF ashraq/esc50,CC-BY-NC-3.0,44100,5.0,win0.2,4.8,0.2,CLEAR,0.0,0.0,0.0,0.0,8.506891113535905e-09,,,,,1.6117402659717602e-07,3725.244140625,-27.8
environmental/esc_3-118657-B-41.wav,environmental,ESC-50 via HF ashraq/esc50,CC-BY-NC-3.0,44100,5.0,full,0.0,5.0,CLEAR,0.0,0.0,0.0,0.0,3.2202573919449743e-10,,,,,7.553116821156206e-05,6287.6953125,-13.6
environmental/esc_3-118657-B-41.wav,environmental,ESC-50 via HF ashraq/esc50,CC-BY-NC-3.0,44100,5.0,win0.5,0.0,0.5,CLEAR,0.0,0.0,0.0,0.0,1.4714877095654543e-08,,,,,6.375573134166906e-06,4888.037109375,-29.9
environmental/esc_3-118657-B-41.wav,environmental,ESC-50 via HF ashraq/esc50,CC-BY-NC-3.0,44100,5.0,win0.5,1.125,0.5,CLEAR,0.0,0.0,0.0,0.0,3.40163759834574e-10,,,,,0.00019641937628400017,6653.759765625,-13.7
environmental/esc_3-118657-B-41.wav,environmental,ESC-50 via HF ashraq/esc50,CC-BY-NC-3.0,44100,5.0,win0.5,2.25,0.5,CLEAR,0.0,0.0,0.0,0.0,2.513816506658144e-10,,,,,5.824140180620154e-05,6201.5625,-12.5
environmental/esc_3-118657-B-41.wav,environmental,ESC-50 via HF ashraq/esc50,CC-BY-NC-3.0,44100,5.0,win0.5,3.375,0.5,CLEAR,0.0,0.0,0.0,0.0,2.5741501072001097e-10,,,,,4.202669849952804e-05,6244.62890625,-12.7
environmental/esc_3-118657-B-41.wav,environmental,ESC-50 via HF ashraq/esc50,CC-BY-NC-3.0,44100,5.0,win0.5,4.5,0.5,CLEAR,0.0,0.0,0.0,0.0,2.3000276042184125e-10,,,,,5.6918569192299684e-05,6201.5625,-12.2
environmental/esc_3-118657-B-41.wav,environmental,ESC-50 via HF ashraq/esc50,CC-BY-NC-3.0,44100,5.0,win0.2,0.0,0.2,CLEAR,0.0,0.0,0.0,0.0,1.9163893440272173e-08,,,,,4.97269497350719e-06,4521.97265625,-30.8
environmental/esc_3-118657-B-41.wav,environmental,ESC-50 via HF ashraq/esc50,CC-BY-NC-3.0,44100,5.0,win0.2,1.2,0.2,CLEAR,0.0,0.0,0.0,0.0,4.595411124500158e-10,,,,,0.000157507075564588,6223.095703125,-15.2
environmental/esc_3-118657-B-41.wav,environmental,ESC-50 via HF ashraq/esc50,CC-BY-NC-3.0,44100,5.0,win0.2,2.4,0.2,CLEAR,0.0,0.0,0.0,0.0,2.475880604104138e-10,,,,,5.949808861721193e-05,6223.095703125,-12.4
environmental/esc_3-118657-B-41.wav,environmental,ESC-50 via HF ashraq/esc50,CC-BY-NC-3.0,44100,5.0,win0.2,3.6,0.2,CLEAR,0.0,0.0,0.0,0.0,2.736580119926451e-10,,,,,2.50289421515182e-05,6416.89453125,-12.9
environmental/esc_3-118657-B-41.wav,environmental,ESC-50 via HF ashraq/esc50,CC-BY-NC-3.0,44100,5.0,win0.2,4.8,0.2,CLEAR,0.0,0.0,0.0,0.0,2.178295151419815e-10,,,,,7.925279459911816e-05,6330.76171875,-12.0
environmental/esc_2-77945-A-41.wav,environmental,ESC-50 via HF ashraq/esc50,CC-BY-NC-3.0,44100,5.0,full,0.0,5.0,CLEAR,0.0,0.0254,0.0,0.8895,0.0025432616126468545,5.657534048462667,1.3109228490627136,4.346611199399954,15223.974609375,0.010361554496268594,15116.30859375,-15.8
environmental/esc_2-77945-A-41.wav,environmental,ESC-50 via HF ashraq/esc50,CC-BY-NC-3.0,44100,5.0,win0.5,0.0,0.5,CLEAR,0.0,0.0223,0.0,0.7711,0.0022304022875274127,7.450927825075789,3.8703545627746405,3.5805732623011486,16817.431640625,0.004926442560241927,14168.84765625,-26.0
environmental/esc_2-77945-A-41.wav,environmental,ESC-50 via HF ashraq/esc50,CC-BY-NC-3.0,44100,5.0,win0.5,1.125,0.5,CLEAR,0.0,0.0139,0.0,0.755,0.0013896465919357303,6.178164657278287,3.8703545627746405,2.307810094503646,17334.228515625,0.005142942520746609,14039.6484375,-20.6
environmental/esc_2-77945-A-41.wav,environmental,ESC-50 via HF ashraq/esc50,CC-BY-NC-3.0,44100,5.0,win0.5,2.25,0.5,CLEAR,0.0,0.0289,0.0,0.8895,0.0028929294558575247,8.326930831493193,3.8703545627746405,4.456576268718553,15116.30859375,0.010666044824235322,15116.30859375,-18.6
environmental/esc_2-77945-A-41.wav,environmental,ESC-50 via HF ashraq/esc50,CC-BY-NC-3.0,44100,5.0,win0.5,3.375,0.5,CLEAR,0.0,0.0299,0.0,0.9434,0.002987589024881239,6.538913973688589,3.8703545627746405,2.6685594109139488,15223.974609375,0.012072240121111546,15546.97265625,-12.0
environmental/esc_2-77945-A-41.wav,environmental,ESC-50 via HF ashraq/esc50,CC-BY-NC-3.0,44100,5.0,win0.5,4.5,0.5,CLEAR,0.0,0.0187,0.0,0.8438,0.0018665981859039154,8.117666697020699,3.8703545627746405,4.247312134246059,15180.908203125,0.009027699751905482,14750.244140625,-13.2
environmental/esc_2-77945-A-41.wav,environmental,ESC-50 via HF ashraq/esc50,CC-BY-NC-3.0,44100,5.0,win0.2,0.0,0.2,CLEAR,0.0,0.0498,0.0,0.7926,0.004982906478290427,10.589175369045485,6.003926243331833,4.585249125713652,19659.814453125,0.007443977305802039,14341.11328125,-29.9
environmental/esc_2-77945-A-41.wav,environmental,ESC-50 via HF ashraq/esc50,CC-BY-NC-3.0,44100,5.0,win0.2,1.2,0.2,CLEAR,0.0,0.011,0.0,0.7469,0.0011029891283014263,8.486424437328363,6.003926243331833,2.4824981939965305,15934.5703125,0.004595202354074645,13975.048828125,-17.8
environmental/esc_2-77945-A-41.wav,environmental,ESC-50 via HF ashraq/esc50,CC-BY-NC-3.0,44100,5.0,win0.2,2.4,0.2,CLEAR,0.0,0.0213,0.0,0.8142,0.002132515611990712,9.7453113150453,6.003926243331833,3.7413850717134665,17980.224609375,0.008493220883389658,14513.37890625,-19.5
environmental/esc_2-77945-A-41.wav,environmental,ESC-50 via HF ashraq/esc50,CC-BY-NC-3.0,44100,5.0,win0.2,3.6,0.2,CLEAR,0.0,0.031,0.0,0.973,0.0031014096554444915,8.640684192030331,6.003926243331833,2.6367579486984987,17851.025390625,0.013170772691942391,15783.837890625,-12.8
environmental/esc_2-77945-A-41.wav,environmental,ESC-50 via HF ashraq/esc50,CC-BY-NC-3.0,44100,5.0,win0.2,4.8,0.2,CLEAR,0.0,0.0216,0.0,0.8707,0.002162084836993155,9.435819078419174,6.003926243331833,3.431892835087341,15223.974609375,0.009915257218675215,14965.576171875,-13.2
environmental/esc_3-115387-B-47.wav,environmental,ESC-50 via HF ashraq/esc50,CC-BY-NC-3.0,44100,5.0,full,0.0,5.0,CLEAR,0.0,0.0,0.0,0.0,2.2718628213061976e-07,,,,,6.13986254199873e-07,2067.1875,-8.5
environmental/esc_3-115387-B-47.wav,environmental,ESC-50 via HF ashraq/esc50,CC-BY-NC-3.0,44100,5.0,win0.5,0.0,0.5,CLEAR,0.0,0.0,0.0,0.0,4.349186707876745e-07,,,,,1.3720127415519844e-06,2282.51953125,-6.6
environmental/esc_3-115387-B-47.wav,environmental,ESC-50 via HF ashraq/esc50,CC-BY-NC-3.0,44100,5.0,win0.5,1.125,0.5,CLEAR,0.0,0.0,0.0,0.0,4.2380995472337056e-07,,,,,9.174027285803038e-07,2131.787109375,-7.5
environmental/esc_3-115387-B-47.wav,environmental,ESC-50 via HF ashraq/esc50,CC-BY-NC-3.0,44100,5.0,win0.5,2.25,0.5,CLEAR,0.0,0.0,0.0,0.0,3.389148238899237e-08,,,,,1.506077036038141e-07,1808.7890625,-8.6
environmental/esc_3-115387-B-47.wav,environmental,ESC-50 via HF ashraq/esc50,CC-BY-NC-3.0,44100,5.0,win0.5,3.375,0.5,CLEAR,0.0,0.0,0.0,0.0,1.2644807718796229e-07,,,,,3.342474271275726e-07,2045.654296875,-9.5
environmental/esc_3-115387-B-47.wav,environmental,ESC-50 via HF ashraq/esc50,CC-BY-NC-3.0,44100,5.0,win0.5,4.5,0.5,CLEAR,0.0,0.0,0.0,0.0,3.298544450919922e-07,,,,,8.7186058960622e-07,2174.853515625,-10.2
environmental/esc_3-115387-B-47.wav,environmental,ESC-50 via HF ashraq/esc50,CC-BY-NC-3.0,44100,5.0,win0.2,0.0,0.2,CLEAR,0.0,0.0,0.0,0.0,2.674344505920262e-07,,,,,7.911951835206583e-07,2196.38671875,-6.4
environmental/esc_3-115387-B-47.wav,environmental,ESC-50 via HF ashraq/esc50,CC-BY-NC-3.0,44100,5.0,win0.2,1.2,0.2,CLEAR,0.0,0.0,0.0,0.0,2.1926925438668248e-07,,,,,4.832869849815271e-07,2024.12109375,-7.5
environmental/esc_3-115387-B-47.wav,environmental,ESC-50 via HF ashraq/esc50,CC-BY-NC-3.0,44100,5.0,win0.2,2.4,0.2,CLEAR,0.0,0.0,0.0,0.0,3.209226110181345e-08,,,,,6.556880911884247e-08,1270.458984375,-8.8
environmental/esc_3-115387-B-47.wav,environmental,ESC-50 via HF ashraq/esc50,CC-BY-NC-3.0,44100,5.0,win0.2,3.6,0.2,CLEAR,0.0,0.0,0.0,0.0,1.534444925188283e-08,,,,,4.775856775410017e-08,1830.322265625,-9.6
environmental/esc_3-115387-B-47.wav,environmental,ESC-50 via HF ashraq/esc50,CC-BY-NC-3.0,44100,5.0,win0.2,4.8,0.2,CLEAR,0.0,0.0,0.0,0.0,5.267943224692186e-07,,,,,1.5177848295133213e-06,2368.65234375,-10.2
environmental/esc_2-98866-A-47.wav,environmental,ESC-50 via HF ashraq/esc50,CC-BY-NC-3.0,44100,5.0,full,0.0,5.0,CLEAR,0.0,0.0,0.0,0.0,5.775971146433648e-10,,,,,2.1859914173488203e-09,4478.90625,-16.1
environmental/esc_2-98866-A-47.wav,environmental,ESC-50 via HF ashraq/esc50,CC-BY-NC-3.0,44100,5.0,win0.5,0.0,0.5,CLEAR,0.0,0.0,0.0,0.0,3.6481815336207314e-10,,,,,1.090537811841844e-09,2454.78515625,-14.0
environmental/esc_2-98866-A-47.wav,environmental,ESC-50 via HF ashraq/esc50,CC-BY-NC-3.0,44100,5.0,win0.5,1.125,0.5,CLEAR,0.0,0.0,0.0,0.0,3.661355562632079e-10,,,,,1.389991311942021e-09,3617.578125,-14.1
environmental/esc_2-98866-A-47.wav,environmental,ESC-50 via HF ashraq/esc50,CC-BY-NC-3.0,44100,5.0,win0.5,2.25,0.5,CLEAR,0.0,0.0,0.0,0.0,4.591985524727121e-10,,,,,8.170765753993989e-10,6115.4296875,-15.3
environmental/esc_2-98866-A-47.wav,environmental,ESC-50 via HF ashraq/esc50,CC-BY-NC-3.0,44100,5.0,win0.5,3.375,0.5,CLEAR,0.0,0.0,0.0,0.0,2.5428228242314584e-09,,,,,7.416914282130436e-09,6201.5625,-22.4
environmental/esc_2-98866-A-47.wav,environmental,ESC-50 via HF ashraq/esc50,CC-BY-NC-3.0,44100,5.0,win0.5,4.5,0.5,CLEAR,0.0,0.0,0.0,0.0,3.666618452685137e-08,,,,,4.194559061281186e-07,5038.76953125,-34.2
environmental/esc_2-98866-A-47.wav,environmental,ESC-50 via HF ashraq/esc50,CC-BY-NC-3.0,44100,5.0,win0.2,0.0,0.2,CLEAR,0.0,0.0,0.0,0.0,1.0264698281624147e-09,,,,,3.705925200633675e-09,2906.982421875,-18.3
environmental/esc_2-98866-A-47.wav,environmental,ESC-50 via HF ashraq/esc50,CC-BY-NC-3.0,44100,5.0,win0.2,1.2,0.2,CLEAR,0.0,0.0,0.0,0.0,2.999067119294971e-10,,,,,1.1780099452621114e-09,3596.044921875,-13.9
environmental/esc_2-98866-A-47.wav,environmental,ESC-50 via HF ashraq/esc50,CC-BY-NC-3.0,44100,5.0,win0.2,2.4,0.2,CLEAR,0.0,0.0,0.0,0.0,4.2160775762805924e-10,,,,,8.003196558908909e-10,5900.09765625,-14.9
environmental/esc_2-98866-A-47.wav,environmental,ESC-50 via HF ashraq/esc50,CC-BY-NC-3.0,44100,5.0,win0.2,3.6,0.2,CLEAR,0.0,0.0,0.0,0.0,3.600917551925037e-09,,,,,1.1965055803017889e-08,5770.8984375,-23.8
environmental/esc_2-98866-A-47.wav,environmental,ESC-50 via HF ashraq/esc50,CC-BY-NC-3.0,44100,5.0,win0.2,4.8,0.2,CLEAR,0.0,0.0,0.0,0.0,4.8541755152938724e-08,,,,,6.502481554551974e-07,4931.103515625,-35.6
hf_natural/esc_3-111102-B-46.wav,hf_natural,ESC-50 via HF ashraq/esc50,CC-BY-NC-3.0,44100,5.0,full,0.0,5.0,CLEAR,0.0,0.0,0.0,0.0,2.7131888277097794e-09,,,,,3.6869997901881095e-07,2067.1875,-16.7
hf_natural/esc_3-111102-B-46.wav,hf_natural,ESC-50 via HF ashraq/esc50,CC-BY-NC-3.0,44100,5.0,win0.5,0.0,0.5,CLEAR,0.0,0.0,0.0,0.0,7.832579157887151e-09,,,,,1.717677905401968e-07,2045.654296875,-12.3
hf_natural/esc_3-111102-B-46.wav,hf_natural,ESC-50 via HF ashraq/esc50,CC-BY-NC-3.0,44100,5.0,win0.5,1.125,0.5,CLEAR,0.0,0.0,0.0,0.0,1.1383956805276406e-09,,,,,5.944428495533453e-07,2088.720703125,-19.1
hf_natural/esc_3-111102-B-46.wav,hf_natural,ESC-50 via HF ashraq/esc50,CC-BY-NC-3.0,44100,5.0,win0.5,2.25,0.5,CLEAR,0.0,0.0,0.0,0.0,2.415403876126447e-09,,,,,1.2534783346793093e-06,2067.1875,-21.6
hf_natural/esc_3-111102-B-46.wav,hf_natural,ESC-50 via HF ashraq/esc50,CC-BY-NC-3.0,44100,5.0,win0.5,3.375,0.5,CLEAR,0.0,0.0,0.0,0.0,8.221279315153568e-10,,,,,4.837377484308001e-07,2088.720703125,-17.6
hf_natural/esc_3-111102-B-46.wav,hf_natural,ESC-50 via HF ashraq/esc50,CC-BY-NC-3.0,44100,5.0,win0.5,4.5,0.5,CLEAR,0.0,0.0,0.0,0.0,7.40488506377575e-10,,,,,3.26848568570021e-07,1981.0546875,-17.3
hf_natural/esc_3-111102-B-46.wav,hf_natural,ESC-50 via HF ashraq/esc50,CC-BY-NC-3.0,44100,5.0,win0.2,0.0,0.2,CLEAR,0.0,0.0,0.0,0.0,1.7651158662039417e-08,,,,,1.8621556686136535e-07,1744.189453125,-11.3
hf_natural/esc_3-111102-B-46.wav,hf_natural,ESC-50 via HF ashraq/esc50,CC-BY-NC-3.0,44100,5.0,win0.2,1.2,0.2,CLEAR,0.0,0.0,0.0,0.0,1.088264996837145e-09,,,,,5.001872995615648e-07,2153.3203125,-18.8
hf_natural/esc_3-111102-B-46.wav,hf_natural,ESC-50 via HF ashraq/esc50,CC-BY-NC-3.0,44100,5.0,win0.2,2.4,0.2,CLEAR,0.0,0.0,0.0,0.0,3.8179356791888265e-09,,,,,2.00875988320607e-06,2088.720703125,-23.7
hf_natural/esc_3-111102-B-46.wav,hf_natural,ESC-50 via HF ashraq/esc50,CC-BY-NC-3.0,44100,5.0,win0.2,3.6,0.2,CLEAR,0.0,0.0,0.0,0.0,7.06131750791199e-10,,,,,3.884342921124248e-07,2110.25390625,-16.9
hf_natural/esc_3-111102-B-46.wav,hf_natural,ESC-50 via HF ashraq/esc50,CC-BY-NC-3.0,44100,5.0,win0.2,4.8,0.2,CLEAR,0.0,0.0,0.0,0.0,1.2386669630193736e-09,,,,,4.697213445178483e-07,1981.0546875,-19.4
hf_natural/esc_2-57191-A-46.wav,hf_natural,ESC-50 via HF ashraq/esc50,CC-BY-NC-3.0,44100,5.0,full,0.0,5.0,CLEAR,0.0,0.0,0.0,0.0,6.182247330532678e-07,,,,,1.6919102443801517e-06,3531.4453125,-10.3
hf_natural/esc_2-57191-A-46.wav,hf_natural,ESC-50 via HF ashraq/esc50,CC-BY-NC-3.0,44100,5.0,win0.5,0.0,0.5,CLEAR,0.0,0.0,0.0,0.0,2.7609555802331997e-10,,,,,7.690622788172061e-09,2411.71875,-11.8
hf_natural/esc_2-57191-A-46.wav,hf_natural,ESC-50 via HF ashraq/esc50,CC-BY-NC-3.0,44100,5.0,win0.5,1.125,0.5,CLEAR,0.0,0.0,0.0,0.0,4.391967859607152e-10,,,,,1.1315283241038027e-08,2928.515625,-14.9
hf_natural/esc_2-57191-A-46.wav,hf_natural,ESC-50 via HF ashraq/esc50,CC-BY-NC-3.0,44100,5.0,win0.5,2.25,0.5,CLEAR,0.0,0.0,0.0,0.0,2.52152862413637e-06,,,,,5.984142313007557e-06,3294.580078125,-11.0
hf_natural/esc_2-57191-A-46.wav,hf_natural,ESC-50 via HF ashraq/esc50,CC-BY-NC-3.0,44100,5.0,win0.5,3.375,0.5,CLEAR,0.0,0.0,0.0,0.0,5.408855644250713e-07,,,,,1.7108486033859739e-06,3251.513671875,-9.7
hf_natural/esc_2-57191-A-46.wav,hf_natural,ESC-50 via HF ashraq/esc50,CC-BY-NC-3.0,44100,5.0,win0.5,4.5,0.5,CLEAR,0.0,0.0,0.0,0.0,4.2261256161406296e-07,,,,,1.7751924392405726e-06,4177.44140625,-10.1
hf_natural/esc_2-57191-A-46.wav,hf_natural,ESC-50 via HF ashraq/esc50,CC-BY-NC-3.0,44100,5.0,win0.2,0.0,0.2,CLEAR,0.0,0.0,0.0,0.0,3.3019139392183427e-10,,,,,8.491269698171098e-09,2950.048828125,-11.2
hf_natural/esc_2-57191-A-46.wav,hf_natural,ESC-50 via HF ashraq/esc50,CC-BY-NC-3.0,44100,5.0,win0.2,1.2,0.2,CLEAR,0.0,0.0,0.0,0.0,3.6786274356896936e-10,,,,,1.0046140105218414e-08,2928.515625,-14.2
hf_natural/esc_2-57191-A-46.wav,hf_natural,ESC-50 via HF ashraq/esc50,CC-BY-NC-3.0,44100,5.0,win0.2,2.4,0.2,CLEAR,0.0,0.0,0.0,0.0,4.0297958270577755e-10,,,,,1.3149498304357372e-08,2562.451171875,-14.6
hf_natural/esc_2-57191-A-46.wav,hf_natural,ESC-50 via HF ashraq/esc50,CC-BY-NC-3.0,44100,5.0,win0.2,3.6,0.2,CLEAR,0.0,0.0,0.0,0.0,6.712559273090331e-07,,,,,2.2075262957600565e-06,3552.978515625,-7.8
hf_natural/esc_2-57191-A-46.wav,hf_natural,ESC-50 via HF ashraq/esc50,CC-BY-NC-3.0,44100,5.0,win0.2,4.8,0.2,CLEAR,0.0,0.0,0.0,0.0,1.2049288024287298e-08,,,,,8.132641576437812e-08,3639.111328125,-10.1
electronic_device/esc_2-119748-A-38.wav,electronic_device,ESC-50 via HF ashraq/esc50,CC-BY-NC-3.0,44100,5.0,full,0.0,5.0,CLEAR,0.0,0.0,0.0,0.0,3.4394969274364834e-07,,,,,6.382048575782377e-07,1528.857421875,-38.1
electronic_device/esc_2-119748-A-38.wav,electronic_device,ESC-50 via HF ashraq/esc50,CC-BY-NC-3.0,44100,5.0,win0.5,0.0,0.5,CLEAR,0.0,0.0,0.0,0.0,3.929424379195476e-07,,,,,7.603583793528203e-07,2045.654296875,-36.3
electronic_device/esc_2-119748-A-38.wav,electronic_device,ESC-50 via HF ashraq/esc50,CC-BY-NC-3.0,44100,5.0,win0.5,1.125,0.5,CLEAR,0.0,0.0,0.0,0.0,6.532623224400604e-08,,,,,1.3887701630443027e-07,1571.923828125,-35.8
electronic_device/esc_2-119748-A-38.wav,electronic_device,ESC-50 via HF ashraq/esc50,CC-BY-NC-3.0,44100,5.0,win0.5,2.25,0.5,CLEAR,0.0,0.0,0.0,0.0,3.069296136725222e-08,,,,,9.507341397259993e-08,1507.32421875,-33.0
electronic_device/esc_2-119748-A-38.wav,electronic_device,ESC-50 via HF ashraq/esc50,CC-BY-NC-3.0,44100,5.0,win0.5,3.375,0.5,CLEAR,0.0,0.0,0.0,0.0,1.804968323878368e-07,,,,,5.591814351086156e-07,1442.724609375,-35.8
electronic_device/esc_2-119748-A-38.wav,electronic_device,ESC-50 via HF ashraq/esc50,CC-BY-NC-3.0,44100,5.0,win0.5,4.5,0.5,CLEAR,0.0,0.0,0.0,0.0,1.7068008562745565e-07,,,,,3.134584899303666e-07,1464.2578125,-35.7
electronic_device/esc_2-119748-A-38.wav,electronic_device,ESC-50 via HF ashraq/esc50,CC-BY-NC-3.0,44100,5.0,win0.2,0.0,0.2,CLEAR,0.0,0.0,0.5392,0.0,0.0008072711199548207,26.442608715939947,6.003926243331833,20.438682472608114,15719.23828125,0.0016117156027761173,6546.09375,-64.6
electronic_device/esc_2-119748-A-38.wav,electronic_device,ESC-50 via HF ashraq/esc50,CC-BY-NC-3.0,44100,5.0,win0.2,1.2,0.2,CLEAR,0.0,0.0,0.0,0.0,6.261211850783658e-05,,,,,0.00019531578138754307,2734.716796875,-56.3
electronic_device/esc_2-119748-A-38.wav,electronic_device,ESC-50 via HF ashraq/esc50,CC-BY-NC-3.0,44100,5.0,win0.2,2.4,0.2,CLEAR,0.0,0.0,0.0,0.0,3.5144623343260244e-08,,,,,8.128961672851297e-08,2088.720703125,-31.8
electronic_device/esc_2-119748-A-38.wav,electronic_device,ESC-50 via HF ashraq/esc50,CC-BY-NC-3.0,44100,5.0,win0.2,3.6,0.2,CLEAR,0.0,0.0,0.0,0.0,2.9798965621145152e-08,,,,,9.693348651926751e-08,1378.125,-32.2
electronic_device/esc_2-119748-A-38.wav,electronic_device,ESC-50 via HF ashraq/esc50,CC-BY-NC-3.0,44100,5.0,win0.2,4.8,0.2,CLEAR,0.0,0.0,0.0,0.0,5.500652658984932e-07,,,,,1.2746017877552915e-06,624.462890625,-46.0
electronic_device/esc_1-35687-A-38.wav,electronic_device,ESC-50 via HF ashraq/esc50,CC-BY-NC-3.0,44100,5.0,full,0.0,5.0,CLEAR,0.0,0.0,0.0,0.0,1.7192321577579555e-07,,,,,4.172098180718373e-07,3466.845703125,-40.9
electronic_device/esc_1-35687-A-38.wav,electronic_device,ESC-50 via HF ashraq/esc50,CC-BY-NC-3.0,44100,5.0,win0.5,0.0,0.5,CLEAR,0.0,0.0,0.0,0.0,1.6562823316124408e-07,,,,,4.038895697352928e-07,3768.310546875,-40.9
electronic_device/esc_1-35687-A-38.wav,electronic_device,ESC-50 via HF ashraq/esc50,CC-BY-NC-3.0,44100,5.0,win0.5,1.125,0.5,CLEAR,0.0,0.0,0.0,0.0,1.6062632352218886e-07,,,,,3.989797208043525e-07,3143.84765625,-40.7
electronic_device/esc_1-35687-A-38.wav,electronic_device,ESC-50 via HF ashraq/esc50,CC-BY-NC-3.0,44100,5.0,win0.5,2.25,0.5,CLEAR,0.0,0.0,0.0,0.0,1.7926257115030432e-07,,,,,4.2547060177245113e-07,925.927734375,-41.2
electronic_device/esc_1-35687-A-38.wav,electronic_device,ESC-50 via HF ashraq/esc50,CC-BY-NC-3.0,44100,5.0,win0.5,3.375,0.5,CLEAR,0.0,0.0,0.0,0.0,1.871943599524961e-07,,,,,4.445257483648646e-07,925.927734375,-41.0
electronic_device/esc_1-35687-A-38.wav,electronic_device,ESC-50 via HF ashraq/esc50,CC-BY-NC-3.0,44100,5.0,win0.5,4.5,0.5,CLEAR,0.0,0.0,0.0,0.0,1.7540180193771208e-07,,,,,4.11997034614494e-07,2993.115234375,-40.9
electronic_device/esc_1-35687-A-38.wav,electronic_device,ESC-50 via HF ashraq/esc50,CC-BY-NC-3.0,44100,5.0,win0.2,0.0,0.2,CLEAR,0.0,0.0,0.0,0.0,3.015078381710139e-07,,,,,7.038069173994571e-07,1119.7265625,-43.5
electronic_device/esc_1-35687-A-38.wav,electronic_device,ESC-50 via HF ashraq/esc50,CC-BY-NC-3.0,44100,5.0,win0.2,1.2,0.2,CLEAR,0.0,0.0,0.0,0.0,2.5576500821923e-07,,,,,6.046994815186215e-07,1270.458984375,-42.8
electronic_device/esc_1-35687-A-38.wav,electronic_device,ESC-50 via HF ashraq/esc50,CC-BY-NC-3.0,44100,5.0,win0.2,2.4,0.2,CLEAR,0.0,0.0,0.0,0.0,1.8828460994922875e-07,,,,,4.475296815748694e-07,947.4609375,-41.2
electronic_device/esc_1-35687-A-38.wav,electronic_device,ESC-50 via HF ashraq/esc50,CC-BY-NC-3.0,44100,5.0,win0.2,3.6,0.2,CLEAR,0.0,0.0,0.0,0.0,1.8344310014890254e-07,,,,,4.3381255707861043e-07,968.994140625,-41.0
electronic_device/esc_1-35687-A-38.wav,electronic_device,ESC-50 via HF ashraq/esc50,CC-BY-NC-3.0,44100,5.0,win0.2,4.8,0.2,CLEAR,0.0,0.0,0.0,0.0,1.2567056734763792e-07,,,,,2.805487430262844e-07,3875.9765625,-39.5
electronic_device/esc_3-144120-A-32.wav,electronic_device,ESC-50 via HF ashraq/esc50,CC-BY-NC-3.0,44100,5.0,full,0.0,5.0,CLEAR,0.0,0.0,0.0,0.2274,5.454947714069357e-06,,,,,9.043686990449537e-05,9819.140625,-40.4
electronic_device/esc_3-144120-A-32.wav,electronic_device,ESC-50 via HF ashraq/esc50,CC-BY-NC-3.0,44100,5.0,win0.5,0.0,0.5,CLEAR,0.0,0.0,0.0,0.0,3.076175367257778e-05,,,,,0.0004986757615827007,2777.783203125,-49.6
electronic_device/esc_3-144120-A-32.wav,electronic_device,ESC-50 via HF ashraq/esc50,CC-BY-NC-3.0,44100,5.0,win0.5,1.125,0.5,CLEAR,0.0,0.0,0.0,0.3404,2.9267685052558836e-06,,,,,6.42545657225808e-05,10723.53515625,-38.4
electronic_device/esc_3-144120-A-32.wav,electronic_device,ESC-50 via HF ashraq/esc50,CC-BY-NC-3.0,44100,5.0,win0.5,2.25,0.5,CLEAR,0.0,0.0,0.0,0.0,4.503561317573802e-06,,,,,8.634187020944826e-05,7644.287109375,-41.4
electronic_device/esc_3-144120-A-32.wav,electronic_device,ESC-50 via HF ashraq/esc50,CC-BY-NC-3.0,44100,5.0,win0.5,3.375,0.5,CLEAR,0.0,0.0,0.0,0.0,3.1914237127172776e-05,,,,,0.0004810895550349871,2928.515625,-49.4
electronic_device/esc_3-144120-A-32.wav,electronic_device,ESC-50 via HF ashraq/esc50,CC-BY-NC-3.0,44100,5.0,win0.5,4.5,0.5,CLEAR,0.0,0.0,0.0,0.0,2.587295135046112e-05,,,,,0.00045725298955500386,2562.451171875,-49.1
electronic_device/esc_3-144120-A-32.wav,electronic_device,ESC-50 via HF ashraq/esc50,CC-BY-NC-3.0,44100,5.0,win0.2,0.0,0.2,CLEAR,0.0,0.0,0.0,0.0,3.344083003197976e-05,,,,,0.00045220969712952963,2799.31640625,-49.8
electronic_device/esc_3-144120-A-32.wav,electronic_device,ESC-50 via HF ashraq/esc50,CC-BY-NC-3.0,44100,5.0,win0.2,1.2,0.2,CLEAR,0.0,0.0,0.0,0.1036,2.5458808678743658e-05,,,,,0.0003458818072194609,8828.61328125,-41.8
electronic_device/esc_3-144120-A-32.wav,electronic_device,ESC-50 via HF ashraq/esc50,CC-BY-NC-3.0,44100,5.0,win0.2,2.4,0.2,CLEAR,0.0,0.0,0.0,0.082,5.210054190919244e-06,,,,,9.413171973508719e-05,8656.34765625,-37.8
electronic_device/esc_3-144120-A-32.wav,electronic_device,ESC-50 via HF ashraq/esc50,CC-BY-NC-3.0,44100,5.0,win0.2,3.6,0.2,CLEAR,0.0,0.0,0.0,0.0,3.3969012118893284e-05,,,,,0.0005045201040902641,2799.31640625,-48.7
electronic_device/esc_3-144120-A-32.wav,electronic_device,ESC-50 via HF ashraq/esc50,CC-BY-NC-3.0,44100,5.0,win0.2,4.8,0.2,CLEAR,0.0,0.0,0.0,0.0,2.940101161926323e-05,,,,,0.0004776418007712773,2540.91796875,-49.0
electronic_device/esc_1-94231-A-32.wav,electronic_device,ESC-50 via HF ashraq/esc50,CC-BY-NC-3.0,44100,5.0,full,0.0,5.0,CLEAR,0.0,0.0,0.0,0.6607,0.00017305183018703266,14.300996035669701,1.3109228490627136,12.990073186606988,15439.306640625,0.0029300872805782877,13285.986328125,-49.7
electronic_device/esc_1-94231-A-32.wav,electronic_device,ESC-50 via HF ashraq/esc50,CC-BY-NC-3.0,44100,5.0,win0.5,0.0,0.5,CLEAR,0.0,0.0,0.0,0.8465,0.0005195029779511206,13.395601527966573,3.8703545627746405,9.525246965191933,16688.232421875,0.009005407186571703,14771.77734375,-53.7
electronic_device/esc_1-94231-A-32.wav,electronic_device,ESC-50 via HF ashraq/esc50,CC-BY-NC-3.0,44100,5.0,win0.5,1.125,0.5,CLEAR,0.0,0.0,0.0,1.0,0.0032662331528704523,10.213888634407715,3.8703545627746405,6.343534071633075,15719.23828125,0.03485486290222461,16817.431640625,-61.6
electronic_device/esc_1-94231-A-32.wav,electronic_device,ESC-50 via HF ashraq/esc50,CC-BY-NC-3.0,44100,5.0,win0.5,2.25,0.5,CLEAR,0.0,0.0,0.0,0.9757,0.0014803109048700989,10.63784284016375,3.8703545627746405,6.767488277389109,15633.10546875,0.016075372859751347,15805.37109375,-59.4
electronic_device/esc_1-94231-A-32.wav,electronic_device,ESC-50 via HF ashraq/esc50,CC-BY-NC-3.0,44100,5.0,win0.5,3.375,0.5,CLEAR,0.0,0.0,0.0,0.4885,9.832566674975539e-05,14.679289560432833,3.8703545627746405,10.808934997658193,15073.2421875,0.0016813685849552664,11907.861328125,-47.8
electronic_device/esc_1-94231-A-32.wav,electronic_device,ESC-50 via HF ashraq/esc50,CC-BY-NC-3.0,44100,5.0,win0.5,4.5,0.5,CLEAR,0.0,0.0,0.0,0.6607,0.0001302374044501927,16.88766167919941,3.8703545627746405,13.017307116424771,15073.2421875,0.0027207155167663106,13285.986328125,-48.2
electronic_device/esc_1-94231-A-32.wav,electronic_device,ESC-50 via HF ashraq/esc50,CC-BY-NC-3.0,44100,5.0,win0.2,0.0,0.2,CLEAR,0.0,0.0,0.0,1.0,0.0040985274399911705,11.541611317326794,6.003926243331833,5.537685073994961,15116.30859375,0.04280658034804111,17097.36328125,-61.7
electronic_device/esc_1-94231-A-32.wav,electronic_device,ESC-50 via HF ashraq/esc50,CC-BY-NC-3.0,44100,5.0,win0.2,1.2,0.2,CLEAR,0.0,0.0,0.0,1.0,0.0033768166518877134,11.114242735630588,6.003926243331833,5.110316492298756,16171.435546875,0.03170251769802704,16795.8984375,-61.4
electronic_device/esc_1-94231-A-32.wav,electronic_device,ESC-50 via HF ashraq/esc50,CC-BY-NC-3.0,44100,5.0,win0.2,2.4,0.2,CLEAR,0.0,0.0,0.0,1.0,0.0032117705023236715,11.077242893374617,6.003926243331833,5.073316650042784,15310.107421875,0.033446826147988405,16838.96484375,-62.4
electronic_device/esc_1-94231-A-32.wav,electronic_device,ESC-50 via HF ashraq/esc50,CC-BY-NC-3.0,44100,5.0,win0.2,3.6,0.2,CLEAR,0.0,0.0,0.0,1.0,0.0033428821180839716,12.542244267407431,6.003926243331833,6.538318024075599,15094.775390625,0.03509458098537401,16860.498046875,-60.7
electronic_device/esc_1-94231-A-32.wav,electronic_device,ESC-50 via HF ashraq/esc50,CC-BY-NC-3.0,44100,5.0,win0.2,4.8,0.2,CLEAR,0.0,0.0,0.0,1.0,0.002222086689271841,11.682540456382736,6.003926243331833,5.678614213050903,15288.57421875,0.02428885823347453,16559.033203125,-60.9
electronic_device/esc_1-99958-A-31.wav,electronic_device,ESC-50 via HF ashraq/esc50,CC-BY-NC-3.0,44100,5.0,full,0.0,5.0,CLEAR,0.0,0.0,0.0,1.0,0.0006914624138594125,30.170007623942162,1.3109228490627136,28.85908477487945,15977.63671875,0.11477844172309025,17312.6953125,-49.3
electronic_device/esc_1-99958-A-31.wav,electronic_device,ESC-50 via HF ashraq/esc50,CC-BY-NC-3.0,44100,5.0,win0.5,0.0,0.5,CLEAR,0.0,0.0,0.0,0.9837,0.00012909872332431626,33.45672903947258,3.8703545627746405,29.586374476697937,15267.041015625,0.15865207966985845,15869.970703125,-50.9
electronic_device/esc_1-99958-A-31.wav,electronic_device,ESC-50 via HF ashraq/esc50,CC-BY-NC-3.0,44100,5.0,win0.5,1.125,0.5,CLEAR,0.0,0.0,0.4336,1.0,0.000642230074468653,34.82781764737396,3.8703545627746405,30.957463084599322,15977.63671875,0.07858983561356268,16688.232421875,-55.7
electronic_device/esc_1-99958-A-31.wav,electronic_device,ESC-50 via HF ashraq/esc50,CC-BY-NC-3.0,44100,5.0,win0.5,2.25,0.5,CLEAR,0.0,0.0,0.0,1.0,0.00027510470243106305,30.74202096999312,3.8703545627746405,26.87166640721848,15977.63671875,0.12824212826024492,17269.62890625,-44.6
electronic_device/esc_1-99958-A-31.wav,electronic_device,ESC-50 via HF ashraq/esc50,CC-BY-NC-3.0,44100,5.0,win0.5,3.375,0.5,CLEAR,0.0,0.0,0.0,1.0,0.0007245462095074861,34.001153897931864,3.8703545627746405,30.130799335157224,15956.103515625,0.11282866737106491,17441.89453125,-46.3
electronic_device/esc_1-99958-A-31.wav,electronic_device,ESC-50 via HF ashraq/esc50,CC-BY-NC-3.0,44100,5.0,win0.5,4.5,0.5,CLEAR,0.0,0.0,0.6248,1.0,0.019206037766018036,23.491662588062603,3.8703545627746405,19.621308025287963,15977.63671875,0.22289581188420826,18260.15625,-71.8
electronic_device/esc_1-99958-A-31.wav,electronic_device,ESC-50 via HF ashraq/esc50,CC-BY-NC-3.0,44100,5.0,win0.2,0.0,0.2,CLEAR,0.0,0.0,0.0,0.9784,7.018592397356692e-05,37.53392516225801,6.003926243331833,31.529998918926175,15267.041015625,0.15823033446756002,15826.904296875,-46.9
electronic_device/esc_1-99958-A-31.wav,electronic_device,ESC-50 via HF ashraq/esc50,CC-BY-NC-3.0,44100,5.0,win0.2,1.2,0.2,CLEAR,0.0,0.0,0.0,0.9084,0.0003640442173875218,28.793736131613663,6.003926243331833,22.78980988828183,15977.63671875,0.01354351436821799,15267.041015625,-52.3
electronic_device/esc_1-99958-A-31.wav,electronic_device,ESC-50 via HF ashraq/esc50,CC-BY-NC-3.0,44100,5.0,win0.2,2.4,0.2,CLEAR,0.0,0.0,0.0,1.0,0.0005951448307951338,31.03707003455089,6.003926243331833,25.033143791219057,15977.63671875,0.10479224625717676,16666.69921875,-46.7
electronic_device/esc_1-99958-A-31.wav,electronic_device,ESC-50 via HF ashraq/esc50,CC-BY-NC-3.0,44100,5.0,win0.2,3.6,0.2,CLEAR,0.0,0.0,0.7143,1.0,0.0247711603754567,32.50845945838809,6.003926243331833,26.504533215056256,15977.63671875,0.28546903865951695,18303.22265625,-73.0
electronic_device/esc_1-99958-A-31.wav,electronic_device,ESC-50 via HF ashraq/esc50,CC-BY-NC-3.0,44100,5.0,win0.2,4.8,0.2,CLEAR,0.0,0.0,0.6768,1.0,0.022584850137018168,26.452852383417145,6.003926243331833,20.448926140085312,15977.63671875,0.18593153151887096,18281.689453125,-71.0
electronic_device/esc_1-85123-A-31.wav,electronic_device,ESC-50 via HF ashraq/esc50,CC-BY-NC-3.0,44100,5.0,full,0.0,5.0,CLEAR,0.0,0.0,0.0,0.0,7.905998533927843e-06,,,,,3.750184619875239e-05,645.99609375,-26.1
electronic_device/esc_1-85123-A-31.wav,electronic_device,ESC-50 via HF ashraq/esc50,CC-BY-NC-3.0,44100,5.0,win0.5,0.0,0.5,CLEAR,0.0,0.0,0.0,0.0,2.490327500535739e-05,,,,,8.324990502124602e-05,689.0625,-26.5
electronic_device/esc_1-85123-A-31.wav,electronic_device,ESC-50 via HF ashraq/esc50,CC-BY-NC-3.0,44100,5.0,win0.5,1.125,0.5,CLEAR,0.0,0.0,0.0,0.0,1.2394605908795892e-06,,,,,7.678258476568115e-06,193.798828125,-27.5
electronic_device/esc_1-85123-A-31.wav,electronic_device,ESC-50 via HF ashraq/esc50,CC-BY-NC-3.0,44100,5.0,win0.5,2.25,0.5,CLEAR,0.0,0.0,0.0,0.0,2.6119488296185463e-05,,,,,9.388304176960726e-05,775.1953125,-24.8
electronic_device/esc_1-85123-A-31.wav,electronic_device,ESC-50 via HF ashraq/esc50,CC-BY-NC-3.0,44100,5.0,win0.5,3.375,0.5,CLEAR,0.0,0.0,0.0,0.0,7.549204183999233e-07,,,,,4.804705882476038e-06,172.265625,-25.9
electronic_device/esc_1-85123-A-31.wav,electronic_device,ESC-50 via HF ashraq/esc50,CC-BY-NC-3.0,44100,5.0,win0.5,4.5,0.5,CLEAR,0.0,0.0,0.0,0.0,4.1642058249670114e-07,,,,,3.2102519278506297e-06,172.265625,-24.1
electronic_device/esc_1-85123-A-31.wav,electronic_device,ESC-50 via HF ashraq/esc50,CC-BY-NC-3.0,44100,5.0,win0.2,0.0,0.2,CLEAR,0.0,0.0,0.0,0.0,1.0527577990605809e-06,,,,,5.068040928815078e-06,172.265625,-26.2
electronic_device/esc_1-85123-A-31.wav,electronic_device,ESC-50 via HF ashraq/esc50,CC-BY-NC-3.0,44100,5.0,win0.2,1.2,0.2,CLEAR,0.0,0.0,0.0,0.0,1.2402858788397042e-06,,,,,6.786067874585132e-06,172.265625,-26.5
electronic_device/esc_1-85123-A-31.wav,electronic_device,ESC-50 via HF ashraq/esc50,CC-BY-NC-3.0,44100,5.0,win0.2,2.4,0.2,CLEAR,0.0,0.0,0.0,0.0,4.291239158032191e-05,,,,,0.00013970545549509125,7170.556640625,-26.3
electronic_device/esc_1-85123-A-31.wav,electronic_device,ESC-50 via HF ashraq/esc50,CC-BY-NC-3.0,44100,5.0,win0.2,3.6,0.2,CLEAR,0.0,0.0,0.0,0.0,7.908895191102142e-07,,,,,4.339319014412785e-06,172.265625,-25.6
electronic_device/esc_1-85123-A-31.wav,electronic_device,ESC-50 via HF ashraq/esc50,CC-BY-NC-3.0,44100,5.0,win0.2,4.8,0.2,CLEAR,0.0,0.0,0.0,0.0,4.37353771806714e-07,,,,,3.931180733428006e-06,193.798828125,-25.2
environmental/esc_2-122820-B-36.wav,environmental,ESC-50 via HF ashraq/esc50,CC-BY-NC-3.0,44100,5.0,full,0.0,5.0,CLEAR,0.0,0.0,0.0,0.5908,6.138278935558023e-10,,,,,0.0008770438675930205,12726.123046875,-16.3
environmental/esc_2-122820-B-36.wav,environmental,ESC-50 via HF ashraq/esc50,CC-BY-NC-3.0,44100,5.0,win0.5,0.0,0.5,CLEAR,0.0,0.0,0.0,0.6554,5.058074568092181e-10,74.81757602331078,3.8703545627746405,70.94722146053614,15030.17578125,0.0013072452326507724,13242.919921875,-15.6
environmental/esc_2-122820-B-36.wav,environmental,ESC-50 via HF ashraq/esc50,CC-BY-NC-3.0,44100,5.0,win0.5,1.125,0.5,CLEAR,0.0,0.0,0.0,0.5289,7.71940800344105e-10,,,,,0.0006985824925671113,12230.859375,-17.3
environmental/esc_2-122820-B-36.wav,environmental,ESC-50 via HF ashraq/esc50,CC-BY-NC-3.0,44100,5.0,win0.5,2.25,0.5,CLEAR,0.0,0.0,0.0,0.5881,5.285619252481133e-10,,,,,0.000868057970081153,12704.58984375,-15.8
environmental/esc_2-122820-B-36.wav,environmental,ESC-50 via HF ashraq/esc50,CC-BY-NC-3.0,44100,5.0,win0.5,3.375,0.5,CLEAR,0.0,0.0,0.0,0.5638,6.521843005791823e-10,,,,,0.000794787024448798,12510.791015625,-16.5
environmental/esc_2-122820-B-36.wav,environmental,ESC-50 via HF ashraq/esc50,CC-BY-NC-3.0,44100,5.0,win0.5,4.5,0.5,CLEAR,0.0,0.0,0.0,0.4562,5.582186717476362e-10,,,,,0.0004528082732874124,11649.462890625,-16.1
environmental/esc_2-122820-B-36.wav,environmental,ESC-50 via HF ashraq/esc50,CC-BY-NC-3.0,44100,5.0,win0.2,0.0,0.2,CLEAR,0.0,0.0,0.0,0.6446,4.296331047029967e-10,77.43960516816449,6.003926243331833,71.43567892483266,15051.708984375,0.0013334397487455823,13156.787109375,-14.8
environmental/esc_2-122820-B-36.wav,environmental,ESC-50 via HF ashraq/esc50,CC-BY-NC-3.0,44100,5.0,win0.2,1.2,0.2,CLEAR,0.0,0.0,0.0,0.5369,7.352601426869932e-10,,,,,0.0006487761594194817,12295.458984375,-17.2
environmental/esc_2-122820-B-36.wav,environmental,ESC-50 via HF ashraq/esc50,CC-BY-NC-3.0,44100,5.0,win0.2,2.4,0.2,CLEAR,0.0,0.0,0.0,0.5961,5.088543104190707e-10,75.62607895300785,6.003926243331833,69.62215270967602,15396.240234375,0.0011943876327647409,12769.189453125,-15.9
environmental/esc_2-122820-B-36.wav,environmental,ESC-50 via HF ashraq/esc50,CC-BY-NC-3.0,44100,5.0,win0.2,3.6,0.2,CLEAR,0.0,0.0,0.0,0.5127,6.028582724622658e-10,,,,,0.0007123914178847722,12101.66015625,-16.6
environmental/esc_2-122820-B-36.wav,environmental,ESC-50 via HF ashraq/esc50,CC-BY-NC-3.0,44100,5.0,win0.2,4.8,0.2,CLEAR,0.0,0.0,0.0,0.4239,5.160161844775296e-10,,,,,0.0004392796929398214,11391.064453125,-15.8
environmental/esc_2-106072-A-36.wav,environmental,ESC-50 via HF ashraq/esc50,CC-BY-NC-3.0,44100,5.0,full,0.0,5.0,CLEAR,0.0,0.0001,0.0,0.0471,8.864267629028993e-06,,,,,2.0141902497900823e-05,8376.416015625,-9.3
environmental/esc_2-106072-A-36.wav,environmental,ESC-50 via HF ashraq/esc50,CC-BY-NC-3.0,44100,5.0,win0.5,0.0,0.5,CLEAR,0.0,0.0,0.0,0.0767,1.6393881159423336e-06,,,,,5.26730899344629e-06,8613.28125,-11.0
environmental/esc_2-106072-A-36.wav,environmental,ESC-50 via HF ashraq/esc50,CC-BY-NC-3.0,44100,5.0,win0.5,1.125,0.5,CLEAR,0.0,0.0,0.0,0.0901,4.790829291458449e-06,,,,,1.0327526382099693e-05,8720.947265625,-9.3
environmental/esc_2-106072-A-36.wav,environmental,ESC-50 via HF ashraq/esc50,CC-BY-NC-3.0,44100,5.0,win0.5,2.25,0.5,CLEAR,0.0,0.0001,0.0,0.0094,1.2927215653933467e-05,,,,,2.7495352380282973e-05,8074.951171875,-8.7
environmental/esc_2-106072-A-36.wav,environmental,ESC-50 via HF ashraq/esc50,CC-BY-NC-3.0,44100,5.0,win0.5,3.375,0.5,CLEAR,0.0,0.0001,0.0,0.0417,8.7316305288547e-06,,,,,2.0456070187855394e-05,8333.349609375,-9.0
environmental/esc_2-106072-A-36.wav,environmental,ESC-50 via HF ashraq/esc50,CC-BY-NC-3.0,44100,5.0,win0.5,4.5,0.5,CLEAR,0.0,0.0001,0.0,0.0255,9.756551857809671e-06,,,,,2.0029420516287327e-05,8204.150390625,-9.1
environmental/esc_2-106072-A-36.wav,environmental,ESC-50 via HF ashraq/esc50,CC-BY-NC-3.0,44100,5.0,win0.2,0.0,0.2,CLEAR,0.0,0.0,0.0,0.082,4.339105900137712e-06,,,,,1.395101805209299e-05,8656.34765625,-10.7
environmental/esc_2-106072-A-36.wav,environmental,ESC-50 via HF ashraq/esc50,CC-BY-NC-3.0,44100,5.0,win0.2,1.2,0.2,CLEAR,0.0,0.0001,0.0,0.1063,9.422953945554167e-06,,,,,1.792359527714479e-05,8850.146484375,-9.3
environmental/esc_2-106072-A-36.wav,environmental,ESC-50 via HF ashraq/esc50,CC-BY-NC-3.0,44100,5.0,win0.2,2.4,0.2,CLEAR,0.0,0.0002,0.0,0.0282,1.6169819175710538e-05,,,,,3.217870327380415e-05,8225.68359375,-8.7
environmental/esc_2-106072-A-36.wav,environmental,ESC-50 via HF ashraq/esc50,CC-BY-NC-3.0,44100,5.0,win0.2,3.6,0.2,CLEAR,0.0,0.0001,0.0,0.0201,8.97195421510615e-06,,,,,2.2214919827968982e-05,8161.083984375,-8.9
environmental/esc_2-106072-A-36.wav,environmental,ESC-50 via HF ashraq/esc50,CC-BY-NC-3.0,44100,5.0,win0.2,4.8,0.2,CLEAR,0.0,0.0001,0.0,0.0228,9.769552320752033e-06,,,,,1.881513006901383e-05,8182.6171875,-8.9
environmental/esc_1-32373-A-35.wav,environmental,ESC-50 via HF ashraq/esc50,CC-BY-NC-3.0,44100,5.0,full,0.0,5.0,CLEAR,0.0,0.0,0.0,0.0417,5.943809885798119e-06,,,,,0.0004155475015492388,8333.349609375,-14.3
environmental/esc_1-32373-A-35.wav,environmental,ESC-50 via HF ashraq/esc50,CC-BY-NC-3.0,44100,5.0,win0.5,0.0,0.5,CLEAR,0.0,0.0,0.0,0.039,4.893956851561553e-06,,,,,0.0004053803727697413,8311.81640625,-14.4
environmental/esc_1-32373-A-35.wav,environmental,ESC-50 via HF ashraq/esc50,CC-BY-NC-3.0,44100,5.0,win0.5,1.125,0.5,CLEAR,0.0,0.0,0.0,0.0417,1.1401642293289143e-05,,,,,0.0006620454875841499,8333.349609375,-14.4
environmental/esc_1-32373-A-35.wav,environmental,ESC-50 via HF ashraq/esc50,CC-BY-NC-3.0,44100,5.0,win0.5,2.25,0.5,CLEAR,0.0,0.0,0.0,0.0417,3.5535514125070844e-06,,,,,0.00044328975423169005,8333.349609375,-14.3
environmental/esc_1-32373-A-35.wav,environmental,ESC-50 via HF ashraq/esc50,CC-BY-NC-3.0,44100,5.0,win0.5,3.375,0.5,CLEAR,0.0,0.0,0.0,0.0417,5.058494143543723e-07,,,,,0.00031389171157678177,8333.349609375,-14.2
environmental/esc_1-32373-A-35.wav,environmental,ESC-50 via HF ashraq/esc50,CC-BY-NC-3.0,44100,5.0,win0.5,4.5,0.5,CLEAR,0.0,0.0,0.0,0.0417,4.3079673626662805e-10,,,,,0.000348217130895246,8333.349609375,-14.1
environmental/esc_1-32373-A-35.wav,environmental,ESC-50 via HF ashraq/esc50,CC-BY-NC-3.0,44100,5.0,win0.2,0.0,0.2,CLEAR,0.0,0.0,0.0,0.039,4.339658289717961e-06,,,,,0.0005063827117096023,8311.81640625,-14.3
environmental/esc_1-32373-A-35.wav,environmental,ESC-50 via HF ashraq/esc50,CC-BY-NC-3.0,44100,5.0,win0.2,1.2,0.2,CLEAR,0.0,0.0,0.0,0.0417,1.4714401835699859e-05,,,,,0.0007099038422752661,8333.349609375,-14.4
environmental/esc_1-32373-A-35.wav,environmental,ESC-50 via HF ashraq/esc50,CC-BY-NC-3.0,44100,5.0,win0.2,2.4,0.2,CLEAR,0.0,0.0,0.0,0.0417,5.137664884997337e-06,,,,,0.00047917918572207887,8333.349609375,-14.2
environmental/esc_1-32373-A-35.wav,environmental,ESC-50 via HF ashraq/esc50,CC-BY-NC-3.0,44100,5.0,win0.2,3.6,0.2,CLEAR,0.0,0.0,0.0,0.039,5.803459500358421e-07,,,,,0.0003084136832556563,8311.81640625,-14.1
environmental/esc_1-32373-A-35.wav,environmental,ESC-50 via HF ashraq/esc50,CC-BY-NC-3.0,44100,5.0,win0.2,4.8,0.2,CLEAR,0.0,0.0,0.0,0.0417,4.696054624529142e-10,,,,,0.0003401990861369798,8333.349609375,-14.0
environmental/esc_1-23996-B-35.wav,environmental,ESC-50 via HF ashraq/esc50,CC-BY-NC-3.0,44100,5.0,full,0.0,5.0,CLEAR,0.0,0.0,0.0,0.2516,2.01647711318761e-08,,,,,2.48181629372403e-05,10012.939453125,-13.0
environmental/esc_1-23996-B-35.wav,environmental,ESC-50 via HF ashraq/esc50,CC-BY-NC-3.0,44100,5.0,win0.5,0.0,0.5,CLEAR,0.0,0.0,0.0,0.1763,3.067590012720558e-10,,,,,3.373416136789911e-05,9410.009765625,-13.5
environmental/esc_1-23996-B-35.wav,environmental,ESC-50 via HF ashraq/esc50,CC-BY-NC-3.0,44100,5.0,win0.5,1.125,0.5,CLEAR,0.0,0.0,0.0,0.2005,3.133065007890014e-10,,,,,3.240793331231048e-05,9603.80859375,-13.6
environmental/esc_1-23996-B-35.wav,environmental,ESC-50 via HF ashraq/esc50,CC-BY-NC-3.0,44100,5.0,win0.5,2.25,0.5,CLEAR,0.0,0.0,0.0,0.2166,3.2067600578245264e-10,,,,,2.1049550571811108e-05,9733.0078125,-13.4
environmental/esc_1-23996-B-35.wav,environmental,ESC-50 via HF ashraq/esc50,CC-BY-NC-3.0,44100,5.0,win0.5,3.375,0.5,CLEAR,0.0,0.0,0.0,0.2328,2.6707620186776116e-10,,,,,1.5901748394649013e-05,9862.20703125,-12.9
environmental/esc_1-23996-B-35.wav,environmental,ESC-50 via HF ashraq/esc50,CC-BY-NC-3.0,44100,5.0,win0.5,4.5,0.5,CLEAR,0.0,0.0,0.0,0.257,2.51915280748215e-10,,,,,2.6046686292867257e-05,10056.005859375,-12.5
environmental/esc_1-23996-B-35.wav,environmental,ESC-50 via HF ashraq/esc50,CC-BY-NC-3.0,44100,5.0,win0.2,0.0,0.2,CLEAR,0.0,0.0,0.0,0.1736,3.221298136393767e-10,,,,,3.336203102248679e-05,9388.4765625,-13.6
environmental/esc_1-23996-B-35.wav,environmental,ESC-50 via HF ashraq/esc50,CC-BY-NC-3.0,44100,5.0,win0.2,1.2,0.2,CLEAR,0.0,0.0,0.0,0.1978,3.032644529225021e-10,,,,,2.427948688587126e-05,9582.275390625,-13.4
environmental/esc_1-23996-B-35.wav,environmental,ESC-50 via HF ashraq/esc50,CC-BY-NC-3.0,44100,5.0,win0.2,2.4,0.2,CLEAR,0.0,0.0,0.0,0.2166,2.9973413521326947e-10,,,,,1.8524374164935046e-05,9733.0078125,-13.2
environmental/esc_1-23996-B-35.wav,environmental,ESC-50 via HF ashraq/esc50,CC-BY-NC-3.0,44100,5.0,win0.2,3.6,0.2,CLEAR,0.0,0.0,0.0,0.2355,2.787177623440472e-10,,,,,1.6560702916778563e-05,9883.740234375,-12.9
environmental/esc_1-23996-B-35.wav,environmental,ESC-50 via HF ashraq/esc50,CC-BY-NC-3.0,44100,5.0,win0.2,4.8,0.2,CLEAR,0.0,0.0,0.0,0.257,2.5120234983285306e-10,,,,,3.0404402793348804e-05,10056.005859375,-12.6
hf_natural/esc_1-977-A-39.wav,hf_natural,ESC-50 via HF ashraq/esc50,CC-BY-NC-3.0,44100,5.0,full,0.0,5.0,CLEAR,0.0,0.0,0.1817,1.0,0.00311694213514241,23.337631631300773,1.3109228490627136,22.02670878223806,17592.626953125,0.06923349502299808,17592.626953125,-30.8
hf_natural/esc_1-977-A-39.wav,hf_natural,ESC-50 via HF ashraq/esc50,CC-BY-NC-3.0,44100,5.0,win0.5,0.0,0.5,CLEAR,0.0708,0.0312,0.1607,1.0,0.003119606840575137,23.343501312480296,3.8703545627746405,19.473146749705656,17592.626953125,0.06927014698342222,17592.626953125,-20.8
hf_natural/esc_1-977-A-39.wav,hf_natural,ESC-50 via HF ashraq/esc50,CC-BY-NC-3.0,44100,5.0,win0.5,1.125,0.5,CLEAR,0.0,0.0,0.0,0.7765,0.0029150801572642797,12.254638311228858,3.8703545627746405,8.384283748454218,16322.16796875,0.008236492798068526,14211.9140625,-85.0
hf_natural/esc_1-977-A-39.wav,hf_natural,ESC-50 via HF ashraq/esc50,CC-BY-NC-3.0,44100,5.0,win0.2,0.0,0.2,CLEAR,0.0818,0.0336,0.1993,1.0,0.0033567040900961006,25.075069613100855,6.003926243331833,19.071143369769022,17592.626953125,0.08187355768253636,17592.626953125,-16.9
hf_natural/esc_1-977-A-39.wav,hf_natural,ESC-50 via HF ashraq/esc50,CC-BY-NC-3.0,44100,5.0,win0.2,1.2,0.2,CLEAR,0.0,0.0,0.0,1.0,0.006032999654451022,7.658296127315726,6.003926243331833,1.6543698839838932,16322.16796875,0.01494324139009218,16279.1015625,-86.1
hf_natural/esc_1-85184-A-39.wav,hf_natural,ESC-50 via HF ashraq/esc50,CC-BY-NC-3.0,44100,5.0,full,0.0,5.0,CLEAR,0.0,0.1249,0.0,1.0,0.012493623008061106,21.51039906852752,1.3109228490627136,20.199476219464806,15094.775390625,0.1266963455115503,18303.22265625,-21.7
hf_natural/esc_1-85184-A-39.wav,hf_natural,ESC-50 via HF ashraq/esc50,CC-BY-NC-3.0,44100,5.0,win0.5,0.0,0.5,CLEAR,0.0,0.125,0.0,1.0,0.012499468390856427,21.498340872938726,3.8703545627746405,17.627986310164086,15094.775390625,0.1265997831832693,18303.22265625,-11.7
hf_natural/esc_1-85184-A-39.wav,hf_natural,ESC-50 via HF ashraq/esc50,CC-BY-NC-3.0,44100,5.0,win0.2,0.0,0.2,CLEAR,0.0,0.1218,0.0,1.0,0.012181230566065668,21.66173802588238,6.003926243331833,15.657811782550546,15094.775390625,0.12335917369522137,18303.22265625,-8.1
environmental/esc_1-26188-A-30.wav,environmental,ESC-50 via HF ashraq/esc50,CC-BY-NC-3.0,44100,5.0,full,0.0,5.0,CLEAR,0.0,0.0,0.0,0.0,2.7329255407935522e-08,,,,,1.816130714494259e-07,602.9296875,-16.1
environmental/esc_1-26188-A-30.wav,environmental,ESC-50 via HF ashraq/esc50,CC-BY-NC-3.0,44100,5.0,win0.5,0.0,0.5,CLEAR,0.0,0.0,0.0,0.0,3.1165276931116417e-07,,,,,9.818257941696732e-07,1313.525390625,-22.5
environmental/esc_1-26188-A-30.wav,environmental,ESC-50 via HF ashraq/esc50,CC-BY-NC-3.0,44100,5.0,win0.5,1.125,0.5,CLEAR,0.0,0.0,0.0,0.0,1.4432484464374595e-09,,,,,2.1587440064364142e-07,990.52734375,-19.3
environmental/esc_1-26188-A-30.wav,environmental,ESC-50 via HF ashraq/esc50,CC-BY-NC-3.0,44100,5.0,win0.5,2.25,0.5,CLEAR,0.0,0.0,0.0,0.0,2.1749909286861937e-06,,,,,1.6819765863014106e-05,43.06640625,-34.2
environmental/esc_1-26188-A-30.wav,environmental,ESC-50 via HF ashraq/esc50,CC-BY-NC-3.0,44100,5.0,win0.5,3.375,0.5,CLEAR,0.0,0.0,0.0,0.0,9.205181008519282e-08,,,,,3.9678604886266553e-07,86.1328125,-16.6
environmental/esc_1-26188-A-30.wav,environmental,ESC-50 via HF ashraq/esc50,CC-BY-NC-3.0,44100,5.0,win0.5,4.5,0.5,CLEAR,0.0,0.0,0.0,0.0,2.5108518030652175e-10,,,,,1.0735271057982983e-07,107.666015625,-11.9
environmental/esc_1-26188-A-30.wav,environmental,ESC-50 via HF ashraq/esc50,CC-BY-NC-3.0,44100,5.0,win0.2,0.0,0.2,CLEAR,0.0,0.0,0.0,1.0,0.01088388444745604,4.680723368075555,6.003926243331833,-1.3232028752562774,15611.572265625,0.030001099706268426,18066.357421875,-66.9
environmental/esc_1-26188-A-30.wav,environmental,ESC-50 via HF ashraq/esc50,CC-BY-NC-3.0,44100,5.0,win0.2,1.2,0.2,CLEAR,0.0,0.0,0.0,0.0,2.562521178251068e-09,,,,,4.391039954202037e-07,1098.193359375,-20.7
environmental/esc_1-26188-A-30.wav,environmental,ESC-50 via HF ashraq/esc50,CC-BY-NC-3.0,44100,5.0,win0.2,2.4,0.2,CLEAR,0.0,0.0,0.0,0.0,3.1555671942669193e-06,,,,,2.399824007324967e-05,43.06640625,-37.4
environmental/esc_1-26188-A-30.wav,environmental,ESC-50 via HF ashraq/esc50,CC-BY-NC-3.0,44100,5.0,win0.2,3.6,0.2,CLEAR,0.0,0.0,0.0,0.0,1.5470737530555104e-07,,,,,9.302391979263334e-07,301.46484375,-17.3
environmental/esc_1-26188-A-30.wav,environmental,ESC-50 via HF ashraq/esc50,CC-BY-NC-3.0,44100,5.0,win0.2,4.8,0.2,CLEAR,0.0,0.0,0.0,0.0,1.869091986712275e-09,,,,,1.434734058792787e-07,64.599609375,-18.6
environmental/esc_3-151089-A-30.wav,environmental,ESC-50 via HF ashraq/esc50,CC-BY-NC-3.0,44100,5.0,full,0.0,5.0,CLEAR,0.0,0.0,0.0,0.0,5.480867074817052e-05,,,,,0.00011532192398977009,2045.654296875,-30.5
environmental/esc_3-151089-A-30.wav,environmental,ESC-50 via HF ashraq/esc50,CC-BY-NC-3.0,44100,5.0,win0.5,0.0,0.5,CLEAR,0.0,0.0,0.0,0.0,5.166268524255031e-07,,,,,6.369703500320514e-05,1808.7890625,-27.2
environmental/esc_3-151089-A-30.wav,environmental,ESC-50 via HF ashraq/esc50,CC-BY-NC-3.0,44100,5.0,win0.5,1.125,0.5,CLEAR,0.0,0.0,0.0,0.0,5.550384339191233e-07,,,,,1.531217312412512e-05,1184.326171875,-33.2
environmental/esc_3-151089-A-30.wav,environmental,ESC-50 via HF ashraq/esc50,CC-BY-NC-3.0,44100,5.0,win0.5,2.25,0.5,CLEAR,0.0,0.0,0.0,0.0,1.2507902150976613e-05,,,,,4.052241699912653e-05,43.06640625,-45.5
environmental/esc_3-151089-A-30.wav,environmental,ESC-50 via HF ashraq/esc50,CC-BY-NC-3.0,44100,5.0,win0.2,0.0,0.2,CLEAR,0.0,0.0,0.0,0.0,7.449926544599369e-08,,,,,1.496353423733116e-06,43.06640625,-26.7
environmental/esc_3-151089-A-30.wav,environmental,ESC-50 via HF ashraq/esc50,CC-BY-NC-3.0,44100,5.0,win0.2,1.2,0.2,CLEAR,0.0,0.0,0.0,0.0,1.3560905302531307e-06,,,,,2.2323342569075757e-05,925.927734375,-37.6
environmental/esc_3-151089-A-30.wav,environmental,ESC-50 via HF ashraq/esc50,CC-BY-NC-3.0,44100,5.0,win0.2,2.4,0.2,CLEAR,0.0,0.0,0.0,0.0,0.00031772926605909874,,,,,0.000964701071350165,473.73046875,-58.0
environmental/esc_2-85471-A-34.wav,environmental,ESC-50 via HF ashraq/esc50,CC-BY-NC-3.0,44100,5.0,full,0.0,5.0,CLEAR,0.0,0.0936,0.0,1.0,0.009363465001063892,7.995624491944123,1.3109228490627136,6.684701642881409,15783.837890625,0.03618763535487697,17829.4921875,-32.7
environmental/esc_2-85471-A-34.wav,environmental,ESC-50 via HF ashraq/esc50,CC-BY-NC-3.0,44100,5.0,win0.5,0.0,0.5,CLEAR,0.0,0.0,0.0,0.8868,0.004771023851765392,4.780931665414811,3.8703545627746405,0.9105771026401706,19315.283203125,0.010185232032121539,15094.775390625,-68.8
environmental/esc_2-85471-A-34.wav,environmental,ESC-50 via HF ashraq/esc50,CC-BY-NC-3.0,44100,5.0,win0.5,1.125,0.5,CLEAR,0.0,0.0,0.0,1.0,0.002720762371866812,15.535229825725827,3.8703545627746405,11.664875262951186,15783.837890625,0.039359618161028925,16580.56640625,-35.0
environmental/esc_2-85471-A-34.wav,environmental,ESC-50 via HF ashraq/esc50,CC-BY-NC-3.0,44100,5.0,win0.5,2.25,0.5,CLEAR,0.0,0.0,0.0,0.6984,0.001520475195362419,4.586340621941305,3.8703545627746405,0.7159860591666649,15546.97265625,0.006402619609436508,13587.451171875,-64.3
environmental/esc_2-85471-A-34.wav,environmental,ESC-50 via HF ashraq/esc50,CC-BY-NC-3.0,44100,5.0,win0.5,3.375,0.5,CLEAR,0.0,0.0,0.0,0.685,0.0020232230723876694,7.129815880718767,3.8703545627746405,3.2594613179441265,15223.974609375,0.006374387203798396,13479.78515625,-63.3
environmental/esc_2-85471-A-34.wav,environmental,ESC-50 via HF ashraq/esc50,CC-BY-NC-3.0,44100,5.0,win0.5,4.5,0.5,CLEAR,0.0,0.0,0.0,0.7227,0.002236331726035249,4.7094070969937185,3.8703545627746405,0.839052534219078,15826.904296875,0.006727072786246841,13781.25,-64.2
environmental/esc_2-85471-A-34.wav,environmental,ESC-50 via HF ashraq/esc50,CC-BY-NC-3.0,44100,5.0,win0.2,0.0,0.2,CLEAR,0.0,0.0,0.0,0.6419,0.0034900519979148186,6.036038548036067,6.003926243331833,0.032112304704233985,19035.3515625,0.007858265879976454,13135.25390625,-68.1
environmental/esc_2-85471-A-34.wav,environmental,ESC-50 via HF ashraq/esc50,CC-BY-NC-3.0,44100,5.0,win0.2,1.2,0.2,CLEAR,0.0,0.0,0.0,0.327,0.0012942231766885541,8.678756317988357,6.003926243331833,2.6748300746565246,18647.75390625,0.005319642452300538,10615.869140625,-67.3
environmental/esc_2-85471-A-34.wav,environmental,ESC-50 via HF ashraq/esc50,CC-BY-NC-3.0,44100,5.0,win0.2,2.4,0.2,CLEAR,0.0,0.0,0.0,0.7038,0.0012252104548254583,7.175788356199773,6.003926243331833,1.1718621128679398,15611.572265625,0.006281380043005009,13630.517578125,-64.3
environmental/esc_2-85471-A-34.wav,environmental,ESC-50 via HF ashraq/esc50,CC-BY-NC-3.0,44100,5.0,win0.2,3.6,0.2,CLEAR,0.0,0.0,0.0,0.9111,0.0037811672654435107,6.295603410141602,6.003926243331833,0.2916771668097695,15245.5078125,0.011157788061056802,15288.57421875,-65.8
environmental/esc_2-85471-A-34.wav,environmental,ESC-50 via HF ashraq/esc50,CC-BY-NC-3.0,44100,5.0,win0.2,4.8,0.2,CLEAR,0.0,0.0,0.0,0.7765,0.0024860813297424194,6.536385183286413,6.003926243331833,0.53245893995458,15223.974609375,0.007806633634566236,14211.9140625,-64.3
environmental/esc_1-60676-A-34.wav,environmental,ESC-50 via HF ashraq/esc50,CC-BY-NC-3.0,44100,5.0,full,0.0,5.0,CLEAR,0.0,0.0462,0.0,1.0,0.0046202822682797195,11.676851645716832,1.3109228490627136,10.365928796654119,16731.298828125,0.03312862721647723,17291.162109375,-27.0
environmental/esc_1-60676-A-34.wav,environmental,ESC-50 via HF ashraq/esc50,CC-BY-NC-3.0,44100,5.0,win0.5,0.0,0.5,CLEAR,0.0,0.1119,0.0,1.0,0.011185412406816591,18.5590909498701,3.8703545627746405,14.68873638709546,15223.974609375,0.06731873729876416,18023.291015625,-25.9
environmental/esc_1-60676-A-34.wav,environmental,ESC-50 via HF ashraq/esc50,CC-BY-NC-3.0,44100,5.0,win0.5,1.125,0.5,CLEAR,0.0,0.0122,0.0,0.8842,0.0012175563500538295,14.769943076062901,3.8703545627746405,10.899588513288261,16085.302734375,0.010169923107150716,15073.2421875,-21.8
environmental/esc_1-60676-A-34.wav,environmental,ESC-50 via HF ashraq/esc50,CC-BY-NC-3.0,44100,5.0,win0.5,2.25,0.5,CLEAR,0.0,0.0,0.0,0.4131,0.00030892940199544,8.249026294497117,3.8703545627746405,4.378671731722477,17872.55859375,0.002780206191545248,11304.931640625,-54.2
environmental/esc_1-60676-A-34.wav,environmental,ESC-50 via HF ashraq/esc50,CC-BY-NC-3.0,44100,5.0,win0.5,3.375,0.5,CLEAR,0.0,0.0,0.0,0.327,0.00037793287616727674,8.155409875912552,3.8703545627746405,4.285055313137912,16085.302734375,0.0027927547423024024,10615.869140625,-58.6
environmental/esc_1-60676-A-34.wav,environmental,ESC-50 via HF ashraq/esc50,CC-BY-NC-3.0,44100,5.0,win0.2,0.0,0.2,CLEAR,0.0,0.0,0.0,0.0,0.0002004638038765061,10.64503151483374,6.003926243331833,4.641105271501907,17872.55859375,0.00146433598052931,3832.91015625,-52.8
environmental/esc_1-60676-A-34.wav,environmental,ESC-50 via HF ashraq/esc50,CC-BY-NC-3.0,44100,5.0,win0.2,1.2,0.2,CLEAR,0.0,0.0,0.0,0.0,0.00022850108073192482,11.519877230392595,6.003926243331833,5.515950987060762,18044.82421875,0.0015829736424941478,4392.7734375,-55.4
environmental/esc_1-60676-A-34.wav,environmental,ESC-50 via HF ashraq/esc50,CC-BY-NC-3.0,44100,5.0,win0.2,2.4,0.2,CLEAR,0.0,0.0,0.0,0.4885,0.000467774017108905,12.023174434531331,6.003926243331833,6.019248191199498,17872.55859375,0.0034948411315734495,11907.861328125,-53.3
environmental/esc_1-60676-A-34.wav,environmental,ESC-50 via HF ashraq/esc50,CC-BY-NC-3.0,44100,5.0,win0.2,3.6,0.2,CLEAR,0.0,0.0,0.0,0.0,0.00040312008181377345,25.541081445542908,6.003926243331833,19.537155202211075,18475.48828125,0.0021014851317233403,7881.15234375,-62.6
electronic_device/esc_3-132340-A-37.wav,electronic_device,ESC-50 via HF ashraq/esc50,CC-BY-NC-3.0,44100,5.0,full,0.0,5.0,CLEAR,0.0,0.0085,0.0,0.9945,0.0008454122829663133,18.92876754348748,1.3109228490627136,17.617844694424768,15633.10546875,0.01973175473138953,15956.103515625,-13.3
electronic_device/esc_3-132340-A-37.wav,electronic_device,ESC-50 via HF ashraq/esc50,CC-BY-NC-3.0,44100,5.0,win0.5,0.0,0.5,CLEAR,0.0,0.0049,0.0,0.9649,0.000491567089026406,19.247836483510522,3.8703545627746405,15.377481920735882,15180.908203125,0.01460469116533513,15719.23828125,-14.1
electronic_device/esc_3-132340-A-37.wav,electronic_device,ESC-50 via HF ashraq/esc50,CC-BY-NC-3.0,44100,5.0,win0.5,1.125,0.5,CLEAR,0.0,0.0106,0.0,1.0,0.0010602000373827218,16.307051369436106,3.8703545627746405,12.436696806661466,15633.10546875,0.020879524631001463,16042.236328125,-12.9
electronic_device/esc_3-132340-A-37.wav,electronic_device,ESC-50 via HF ashraq/esc50,CC-BY-NC-3.0,44100,5.0,win0.5,2.25,0.5,CLEAR,0.0,0.0074,0.0,0.9972,0.0007438926979371772,18.082353285869356,3.8703545627746405,14.211998723094716,15633.10546875,0.017484164029698233,15977.63671875,-12.8
electronic_device/esc_3-132340-A-37.wav,electronic_device,ESC-50 via HF ashraq/esc50,CC-BY-NC-3.0,44100,5.0,win0.5,3.375,0.5,CLEAR,0.0,0.0084,0.0,0.9972,0.0008392215526477205,22.187219043999583,3.8703545627746405,18.316864481224943,15633.10546875,0.021824829407214336,15977.63671875,-14.3
electronic_device/esc_3-132340-A-37.wav,electronic_device,ESC-50 via HF ashraq/esc50,CC-BY-NC-3.0,44100,5.0,win0.5,4.5,0.5,CLEAR,0.0,0.0085,0.0,0.9945,0.0008453694633003574,17.992464731069674,3.8703545627746405,14.122110168295034,15654.638671875,0.018240329164442248,15956.103515625,-12.6
electronic_device/esc_3-132340-A-37.wav,electronic_device,ESC-50 via HF ashraq/esc50,CC-BY-NC-3.0,44100,5.0,win0.2,0.0,0.2,CLEAR,0.0,0.0057,0.0,0.9488,0.0005729719297876998,18.69789728955421,6.003926243331833,12.693971046222376,15180.908203125,0.012476279858614707,15590.0390625,-14.1
electronic_device/esc_3-132340-A-37.wav,electronic_device,ESC-50 via HF ashraq/esc50,CC-BY-NC-3.0,44100,5.0,win0.2,1.2,0.2,CLEAR,0.0,0.0054,0.0,0.9568,0.0005427058318421748,21.08285605159385,6.003926243331833,15.078929808262018,15633.10546875,0.013725789318840474,15654.638671875,-12.7
electronic_device/esc_3-132340-A-37.wav,electronic_device,ESC-50 via HF ashraq/esc50,CC-BY-NC-3.0,44100,5.0,win0.2,2.4,0.2,CLEAR,0.0,0.01,0.0,0.9972,0.0010004520499691022,18.801314724718246,6.003926243331833,12.797388481386413,15633.10546875,0.01825252691466787,15977.63671875,-12.7
electronic_device/esc_3-132340-A-37.wav,electronic_device,ESC-50 via HF ashraq/esc50,CC-BY-NC-3.0,44100,5.0,win0.2,3.6,0.2,CLEAR,0.0,0.0117,0.0,0.9999,0.001174633933322517,19.70941417329277,6.003926243331833,13.705487929960938,15180.908203125,0.01749664650924756,15999.169921875,-14.1
electronic_device/esc_3-132340-A-37.wav,electronic_device,ESC-50 via HF ashraq/esc50,CC-BY-NC-3.0,44100,5.0,win0.2,4.8,0.2,CLEAR,0.0,0.0097,0.0,0.9488,0.000971590262715434,17.052348147970374,6.003926243331833,11.048421904638541,15633.10546875,0.012528167761293531,15590.0390625,-12.6
electronic_device/esc_3-148297-A-37.wav,electronic_device,ESC-50 via HF ashraq/esc50,CC-BY-NC-3.0,44100,5.0,full,0.0,5.0,CLEAR,0.0,0.0,0.0,0.0,7.436553475306617e-07,,,,,1.3263171446315103e-05,4048.2421875,-8.6
electronic_device/esc_3-148297-A-37.wav,electronic_device,ESC-50 via HF ashraq/esc50,CC-BY-NC-3.0,44100,5.0,win0.5,0.0,0.5,CLEAR,0.0,0.0,0.0,0.0,2.3243835312314987e-07,,,,,5.91256612237623e-06,4026.708984375,-6.3
electronic_device/esc_3-148297-A-37.wav,electronic_device,ESC-50 via HF ashraq/esc50,CC-BY-NC-3.0,44100,5.0,win0.5,1.125,0.5,CLEAR,0.0,0.0,0.0,0.0,1.326409185660543e-06,,,,,1.441495369897882e-05,4048.2421875,-6.8
electronic_device/esc_3-148297-A-37.wav,electronic_device,ESC-50 via HF ashraq/esc50,CC-BY-NC-3.0,44100,5.0,win0.5,2.25,0.5,CLEAR,0.0,0.0,0.0,0.0,1.6407555420879043e-06,,,,,1.2264427924161837e-05,4026.708984375,-9.9
electronic_device/esc_3-148297-A-37.wav,electronic_device,ESC-50 via HF ashraq/esc50,CC-BY-NC-3.0,44100,5.0,win0.5,3.375,0.5,CLEAR,0.0,0.0,0.0,0.0,1.1403601033289225e-05,,,,,6.893987348264177e-05,4543.505859375,-16.0
electronic_device/esc_3-148297-A-37.wav,electronic_device,ESC-50 via HF ashraq/esc50,CC-BY-NC-3.0,44100,5.0,win0.5,4.5,0.5,CLEAR,0.0,0.0,0.0,0.0,3.3036487822460594e-07,,,,,1.3968486772887403e-05,4048.2421875,-8.9
electronic_device/esc_3-148297-A-37.wav,electronic_device,ESC-50 via HF ashraq/esc50,CC-BY-NC-3.0,44100,5.0,win0.2,0.0,0.2,CLEAR,0.0,0.0,0.0,0.0,4.200809778674555e-06,,,,,2.4337277740263735e-05,4220.5078125,-10.4
electronic_device/esc_3-148297-A-37.wav,electronic_device,ESC-50 via HF ashraq/esc50,CC-BY-NC-3.0,44100,5.0,win0.2,1.2,0.2,CLEAR,0.0,0.0,0.0,0.0,1.1317871828277454e-06,,,,,8.898437666333173e-06,4048.2421875,-6.0
electronic_device/esc_3-148297-A-37.wav,electronic_device,ESC-50 via HF ashraq/esc50,CC-BY-NC-3.0,44100,5.0,win0.2,2.4,0.2,CLEAR,0.0,0.0,0.0,1.0,0.039870057910863385,11.554806314442276,6.003926243331833,5.550880071110443,15482.373046875,0.29888599076941513,20973.33984375,-92.6
electronic_device/esc_3-148297-A-37.wav,electronic_device,ESC-50 via HF ashraq/esc50,CC-BY-NC-3.0,44100,5.0,win0.2,3.6,0.2,CLEAR,0.0,0.0,0.0,1.0,0.03758848235988393,12.25899512883177,6.003926243331833,6.255068885499938,17635.693359375,0.2996778949141413,20951.806640625,-92.3
electronic_device/esc_3-148297-A-37.wav,electronic_device,ESC-50 via HF ashraq/esc50,CC-BY-NC-3.0,44100,5.0,win0.2,4.8,0.2,CLEAR,0.0,0.0,0.0,0.0,9.942329509793329e-08,,,,,1.6259736163881232e-05,4026.708984375,-6.0
environmental/esc_1-18074-A-6.wav,environmental,ESC-50 via HF ashraq/esc50,CC-BY-NC-3.0,44100,5.0,full,0.0,5.0,CLEAR,0.0,0.0,0.0,0.0,8.473348689307488e-07,,,,,1.9383119231369163e-05,3273.046875,-25.6
environmental/esc_1-18074-A-6.wav,environmental,ESC-50 via HF ashraq/esc50,CC-BY-NC-3.0,44100,5.0,win0.5,0.0,0.5,CLEAR,0.0,0.0,0.0,0.0,1.4740115088246675e-05,,,,,0.00032920966478958906,2497.8515625,-38.2
environmental/esc_1-18074-A-6.wav,environmental,ESC-50 via HF ashraq/esc50,CC-BY-NC-3.0,44100,5.0,win0.5,1.125,0.5,CLEAR,0.0,0.0,0.0,0.0,7.71071614201602e-05,13.589295852537255,3.8703545627746405,9.718941289762615,15417.7734375,0.0022609726872415974,4758.837890625,-45.8
environmental/esc_1-18074-A-6.wav,environmental,ESC-50 via HF ashraq/esc50,CC-BY-NC-3.0,44100,5.0,win0.5,2.25,0.5,CLEAR,0.0,0.0,0.0,0.0,4.399396271764852e-05,12.466870575527818,3.8703545627746405,8.596516012753177,15633.10546875,0.0010417113620186352,3531.4453125,-38.4
environmental/esc_1-18074-A-6.wav,environmental,ESC-50 via HF ashraq/esc50,CC-BY-NC-3.0,44100,5.0,win0.5,3.375,0.5,CLEAR,0.0,0.0,0.0,0.0,0.00016409742405262755,12.120111748192313,3.8703545627746405,8.249757185417673,16365.234375,0.002934281318003653,6890.625,-47.4
environmental/esc_1-18074-A-6.wav,environmental,ESC-50 via HF ashraq/esc50,CC-BY-NC-3.0,44100,5.0,win0.5,4.5,0.5,CLEAR,0.0,0.0,0.0,0.0,4.060572869252899e-06,,,,,7.175927770591084e-05,2691.650390625,-31.7
environmental/esc_1-18074-A-6.wav,environmental,ESC-50 via HF ashraq/esc50,CC-BY-NC-3.0,44100,5.0,win0.2,0.0,0.2,CLEAR,0.0,0.0,0.0,0.8949,0.0004913042508008325,16.052152756876083,6.003926243331833,10.04822651354425,16580.56640625,0.011082736531963457,15159.375,-47.5
environmental/esc_1-18074-A-6.wav,environmental,ESC-50 via HF ashraq/esc50,CC-BY-NC-3.0,44100,5.0,win0.2,1.2,0.2,CLEAR,0.0,0.0,0.0,0.0,6.658507842376985e-05,38.22480412642865,6.003926243331833,32.22087788309682,15697.705078125,0.0030014931111694435,6847.55859375,-47.3
environmental/esc_1-18074-A-6.wav,environmental,ESC-50 via HF ashraq/esc50,CC-BY-NC-3.0,44100,5.0,win0.2,2.4,0.2,CLEAR,0.0,0.0,0.0,0.0,3.454250726539733e-05,,,,,0.0009041485480389569,3466.845703125,-42.3
environmental/esc_1-18074-A-6.wav,environmental,ESC-50 via HF ashraq/esc50,CC-BY-NC-3.0,44100,5.0,win0.2,3.6,0.2,CLEAR,0.0,0.0,0.0,0.0,7.74627813133912e-05,14.876009710259488,6.003926243331833,8.872083466927656,16365.234375,0.0013983493969503028,1614.990234375,-44.5
environmental/esc_1-18074-A-6.wav,environmental,ESC-50 via HF ashraq/esc50,CC-BY-NC-3.0,44100,5.0,win0.2,4.8,0.2,CLEAR,0.0,0.0,0.0,0.0,5.9056638565472996e-06,,,,,8.182027313403133e-05,2390.185546875,-31.5
environmental/esc_2-120586-A-6.wav,environmental,ESC-50 via HF ashraq/esc50,CC-BY-NC-3.0,44100,5.0,full,0.0,5.0,CLEAR,0.0,0.0,0.0,0.0,2.0441087756034443e-06,,,,,1.7245940790980667e-05,6180.029296875,-19.0
environmental/esc_2-120586-A-6.wav,environmental,ESC-50 via HF ashraq/esc50,CC-BY-NC-3.0,44100,5.0,win0.5,0.0,0.5,CLEAR,0.0,0.0,0.0,0.0,8.665399996589059e-07,,,,,3.0057242324770354e-05,7256.689453125,-29.7
environmental/esc_2-120586-A-6.wav,environmental,ESC-50 via HF ashraq/esc50,CC-BY-NC-3.0,44100,5.0,win0.5,1.125,0.5,CLEAR,0.0,0.0,0.0,0.0,7.967247277446544e-09,,,,,4.901202174745797e-05,5534.033203125,-27.5
environmental/esc_2-120586-A-6.wav,environmental,ESC-50 via HF ashraq/esc50,CC-BY-NC-3.0,44100,5.0,win0.5,2.25,0.5,CLEAR,0.0,0.0,0.0,0.0,1.3445632069562794e-08,,,,,6.392393643761153e-05,3962.109375,-25.2
environmental/esc_2-120586-A-6.wav,environmental,ESC-50 via HF ashraq/esc50,CC-BY-NC-3.0,44100,5.0,win0.2,0.0,0.2,CLEAR,0.0,0.0,0.0,0.0,1.9961696162749134e-06,,,,,2.738594208588633e-05,5340.234375,-29.6
environmental/esc_2-120586-A-6.wav,environmental,ESC-50 via HF ashraq/esc50,CC-BY-NC-3.0,44100,5.0,win0.2,1.2,0.2,CLEAR,0.0,0.0,0.0,0.0,7.2420637077666255e-09,,,,,5.229032565058643e-05,6955.224609375,-27.8
environmental/esc_2-120586-A-6.wav,environmental,ESC-50 via HF ashraq/esc50,CC-BY-NC-3.0,44100,5.0,win0.2,2.4,0.2,CLEAR,0.0,0.0,0.0,0.0,2.342725888555126e-08,,,,,7.853723525464013e-05,3962.109375,-25.6
hf_natural/esc_1-17585-A-7.wav,hf_natural,ESC-50 via HF ashraq/esc50,CC-BY-NC-3.0,44100,5.0,full,0.0,5.0,CLEAR,0.0,0.0,0.0,0.0,0.00012068551962798894,,,,,0.000982209174620944,6136.962890625,-25.1
hf_natural/esc_1-17585-A-7.wav,hf_natural,ESC-50 via HF ashraq/esc50,CC-BY-NC-3.0,44100,5.0,win0.5,0.0,0.5,CLEAR,0.0,0.0,0.0,0.0,5.88699653720932e-05,,,,,0.0005864048499782715,6503.02734375,-24.7
hf_natural/esc_1-17585-A-7.wav,hf_natural,ESC-50 via HF ashraq/esc50,CC-BY-NC-3.0,44100,5.0,win0.5,1.125,0.5,CLEAR,0.0,0.0,0.0,0.5665,0.0007395801357955929,7.08951629829493,3.8703545627746405,3.2191617355202893,15267.041015625,0.005132808538278434,12532.32421875,-32.4
hf_natural/esc_1-17585-A-7.wav,hf_natural,ESC-50 via HF ashraq/esc50,CC-BY-NC-3.0,44100,5.0,win0.5,2.25,0.5,CLEAR,0.0,0.0,0.0,0.0,1.0768458363319806e-05,,,,,0.00022124454534851314,4349.70703125,-17.3
hf_natural/esc_1-17585-A-7.wav,hf_natural,ESC-50 via HF ashraq/esc50,CC-BY-NC-3.0,44100,5.0,win0.5,3.375,0.5,CLEAR,0.0,0.0,0.0,0.9165,0.0016093807451057931,5.525921836855998,3.8703545627746405,1.6555672740813576,16882.03125,0.011076217306551644,15331.640625,-35.4
hf_natural/esc_1-17585-A-7.wav,hf_natural,ESC-50 via HF ashraq/esc50,CC-BY-NC-3.0,44100,5.0,win0.5,4.5,0.5,CLEAR,0.0,0.0,0.0,1.0,0.002165679691087076,5.413004412578076,3.8703545627746405,1.5426498498034351,16623.6328125,0.014620991981298282,16128.369140625,-36.7
hf_natural/esc_1-17585-A-7.wav,hf_natural,ESC-50 via HF ashraq/esc50,CC-BY-NC-3.0,44100,5.0,win0.2,0.0,0.2,CLEAR,0.0,0.0,0.0,0.0067,0.00032825466987203446,14.856204201835912,6.003926243331833,8.852277958504079,16171.435546875,0.0023854422571577406,8053.41796875,-28.9
hf_natural/esc_1-17585-A-7.wav,hf_natural,ESC-50 via HF ashraq/esc50,CC-BY-NC-3.0,44100,5.0,win0.2,1.2,0.2,CLEAR,0.0,0.0,0.0,0.6715,0.0007570151601660361,10.805000755448141,6.003926243331833,4.801074512116308,15353.173828125,0.006621105555904006,13372.119140625,-33.6
hf_natural/esc_1-17585-A-7.wav,hf_natural,ESC-50 via HF ashraq/esc50,CC-BY-NC-3.0,44100,5.0,win0.2,2.4,0.2,CLEAR,0.0,0.0,0.0,0.0,5.224935682818708e-06,,,,,0.00016548008568607978,4328.173828125,-16.0
hf_natural/esc_1-17585-A-7.wav,hf_natural,ESC-50 via HF ashraq/esc50,CC-BY-NC-3.0,44100,5.0,win0.2,3.6,0.2,CLEAR,0.0,0.0,0.0,0.8976,0.0015426691609576769,8.524529643578036,6.003926243331833,2.5206034002462037,16903.564453125,0.010526243908184562,15180.908203125,-35.7
hf_natural/esc_1-17585-A-7.wav,hf_natural,ESC-50 via HF ashraq/esc50,CC-BY-NC-3.0,44100,5.0,win0.2,4.8,0.2,CLEAR,0.0,0.0,0.0,1.0,0.0020618375229052126,9.133043374609393,6.003926243331833,3.1291171312775603,15030.17578125,0.01503924819750858,16257.568359375,-37.0
hf_natural/esc_3-104761-B-7.wav,hf_natural,ESC-50 via HF ashraq/esc50,CC-BY-NC-3.0,44100,5.0,full,0.0,5.0,CLEAR,0.0,0.0,0.0,0.3943,0.00012155402653390193,9.501744203568188,1.3109228490627136,8.190821354505475,15525.439453125,0.0016864622350219066,11154.19921875,-25.9
hf_natural/esc_3-104761-B-7.wav,hf_natural,ESC-50 via HF ashraq/esc50,CC-BY-NC-3.0,44100,5.0,win0.5,0.0,0.5,CLEAR,0.0,0.0,0.0,0.1736,0.00010597583956404448,12.593821366303136,3.8703545627746405,8.723466803528495,15503.90625,0.0016257070214964265,9388.4765625,-25.9
hf_natural/esc_3-104761-B-7.wav,hf_natural,ESC-50 via HF ashraq/esc50,CC-BY-NC-3.0,44100,5.0,win0.5,1.125,0.5,CLEAR,0.0,0.0,0.0,0.4992,0.00011393826601427816,20.9607858674902,3.8703545627746405,17.09043130471556,15568.505859375,0.0020614495409052506,11993.994140625,-23.4
hf_natural/esc_3-104761-B-7.wav,hf_natural,ESC-50 via HF ashraq/esc50,CC-BY-NC-3.0,44100,5.0,win0.5,2.25,0.5,CLEAR,0.0,0.0,0.0,0.1117,0.00011836748873148288,8.277271318220176,3.8703545627746405,4.406916755445536,17248.095703125,0.0011275200330732778,8893.212890625,-27.2
hf_natural/esc_3-104761-B-7.wav,hf_natural,ESC-50 via HF ashraq/esc50,CC-BY-NC-3.0,44100,5.0,win0.5,3.375,0.5,CLEAR,0.0,0.0,0.0,0.0,0.00013018330935815823,,,,,0.0009275863374750179,5060.302734375,-27.1
hf_natural/esc_3-104761-B-7.wav,hf_natural,ESC-50 via HF ashraq/esc50,CC-BY-NC-3.0,44100,5.0,win0.5,4.5,0.5,CLEAR,0.0,0.0,0.0,0.0,0.00011996574111960187,8.064070871653172,3.8703545627746405,4.193716308878532,15030.17578125,0.0010721807419743813,7342.822265625,-27.3
hf_natural/esc_3-104761-B-7.wav,hf_natural,ESC-50 via HF ashraq/esc50,CC-BY-NC-3.0,44100,5.0,win0.2,0.0,0.2,CLEAR,0.0,0.0,0.0,0.2328,0.00011281344527387236,15.313676981725381,6.003926243331833,9.309750738393548,15310.107421875,0.0017127344563589784,9862.20703125,-24.9
hf_natural/esc_3-104761-B-7.wav,hf_natural,ESC-50 via HF ashraq/esc50,CC-BY-NC-3.0,44100,5.0,win0.2,1.2,0.2,CLEAR,0.0,0.0,0.0,0.4858,0.00021364327721152195,19.969867495656825,6.003926243331833,13.965941252324992,15568.505859375,0.0021872314501522002,11886.328125,-24.4
hf_natural/esc_3-104761-B-7.wav,hf_natural,ESC-50 via HF ashraq/esc50,CC-BY-NC-3.0,44100,5.0,win0.2,2.4,0.2,CLEAR,0.0,0.0,0.0,0.2032,0.0002126385307686708,9.252011214928611,6.003926243331833,3.2480849715967786,17183.49609375,0.0015934085860772442,9625.341796875,-27.1
hf_natural/esc_3-104761-B-7.wav,hf_natural,ESC-50 via HF ashraq/esc50,CC-BY-NC-3.0,44100,5.0,win0.2,3.6,0.2,CLEAR,0.0,0.0,0.0,0.0,0.0001360935852580862,,,,,0.000871733091904953,4780.37109375,-26.6
hf_natural/esc_3-104761-B-7.wav,hf_natural,ESC-50 via HF ashraq/esc50,CC-BY-NC-3.0,44100,5.0,win0.2,4.8,0.2,CLEAR,0.0,0.0,0.0,0.0,0.00015401351505584798,12.57831081058682,6.003926243331833,6.574384567254988,15159.375,0.0011232798337333801,7795.01953125,-27.5
environmental/esc_2-32515-D-4.wav,environmental,ESC-50 via HF ashraq/esc50,CC-BY-NC-3.0,44100,5.0,full,0.0,5.0,CLEAR,0.0,0.0,0.0,0.0,3.5327696826980142e-06,,,,,1.267352830431486e-05,2734.716796875,-12.9
environmental/esc_2-32515-D-4.wav,environmental,ESC-50 via HF ashraq/esc50,CC-BY-NC-3.0,44100,5.0,win0.5,0.0,0.5,CLEAR,0.0,0.0,0.0,0.0,2.2857159068632063e-07,,,,,1.4335527299696357e-06,2734.716796875,-18.6
environmental/esc_2-32515-D-4.wav,environmental,ESC-50 via HF ashraq/esc50,CC-BY-NC-3.0,44100,5.0,win0.5,1.125,0.5,CLEAR,0.0,0.0,0.0,0.0,6.763872194182939e-06,,,,,1.6773127470613787e-05,2433.251953125,-13.1
environmental/esc_2-32515-D-4.wav,environmental,ESC-50 via HF ashraq/esc50,CC-BY-NC-3.0,44100,5.0,win0.5,2.25,0.5,CLEAR,0.0,0.0,0.0,0.0,2.3071500934981924e-06,,,,,9.14997599452349e-06,2928.515625,-12.0
environmental/esc_2-32515-D-4.wav,environmental,ESC-50 via HF ashraq/esc50,CC-BY-NC-3.0,44100,5.0,win0.5,3.375,0.5,CLEAR,0.0,0.0,0.0,0.0,1.2964289516581786e-06,,,,,8.464306452847298e-06,2583.984375,-16.2
environmental/esc_2-32515-D-4.wav,environmental,ESC-50 via HF ashraq/esc50,CC-BY-NC-3.0,44100,5.0,win0.5,4.5,0.5,CLEAR,0.0,0.0,0.0,0.0,2.918990442611532e-06,,,,,1.2246684274997968e-05,2756.25,-11.4
environmental/esc_2-32515-D-4.wav,environmental,ESC-50 via HF ashraq/esc50,CC-BY-NC-3.0,44100,5.0,win0.2,0.0,0.2,CLEAR,0.0,0.0,0.0,0.0,5.6489272705881244e-08,,,,,8.995854931494292e-07,3251.513671875,-21.0
environmental/esc_2-32515-D-4.wav,environmental,ESC-50 via HF ashraq/esc50,CC-BY-NC-3.0,44100,5.0,win0.2,1.2,0.2,CLEAR,0.0,0.0,0.0,0.0,9.295357077278878e-06,,,,,2.3384790008416146e-05,2390.185546875,-11.4
environmental/esc_2-32515-D-4.wav,environmental,ESC-50 via HF ashraq/esc50,CC-BY-NC-3.0,44100,5.0,win0.2,2.4,0.2,CLEAR,0.0,0.0,0.0,0.0,3.3189861965881075e-06,,,,,1.332996717187428e-05,2950.048828125,-11.0
environmental/esc_2-32515-D-4.wav,environmental,ESC-50 via HF ashraq/esc50,CC-BY-NC-3.0,44100,5.0,win0.2,3.6,0.2,CLEAR,0.0,0.0,0.0,0.0,6.409600174467341e-07,,,,,2.8822232477489405e-06,2670.1171875,-14.8
environmental/esc_2-32515-D-4.wav,environmental,ESC-50 via HF ashraq/esc50,CC-BY-NC-3.0,44100,5.0,win0.2,4.8,0.2,CLEAR,0.0,0.0,0.0,0.0,3.771147521497365e-07,,,,,1.9736507235300024e-06,2540.91796875,-27.6
environmental/esc_1-18757-A-4.wav,environmental,ESC-50 via HF ashraq/esc50,CC-BY-NC-3.0,44100,5.0,full,0.0,5.0,CLEAR,0.0,0.0,0.0,0.0,5.969305445524808e-07,,,,,1.551459909853804e-05,4285.107421875,-20.6
environmental/esc_1-18757-A-4.wav,environmental,ESC-50 via HF ashraq/esc50,CC-BY-NC-3.0,44100,5.0,win0.5,0.0,0.5,CLEAR,0.0,0.0,0.0,0.0,3.832343443956901e-09,,,,,9.471708862550037e-07,3531.4453125,-21.4
environmental/esc_1-18757-A-4.wav,environmental,ESC-50 via HF ashraq/esc50,CC-BY-NC-3.0,44100,5.0,win0.5,1.125,0.5,CLEAR,0.0,0.0,0.0,0.0,6.116134478131508e-09,,,,,6.483033239410444e-05,4392.7734375,-17.4
environmental/esc_1-18757-A-4.wav,environmental,ESC-50 via HF ashraq/esc50,CC-BY-NC-3.0,44100,5.0,win0.5,2.25,0.5,CLEAR,0.0,0.0,0.0,0.0,5.734259006453862e-08,,,,,1.1918652733280458e-05,4263.57421875,-28.2
environmental/esc_1-18757-A-4.wav,environmental,ESC-50 via HF ashraq/esc50,CC-BY-NC-3.0,44100,5.0,win0.5,3.375,0.5,CLEAR,0.0,0.0,0.0,0.0,1.3810176023259962e-09,,,,,9.215554326046196e-07,2670.1171875,-19.2
environmental/esc_1-18757-A-4.wav,environmental,ESC-50 via HF ashraq/esc50,CC-BY-NC-3.0,44100,5.0,win0.5,4.5,0.5,CLEAR,0.0,0.0,0.0,0.0,2.23345472336416e-09,,,,,7.589618609576165e-07,3811.376953125,-21.3
environmental/esc_1-18757-A-4.wav,environmental,ESC-50 via HF ashraq/esc50,CC-BY-NC-3.0,44100,5.0,win0.2,0.0,0.2,CLEAR,0.0,0.0,0.0,0.0,4.271971262422339e-09,,,,,7.305432616294957e-07,3294.580078125,-19.4
environmental/esc_1-18757-A-4.wav,environmental,ESC-50 via HF ashraq/esc50,CC-BY-NC-3.0,44100,5.0,win0.2,1.2,0.2,CLEAR,0.0,0.0,0.0,0.0,4.4466986374482497e-10,,,,,6.320665710591541e-05,4392.7734375,-15.7
environmental/esc_1-18757-A-4.wav,environmental,ESC-50 via HF ashraq/esc50,CC-BY-NC-3.0,44100,5.0,win0.2,2.4,0.2,CLEAR,0.0,0.0,0.0,0.0,6.434833197191207e-08,,,,,2.887162380061482e-05,1679.58984375,-34.7
environmental/esc_1-18757-A-4.wav,environmental,ESC-50 via HF ashraq/esc50,CC-BY-NC-3.0,44100,5.0,win0.2,3.6,0.2,CLEAR,0.0,0.0,0.0,0.0,3.280493262330628e-08,,,,,2.0397203992304183e-05,3596.044921875,-31.2
environmental/esc_1-18757-A-4.wav,environmental,ESC-50 via HF ashraq/esc50,CC-BY-NC-3.0,44100,5.0,win0.2,4.8,0.2,CLEAR,0.0,0.0,0.0,0.0,1.7322818931943927e-09,,,,,7.076429592104515e-07,4026.708984375,-20.0
environmental/esc_1-110389-A-0.wav,environmental,ESC-50 via HF ashraq/esc50,CC-BY-NC-3.0,44100,5.0,full,0.0,5.0,CLEAR,0.0,0.0,0.0,0.0,1.1943033019469972e-09,,,,,1.1217115302190818e-06,1959.521484375,-29.2
environmental/esc_1-110389-A-0.wav,environmental,ESC-50 via HF ashraq/esc50,CC-BY-NC-3.0,44100,5.0,win0.5,0.0,0.5,CLEAR,0.0,0.0,0.0,0.0,1.1690329062385436e-09,,,,,1.121667648931084e-06,1959.521484375,-19.2
environmental/esc_1-110389-A-0.wav,environmental,ESC-50 via HF ashraq/esc50,CC-BY-NC-3.0,44100,5.0,win0.2,0.0,0.2,CLEAR,0.0,0.0,0.0,0.0,3.9391048675895043e-10,,,,,1.109485971612496e-06,1959.521484375,-15.3
environmental/esc_2-118964-A-0.wav,environmental,ESC-50 via HF ashraq/esc50,CC-BY-NC-3.0,44100,5.0,full,0.0,5.0,CLEAR,0.0,0.0004,0.0,0.0,3.6359352138212465e-05,,,,,0.00016484572241707936,4651.171875,-14.0
environmental/esc_2-118964-A-0.wav,environmental,ESC-50 via HF ashraq/esc50,CC-BY-NC-3.0,44100,5.0,win0.5,0.0,0.5,CLEAR,0.0,0.0004,0.0,0.0,3.804543798108816e-05,,,,,0.0001514822057267326,4478.90625,-6.1
environmental/esc_2-118964-A-0.wav,environmental,ESC-50 via HF ashraq/esc50,CC-BY-NC-3.0,44100,5.0,win0.5,1.125,0.5,CLEAR,0.0,0.0,0.0,0.0,6.355888993701274e-05,,,,,0.00014781281261978034,86.1328125,-51.0
environmental/esc_2-118964-A-0.wav,environmental,ESC-50 via HF ashraq/esc50,CC-BY-NC-3.0,44100,5.0,win0.5,2.25,0.5,CLEAR,0.0,0.0,0.0,0.0,0.00030620278836345085,,,,,0.0005673204863414087,1442.724609375,-84.5
environmental/esc_2-118964-A-0.wav,environmental,ESC-50 via HF ashraq/esc50,CC-BY-NC-3.0,44100,5.0,win0.2,0.0,0.2,CLEAR,0.0,0.0,0.0,0.0,3.464488879762288e-06,,,,,2.574712457170365e-05,1981.0546875,-11.0
environmental/esc_2-118964-A-0.wav,environmental,ESC-50 via HF ashraq/esc50,CC-BY-NC-3.0,44100,5.0,win0.2,1.2,0.2,CLEAR,0.0,0.0,0.0,0.0,0.0001085725674440032,,,,,0.00026395298976043965,86.1328125,-53.3
environmental/esc_2-118964-A-0.wav,environmental,ESC-50 via HF ashraq/esc50,CC-BY-NC-3.0,44100,5.0,win0.2,2.4,0.2,CLEAR,0.0,0.0,0.0,0.0,0.000392292933492404,,,,,0.000727682713768933,1808.7890625,-86.6
environmental/esc_1-34094-A-5.wav,environmental,ESC-50 via HF ashraq/esc50,CC-BY-NC-3.0,44100,5.0,full,0.0,5.0,CLEAR,0.0,0.0,0.0,0.0,6.390316459018999e-07,,,,,1.477382424588632e-05,3983.642578125,-20.2
environmental/esc_1-34094-A-5.wav,environmental,ESC-50 via HF ashraq/esc50,CC-BY-NC-3.0,44100,5.0,win0.5,0.0,0.5,CLEAR,0.0,0.0,0.0,0.0,9.456390253435312e-09,,,,,2.7224274463093812e-05,3509.912109375,-24.0
environmental/esc_1-34094-A-5.wav,environmental,ESC-50 via HF ashraq/esc50,CC-BY-NC-3.0,44100,5.0,win0.5,1.125,0.5,CLEAR,0.0,0.0,0.0,0.0,2.7083765656804184e-06,,,,,3.120115797877789e-05,2777.783203125,-26.2
environmental/esc_1-34094-A-5.wav,environmental,ESC-50 via HF ashraq/esc50,CC-BY-NC-3.0,44100,5.0,win0.5,2.25,0.5,CLEAR,0.0,0.0,0.0,0.0,2.7764678301103855e-10,,,,,6.484063023098315e-06,4026.708984375,-12.7
environmental/esc_1-34094-A-5.wav,environmental,ESC-50 via HF ashraq/esc50,CC-BY-NC-3.0,44100,5.0,win0.5,3.375,0.5,CLEAR,0.0,0.0,0.0,0.0,5.651914995371169e-06,,,,,8.318713955495196e-05,2820.849609375,-29.3
environmental/esc_1-34094-A-5.wav,environmental,ESC-50 via HF ashraq/esc50,CC-BY-NC-3.0,44100,5.0,win0.5,4.5,0.5,CLEAR,0.0,0.0,0.0,0.0,0.00010782229097629278,17.07771846152913,3.8703545627746405,13.20736389875449,15999.169921875,0.0012225893306771257,6180.029296875,-39.5
environmental/esc_1-34094-A-5.wav,environmental,ESC-50 via HF ashraq/esc50,CC-BY-NC-3.0,44100,5.0,win0.2,0.0,0.2,CLEAR,0.0,0.0,0.0,0.0,1.549928084709949e-08,,,,,3.853502545480384e-05,3552.978515625,-23.0
environmental/esc_1-34094-A-5.wav,environmental,ESC-50 via HF ashraq/esc50,CC-BY-NC-3.0,44100,5.0,win0.2,1.2,0.2,CLEAR,0.0,0.0,0.0,0.0,1.4724280278313622e-06,,,,,2.1236048557912924e-05,2562.451171875,-24.5
environmental/esc_1-34094-A-5.wav,environmental,ESC-50 via HF ashraq/esc50,CC-BY-NC-3.0,44100,5.0,win0.2,2.4,0.2,CLEAR,0.0,0.0,0.0,0.0,2.257141287705034e-10,,,,,5.316134437643606e-06,4026.708984375,-12.1
environmental/esc_1-34094-A-5.wav,environmental,ESC-50 via HF ashraq/esc50,CC-BY-NC-3.0,44100,5.0,win0.2,3.6,0.2,CLEAR,0.0,0.0,0.0,0.0,1.2830501403445138e-05,,,,,0.00014274468114568406,2971.58203125,-30.2
environmental/esc_1-34094-A-5.wav,environmental,ESC-50 via HF ashraq/esc50,CC-BY-NC-3.0,44100,5.0,win0.2,4.8,0.2,CLEAR,0.0,0.0,0.0,0.0,0.00011052240357063848,20.77392699501019,6.003926243331833,14.770000751678356,15999.169921875,0.0013490003856152255,6072.36328125,-39.4
environmental/esc_2-110010-A-5.wav,environmental,ESC-50 via HF ashraq/esc50,CC-BY-NC-3.0,44100,5.0,full,0.0,5.0,CLEAR,0.0,0.0,0.0,0.0,8.65007455659354e-10,,,,,6.368014051470159e-08,6309.228515625,-26.8
environmental/esc_2-110010-A-5.wav,environmental,ESC-50 via HF ashraq/esc50,CC-BY-NC-3.0,44100,5.0,win0.5,0.0,0.5,CLEAR,0.0,0.0,0.0,0.0,6.411267337682626e-10,,,,,6.380816065849597e-08,6330.76171875,-16.8
environmental/esc_2-110010-A-5.wav,environmental,ESC-50 via HF ashraq/esc50,CC-BY-NC-3.0,44100,5.0,win0.2,0.0,0.2,CLEAR,0.0,0.0,0.0,0.0,1.3036491943144298e-09,,,,,3.6862852431341556e-07,6869.091796875,-19.5
music_full_mix/musdb_BKS__Bulldozer_0.wav,music_full_mix,MUSDB18-HQ via HF roro128/musdb18-hq-flac,CC-BY-NC-SA-4.0,44100,10.0,full,0.0,10.0,CLEAR,0.0,0.002,0.0,0.0,0.00020475914019840093,,,,,0.0005038772203041346,4651.171875,-20.2
music_full_mix/musdb_BKS__Bulldozer_0.wav,music_full_mix,MUSDB18-HQ via HF roro128/musdb18-hq-flac,CC-BY-NC-SA-4.0,44100,10.0,win0.5,0.0,0.5,CLEAR,0.0,0.0012,0.0,0.0,0.00011727566023759762,,,,,0.00028786654155513034,3962.109375,-19.7
music_full_mix/musdb_BKS__Bulldozer_0.wav,music_full_mix,MUSDB18-HQ via HF roro128/musdb18-hq-flac,CC-BY-NC-SA-4.0,44100,10.0,win0.5,2.375,0.5,CLEAR,0.0,0.0,0.0,0.0,2.806274975658849e-05,,,,,8.052461118206609e-05,3445.3125,-19.8
music_full_mix/musdb_BKS__Bulldozer_0.wav,music_full_mix,MUSDB18-HQ via HF roro128/musdb18-hq-flac,CC-BY-NC-SA-4.0,44100,10.0,win0.5,4.75,0.5,CLEAR,0.0,0.0026,0.0,0.0,0.00025631737012719353,,,,,0.0005600761508012603,4565.0390625,-19.9
music_full_mix/musdb_BKS__Bulldozer_0.wav,music_full_mix,MUSDB18-HQ via HF roro128/musdb18-hq-flac,CC-BY-NC-SA-4.0,44100,10.0,win0.5,7.125,0.5,CLEAR,0.0,0.0032,0.0,0.0,0.00032239450487371775,,,,,0.0008986413488637333,6761.42578125,-21.6
music_full_mix/musdb_BKS__Bulldozer_0.wav,music_full_mix,MUSDB18-HQ via HF roro128/musdb18-hq-flac,CC-BY-NC-SA-4.0,44100,10.0,win0.5,9.5,0.5,CLEAR,0.0,0.0019,0.0,0.0,0.0001921761365884445,,,,,0.0005330575842415813,6115.4296875,-18.8
music_full_mix/musdb_BKS__Bulldozer_0.wav,music_full_mix,MUSDB18-HQ via HF roro128/musdb18-hq-flac,CC-BY-NC-SA-4.0,44100,10.0,win0.2,0.0,0.2,CLEAR,0.0,0.0,0.0,0.0,1.008747940306855e-05,,,,,2.1502623034304803e-05,1098.193359375,-17.9
music_full_mix/musdb_BKS__Bulldozer_0.wav,music_full_mix,MUSDB18-HQ via HF roro128/musdb18-hq-flac,CC-BY-NC-SA-4.0,44100,10.0,win0.2,2.45,0.2,CLEAR,0.0,0.0,0.0,0.0,2.759931673076417e-06,,,,,2.5809572622254572e-05,3962.109375,-20.4
music_full_mix/musdb_BKS__Bulldozer_0.wav,music_full_mix,MUSDB18-HQ via HF roro128/musdb18-hq-flac,CC-BY-NC-SA-4.0,44100,10.0,win0.2,4.9,0.2,CLEAR,0.0,0.0026,0.0,0.0,0.0002625725980680022,,,,,0.0005261114232150884,3940.576171875,-17.1
music_full_mix/musdb_BKS__Bulldozer_0.wav,music_full_mix,MUSDB18-HQ via HF roro128/musdb18-hq-flac,CC-BY-NC-SA-4.0,44100,10.0,win0.2,7.35,0.2,CLEAR,0.0,0.0068,0.0,0.0,0.0006750636126058496,8.265973695139303,6.003926243331833,2.2620474518074705,15460.83984375,0.0016810309167714919,7364.35546875,-22.6
music_full_mix/musdb_BKS__Bulldozer_0.wav,music_full_mix,MUSDB18-HQ via HF roro128/musdb18-hq-flac,CC-BY-NC-SA-4.0,44100,10.0,win0.2,9.8,0.2,CLEAR,0.0,0.0044,0.0,0.0148,0.00044490470734403847,7.562380317832687,6.003926243331833,1.5584540745008546,15245.5078125,0.0011754590172985565,8118.017578125,-20.4
music_full_mix/musdb_BKS__Bulldozer_1.wav,music_full_mix,MUSDB18-HQ via HF roro128/musdb18-hq-flac,CC-BY-NC-SA-4.0,44100,10.0,full,0.0,10.0,CLEAR,0.0,0.0,0.0,0.0,2.0302360317918954e-05,,,,,0.00010618739274364463,4651.171875,-18.1
music_full_mix/musdb_BKS__Bulldozer_1.wav,music_full_mix,MUSDB18-HQ via HF roro128/musdb18-hq-flac,CC-BY-NC-SA-4.0,44100,10.0,win0.5,0.0,0.5,CLEAR,0.0,0.0,0.0,0.0,7.748928828327757e-05,,,,,0.0003640892490779823,6653.759765625,-19.2
music_full_mix/musdb_BKS__Bulldozer_1.wav,music_full_mix,MUSDB18-HQ via HF roro128/musdb18-hq-flac,CC-BY-NC-SA-4.0,44100,10.0,win0.5,2.375,0.5,CLEAR,0.0,0.0,0.0,0.0,2.6040765781410487e-05,,,,,0.0001405020470151951,4672.705078125,-17.7
music_full_mix/musdb_BKS__Bulldozer_1.wav,music_full_mix,MUSDB18-HQ via HF roro128/musdb18-hq-flac,CC-BY-NC-SA-4.0,44100,10.0,win0.5,4.75,0.5,CLEAR,0.0,0.0,0.0,0.0,1.8172891922386146e-05,,,,,0.00012194842377230493,4414.306640625,-17.9
music_full_mix/musdb_BKS__Bulldozer_1.wav,music_full_mix,MUSDB18-HQ via HF roro128/musdb18-hq-flac,CC-BY-NC-SA-4.0,44100,10.0,win0.5,7.125,0.5,CLEAR,0.0,0.0,0.0,0.0,2.1297119514492895e-06,,,,,9.2068617820951e-06,3919.04296875,-17.2
music_full_mix/musdb_BKS__Bulldozer_1.wav,music_full_mix,MUSDB18-HQ via HF roro128/musdb18-hq-flac,CC-BY-NC-SA-4.0,44100,10.0,win0.5,9.5,0.5,CLEAR,0.0,0.0,0.0,0.0,2.129837120910848e-06,,,,,9.390774455606075e-06,4112.841796875,-18.0
music_full_mix/musdb_BKS__Bulldozer_1.wav,music_full_mix,MUSDB18-HQ via HF roro128/musdb18-hq-flac,CC-BY-NC-SA-4.0,44100,10.0,win0.2,0.0,0.2,CLEAR,0.0,0.0,0.0,0.0,5.348869974364883e-05,,,,,0.0002379788935670858,5189.501953125,-18.3
music_full_mix/musdb_BKS__Bulldozer_1.wav,music_full_mix,MUSDB18-HQ via HF roro128/musdb18-hq-flac,CC-BY-NC-SA-4.0,44100,10.0,win0.2,2.45,0.2,CLEAR,0.0,0.0,0.0,0.0,2.5387672040739223e-05,,,,,0.00013941593686599593,4112.841796875,-16.6
music_full_mix/musdb_BKS__Bulldozer_1.wav,music_full_mix,MUSDB18-HQ via HF roro128/musdb18-hq-flac,CC-BY-NC-SA-4.0,44100,10.0,win0.2,4.9,0.2,CLEAR,0.0,0.0,0.0,0.0,5.002491715118786e-05,,,,,0.000279456175495964,6223.095703125,-18.9
music_full_mix/musdb_BKS__Bulldozer_1.wav,music_full_mix,MUSDB18-HQ via HF roro128/musdb18-hq-flac,CC-BY-NC-SA-4.0,44100,10.0,win0.2,7.35,0.2,CLEAR,0.0,0.0,0.0,0.0,2.3154106627666714e-06,,,,,1.8174587167928383e-05,4995.703125,-21.0
music_full_mix/musdb_BKS__Bulldozer_1.wav,music_full_mix,MUSDB18-HQ via HF roro128/musdb18-hq-flac,CC-BY-NC-SA-4.0,44100,10.0,win0.2,9.8,0.2,CLEAR,0.0,0.0,0.0,0.0,9.94680185832517e-07,,,,,9.259583146189891e-06,4500.439453125,-18.1
music_full_mix/musdb_Angels_In_Amplifiers__I'm_Alright_0.wav,music_full_mix,MUSDB18-HQ via HF roro128/musdb18-hq-flac,CC-BY-NC-SA-4.0,44100,10.0,full,0.0,10.0,CLEAR,0.0,0.0012,0.0,0.0,0.0001166407072696995,,,,,0.0007624364938061288,6330.76171875,-19.8
music_full_mix/musdb_Angels_In_Amplifiers__I'm_Alright_0.wav,music_full_mix,MUSDB18-HQ via HF roro128/musdb18-hq-flac,CC-BY-NC-SA-4.0,44100,10.0,win0.5,0.0,0.5,CLEAR,0.0,0.0,0.0,0.0013,8.339549195134363e-05,,,,,0.0005298874530025908,8010.3515625,-19.3
music_full_mix/musdb_Angels_In_Amplifiers__I'm_Alright_0.wav,music_full_mix,MUSDB18-HQ via HF roro128/musdb18-hq-flac,CC-BY-NC-SA-4.0,44100,10.0,win0.5,2.375,0.5,CLEAR,0.0,0.0,0.0,0.0,5.5503487227474234e-05,,,,,0.0004292191734163826,6546.09375,-20.1
music_full_mix/musdb_Angels_In_Amplifiers__I'm_Alright_0.wav,music_full_mix,MUSDB18-HQ via HF roro128/musdb18-hq-flac,CC-BY-NC-SA-4.0,44100,10.0,win0.5,4.75,0.5,CLEAR,0.0,0.0,0.0,0.0,5.174245925990329e-05,,,,,0.00033176544891238153,5857.03125,-19.4
music_full_mix/musdb_Angels_In_Amplifiers__I'm_Alright_0.wav,music_full_mix,MUSDB18-HQ via HF roro128/musdb18-hq-flac,CC-BY-NC-SA-4.0,44100,10.0,win0.5,7.125,0.5,CLEAR,0.0,0.0,0.0,0.0,5.167503320901133e-05,,,,,0.00023182612221630915,4888.037109375,-18.7
music_full_mix/musdb_Angels_In_Amplifiers__I'm_Alright_0.wav,music_full_mix,MUSDB18-HQ via HF roro128/musdb18-hq-flac,CC-BY-NC-SA-4.0,44100,10.0,win0.5,9.5,0.5,CLEAR,0.0,0.0,0.0,0.0,2.2874023463467248e-05,,,,,0.00024149321766388034,4694.23828125,-19.0
music_full_mix/musdb_Angels_In_Amplifiers__I'm_Alright_0.wav,music_full_mix,MUSDB18-HQ via HF roro128/musdb18-hq-flac,CC-BY-NC-SA-4.0,44100,10.0,win0.2,0.0,0.2,CLEAR,0.0,0.0,0.0,0.0,3.7913195023029065e-05,,,,,0.00015447134893254209,4823.4375,-18.8
music_full_mix/musdb_Angels_In_Amplifiers__I'm_Alright_0.wav,music_full_mix,MUSDB18-HQ via HF roro128/musdb18-hq-flac,CC-BY-NC-SA-4.0,44100,10.0,win0.2,2.45,0.2,CLEAR,0.0,0.0,0.0,0.0,2.6155703255569755e-05,,,,,0.00019734927536937342,6072.36328125,-21.5
music_full_mix/musdb_Angels_In_Amplifiers__I'm_Alright_0.wav,music_full_mix,MUSDB18-HQ via HF roro128/musdb18-hq-flac,CC-BY-NC-SA-4.0,44100,10.0,win0.2,4.9,0.2,CLEAR,0.0,0.0,0.0,0.0,3.7137622191535846e-06,,,,,3.613790284307055e-05,4931.103515625,-18.8
music_full_mix/musdb_Angels_In_Amplifiers__I'm_Alright_0.wav,music_full_mix,MUSDB18-HQ via HF roro128/musdb18-hq-flac,CC-BY-NC-SA-4.0,44100,10.0,win0.2,7.35,0.2,CLEAR,0.0,0.0008,0.0,0.0,7.590739447765134e-05,,,,,0.0003441086180926487,4974.169921875,-17.1
music_full_mix/musdb_Angels_In_Amplifiers__I'm_Alright_0.wav,music_full_mix,MUSDB18-HQ via HF roro128/musdb18-hq-flac,CC-BY-NC-SA-4.0,44100,10.0,win0.2,9.8,0.2,CLEAR,0.0,0.0,0.0,0.0,2.0410733273705745e-05,,,,,0.00022982015149299818,4521.97265625,-17.0
music_full_mix/musdb_Angels_In_Amplifiers__I'm_Alright_1.wav,music_full_mix,MUSDB18-HQ via HF roro128/musdb18-hq-flac,CC-BY-NC-SA-4.0,44100,10.0,full,0.0,10.0,CLEAR,0.0,0.0,0.0,0.0,9.109226370506289e-05,,,,,0.0005947490920786986,5598.6328125,-19.7
music_full_mix/musdb_Angels_In_Amplifiers__I'm_Alright_1.wav,music_full_mix,MUSDB18-HQ via HF roro128/musdb18-hq-flac,CC-BY-NC-SA-4.0,44100,10.0,win0.5,0.0,0.5,CLEAR,0.0,0.0,0.0,0.0,3.544537789934265e-05,,,,,0.00015581177529734038,5297.16796875,-19.2
music_full_mix/musdb_Angels_In_Amplifiers__I'm_Alright_1.wav,music_full_mix,MUSDB18-HQ via HF roro128/musdb18-hq-flac,CC-BY-NC-SA-4.0,44100,10.0,win0.5,2.375,0.5,CLEAR,0.0,0.0,0.0,0.0,1.511887410156759e-05,,,,,8.595528447133016e-05,4737.3046875,-19.1
music_full_mix/musdb_Angels_In_Amplifiers__I'm_Alright_1.wav,music_full_mix,MUSDB18-HQ via HF roro128/musdb18-hq-flac,CC-BY-NC-SA-4.0,44100,10.0,win0.5,4.75,0.5,CLEAR,0.0,0.0,0.0,0.0,2.4700357369980905e-05,,,,,0.00013017237962101568,5211.03515625,-20.1
music_full_mix/musdb_Angels_In_Amplifiers__I'm_Alright_1.wav,music_full_mix,MUSDB18-HQ via HF roro128/musdb18-hq-flac,CC-BY-NC-SA-4.0,44100,10.0,win0.5,7.125,0.5,CLEAR,0.0,0.0,0.0,0.0,4.74008892754245e-06,,,,,4.007033322968916e-05,4672.705078125,-18.5
music_full_mix/musdb_Angels_In_Amplifiers__I'm_Alright_1.wav,music_full_mix,MUSDB18-HQ via HF roro128/musdb18-hq-flac,CC-BY-NC-SA-4.0,44100,10.0,win0.5,9.5,0.5,CLEAR,0.0,0.0104,0.0,0.8142,0.001044479010424801,13.042777235505385,3.8703545627746405,9.172422672730745,15008.642578125,0.007564384940988796,14513.37890625,-21.2
music_full_mix/musdb_Angels_In_Amplifiers__I'm_Alright_1.wav,music_full_mix,MUSDB18-HQ via HF roro128/musdb18-hq-flac,CC-BY-NC-SA-4.0,44100,10.0,win0.2,0.0,0.2,CLEAR,0.0,0.0,0.0,0.0,2.233750364095294e-05,,,,,0.00010299940663403671,5017.236328125,-18.0
music_full_mix/musdb_Angels_In_Amplifiers__I'm_Alright_1.wav,music_full_mix,MUSDB18-HQ via HF roro128/musdb18-hq-flac,CC-BY-NC-SA-4.0,44100,10.0,win0.2,2.45,0.2,CLEAR,0.0,0.0,0.0,0.0,2.3878229478976532e-05,,,,,0.00013879710099183148,4715.771484375,-18.0
music_full_mix/musdb_Angels_In_Amplifiers__I'm_Alright_1.wav,music_full_mix,MUSDB18-HQ via HF roro128/musdb18-hq-flac,CC-BY-NC-SA-4.0,44100,10.0,win0.2,4.9,0.2,CLEAR,0.0,0.0,0.0,0.0,4.1779886652461535e-05,,,,,0.0002029541449911583,5232.568359375,-19.2
music_full_mix/musdb_Angels_In_Amplifiers__I'm_Alright_1.wav,music_full_mix,MUSDB18-HQ via HF roro128/musdb18-hq-flac,CC-BY-NC-SA-4.0,44100,10.0,win0.2,7.35,0.2,CLEAR,0.0,0.0,0.0,0.0,8.32804575672247e-06,,,,,4.3498316469829586e-05,5447.900390625,-21.2
music_full_mix/musdb_Angels_In_Amplifiers__I'm_Alright_1.wav,music_full_mix,MUSDB18-HQ via HF roro128/musdb18-hq-flac,CC-BY-NC-SA-4.0,44100,10.0,win0.2,9.8,0.2,CLEAR,0.0,0.0033,0.0,0.3404,0.00033257626382423596,14.412110060454697,6.003926243331833,8.408183817122865,15094.775390625,0.002717628060079544,10723.53515625,-21.6
music_full_mix/musdb_Secretariat__Borderline_0.wav,music_full_mix,MUSDB18-HQ via HF roro128/musdb18-hq-flac,CC-BY-NC-SA-4.0,44100,10.0,full,0.0,10.0,CLEAR,0.0,0.0041,0.0,0.0417,0.0004069893697761625,6.623581127596622,0.9394885198945491,5.684092607702073,15697.705078125,0.0012455298790383876,8333.349609375,-18.8
music_full_mix/musdb_Secretariat__Borderline_0.wav,music_full_mix,MUSDB18-HQ via HF roro128/musdb18-hq-flac,CC-BY-NC-SA-4.0,44100,10.0,win0.5,0.0,0.5,CLEAR,0.0,0.0,0.0,0.0,0.00013093651875892255,,,,,0.00044117005412186075,3316.11328125,-23.4
music_full_mix/musdb_Secretariat__Borderline_0.wav,music_full_mix,MUSDB18-HQ via HF roro128/musdb18-hq-flac,CC-BY-NC-SA-4.0,44100,10.0,win0.5,2.375,0.5,CLEAR,0.0,0.0064,0.0,0.0,0.0006395657928441591,8.53229417833023,3.8703545627746405,4.661939615555591,16559.033203125,0.00223637265140841,7450.48828125,-27.9
music_full_mix/musdb_Secretariat__Borderline_0.wav,music_full_mix,MUSDB18-HQ via HF roro128/musdb18-hq-flac,CC-BY-NC-SA-4.0,44100,10.0,win0.5,4.75,0.5,CLEAR,0.0,0.0171,0.0,0.8034,0.0017101525280375253,8.621145686269001,3.8703545627746405,4.750791123494361,16128.369140625,0.0077563591911576305,14427.24609375,-22.8
music_full_mix/musdb_Secretariat__Borderline_0.wav,music_full_mix,MUSDB18-HQ via HF roro128/musdb18-hq-flac,CC-BY-NC-SA-4.0,44100,10.0,win0.5,7.125,0.5,CLEAR,0.0,0.002,0.0,0.1951,0.00020457217798787596,,,,,0.0008202019536926446,9560.7421875,-17.5
music_full_mix/musdb_Secretariat__Borderline_0.wav,music_full_mix,MUSDB18-HQ via HF roro128/musdb18-hq-flac,CC-BY-NC-SA-4.0,44100,10.0,win0.5,9.5,0.5,CLEAR,0.0,0.0144,0.0,0.1063,0.0014397618591518331,8.116875816517288,3.8703545627746405,4.246521253742648,15913.037109375,0.0034549658750741164,8850.146484375,-15.3
music_full_mix/musdb_Secretariat__Borderline_0.wav,music_full_mix,MUSDB18-HQ via HF roro128/musdb18-hq-flac,CC-BY-NC-SA-4.0,44100,10.0,win0.2,0.0,0.2,CLEAR,0.0,0.0029,0.0,0.0,0.0002876277475527691,,,,,0.0008348944811533493,3639.111328125,-22.8
music_full_mix/musdb_Secretariat__Borderline_0.wav,music_full_mix,MUSDB18-HQ via HF roro128/musdb18-hq-flac,CC-BY-NC-SA-4.0,44100,10.0,win0.2,2.45,0.2,CLEAR,0.0,0.0093,0.0,0.2866,0.0009349666604436854,11.157458919585157,6.003926243331833,5.153532676253324,15934.5703125,0.004210417959951768,10292.87109375,-28.5
music_full_mix/musdb_Secretariat__Borderline_0.wav,music_full_mix,MUSDB18-HQ via HF roro128/musdb18-hq-flac,CC-BY-NC-SA-4.0,44100,10.0,win0.2,4.9,0.2,CLEAR,0.0,0.0571,0.0,1.0,0.005706305347218293,10.13813319579313,6.003926243331833,4.134206952461298,16128.369140625,0.03258193747415849,17226.5625,-25.3
music_full_mix/musdb_Secretariat__Borderline_0.wav,music_full_mix,MUSDB18-HQ via HF roro128/musdb18-hq-flac,CC-BY-NC-SA-4.0,44100,10.0,win0.2,7.35,0.2,CLEAR,0.0,0.0016,0.0,0.2866,0.00016220515069061936,,,,,0.0009220822812906898,10292.87109375,-19.3
music_full_mix/musdb_Secretariat__Borderline_0.wav,music_full_mix,MUSDB18-HQ via HF roro128/musdb18-hq-flac,CC-BY-NC-SA-4.0,44100,10.0,win0.2,9.8,0.2,CLEAR,0.0,0.0006,0.0,0.0,5.872377215002686e-05,,,,,0.0003034253588735772,4263.57421875,-15.6
music_full_mix/musdb_Secretariat__Borderline_1.wav,music_full_mix,MUSDB18-HQ via HF roro128/musdb18-hq-flac,CC-BY-NC-SA-4.0,44100,10.0,full,0.0,10.0,CLEAR,0.0,0.0017,0.0,0.0,0.00016521555074828267,,,,,0.0005222934018224228,4392.7734375,-16.9
music_full_mix/musdb_Secretariat__Borderline_1.wav,music_full_mix,MUSDB18-HQ via HF roro128/musdb18-hq-flac,CC-BY-NC-SA-4.0,44100,10.0,win0.5,0.0,0.5,CLEAR,0.0,0.0012,0.0,0.0,0.00011624007982347412,,,,,0.00033561256939276774,3617.578125,-18.7
music_full_mix/musdb_Secretariat__Borderline_1.wav,music_full_mix,MUSDB18-HQ via HF roro128/musdb18-hq-flac,CC-BY-NC-SA-4.0,44100,10.0,win0.5,2.375,0.5,CLEAR,0.0,0.0019,0.0,0.0,0.00018628392155737127,,,,,0.0006635475695486937,3940.576171875,-16.9
music_full_mix/musdb_Secretariat__Borderline_1.wav,music_full_mix,MUSDB18-HQ via HF roro128/musdb18-hq-flac,CC-BY-NC-SA-4.0,44100,10.0,win0.5,4.75,0.5,CLEAR,0.0,0.0013,0.0,0.0,0.00013430320074643445,,,,,0.0003177844294277084,3768.310546875,-17.4
music_full_mix/musdb_Secretariat__Borderline_1.wav,music_full_mix,MUSDB18-HQ via HF roro128/musdb18-hq-flac,CC-BY-NC-SA-4.0,44100,10.0,win0.5,7.125,0.5,CLEAR,0.0,0.0012,0.0,0.0094,0.00011987685682091362,,,,,0.0006729113120147972,8074.951171875,-18.0
music_full_mix/musdb_Secretariat__Borderline_1.wav,music_full_mix,MUSDB18-HQ via HF roro128/musdb18-hq-flac,CC-BY-NC-SA-4.0,44100,10.0,win0.5,9.5,0.5,CLEAR,0.0,0.0,0.0,0.0,1.0579645383494703e-05,,,,,5.2794085987910283e-05,4995.703125,-16.9
music_full_mix/musdb_Secretariat__Borderline_1.wav,music_full_mix,MUSDB18-HQ via HF roro128/musdb18-hq-flac,CC-BY-NC-SA-4.0,44100,10.0,win0.2,0.0,0.2,CLEAR,0.0,0.0,0.0,0.0,3.060578141842695e-05,,,,,9.057140614476895e-05,3359.1796875,-17.4
music_full_mix/musdb_Secretariat__Borderline_1.wav,music_full_mix,MUSDB18-HQ via HF roro128/musdb18-hq-flac,CC-BY-NC-SA-4.0,44100,10.0,win0.2,2.45,0.2,CLEAR,0.0,0.0,0.0,0.0,3.934481039375844e-05,,,,,0.00013619287759411144,3725.244140625,-16.6
music_full_mix/musdb_Secretariat__Borderline_1.wav,music_full_mix,MUSDB18-HQ via HF roro128/musdb18-hq-flac,CC-BY-NC-SA-4.0,44100,10.0,win0.2,4.9,0.2,CLEAR,0.0,0.0,0.0,0.0,2.460730412338489e-05,,,,,6.681611928020459e-05,3746.77734375,-17.4
music_full_mix/musdb_Secretariat__Borderline_1.wav,music_full_mix,MUSDB18-HQ via HF roro128/musdb18-hq-flac,CC-BY-NC-SA-4.0,44100,10.0,win0.2,7.35,0.2,CLEAR,0.0,0.0,0.0,0.0,6.170322780586577e-05,,,,,0.0004661781693686545,7256.689453125,-18.5
music_full_mix/musdb_Secretariat__Borderline_1.wav,music_full_mix,MUSDB18-HQ via HF roro128/musdb18-hq-flac,CC-BY-NC-SA-4.0,44100,10.0,win0.2,9.8,0.2,CLEAR,0.0,0.0,0.0,0.0,5.37024222168427e-06,,,,,2.4185959917652317e-05,4328.173828125,-17.3
music_full_mix/musdb_Girls_Under_Glass__We_Feel_Alright_0.wav,music_full_mix,MUSDB18-HQ via HF roro128/musdb18-hq-flac,CC-BY-NC-SA-4.0,44100,10.0,full,0.0,10.0,CLEAR,0.0,0.0025,0.0,0.0,0.0002512088798940451,,,,,0.0006484916881226476,5943.1640625,-17.5
music_full_mix/musdb_Girls_Under_Glass__We_Feel_Alright_0.wav,music_full_mix,MUSDB18-HQ via HF roro128/musdb18-hq-flac,CC-BY-NC-SA-4.0,44100,10.0,win0.5,0.0,0.5,CLEAR,0.0,0.0047,0.0,0.0,0.0004735347985665624,7.605885468798351,3.8703545627746405,3.7355309060237105,15267.041015625,0.0010673962505176918,6029.296875,-18.4
music_full_mix/musdb_Girls_Under_Glass__We_Feel_Alright_0.wav,music_full_mix,MUSDB18-HQ via HF roro128/musdb18-hq-flac,CC-BY-NC-SA-4.0,44100,10.0,win0.5,2.375,0.5,CLEAR,0.0,0.0007,0.0,0.0,7.380063189825249e-05,,,,,0.00040463168241866413,4651.171875,-17.0
music_full_mix/musdb_Girls_Under_Glass__We_Feel_Alright_0.wav,music_full_mix,MUSDB18-HQ via HF roro128/musdb18-hq-flac,CC-BY-NC-SA-4.0,44100,10.0,win0.5,4.75,0.5,CLEAR,0.0,0.0051,0.0,0.0,0.0005145523176652421,6.906753734469202,3.8703545627746405,3.0363991716945615,16343.701171875,0.0011095440656780971,6933.69140625,-17.3
music_full_mix/musdb_Girls_Under_Glass__We_Feel_Alright_0.wav,music_full_mix,MUSDB18-HQ via HF roro128/musdb18-hq-flac,CC-BY-NC-SA-4.0,44100,10.0,win0.5,7.125,0.5,CLEAR,0.0,0.0008,0.0,0.0,7.95008391366039e-05,,,,,0.00035396029750636054,5081.8359375,-19.0
music_full_mix/musdb_Girls_Under_Glass__We_Feel_Alright_0.wav,music_full_mix,MUSDB18-HQ via HF roro128/musdb18-hq-flac,CC-BY-NC-SA-4.0,44100,10.0,win0.5,9.5,0.5,CLEAR,0.0,0.0031,0.0,0.0,0.0003121062157906702,,,,,0.0008130086402727688,5749.365234375,-17.1
music_full_mix/musdb_Girls_Under_Glass__We_Feel_Alright_0.wav,music_full_mix,MUSDB18-HQ via HF roro128/musdb18-hq-flac,CC-BY-NC-SA-4.0,44100,10.0,win0.2,0.0,0.2,CLEAR,0.0,0.0,0.0,0.0,4.7773349382610196e-05,,,,,0.00027479605419069566,4651.171875,-19.3
music_full_mix/musdb_Girls_Under_Glass__We_Feel_Alright_0.wav,music_full_mix,MUSDB18-HQ via HF roro128/musdb18-hq-flac,CC-BY-NC-SA-4.0,44100,10.0,win0.2,2.45,0.2,CLEAR,0.0,0.0,0.0,0.0,2.5779515105564226e-05,,,,,0.00017767817268427385,4565.0390625,-17.6
music_full_mix/musdb_Girls_Under_Glass__We_Feel_Alright_0.wav,music_full_mix,MUSDB18-HQ via HF roro128/musdb18-hq-flac,CC-BY-NC-SA-4.0,44100,10.0,win0.2,4.9,0.2,CLEAR,0.0,0.0,0.0,0.0,3.6498993239228774e-05,,,,,0.0002251185607555774,5060.302734375,-18.2
music_full_mix/musdb_Girls_Under_Glass__We_Feel_Alright_0.wav,music_full_mix,MUSDB18-HQ via HF roro128/musdb18-hq-flac,CC-BY-NC-SA-4.0,44100,10.0,win0.2,7.35,0.2,CLEAR,0.0,0.0015,0.0,0.0,0.00015358054555769942,,,,,0.0007094982883687846,7385.888671875,-20.7
music_full_mix/musdb_Girls_Under_Glass__We_Feel_Alright_0.wav,music_full_mix,MUSDB18-HQ via HF roro128/musdb18-hq-flac,CC-BY-NC-SA-4.0,44100,10.0,win0.2,9.8,0.2,CLEAR,0.0,0.0052,0.0,0.0,0.000521097982865014,8.91036851281954,6.003926243331833,2.906442269487707,15331.640625,0.0013615108036444958,6976.7578125,-17.1
music_full_mix/musdb_Girls_Under_Glass__We_Feel_Alright_1.wav,music_full_mix,MUSDB18-HQ via HF roro128/musdb18-hq-flac,CC-BY-NC-SA-4.0,44100,10.0,full,0.0,10.0,CLEAR,0.0,0.0031,0.0,0.0,0.0003062846109348868,,,,,0.0007717729792944633,6072.36328125,-18.4
music_full_mix/musdb_Girls_Under_Glass__We_Feel_Alright_1.wav,music_full_mix,MUSDB18-HQ via HF roro128/musdb18-hq-flac,CC-BY-NC-SA-4.0,44100,10.0,win0.5,0.0,0.5,CLEAR,0.0,0.0022,0.0,0.0,0.00021795931220377888,,,,,0.0005429737651811493,4974.169921875,-17.1
music_full_mix/musdb_Girls_Under_Glass__We_Feel_Alright_1.wav,music_full_mix,MUSDB18-HQ via HF roro128/musdb18-hq-flac,CC-BY-NC-SA-4.0,44100,10.0,win0.5,2.375,0.5,CLEAR,0.0,0.0028,0.0,0.0,0.00028149466609704604,,,,,0.0006721048693430526,4758.837890625,-17.7
music_full_mix/musdb_Girls_Under_Glass__We_Feel_Alright_1.wav,music_full_mix,MUSDB18-HQ via HF roro128/musdb18-hq-flac,CC-BY-NC-SA-4.0,44100,10.0,win0.5,4.75,0.5,CLEAR,0.0,0.0055,0.0,0.0,0.0005530580008006601,9.544690409065396,3.8703545627746405,5.674335846290756,15137.841796875,0.001345316679532762,6955.224609375,-19.1
music_full_mix/musdb_Girls_Under_Glass__We_Feel_Alright_1.wav,music_full_mix,MUSDB18-HQ via HF roro128/musdb18-hq-flac,CC-BY-NC-SA-4.0,44100,10.0,win0.5,7.125,0.5,CLEAR,0.0,0.0,0.0,0.0,5.96396056434561e-05,,,,,0.00027009075614703145,5878.564453125,-18.5
music_full_mix/musdb_Girls_Under_Glass__We_Feel_Alright_1.wav,music_full_mix,MUSDB18-HQ via HF roro128/musdb18-hq-flac,CC-BY-NC-SA-4.0,44100,10.0,win0.5,9.5,0.5,CLEAR,0.0,0.0084,0.0,0.0,0.000842529229094265,7.870411596317575,3.8703545627746405,4.000057033542934,15073.2421875,0.0018831520266715633,7644.287109375,-19.5
music_full_mix/musdb_Girls_Under_Glass__We_Feel_Alright_1.wav,music_full_mix,MUSDB18-HQ via HF roro128/musdb18-hq-flac,CC-BY-NC-SA-4.0,44100,10.0,win0.2,0.0,0.2,CLEAR,0.0,0.0,0.0,0.0,3.439195138029306e-05,,,,,0.0001585046212920784,5490.966796875,-17.1
music_full_mix/musdb_Girls_Under_Glass__We_Feel_Alright_1.wav,music_full_mix,MUSDB18-HQ via HF roro128/musdb18-hq-flac,CC-BY-NC-SA-4.0,44100,10.0,win0.2,2.45,0.2,CLEAR,0.0,0.0,0.0,0.0,6.162774235939428e-05,,,,,0.0002607970714913436,4543.505859375,-17.6
music_full_mix/musdb_Girls_Under_Glass__We_Feel_Alright_1.wav,music_full_mix,MUSDB18-HQ via HF roro128/musdb18-hq-flac,CC-BY-NC-SA-4.0,44100,10.0,win0.2,4.9,0.2,CLEAR,0.0,0.0125,0.0,0.1466,0.001249915627910701,7.436032809778865,6.003926243331833,1.4321065664470325,15137.841796875,0.002817519817762341,9173.14453125,-18.1
music_full_mix/musdb_Girls_Under_Glass__We_Feel_Alright_1.wav,music_full_mix,MUSDB18-HQ via HF roro128/musdb18-hq-flac,CC-BY-NC-SA-4.0,44100,10.0,win0.2,7.35,0.2,CLEAR,0.0,0.0004,0.0,0.0,4.356142007953037e-05,,,,,0.00015487206792233607,4069.775390625,-16.4
music_full_mix/musdb_Girls_Under_Glass__We_Feel_Alright_1.wav,music_full_mix,MUSDB18-HQ via HF roro128/musdb18-hq-flac,CC-BY-NC-SA-4.0,44100,10.0,win0.2,9.8,0.2,CLEAR,0.0,0.0023,0.0,0.0,0.00023325267507675143,,,,,0.0006149249992326166,4177.44140625,-18.6
music_full_mix/musdb_The_Mountaineering_Club__Mallory_0.wav,music_full_mix,MUSDB18-HQ via HF roro128/musdb18-hq-flac,CC-BY-NC-SA-4.0,44100,10.0,full,0.0,10.0,CLEAR,0.0,0.0,0.0,0.0,8.826370026208088e-05,,,,,0.000233571325645144,4844.970703125,-20.7
music_full_mix/musdb_The_Mountaineering_Club__Mallory_0.wav,music_full_mix,MUSDB18-HQ via HF roro128/musdb18-hq-flac,CC-BY-NC-SA-4.0,44100,10.0,win0.5,0.0,0.5,CLEAR,0.0,0.0,0.0,0.0,6.587791163285501e-06,,,,,1.7935080665352013e-05,2497.8515625,-20.6
music_full_mix/musdb_The_Mountaineering_Club__Mallory_0.wav,music_full_mix,MUSDB18-HQ via HF roro128/musdb18-hq-flac,CC-BY-NC-SA-4.0,44100,10.0,win0.5,2.375,0.5,CLEAR,0.0,0.0,0.0,0.0,5.541698531556665e-06,,,,,1.3609669279152255e-05,3208.447265625,-22.7
music_full_mix/musdb_The_Mountaineering_Club__Mallory_0.wav,music_full_mix,MUSDB18-HQ via HF roro128/musdb18-hq-flac,CC-BY-NC-SA-4.0,44100,10.0,win0.5,4.75,0.5,CLEAR,0.0,0.0,0.0,0.0,1.158149823600833e-05,,,,,3.085905082732666e-05,3294.580078125,-21.3
music_full_mix/musdb_The_Mountaineering_Club__Mallory_0.wav,music_full_mix,MUSDB18-HQ via HF roro128/musdb18-hq-flac,CC-BY-NC-SA-4.0,44100,10.0,win0.5,7.125,0.5,CLEAR,0.0,0.0,0.0,0.0,2.6011817029589853e-07,,,,,8.592153763254246e-07,2648.583984375,-20.8
music_full_mix/musdb_The_Mountaineering_Club__Mallory_0.wav,music_full_mix,MUSDB18-HQ via HF roro128/musdb18-hq-flac,CC-BY-NC-SA-4.0,44100,10.0,win0.5,9.5,0.5,CLEAR,0.0,0.0,0.0,0.0,1.6747126377093067e-07,,,,,1.86123181519694e-06,1485.791015625,-18.0
music_full_mix/musdb_The_Mountaineering_Club__Mallory_0.wav,music_full_mix,MUSDB18-HQ via HF roro128/musdb18-hq-flac,CC-BY-NC-SA-4.0,44100,10.0,win0.2,0.0,0.2,CLEAR,0.0,0.0,0.0,0.0,6.072603706309682e-06,,,,,1.88456241210053e-05,2282.51953125,-18.5
music_full_mix/musdb_The_Mountaineering_Club__Mallory_0.wav,music_full_mix,MUSDB18-HQ via HF roro128/musdb18-hq-flac,CC-BY-NC-SA-4.0,44100,10.0,win0.2,2.45,0.2,CLEAR,0.0,0.0,0.0,0.0,6.129370193249293e-06,,,,,1.7472104011301235e-05,3402.24609375,-23.6
music_full_mix/musdb_The_Mountaineering_Club__Mallory_0.wav,music_full_mix,MUSDB18-HQ via HF roro128/musdb18-hq-flac,CC-BY-NC-SA-4.0,44100,10.0,win0.2,4.9,0.2,CLEAR,0.0,0.0,0.0,0.0,8.61415562463146e-06,,,,,2.1621824202009097e-05,2756.25,-21.8
music_full_mix/musdb_The_Mountaineering_Club__Mallory_0.wav,music_full_mix,MUSDB18-HQ via HF roro128/musdb18-hq-flac,CC-BY-NC-SA-4.0,44100,10.0,win0.2,7.35,0.2,CLEAR,0.0,0.0,0.0,0.0,3.7956183250497893e-07,,,,,1.1609644642518193e-06,2670.1171875,-20.9
music_full_mix/musdb_The_Mountaineering_Club__Mallory_0.wav,music_full_mix,MUSDB18-HQ via HF roro128/musdb18-hq-flac,CC-BY-NC-SA-4.0,44100,10.0,win0.2,9.8,0.2,CLEAR,0.0,0.0,0.0,0.0,1.5887748259022402e-07,,,,,1.8399268960044045e-06,1485.791015625,-14.0
music_full_mix/musdb_The_Mountaineering_Club__Mallory_1.wav,music_full_mix,MUSDB18-HQ via HF roro128/musdb18-hq-flac,CC-BY-NC-SA-4.0,44100,10.0,full,0.0,10.0,CLEAR,0.0,0.0,0.0,0.0,1.937514937539476e-05,,,,,9.443359563823029e-05,7472.021484375,-27.6
music_full_mix/musdb_The_Mountaineering_Club__Mallory_1.wav,music_full_mix,MUSDB18-HQ via HF roro128/musdb18-hq-flac,CC-BY-NC-SA-4.0,44100,10.0,win0.5,0.0,0.5,CLEAR,0.0,0.0,0.0,0.0,9.818680272570112e-07,,,,,1.1883565623049364e-05,1701.123046875,-27.5
music_full_mix/musdb_The_Mountaineering_Club__Mallory_1.wav,music_full_mix,MUSDB18-HQ via HF roro128/musdb18-hq-flac,CC-BY-NC-SA-4.0,44100,10.0,win0.5,2.375,0.5,CLEAR,0.0,0.0,0.0,0.0,5.835600746568138e-07,,,,,3.626701188578283e-06,1765.72265625,-28.7
music_full_mix/musdb_The_Mountaineering_Club__Mallory_1.wav,music_full_mix,MUSDB18-HQ via HF roro128/musdb18-hq-flac,CC-BY-NC-SA-4.0,44100,10.0,win0.5,4.75,0.5,CLEAR,0.0,0.0,0.0,0.0,5.091189933534828e-06,,,,,4.595222542186119e-05,1808.7890625,-23.9
music_full_mix/musdb_The_Mountaineering_Club__Mallory_1.wav,music_full_mix,MUSDB18-HQ via HF roro128/musdb18-hq-flac,CC-BY-NC-SA-4.0,44100,10.0,win0.5,7.125,0.5,CLEAR,0.0,0.0,0.0,0.0,9.382834879747724e-07,,,,,5.377784773351207e-06,2842.3828125,-30.3
music_full_mix/musdb_The_Mountaineering_Club__Mallory_1.wav,music_full_mix,MUSDB18-HQ via HF roro128/musdb18-hq-flac,CC-BY-NC-SA-4.0,44100,10.0,win0.5,9.5,0.5,CLEAR,0.0,0.0,0.0,0.0,7.227714367043537e-07,,,,,1.4283656138277638e-06,1873.388671875,-37.6
music_full_mix/musdb_The_Mountaineering_Club__Mallory_1.wav,music_full_mix,MUSDB18-HQ via HF roro128/musdb18-hq-flac,CC-BY-NC-SA-4.0,44100,10.0,win0.2,0.0,0.2,CLEAR,0.0,0.0,0.0,0.0,1.2761496969266066e-06,,,,,1.5781504732673913e-05,1744.189453125,-24.5
music_full_mix/musdb_The_Mountaineering_Club__Mallory_1.wav,music_full_mix,MUSDB18-HQ via HF roro128/musdb18-hq-flac,CC-BY-NC-SA-4.0,44100,10.0,win0.2,2.45,0.2,CLEAR,0.0,0.0,0.0,0.0,3.246678814786561e-07,,,,,2.3117227831591486e-06,1593.45703125,-29.3
music_full_mix/musdb_The_Mountaineering_Club__Mallory_1.wav,music_full_mix,MUSDB18-HQ via HF roro128/musdb18-hq-flac,CC-BY-NC-SA-4.0,44100,10.0,win0.2,4.9,0.2,CLEAR,0.0,0.0,0.0,0.0,2.2306048590311977e-06,,,,,3.903894664958011e-05,2325.5859375,-23.3
music_full_mix/musdb_The_Mountaineering_Club__Mallory_1.wav,music_full_mix,MUSDB18-HQ via HF roro128/musdb18-hq-flac,CC-BY-NC-SA-4.0,44100,10.0,win0.2,7.35,0.2,CLEAR,0.0,0.0,0.0,0.0,7.508535642876126e-07,,,,,4.4093339880316624e-06,2368.65234375,-29.2
music_full_mix/musdb_The_Mountaineering_Club__Mallory_1.wav,music_full_mix,MUSDB18-HQ via HF roro128/musdb18-hq-flac,CC-BY-NC-SA-4.0,44100,10.0,win0.2,9.8,0.2,CLEAR,0.0,0.0,0.0,0.0,1.0804773421119956e-06,,,,,2.1400325548079784e-06,1873.388671875,-38.9
music_full_mix/musdb_Skelpolu__Resurrection_0.wav,music_full_mix,MUSDB18-HQ via HF roro128/musdb18-hq-flac,CC-BY-NC-SA-4.0,44100,10.0,full,0.0,10.0,CLEAR,0.0,0.0487,0.0,0.327,0.004865241604068667,8.707335479992487,0.9394885198945491,7.767846960097938,21705.46875,0.006462003568020379,10615.869140625,-15.2
music_full_mix/musdb_Skelpolu__Resurrection_0.wav,music_full_mix,MUSDB18-HQ via HF roro128/musdb18-hq-flac,CC-BY-NC-SA-4.0,44100,10.0,win0.5,0.0,0.5,CLEAR,0.0,0.1261,0.0,1.0,0.0126129062305548,15.16062570433702,3.8703545627746405,11.29027114156238,21597.802734375,0.013632951807953035,20564.208984375,-15.3
music_full_mix/musdb_Skelpolu__Resurrection_0.wav,music_full_mix,MUSDB18-HQ via HF roro128/musdb18-hq-flac,CC-BY-NC-SA-4.0,44100,10.0,win0.5,2.375,0.5,CLEAR,0.0,0.005,0.0,0.0,0.0005047659371109653,11.13649686546096,3.8703545627746405,7.266142302686321,18776.953125,0.0012615557026947003,6998.291015625,-15.2
music_full_mix/musdb_Skelpolu__Resurrection_0.wav,music_full_mix,MUSDB18-HQ via HF roro128/musdb18-hq-flac,CC-BY-NC-SA-4.0,44100,10.0,win0.5,4.75,0.5,CLEAR,0.0,0.0578,0.0,0.2462,0.005776304380856738,12.99820942292122,3.8703545627746405,9.12785486014658,21683.935546875,0.006532009272568369,9969.873046875,-14.7
music_full_mix/musdb_Skelpolu__Resurrection_0.wav,music_full_mix,MUSDB18-HQ via HF roro128/musdb18-hq-flac,CC-BY-NC-SA-4.0,44100,10.0,win0.5,7.125,0.5,CLEAR,0.0,0.003,0.0,0.0,0.00029725774505758804,9.400712175399944,3.8703545627746405,5.530357612625304,17851.025390625,0.0019602443366901227,7945.751953125,-15.9
music_full_mix/musdb_Skelpolu__Resurrection_0.wav,music_full_mix,MUSDB18-HQ via HF roro128/musdb18-hq-flac,CC-BY-NC-SA-4.0,44100,10.0,win0.5,9.5,0.5,CLEAR,0.0,0.037,0.0,0.0,0.003698766005018697,16.288211852335564,3.8703545627746405,12.417857289560924,21727.001953125,0.004304331513504855,7062.890625,-14.7
music_full_mix/musdb_Skelpolu__Resurrection_0.wav,music_full_mix,MUSDB18-HQ via HF roro128/musdb18-hq-flac,CC-BY-NC-SA-4.0,44100,10.0,win0.2,0.0,0.2,CLEAR,0.0,0.1118,0.0,1.0,0.01117520865619911,16.609762283243562,6.003926243331833,10.605836039911729,21597.802734375,0.012119349947635423,19939.74609375,-14.2
music_full_mix/musdb_Skelpolu__Resurrection_0.wav,music_full_mix,MUSDB18-HQ via HF roro128/musdb18-hq-flac,CC-BY-NC-SA-4.0,44100,10.0,win0.2,2.45,0.2,CLEAR,0.0,0.0015,0.0,0.2355,0.0001506104172502639,,,,,0.0007721836050531134,9883.740234375,-16.6
music_full_mix/musdb_Skelpolu__Resurrection_0.wav,music_full_mix,MUSDB18-HQ via HF roro128/musdb18-hq-flac,CC-BY-NC-SA-4.0,44100,10.0,win0.2,4.9,0.2,CLEAR,0.0,0.0539,0.0,0.2812,0.005387681060917388,14.90914553921071,6.003926243331833,8.905219295878878,21683.935546875,0.006141683344898749,10249.8046875,-14.1
music_full_mix/musdb_Skelpolu__Resurrection_0.wav,music_full_mix,MUSDB18-HQ via HF roro128/musdb18-hq-flac,CC-BY-NC-SA-4.0,44100,10.0,win0.2,7.35,0.2,CLEAR,0.0,0.0036,0.0,0.0174,0.00035703327827158094,9.006226495998233,6.003926243331833,3.0023002526663998,15719.23828125,0.0011279807194227922,8139.55078125,-16.6
music_full_mix/musdb_Skelpolu__Resurrection_0.wav,music_full_mix,MUSDB18-HQ via HF roro128/musdb18-hq-flac,CC-BY-NC-SA-4.0,44100,10.0,win0.2,9.8,0.2,CLEAR,0.0,0.062,0.0,0.3997,0.006202274648587287,16.78408740498432,6.003926243331833,10.780161161652487,21856.201171875,0.007292320344202725,11197.265625,-15.6
music_full_mix/musdb_Skelpolu__Resurrection_1.wav,music_full_mix,MUSDB18-HQ via HF roro128/musdb18-hq-flac,CC-BY-NC-SA-4.0,44100,10.0,full,0.0,10.0,CLEAR,0.0,0.0644,0.0,0.6877,0.00643868961369158,9.02969713119273,0.9394885198945491,8.09020861129818,21791.6015625,0.008509818949832097,13501.318359375,-16.4
music_full_mix/musdb_Skelpolu__Resurrection_1.wav,music_full_mix,MUSDB18-HQ via HF roro128/musdb18-hq-flac,CC-BY-NC-SA-4.0,44100,10.0,win0.5,0.0,0.5,CLEAR,0.0,1.0,0.0,1.0,0.10512767821304095,16.07680724939084,3.8703545627746405,12.206452686616199,21748.53515625,0.1122554872663639,21899.267578125,-24.1
music_full_mix/musdb_Skelpolu__Resurrection_1.wav,music_full_mix,MUSDB18-HQ via HF roro128/musdb18-hq-flac,CC-BY-NC-SA-4.0,44100,10.0,win0.5,2.375,0.5,CLEAR,0.0,0.0158,0.0,0.2247,0.0015846865892591001,12.324090532764716,3.8703545627746405,8.453735969990076,18863.0859375,0.003555452447625675,9797.607421875,-16.3
music_full_mix/musdb_Skelpolu__Resurrection_1.wav,music_full_mix,MUSDB18-HQ via HF roro128/musdb18-hq-flac,CC-BY-NC-SA-4.0,44100,10.0,win0.5,4.75,0.5,CLEAR,0.0,0.0851,0.0,0.6823,0.008505634119695744,15.390488086164275,3.8703545627746405,11.520133523389635,21683.935546875,0.00928017722311165,13458.251953125,-15.2
music_full_mix/musdb_Skelpolu__Resurrection_1.wav,music_full_mix,MUSDB18-HQ via HF roro128/musdb18-hq-flac,CC-BY-NC-SA-4.0,44100,10.0,win0.5,7.125,0.5,CLEAR,0.0,0.0045,0.0,0.3216,0.0004523631663057125,10.522553580362622,3.8703545627746405,6.652199017587982,16838.96484375,0.0035486982910542145,10572.802734375,-16.2
music_full_mix/musdb_Skelpolu__Resurrection_1.wav,music_full_mix,MUSDB18-HQ via HF roro128/musdb18-hq-flac,CC-BY-NC-SA-4.0,44100,10.0,win0.5,9.5,0.5,CLEAR,0.0,0.0591,0.0,0.4535,0.005911591188761392,14.858360918801026,3.8703545627746405,10.988006356026386,21877.734375,0.006861375614892992,11627.9296875,-15.3
music_full_mix/musdb_Skelpolu__Resurrection_1.wav,music_full_mix,MUSDB18-HQ via HF roro128/musdb18-hq-flac,CC-BY-NC-SA-4.0,44100,10.0,win0.2,0.0,0.2,CLEAR,0.0,0.7528,0.0,1.0,0.07527930553431925,18.04725893975536,6.003926243331833,12.043332696423526,21727.001953125,0.0800492696654458,21791.6015625,-22.0
music_full_mix/musdb_Skelpolu__Resurrection_1.wav,music_full_mix,MUSDB18-HQ via HF roro128/musdb18-hq-flac,CC-BY-NC-SA-4.0,44100,10.0,win0.2,2.45,0.2,CLEAR,0.0,0.001,0.0,0.1709,0.00010233306954968697,,,,,0.0007521564872579875,9366.943359375,-17.0
music_full_mix/musdb_Skelpolu__Resurrection_1.wav,music_full_mix,MUSDB18-HQ via HF roro128/musdb18-hq-flac,CC-BY-NC-SA-4.0,44100,10.0,win0.2,4.9,0.2,CLEAR,0.0,0.1308,0.0,1.0,0.013084533662475991,17.182517344709424,6.003926243331833,11.178591101377592,21662.40234375,0.013949490277054461,20822.607421875,-15.2
music_full_mix/musdb_Skelpolu__Resurrection_1.wav,music_full_mix,MUSDB18-HQ via HF roro128/musdb18-hq-flac,CC-BY-NC-SA-4.0,44100,10.0,win0.2,7.35,0.2,CLEAR,0.0,0.002,0.0,0.2624,0.00019955157486172603,16.332871973363766,6.003926243331833,10.328945730031933,17355.76171875,0.0029540778816777905,10099.072265625,-16.3
music_full_mix/musdb_Skelpolu__Resurrection_1.wav,music_full_mix,MUSDB18-HQ via HF roro128/musdb18-hq-flac,CC-BY-NC-SA-4.0,44100,10.0,win0.2,9.8,0.2,CLEAR,0.0,0.0681,0.0,0.615,0.006809653316169199,17.05208572854154,6.003926243331833,11.048159485209709,21576.26953125,0.007931915543593075,12919.921875,-16.6
speech_noisy_mix/mix_p247_129_mic1_rain.wav,speech_noisy_mix,"VCTK speech + ESC-50 noise (mixed here, 10 dB SNR)",CC-BY-4.0 + CC-BY-NC-3.0,44100,2.158,full,0.0,2.158,CLEAR,0.0,0.0,0.0,0.0659,2.632286044617801e-05,,,,,0.0002904144626752553,8527.1484375,-20.6
speech_noisy_mix/mix_p247_129_mic1_rain.wav,speech_noisy_mix,"VCTK speech + ESC-50 noise (mixed here, 10 dB SNR)",CC-BY-4.0 + CC-BY-NC-3.0,44100,2.158,win0.5,0.0,0.5,CLEAR,0.0,0.0,0.0,0.0,1.9786680093537123e-05,,,,,8.947311446139143e-05,6029.296875,-17.8
speech_noisy_mix/mix_p247_129_mic1_rain.wav,speech_noisy_mix,"VCTK speech + ESC-50 noise (mixed here, 10 dB SNR)",CC-BY-4.0 + CC-BY-NC-3.0,44100,2.158,win0.5,0.553,0.5,CLEAR,0.0,0.0,0.0,0.187,2.8613566933864555e-05,,,,,0.0007676585000007496,9496.142578125,-19.7
speech_noisy_mix/mix_p247_129_mic1_rain.wav,speech_noisy_mix,"VCTK speech + ESC-50 noise (mixed here, 10 dB SNR)",CC-BY-4.0 + CC-BY-NC-3.0,44100,2.158,win0.5,1.105,0.5,CLEAR,0.0,0.0,0.0,0.0497,2.513203144755398e-05,,,,,0.00011836625023506194,8397.94921875,-22.8
speech_noisy_mix/mix_p247_129_mic1_rain.wav,speech_noisy_mix,"VCTK speech + ESC-50 noise (mixed here, 10 dB SNR)",CC-BY-4.0 + CC-BY-NC-3.0,44100,2.158,win0.5,1.658,0.5,CLEAR,0.0,0.0,0.0,0.2059,4.940864936964604e-05,,,,,0.00017277865657170155,9646.875,-24.4
speech_noisy_mix/mix_p247_129_mic1_rain.wav,speech_noisy_mix,"VCTK speech + ESC-50 noise (mixed here, 10 dB SNR)",CC-BY-4.0 + CC-BY-NC-3.0,44100,2.158,win0.2,0.0,0.2,CLEAR,0.0,0.0,0.0,0.0,4.793177872532963e-06,,,,,5.089228761261188e-05,3768.310546875,-16.1
speech_noisy_mix/mix_p247_129_mic1_rain.wav,speech_noisy_mix,"VCTK speech + ESC-50 noise (mixed here, 10 dB SNR)",CC-BY-4.0 + CC-BY-NC-3.0,44100,2.158,win0.2,0.489,0.2,CLEAR,0.0,0.0,0.0,0.0,4.264715744375858e-06,,,,,7.960250796896097e-06,5684.765625,-22.6
speech_noisy_mix/mix_p247_129_mic1_rain.wav,speech_noisy_mix,"VCTK speech + ESC-50 noise (mixed here, 10 dB SNR)",CC-BY-4.0 + CC-BY-NC-3.0,44100,2.158,win0.2,0.979,0.2,CLEAR,0.0,0.0,0.0,0.0632,6.526925224220727e-05,,,,,0.000297752193999549,8505.615234375,-22.8
speech_noisy_mix/mix_p247_129_mic1_rain.wav,speech_noisy_mix,"VCTK speech + ESC-50 noise (mixed here, 10 dB SNR)",CC-BY-4.0 + CC-BY-NC-3.0,44100,2.158,win0.2,1.468,0.2,CLEAR,0.0,0.0,0.0,0.0,1.578890479522505e-05,,,,,5.3270949307711605e-05,7601.220703125,-24.4
speech_noisy_mix/mix_p247_129_mic1_rain.wav,speech_noisy_mix,"VCTK speech + ESC-50 noise (mixed here, 10 dB SNR)",CC-BY-4.0 + CC-BY-NC-3.0,44100,2.158,win0.2,1.958,0.2,CLEAR,0.0,0.0,0.0,0.0713,2.5442514649407574e-05,,,,,7.614524664245208e-05,8570.21484375,-29.0
speech_noisy_mix/mix_p251_230_mic1_rain.wav,speech_noisy_mix,"VCTK speech + ESC-50 noise (mixed here, 10 dB SNR)",CC-BY-4.0 + CC-BY-NC-3.0,44100,2.994,full,0.0,2.994,CLEAR,0.0,0.0,0.0,0.0,4.849064493337427e-05,,,,,0.0002756949016911307,5792.431640625,-21.0
speech_noisy_mix/mix_p251_230_mic1_rain.wav,speech_noisy_mix,"VCTK speech + ESC-50 noise (mixed here, 10 dB SNR)",CC-BY-4.0 + CC-BY-NC-3.0,44100,2.994,win0.5,0.0,0.5,CLEAR,0.0,0.0,0.0,0.0,3.869433724278714e-05,,,,,0.0002941755089339709,4155.908203125,-18.4
speech_noisy_mix/mix_p251_230_mic1_rain.wav,speech_noisy_mix,"VCTK speech + ESC-50 noise (mixed here, 10 dB SNR)",CC-BY-4.0 + CC-BY-NC-3.0,44100,2.994,win0.5,0.624,0.5,CLEAR,0.0,0.0,0.0,0.0,0.0001567822999580116,,,,,0.0007897855388914176,6352.294921875,-22.9
speech_noisy_mix/mix_p251_230_mic1_rain.wav,speech_noisy_mix,"VCTK speech + ESC-50 noise (mixed here, 10 dB SNR)",CC-BY-4.0 + CC-BY-NC-3.0,44100,2.994,win0.5,1.247,0.5,CLEAR,0.0,0.0,0.0,0.0,2.053104840019798e-05,,,,,0.0001339469812354311,5103.369140625,-19.1
speech_noisy_mix/mix_p251_230_mic1_rain.wav,speech_noisy_mix,"VCTK speech + ESC-50 noise (mixed here, 10 dB SNR)",CC-BY-4.0 + CC-BY-NC-3.0,44100,2.994,win0.5,1.871,0.5,CLEAR,0.0,0.0,0.0,0.0,4.04867668068201e-05,,,,,0.00035134760769284896,6416.89453125,-21.9
speech_noisy_mix/mix_p251_230_mic1_rain.wav,speech_noisy_mix,"VCTK speech + ESC-50 noise (mixed here, 10 dB SNR)",CC-BY-4.0 + CC-BY-NC-3.0,44100,2.994,win0.5,2.494,0.5,CLEAR,0.0,0.0,0.0,0.0,0.00012912514430154777,,,,,0.0002977499665888561,7170.556640625,-24.7
speech_noisy_mix/mix_p251_230_mic1_rain.wav,speech_noisy_mix,"VCTK speech + ESC-50 noise (mixed here, 10 dB SNR)",CC-BY-4.0 + CC-BY-NC-3.0,44100,2.994,win0.2,0.0,0.2,CLEAR,0.0,0.0,0.0,0.0,4.6524112316418756e-05,,,,,0.0004085878180132832,3639.111328125,-17.9
speech_noisy_mix/mix_p251_230_mic1_rain.wav,speech_noisy_mix,"VCTK speech + ESC-50 noise (mixed here, 10 dB SNR)",CC-BY-4.0 + CC-BY-NC-3.0,44100,2.994,win0.2,0.699,0.2,CLEAR,0.0,0.0031,0.0,0.0,0.0003126629728278238,8.835727592098227,6.003926243331833,2.831801348766394,15482.373046875,0.0012800915560103735,7235.15625,-23.4
speech_noisy_mix/mix_p251_230_mic1_rain.wav,speech_noisy_mix,"VCTK speech + ESC-50 noise (mixed here, 10 dB SNR)",CC-BY-4.0 + CC-BY-NC-3.0,44100,2.994,win0.2,1.397,0.2,CLEAR,0.0,0.0,0.0,0.0,3.442611641216266e-05,,,,,6.541930385991022e-05,5275.634765625,-19.6
speech_noisy_mix/mix_p251_230_mic1_rain.wav,speech_noisy_mix,"VCTK speech + ESC-50 noise (mixed here, 10 dB SNR)",CC-BY-4.0 + CC-BY-NC-3.0,44100,2.994,win0.2,2.096,0.2,CLEAR,0.0,0.0,0.0,0.0,0.00010321604026715742,,,,,0.0005812293486028983,7235.15625,-23.3
speech_noisy_mix/mix_p251_230_mic1_rain.wav,speech_noisy_mix,"VCTK speech + ESC-50 noise (mixed here, 10 dB SNR)",CC-BY-4.0 + CC-BY-NC-3.0,44100,2.994,win0.2,2.794,0.2,CLEAR,0.0,0.0,0.0,0.004,2.8003241310129623e-05,,,,,0.00012062223778784155,8031.884765625,-30.6
speech_noisy_mix/mix_p251_024_mic1_sea_waves.wav,speech_noisy_mix,"VCTK speech + ESC-50 noise (mixed here, 10 dB SNR)",CC-BY-4.0 + CC-BY-NC-3.0,44100,5.678,full,0.0,5.678,CLEAR,0.0,0.0,0.0,0.0,2.7469241977615392e-05,,,,,9.839707600633297e-05,4328.173828125,-20.8
speech_noisy_mix/mix_p251_024_mic1_sea_waves.wav,speech_noisy_mix,"VCTK speech + ESC-50 noise (mixed here, 10 dB SNR)",CC-BY-4.0 + CC-BY-NC-3.0,44100,5.678,win0.5,0.0,0.5,CLEAR,0.0,0.0,0.0,0.0,4.5990558950168775e-05,,,,,0.00021363249101268017,5512.5,-20.4
speech_noisy_mix/mix_p251_024_mic1_sea_waves.wav,speech_noisy_mix,"VCTK speech + ESC-50 noise (mixed here, 10 dB SNR)",CC-BY-4.0 + CC-BY-NC-3.0,44100,5.678,win0.5,1.294,0.5,CLEAR,0.0,0.0,0.0,0.0,2.2964950343654024e-05,,,,,6.141474785184959e-05,4543.505859375,-24.7
speech_noisy_mix/mix_p251_024_mic1_sea_waves.wav,speech_noisy_mix,"VCTK speech + ESC-50 noise (mixed here, 10 dB SNR)",CC-BY-4.0 + CC-BY-NC-3.0,44100,5.678,win0.5,2.589,0.5,CLEAR,0.0,0.0,0.0,0.0,7.241227835060513e-06,,,,,2.9801231964749985e-05,2691.650390625,-17.9
speech_noisy_mix/mix_p251_024_mic1_sea_waves.wav,speech_noisy_mix,"VCTK speech + ESC-50 noise (mixed here, 10 dB SNR)",CC-BY-4.0 + CC-BY-NC-3.0,44100,5.678,win0.5,3.883,0.5,CLEAR,0.0,0.0,0.0,0.0,1.967172894173891e-05,,,,,5.481090836290116e-05,3639.111328125,-22.1
speech_noisy_mix/mix_p251_024_mic1_sea_waves.wav,speech_noisy_mix,"VCTK speech + ESC-50 noise (mixed here, 10 dB SNR)",CC-BY-4.0 + CC-BY-NC-3.0,44100,5.678,win0.5,5.178,0.5,CLEAR,0.0,0.0,0.0,0.0,9.470782392704446e-06,,,,,4.8094926211882226e-05,5361.767578125,-23.0
speech_noisy_mix/mix_p251_024_mic1_sea_waves.wav,speech_noisy_mix,"VCTK speech + ESC-50 noise (mixed here, 10 dB SNR)",CC-BY-4.0 + CC-BY-NC-3.0,44100,5.678,win0.2,0.0,0.2,CLEAR,0.0,0.0,0.0,0.2328,0.00018786806782492878,,,,,0.0009470717292856452,9862.20703125,-24.1
speech_noisy_mix/mix_p251_024_mic1_sea_waves.wav,speech_noisy_mix,"VCTK speech + ESC-50 noise (mixed here, 10 dB SNR)",CC-BY-4.0 + CC-BY-NC-3.0,44100,5.678,win0.2,1.369,0.2,CLEAR,0.0,0.0,0.0,0.0,2.0694058718827335e-05,,,,,5.4477469764793424e-05,4155.908203125,-22.7
speech_noisy_mix/mix_p251_024_mic1_sea_waves.wav,speech_noisy_mix,"VCTK speech + ESC-50 noise (mixed here, 10 dB SNR)",CC-BY-4.0 + CC-BY-NC-3.0,44100,5.678,win0.2,2.739,0.2,CLEAR,0.0,0.0,0.0,0.0,6.7509160931677615e-06,,,,,3.344280009647655e-05,2842.3828125,-18.7
speech_noisy_mix/mix_p251_024_mic1_sea_waves.wav,speech_noisy_mix,"VCTK speech + ESC-50 noise (mixed here, 10 dB SNR)",CC-BY-4.0 + CC-BY-NC-3.0,44100,5.678,win0.2,4.108,0.2,CLEAR,0.0,0.0,0.0,0.0,5.7614063029796264e-06,,,,,2.0166737849617298e-05,3057.71484375,-19.6
speech_noisy_mix/mix_p251_024_mic1_sea_waves.wav,speech_noisy_mix,"VCTK speech + ESC-50 noise (mixed here, 10 dB SNR)",CC-BY-4.0 + CC-BY-NC-3.0,44100,5.678,win0.2,5.478,0.2,CLEAR,0.0,0.0,0.0,0.0497,1.1444772578577526e-05,,,,,5.431107065807911e-05,8397.94921875,-26.7
speech_noisy_mix/mix_p247_246_mic1_sea_waves.wav,speech_noisy_mix,"VCTK speech + ESC-50 noise (mixed here, 10 dB SNR)",CC-BY-4.0 + CC-BY-NC-3.0,44100,2.522,full,0.0,2.522,CLEAR,0.0,0.0,0.0,0.0,2.5955281856471737e-05,,,,,0.00029311505215063753,5318.701171875,-21.8
speech_noisy_mix/mix_p247_246_mic1_sea_waves.wav,speech_noisy_mix,"VCTK speech + ESC-50 noise (mixed here, 10 dB SNR)",CC-BY-4.0 + CC-BY-NC-3.0,44100,2.522,win0.5,0.0,0.5,CLEAR,0.0,0.0,0.0,0.0,3.163635439512829e-05,,,,,0.00024385624044646472,2842.3828125,-17.6
speech_noisy_mix/mix_p247_246_mic1_sea_waves.wav,speech_noisy_mix,"VCTK speech + ESC-50 noise (mixed here, 10 dB SNR)",CC-BY-4.0 + CC-BY-NC-3.0,44100,2.522,win0.5,0.506,0.5,CLEAR,0.0,0.0,0.0,0.0,1.175029542647715e-05,,,,,6.643720724792412e-05,2799.31640625,-23.6
speech_noisy_mix/mix_p247_246_mic1_sea_waves.wav,speech_noisy_mix,"VCTK speech + ESC-50 noise (mixed here, 10 dB SNR)",CC-BY-4.0 + CC-BY-NC-3.0,44100,2.522,win0.5,1.011,0.5,CLEAR,0.0,0.0,0.0,0.0,1.2755320826997312e-05,,,,,8.12920529518727e-05,5706.298828125,-22.1
speech_noisy_mix/mix_p247_246_mic1_sea_waves.wav,speech_noisy_mix,"VCTK speech + ESC-50 noise (mixed here, 10 dB SNR)",CC-BY-4.0 + CC-BY-NC-3.0,44100,2.522,win0.5,1.517,0.5,CLEAR,0.0,0.0,0.0,0.0,1.1544411975169275e-05,,,,,0.00018610252745556168,7105.95703125,-25.4
speech_noisy_mix/mix_p247_246_mic1_sea_waves.wav,speech_noisy_mix,"VCTK speech + ESC-50 noise (mixed here, 10 dB SNR)",CC-BY-4.0 + CC-BY-NC-3.0,44100,2.522,win0.5,2.022,0.5,CLEAR,0.0,0.0,0.0,0.4966,8.079454358485603e-05,18.93683826490179,3.8703545627746405,15.066483702127151,15546.97265625,0.0021843006194350945,11972.4609375,-26.9
speech_noisy_mix/mix_p247_246_mic1_sea_waves.wav,speech_noisy_mix,"VCTK speech + ESC-50 noise (mixed here, 10 dB SNR)",CC-BY-4.0 + CC-BY-NC-3.0,44100,2.522,win0.2,0.0,0.2,CLEAR,0.0,0.0,0.0,0.0,3.448755911570615e-05,,,,,0.00015107730093635947,2411.71875,-18.6
speech_noisy_mix/mix_p247_246_mic1_sea_waves.wav,speech_noisy_mix,"VCTK speech + ESC-50 noise (mixed here, 10 dB SNR)",CC-BY-4.0 + CC-BY-NC-3.0,44100,2.522,win0.2,0.581,0.2,CLEAR,0.0,0.0,0.0,0.0,1.3242184206752688e-05,,,,,5.917300585803512e-05,2562.451171875,-23.0
speech_noisy_mix/mix_p247_246_mic1_sea_waves.wav,speech_noisy_mix,"VCTK speech + ESC-50 noise (mixed here, 10 dB SNR)",CC-BY-4.0 + CC-BY-NC-3.0,44100,2.522,win0.2,1.161,0.2,CLEAR,0.0,0.0,0.0,0.0,1.0406566681945696e-05,,,,,4.831769189105404e-05,2282.51953125,-19.7
speech_noisy_mix/mix_p247_246_mic1_sea_waves.wav,speech_noisy_mix,"VCTK speech + ESC-50 noise (mixed here, 10 dB SNR)",CC-BY-4.0 + CC-BY-NC-3.0,44100,2.522,win0.2,1.742,0.2,CLEAR,0.0,0.0,0.0,0.0282,1.8903287917594234e-05,,,,,0.00029417243220226534,8225.68359375,-28.0
speech_noisy_mix/mix_p247_246_mic1_sea_waves.wav,speech_noisy_mix,"VCTK speech + ESC-50 noise (mixed here, 10 dB SNR)",CC-BY-4.0 + CC-BY-NC-3.0,44100,2.522,win0.2,2.322,0.2,CLEAR,0.0,0.0,0.0,0.4346,9.625043992830946e-05,21.397290043802336,6.003926243331833,15.393363800470503,15546.97265625,0.002436568354622412,11477.197265625,-34.2
speech_noisy_mix/mix_p251_003_mic1_crackling_fire.wav,speech_noisy_mix,"VCTK speech + ESC-50 noise (mixed here, 10 dB SNR)",CC-BY-4.0 + CC-BY-NC-3.0,44100,6.158,full,0.0,6.158,CLEAR,0.0,0.0054,0.0,0.1816,0.0005422799930666336,7.845043753658262,1.1860864060324217,6.65895734762584,15869.970703125,0.0021279532775005075,9453.076171875,-22.7
speech_noisy_mix/mix_p251_003_mic1_crackling_fire.wav,speech_noisy_mix,"VCTK speech + ESC-50 noise (mixed here, 10 dB SNR)",CC-BY-4.0 + CC-BY-NC-3.0,44100,6.158,win0.5,0.0,0.5,CLEAR,0.0,0.0078,0.0,0.2705,0.0007842896985900711,7.220536279558169,3.8703545627746405,3.350181716783528,16451.3671875,0.002458850044684999,10163.671875,-23.4
speech_noisy_mix/mix_p251_003_mic1_crackling_fire.wav,speech_noisy_mix,"VCTK speech + ESC-50 noise (mixed here, 10 dB SNR)",CC-BY-4.0 + CC-BY-NC-3.0,44100,6.158,win0.5,1.414,0.5,CLEAR,0.0,0.0263,0.0,0.868,0.002632705189720549,9.56538935431875,3.8703545627746405,5.69503479154411,15310.107421875,0.009509735401273544,14944.04296875,-26.3
speech_noisy_mix/mix_p251_003_mic1_crackling_fire.wav,speech_noisy_mix,"VCTK speech + ESC-50 noise (mixed here, 10 dB SNR)",CC-BY-4.0 + CC-BY-NC-3.0,44100,6.158,win0.5,2.829,0.5,CLEAR,0.0,0.0,0.0,0.0,0.00013151684723408397,,,,,0.0006501228682707134,4780.37109375,-23.6
speech_noisy_mix/mix_p251_003_mic1_crackling_fire.wav,speech_noisy_mix,"VCTK speech + ESC-50 noise (mixed here, 10 dB SNR)",CC-BY-4.0 + CC-BY-NC-3.0,44100,6.158,win0.5,4.243,0.5,CLEAR,0.0,0.0056,0.0,0.2839,0.0005581868345948593,,,,,0.0009732461867766251,10271.337890625,-22.1
speech_noisy_mix/mix_p251_003_mic1_crackling_fire.wav,speech_noisy_mix,"VCTK speech + ESC-50 noise (mixed here, 10 dB SNR)",CC-BY-4.0 + CC-BY-NC-3.0,44100,6.158,win0.5,5.658,0.5,CLEAR,0.0,0.0,0.0,0.0,2.1499289868540773e-05,,,,,0.0001309618976690374,1550.390625,-20.3
speech_noisy_mix/mix_p251_003_mic1_crackling_fire.wav,speech_noisy_mix,"VCTK speech + ESC-50 noise (mixed here, 10 dB SNR)",CC-BY-4.0 + CC-BY-NC-3.0,44100,6.158,win0.2,0.0,0.2,CLEAR,0.0,0.0159,0.0,0.397,0.00158646284442234,7.8740843566594005,6.003926243331833,1.8701581133275678,15245.5078125,0.004697705306089537,11175.732421875,-22.9
speech_noisy_mix/mix_p251_003_mic1_crackling_fire.wav,speech_noisy_mix,"VCTK speech + ESC-50 noise (mixed here, 10 dB SNR)",CC-BY-4.0 + CC-BY-NC-3.0,44100,6.158,win0.2,1.489,0.2,CLEAR,0.0,0.0162,0.0,0.7523,0.001624392051513953,10.638223143117907,6.003926243331833,4.634296899786074,15030.17578125,0.005011255674558216,14018.115234375,-24.5
speech_noisy_mix/mix_p251_003_mic1_crackling_fire.wav,speech_noisy_mix,"VCTK speech + ESC-50 noise (mixed here, 10 dB SNR)",CC-BY-4.0 + CC-BY-NC-3.0,44100,6.158,win0.2,2.979,0.2,CLEAR,0.0,0.0042,0.0,0.0,0.000416315399083606,11.09659170890135,6.003926243331833,5.092665465569517,16322.16796875,0.0019153508896574952,7536.62109375,-23.9
speech_noisy_mix/mix_p251_003_mic1_crackling_fire.wav,speech_noisy_mix,"VCTK speech + ESC-50 noise (mixed here, 10 dB SNR)",CC-BY-4.0 + CC-BY-NC-3.0,44100,6.158,win0.2,4.468,0.2,CLEAR,0.0,0.0,0.0,0.0,6.158728984684645e-05,,,,,0.00016236957277295923,1765.72265625,-21.0
speech_noisy_mix/mix_p251_003_mic1_crackling_fire.wav,speech_noisy_mix,"VCTK speech + ESC-50 noise (mixed here, 10 dB SNR)",CC-BY-4.0 + CC-BY-NC-3.0,44100,6.158,win0.2,5.958,0.2,CLEAR,0.0,0.0,0.0,0.0,5.182280036110753e-05,,,,,0.0003841557722346956,2842.3828125,-21.2
speech_noisy_mix/mix_p334_316_mic1_crackling_fire.wav,speech_noisy_mix,"VCTK speech + ESC-50 noise (mixed here, 10 dB SNR)",CC-BY-4.0 + CC-BY-NC-3.0,44100,2.062,full,0.0,2.062,CLEAR,0.0,0.0,0.0,0.1897,0.00020847428097492372,,,,,0.0006323621588502227,9517.67578125,-29.8
speech_noisy_mix/mix_p334_316_mic1_crackling_fire.wav,speech_noisy_mix,"VCTK speech + ESC-50 noise (mixed here, 10 dB SNR)",CC-BY-4.0 + CC-BY-NC-3.0,44100,2.062,win0.5,0.0,0.5,CLEAR,0.0,0.0,0.0,0.0,0.00023392740028320113,,,,,0.0006015516932168839,3897.509765625,-27.1
speech_noisy_mix/mix_p334_316_mic1_crackling_fire.wav,speech_noisy_mix,"VCTK speech + ESC-50 noise (mixed here, 10 dB SNR)",CC-BY-4.0 + CC-BY-NC-3.0,44100,2.062,win0.5,0.521,0.5,CLEAR,0.0,0.0,0.0,0.4185,0.0002364408558314567,,,,,0.0007649095336661967,11347.998046875,-29.5
speech_noisy_mix/mix_p334_316_mic1_crackling_fire.wav,speech_noisy_mix,"VCTK speech + ESC-50 noise (mixed here, 10 dB SNR)",CC-BY-4.0 + CC-BY-NC-3.0,44100,2.062,win0.5,1.041,0.5,CLEAR,0.0,0.0,0.0,0.0,0.00015925466378599308,,,,,0.0004247293338551708,2454.78515625,-33.0
speech_noisy_mix/mix_p334_316_mic1_crackling_fire.wav,speech_noisy_mix,"VCTK speech + ESC-50 noise (mixed here, 10 dB SNR)",CC-BY-4.0 + CC-BY-NC-3.0,44100,2.062,win0.5,1.562,0.5,CLEAR,0.0,0.0,0.0,0.3458,0.00039812167547215426,9.57398315926856,3.8703545627746405,5.703628596493919,15008.642578125,0.0015036865806131471,10766.6015625,-33.3
speech_noisy_mix/mix_p334_316_mic1_crackling_fire.wav,speech_noisy_mix,"VCTK speech + ESC-50 noise (mixed here, 10 dB SNR)",CC-BY-4.0 + CC-BY-NC-3.0,44100,2.062,win0.2,0.0,0.2,CLEAR,0.0,0.0,0.0,0.0,2.2705096548283193e-05,,,,,0.00028181944165043947,3402.24609375,-28.4
speech_noisy_mix/mix_p334_316_mic1_crackling_fire.wav,speech_noisy_mix,"VCTK speech + ESC-50 noise (mixed here, 10 dB SNR)",CC-BY-4.0 + CC-BY-NC-3.0,44100,2.062,win0.2,0.465,0.2,CLEAR,0.0,0.0,0.0,0.0,8.48795406150653e-05,,,,,0.00026745322130460974,3660.64453125,-25.7
speech_noisy_mix/mix_p334_316_mic1_crackling_fire.wav,speech_noisy_mix,"VCTK speech + ESC-50 noise (mixed here, 10 dB SNR)",CC-BY-4.0 + CC-BY-NC-3.0,44100,2.062,win0.2,0.931,0.2,CLEAR,0.0,0.0,0.0,0.0,2.1703271226168578e-05,,,,,4.942506875610854e-05,2368.65234375,-29.7
speech_noisy_mix/mix_p334_316_mic1_crackling_fire.wav,speech_noisy_mix,"VCTK speech + ESC-50 noise (mixed here, 10 dB SNR)",CC-BY-4.0 + CC-BY-NC-3.0,44100,2.062,win0.2,1.396,0.2,CLEAR,0.0,0.0,0.0,0.0,0.0004970360266065856,9.774314019603665,6.003926243331833,3.770387776271832,18324.755859375,0.001079212778739568,3251.513671875,-33.3
speech_noisy_mix/mix_p334_316_mic1_crackling_fire.wav,speech_noisy_mix,"VCTK speech + ESC-50 noise (mixed here, 10 dB SNR)",CC-BY-4.0 + CC-BY-NC-3.0,44100,2.062,win0.2,1.862,0.2,CLEAR,0.0,0.0,0.0,0.7361,0.0015193944214138238,11.111539563921841,6.003926243331833,5.1076133205900085,15159.375,0.005556315258926267,13888.916015625,-36.3
speech_noisy_mix/mix_p251_287_mic1_wind.wav,speech_noisy_mix,"VCTK speech + ESC-50 noise (mixed here, 10 dB SNR)",CC-BY-4.0 + CC-BY-NC-3.0,44100,3.054,full,0.0,3.054,CLEAR,0.0,0.0026,0.0,0.0,0.00025697193829487186,6.450522236327344,1.658968337140945,4.791553899186399,15697.705078125,0.0010412790865726503,5684.765625,-22.4
speech_noisy_mix/mix_p251_287_mic1_wind.wav,speech_noisy_mix,"VCTK speech + ESC-50 noise (mixed here, 10 dB SNR)",CC-BY-4.0 + CC-BY-NC-3.0,44100,3.054,win0.5,0.0,0.5,CLEAR,0.0,0.0016,0.0,0.0,0.00015950891778702215,,,,,0.0005481502902754507,4780.37109375,-20.9
speech_noisy_mix/mix_p251_287_mic1_wind.wav,speech_noisy_mix,"VCTK speech + ESC-50 noise (mixed here, 10 dB SNR)",CC-BY-4.0 + CC-BY-NC-3.0,44100,3.054,win0.5,0.638,0.5,CLEAR,0.0,0.0029,0.0,0.0,0.0002889276835877921,,,,,0.0009689208570209531,4715.771484375,-21.1
speech_noisy_mix/mix_p251_287_mic1_wind.wav,speech_noisy_mix,"VCTK speech + ESC-50 noise (mixed here, 10 dB SNR)",CC-BY-4.0 + CC-BY-NC-3.0,44100,3.054,win0.5,1.277,0.5,CLEAR,0.0,0.003,0.0,0.0,0.00029771163229625554,10.105888884216164,3.8703545627746405,6.2355343214415235,15697.705078125,0.0013452881156276126,2842.3828125,-21.3
speech_noisy_mix/mix_p251_287_mic1_wind.wav,speech_noisy_mix,"VCTK speech + ESC-50 noise (mixed here, 10 dB SNR)",CC-BY-4.0 + CC-BY-NC-3.0,44100,3.054,win0.5,1.915,0.5,CLEAR,0.0,0.0018,0.0,0.0,0.0001777274973072682,,,,,0.0009181648602405126,5490.966796875,-22.0
speech_noisy_mix/mix_p251_287_mic1_wind.wav,speech_noisy_mix,"VCTK speech + ESC-50 noise (mixed here, 10 dB SNR)",CC-BY-4.0 + CC-BY-NC-3.0,44100,3.054,win0.5,2.554,0.5,CLEAR,0.0,0.0081,0.0,0.0686,0.000813430887416887,9.824158791937649,3.8703545627746405,5.953804229163008,15310.107421875,0.002450579963924498,8548.681640625,-29.1
speech_noisy_mix/mix_p251_287_mic1_wind.wav,speech_noisy_mix,"VCTK speech + ESC-50 noise (mixed here, 10 dB SNR)",CC-BY-4.0 + CC-BY-NC-3.0,44100,3.054,win0.2,0.0,0.2,CLEAR,0.0,0.0,0.0,0.0,6.213567395773718e-05,,,,,0.00028863666374234585,2993.115234375,-22.3
speech_noisy_mix/mix_p251_287_mic1_wind.wav,speech_noisy_mix,"VCTK speech + ESC-50 noise (mixed here, 10 dB SNR)",CC-BY-4.0 + CC-BY-NC-3.0,44100,3.054,win0.2,0.713,0.2,CLEAR,0.0,0.0058,0.0,0.0,0.0005808577682880318,10.972419979745931,6.003926243331833,4.968493736414098,15159.375,0.0017152876993477384,3682.177734375,-20.1
speech_noisy_mix/mix_p251_287_mic1_wind.wav,speech_noisy_mix,"VCTK speech + ESC-50 noise (mixed here, 10 dB SNR)",CC-BY-4.0 + CC-BY-NC-3.0,44100,3.054,win0.2,1.427,0.2,CLEAR,0.0,0.0112,0.0,0.6096,0.00111722579543245,13.447737502855862,6.003926243331833,7.443811259524029,15697.705078125,0.006567968614209474,12876.85546875,-24.6
speech_noisy_mix/mix_p251_287_mic1_wind.wav,speech_noisy_mix,"VCTK speech + ESC-50 noise (mixed here, 10 dB SNR)",CC-BY-4.0 + CC-BY-NC-3.0,44100,3.054,win0.2,2.14,0.2,CLEAR,0.0,0.0,0.0,0.0,4.468355534335228e-05,,,,,0.0002062942575917835,4005.17578125,-23.0
speech_noisy_mix/mix_p251_287_mic1_wind.wav,speech_noisy_mix,"VCTK speech + ESC-50 noise (mixed here, 10 dB SNR)",CC-BY-4.0 + CC-BY-NC-3.0,44100,3.054,win0.2,2.854,0.2,CLEAR,0.0,0.0,0.0,0.0,0.00012804522862962307,,,,,0.0006405235374058785,4521.97265625,-31.0
speech_noisy_mix/mix_p334_075_mic1_wind.wav,speech_noisy_mix,"VCTK speech + ESC-50 noise (mixed here, 10 dB SNR)",CC-BY-4.0 + CC-BY-NC-3.0,44100,2.158,full,0.0,2.158,CLEAR,0.0,0.0,0.0,0.0,9.053678630140483e-05,,,,,0.0002761254413510595,5813.96484375,-27.4
speech_noisy_mix/mix_p334_075_mic1_wind.wav,speech_noisy_mix,"VCTK speech + ESC-50 noise (mixed here, 10 dB SNR)",CC-BY-4.0 + CC-BY-NC-3.0,44100,2.158,win0.5,0.0,0.5,CLEAR,0.0,0.0,0.0,0.0,0.00011973448159400716,,,,,0.00035608806322738606,7493.5546875,-23.9
speech_noisy_mix/mix_p334_075_mic1_wind.wav,speech_noisy_mix,"VCTK speech + ESC-50 noise (mixed here, 10 dB SNR)",CC-BY-4.0 + CC-BY-NC-3.0,44100,2.158,win0.5,0.553,0.5,CLEAR,0.0,0.0,0.0,0.0,3.0618010855382196e-05,,,,,5.2329275864053084e-05,2562.451171875,-28.1
speech_noisy_mix/mix_p334_075_mic1_wind.wav,speech_noisy_mix,"VCTK speech + ESC-50 noise (mixed here, 10 dB SNR)",CC-BY-4.0 + CC-BY-NC-3.0,44100,2.158,win0.5,1.105,0.5,CLEAR,0.0,0.0,0.0,0.0,9.533951295960852e-05,,,,,0.00021246370762100997,2971.58203125,-30.6
speech_noisy_mix/mix_p334_075_mic1_wind.wav,speech_noisy_mix,"VCTK speech + ESC-50 noise (mixed here, 10 dB SNR)",CC-BY-4.0 + CC-BY-NC-3.0,44100,2.158,win0.5,1.658,0.5,CLEAR,0.0,0.0,0.0,0.2032,0.0002992847030086167,10.035205586783839,3.8703545627746405,6.164851024009199,17377.294921875,0.0012985044429359954,9625.341796875,-33.1
speech_noisy_mix/mix_p334_075_mic1_wind.wav,speech_noisy_mix,"VCTK speech + ESC-50 noise (mixed here, 10 dB SNR)",CC-BY-4.0 + CC-BY-NC-3.0,44100,2.158,win0.2,0.0,0.2,CLEAR,0.0,0.0,0.0,0.0,7.619483482137015e-06,,,,,1.4294342940867397e-05,3143.84765625,-22.8
speech_noisy_mix/mix_p334_075_mic1_wind.wav,speech_noisy_mix,"VCTK speech + ESC-50 noise (mixed here, 10 dB SNR)",CC-BY-4.0 + CC-BY-NC-3.0,44100,2.158,win0.2,0.489,0.2,CLEAR,0.0,0.0,0.0,0.0,2.4905310636275467e-05,,,,,3.8165568212561385e-05,3380.712890625,-26.9
speech_noisy_mix/mix_p334_075_mic1_wind.wav,speech_noisy_mix,"VCTK speech + ESC-50 noise (mixed here, 10 dB SNR)",CC-BY-4.0 + CC-BY-NC-3.0,44100,2.158,win0.2,0.979,0.2,CLEAR,0.0,0.0,0.0,0.0,1.4085065422958675e-05,,,,,2.1426556906541252e-05,1658.056640625,-27.1
speech_noisy_mix/mix_p334_075_mic1_wind.wav,speech_noisy_mix,"VCTK speech + ESC-50 noise (mixed here, 10 dB SNR)",CC-BY-4.0 + CC-BY-NC-3.0,44100,2.158,win0.2,1.468,0.2,CLEAR,0.0,0.0,0.0,0.0,0.00031237368512111605,,,,,0.0007420955102881016,2605.517578125,-30.3
speech_noisy_mix/mix_p334_075_mic1_wind.wav,speech_noisy_mix,"VCTK speech + ESC-50 noise (mixed here, 10 dB SNR)",CC-BY-4.0 + CC-BY-NC-3.0,44100,2.158,win0.2,1.958,0.2,CLEAR,0.0,0.0,0.0,0.0,0.00040027581994929126,,,,,0.0007544674554896781,5900.09765625,-39.4
speech_noisy_mix/mix_p334_071_mic1_engine.wav,speech_noisy_mix,"VCTK speech + ESC-50 noise (mixed here, 10 dB SNR)",CC-BY-4.0 + CC-BY-NC-3.0,44100,2.414,full,0.0,2.414,CLEAR,0.0,0.0,0.0,0.0,5.140919316033959e-05,,,,,0.0001506677726615945,4414.306640625,-27.0
speech_noisy_mix/mix_p334_071_mic1_engine.wav,speech_noisy_mix,"VCTK speech + ESC-50 noise (mixed here, 10 dB SNR)",CC-BY-4.0 + CC-BY-NC-3.0,44100,2.414,win0.5,0.0,0.5,CLEAR,0.0,0.0,0.0,0.0,1.6357502407755206e-05,,,,,4.0785373383472724e-05,2411.71875,-23.3
speech_noisy_mix/mix_p334_071_mic1_engine.wav,speech_noisy_mix,"VCTK speech + ESC-50 noise (mixed here, 10 dB SNR)",CC-BY-4.0 + CC-BY-NC-3.0,44100,2.414,win0.5,0.638,0.5,CLEAR,0.0,0.0,0.0,0.4562,0.00019864539730925264,,,,,0.0007322330226165879,11649.462890625,-30.5
speech_noisy_mix/mix_p334_071_mic1_engine.wav,speech_noisy_mix,"VCTK speech + ESC-50 noise (mixed here, 10 dB SNR)",CC-BY-4.0 + CC-BY-NC-3.0,44100,2.414,win0.5,1.276,0.5,CLEAR,0.0,0.0,0.0,0.0,1.7931999411238664e-05,,,,,3.571066002029931e-05,3251.513671875,-28.0
speech_noisy_mix/mix_p334_071_mic1_engine.wav,speech_noisy_mix,"VCTK speech + ESC-50 noise (mixed here, 10 dB SNR)",CC-BY-4.0 + CC-BY-NC-3.0,44100,2.414,win0.5,1.914,0.5,CLEAR,0.0,0.0,0.0,0.1063,0.00029535855014241596,,,,,0.0007913292459391106,8850.146484375,-31.7
speech_noisy_mix/mix_p334_071_mic1_engine.wav,speech_noisy_mix,"VCTK speech + ESC-50 noise (mixed here, 10 dB SNR)",CC-BY-4.0 + CC-BY-NC-3.0,44100,2.414,win0.2,0.0,0.2,CLEAR,0.0,0.0,0.0,0.0,0.00012853634745948827,,,,,0.00035532951724567233,2519.384765625,-27.8
speech_noisy_mix/mix_p334_071_mic1_engine.wav,speech_noisy_mix,"VCTK speech + ESC-50 noise (mixed here, 10 dB SNR)",CC-BY-4.0 + CC-BY-NC-3.0,44100,2.414,win0.2,0.553,0.2,CLEAR,0.0,0.0,0.0,0.0,2.1284277422982314e-05,,,,,2.7312484248222642e-05,2928.515625,-29.4
speech_noisy_mix/mix_p334_071_mic1_engine.wav,speech_noisy_mix,"VCTK speech + ESC-50 noise (mixed here, 10 dB SNR)",CC-BY-4.0 + CC-BY-NC-3.0,44100,2.414,win0.2,1.107,0.2,CLEAR,0.0,0.0,0.0,0.2758,9.937570955927107e-05,,,,,0.0003428428870288502,10206.73828125,-29.3
speech_noisy_mix/mix_p334_071_mic1_engine.wav,speech_noisy_mix,"VCTK speech + ESC-50 noise (mixed here, 10 dB SNR)",CC-BY-4.0 + CC-BY-NC-3.0,44100,2.414,win0.2,1.66,0.2,CLEAR,0.0,0.0,0.0,0.0,2.3550384467602465e-05,,,,,3.677821014451657e-05,2928.515625,-29.2
speech_noisy_mix/mix_p334_071_mic1_engine.wav,speech_noisy_mix,"VCTK speech + ESC-50 noise (mixed here, 10 dB SNR)",CC-BY-4.0 + CC-BY-NC-3.0,44100,2.414,win0.2,2.214,0.2,CLEAR,0.0,0.0,0.0,0.3997,0.0013638162879497137,10.333220371170388,6.003926243331833,4.329294127838555,15094.775390625,0.0029328067068815746,11197.265625,-36.9
speech_noisy_mix/mix_p334_111_mic1_engine.wav,speech_noisy_mix,"VCTK speech + ESC-50 noise (mixed here, 10 dB SNR)",CC-BY-4.0 + CC-BY-NC-3.0,44100,2.066,full,0.0,2.066,CLEAR,0.0,0.0,0.0,0.0,3.142040666485672e-05,,,,,8.692843184303055e-05,3703.7109375,-27.6
speech_noisy_mix/mix_p334_111_mic1_engine.wav,speech_noisy_mix,"VCTK speech + ESC-50 noise (mixed here, 10 dB SNR)",CC-BY-4.0 + CC-BY-NC-3.0,44100,2.066,win0.5,0.0,0.5,CLEAR,0.0,0.0,0.0,0.0,1.2236930952359548e-05,,,,,4.8458585944945175e-05,3509.912109375,-24.6
speech_noisy_mix/mix_p334_111_mic1_engine.wav,speech_noisy_mix,"VCTK speech + ESC-50 noise (mixed here, 10 dB SNR)",CC-BY-4.0 + CC-BY-NC-3.0,44100,2.066,win0.5,0.522,0.5,CLEAR,0.0,0.0,0.0,0.0,4.284857738329141e-05,,,,,0.00012006000704066266,3768.310546875,-27.2
speech_noisy_mix/mix_p334_111_mic1_engine.wav,speech_noisy_mix,"VCTK speech + ESC-50 noise (mixed here, 10 dB SNR)",CC-BY-4.0 + CC-BY-NC-3.0,44100,2.066,win0.5,1.044,0.5,CLEAR,0.0,0.0,0.0,0.0,6.44778866979287e-05,,,,,0.00015190292210236008,5749.365234375,-29.4
speech_noisy_mix/mix_p334_111_mic1_engine.wav,speech_noisy_mix,"VCTK speech + ESC-50 noise (mixed here, 10 dB SNR)",CC-BY-4.0 + CC-BY-NC-3.0,44100,2.066,win0.5,1.566,0.5,CLEAR,0.0,0.0,0.0,0.0,0.00010485670458552321,,,,,0.0001910273825031357,3897.509765625,-34.7
speech_noisy_mix/mix_p334_111_mic1_engine.wav,speech_noisy_mix,"VCTK speech + ESC-50 noise (mixed here, 10 dB SNR)",CC-BY-4.0 + CC-BY-NC-3.0,44100,2.066,win0.2,0.0,0.2,CLEAR,0.0,0.0,0.0,0.0,1.641004337424748e-05,,,,,9.031540229780098e-05,2691.650390625,-24.6
speech_noisy_mix/mix_p334_111_mic1_engine.wav,speech_noisy_mix,"VCTK speech + ESC-50 noise (mixed here, 10 dB SNR)",CC-BY-4.0 + CC-BY-NC-3.0,44100,2.066,win0.2,0.466,0.2,CLEAR,0.0,0.0,0.0,0.0,7.68216303916397e-06,,,,,1.468043150208053e-05,2562.451171875,-25.2
speech_noisy_mix/mix_p334_111_mic1_engine.wav,speech_noisy_mix,"VCTK speech + ESC-50 noise (mixed here, 10 dB SNR)",CC-BY-4.0 + CC-BY-NC-3.0,44100,2.066,win0.2,0.933,0.2,CLEAR,0.0,0.0,0.0,0.0471,0.00016826355419691916,,,,,0.0005739452279780497,8376.416015625,-31.9
speech_noisy_mix/mix_p334_111_mic1_engine.wav,speech_noisy_mix,"VCTK speech + ESC-50 noise (mixed here, 10 dB SNR)",CC-BY-4.0 + CC-BY-NC-3.0,44100,2.066,win0.2,1.399,0.2,CLEAR,0.0,0.0,0.0,0.0,1.4525307432860765e-05,,,,,2.3533559245506522e-05,3402.24609375,-28.2
speech_noisy_mix/mix_p334_111_mic1_engine.wav,speech_noisy_mix,"VCTK speech + ESC-50 noise (mixed here, 10 dB SNR)",CC-BY-4.0 + CC-BY-NC-3.0,44100,2.066,win0.2,1.866,0.2,CLEAR,0.0,0.0,0.0,0.0,0.00030200417410576114,,,,,0.0004549331530767114,5620.166015625,-36.9
speech_noisy_mix/mix_p247_322_mic1_train.wav,speech_noisy_mix,"VCTK speech + ESC-50 noise (mixed here, 10 dB SNR)",CC-BY-4.0 + CC-BY-NC-3.0,44100,2.574,full,0.0,2.574,CLEAR,0.0,0.0,0.0,0.0121,2.5058127369384662e-05,,,,,0.0002791975362859975,8096.484375,-20.7
speech_noisy_mix/mix_p247_322_mic1_train.wav,speech_noisy_mix,"VCTK speech + ESC-50 noise (mixed here, 10 dB SNR)",CC-BY-4.0 + CC-BY-NC-3.0,44100,2.574,win0.5,0.0,0.5,CLEAR,0.0,0.0,0.0,0.0,1.3207074910611413e-05,,,,,0.00018318071748774572,5857.03125,-17.3
speech_noisy_mix/mix_p247_322_mic1_train.wav,speech_noisy_mix,"VCTK speech + ESC-50 noise (mixed here, 10 dB SNR)",CC-BY-4.0 + CC-BY-NC-3.0,44100,2.574,win0.5,0.518,0.5,CLEAR,0.0,0.0,0.0,0.0,2.3813202678823954e-05,,,,,0.00018956884468605012,6804.4921875,-20.2
speech_noisy_mix/mix_p247_322_mic1_train.wav,speech_noisy_mix,"VCTK speech + ESC-50 noise (mixed here, 10 dB SNR)",CC-BY-4.0 + CC-BY-NC-3.0,44100,2.574,win0.5,1.037,0.5,CLEAR,0.0,0.0,0.0,0.2812,1.727263675853486e-05,,,,,0.0004278242073532465,10249.8046875,-21.5
speech_noisy_mix/mix_p247_322_mic1_train.wav,speech_noisy_mix,"VCTK speech + ESC-50 noise (mixed here, 10 dB SNR)",CC-BY-4.0 + CC-BY-NC-3.0,44100,2.574,win0.5,1.555,0.5,CLEAR,0.0,0.0,0.0,0.1063,6.109511165459369e-05,,,,,0.0005384196179459878,8850.146484375,-24.8
speech_noisy_mix/mix_p247_322_mic1_train.wav,speech_noisy_mix,"VCTK speech + ESC-50 noise (mixed here, 10 dB SNR)",CC-BY-4.0 + CC-BY-NC-3.0,44100,2.574,win0.5,2.074,0.5,CLEAR,0.0,0.0,0.0,0.0,3.79853486122373e-05,,,,,0.00011072925674622992,3057.71484375,-23.0
speech_noisy_mix/mix_p247_322_mic1_train.wav,speech_noisy_mix,"VCTK speech + ESC-50 noise (mixed here, 10 dB SNR)",CC-BY-4.0 + CC-BY-NC-3.0,44100,2.574,win0.2,0.0,0.2,CLEAR,0.0,0.0,0.0,0.0,8.312395812425878e-06,,,,,3.882153554246105e-05,2260.986328125,-15.6
speech_noisy_mix/mix_p247_322_mic1_train.wav,speech_noisy_mix,"VCTK speech + ESC-50 noise (mixed here, 10 dB SNR)",CC-BY-4.0 + CC-BY-NC-3.0,44100,2.574,win0.2,0.593,0.2,CLEAR,0.0,0.0,0.0,0.0,1.8528098117094208e-05,,,,,7.026500624701257e-05,6503.02734375,-22.3
speech_noisy_mix/mix_p247_322_mic1_train.wav,speech_noisy_mix,"VCTK speech + ESC-50 noise (mixed here, 10 dB SNR)",CC-BY-4.0 + CC-BY-NC-3.0,44100,2.574,win0.2,1.187,0.2,CLEAR,0.0,0.0,0.0,0.0,5.338904902245665e-06,,,,,1.261468776306147e-05,2347.119140625,-19.5
speech_noisy_mix/mix_p247_322_mic1_train.wav,speech_noisy_mix,"VCTK speech + ESC-50 noise (mixed here, 10 dB SNR)",CC-BY-4.0 + CC-BY-NC-3.0,44100,2.574,win0.2,1.78,0.2,CLEAR,0.0,0.0,0.0,0.3566,6.681969317641951e-05,,,,,0.0008058222639870006,10852.734375,-24.4
speech_noisy_mix/mix_p247_322_mic1_train.wav,speech_noisy_mix,"VCTK speech + ESC-50 noise (mixed here, 10 dB SNR)",CC-BY-4.0 + CC-BY-NC-3.0,44100,2.574,win0.2,2.374,0.2,CLEAR,0.0,0.0,0.0,0.0,1.547813724934564e-05,,,,,2.524403400897821e-05,1894.921875,-28.6
speech_noisy_mix/mix_p251_113_mic1_train.wav,speech_noisy_mix,"VCTK speech + ESC-50 noise (mixed here, 10 dB SNR)",CC-BY-4.0 + CC-BY-NC-3.0,44100,3.214,full,0.0,3.214,CLEAR,0.0,0.0,0.0,0.0,5.947792773115291e-05,,,,,0.00015731560933591736,3208.447265625,-20.4
speech_noisy_mix/mix_p251_113_mic1_train.wav,speech_noisy_mix,"VCTK speech + ESC-50 noise (mixed here, 10 dB SNR)",CC-BY-4.0 + CC-BY-NC-3.0,44100,3.214,win0.5,0.0,0.5,CLEAR,0.0,0.0,0.0,0.0,2.040141380763129e-05,,,,,5.780354061844314e-05,2540.91796875,-19.4
speech_noisy_mix/mix_p251_113_mic1_train.wav,speech_noisy_mix,"VCTK speech + ESC-50 noise (mixed here, 10 dB SNR)",CC-BY-4.0 + CC-BY-NC-3.0,44100,3.214,win0.5,0.678,0.5,CLEAR,0.0,0.0,0.0,0.0,6.86319096951353e-05,,,,,0.00013241901241445571,2971.58203125,-21.7
speech_noisy_mix/mix_p251_113_mic1_train.wav,speech_noisy_mix,"VCTK speech + ESC-50 noise (mixed here, 10 dB SNR)",CC-BY-4.0 + CC-BY-NC-3.0,44100,3.214,win0.5,1.357,0.5,CLEAR,0.0,0.0034,0.0,0.0928,0.0003385881979545322,,,,,0.0007521767238785219,8742.48046875,-22.7
speech_noisy_mix/mix_p251_113_mic1_train.wav,speech_noisy_mix,"VCTK speech + ESC-50 noise (mixed here, 10 dB SNR)",CC-BY-4.0 + CC-BY-NC-3.0,44100,3.214,win0.5,2.035,0.5,CLEAR,0.0,0.0,0.0,0.0,2.0679140594772793e-05,,,,,3.426265103872543e-05,2024.12109375,-19.4
speech_noisy_mix/mix_p251_113_mic1_train.wav,speech_noisy_mix,"VCTK speech + ESC-50 noise (mixed here, 10 dB SNR)",CC-BY-4.0 + CC-BY-NC-3.0,44100,3.214,win0.5,2.714,0.5,CLEAR,0.0,0.0,0.0,0.0,2.1283349433105514e-05,,,,,4.503222430934428e-05,2390.185546875,-20.2
speech_noisy_mix/mix_p251_113_mic1_train.wav,speech_noisy_mix,"VCTK speech + ESC-50 noise (mixed here, 10 dB SNR)",CC-BY-4.0 + CC-BY-NC-3.0,44100,3.214,win0.2,0.0,0.2,CLEAR,0.0,0.0,0.0,0.0,6.058474013050222e-06,,,,,1.7726288314919203e-05,1981.0546875,-19.6
speech_noisy_mix/mix_p251_113_mic1_train.wav,speech_noisy_mix,"VCTK speech + ESC-50 noise (mixed here, 10 dB SNR)",CC-BY-4.0 + CC-BY-NC-3.0,44100,3.214,win0.2,0.753,0.2,CLEAR,0.0,0.0041,0.0,0.0,0.0004068441376835332,,,,,0.000652875938675625,3143.84765625,-25.5
speech_noisy_mix/mix_p251_113_mic1_train.wav,speech_noisy_mix,"VCTK speech + ESC-50 noise (mixed here, 10 dB SNR)",CC-BY-4.0 + CC-BY-NC-3.0,44100,3.214,win0.2,1.507,0.2,CLEAR,0.0,0.0,0.0,0.0,1.493232486656184e-05,,,,,6.166836334551575e-05,2519.384765625,-22.0
speech_noisy_mix/mix_p251_113_mic1_train.wav,speech_noisy_mix,"VCTK speech + ESC-50 noise (mixed here, 10 dB SNR)",CC-BY-4.0 + CC-BY-NC-3.0,44100,3.214,win0.2,2.26,0.2,CLEAR,0.0,0.0,0.0,0.0,2.0034265422123687e-05,,,,,3.026691831722366e-05,2002.587890625,-17.3
speech_noisy_mix/mix_p251_113_mic1_train.wav,speech_noisy_mix,"VCTK speech + ESC-50 noise (mixed here, 10 dB SNR)",CC-BY-4.0 + CC-BY-NC-3.0,44100,3.214,win0.2,3.014,0.2,CLEAR,0.0,0.0,0.0,0.0,1.5239915838421433e-05,,,,,2.2740371043852187e-05,2540.91796875,-28.3
speech_noisy_mix/mix_p251_049_mic1_airplane.wav,speech_noisy_mix,"VCTK speech + ESC-50 noise (mixed here, 10 dB SNR)",CC-BY-4.0 + CC-BY-NC-3.0,44100,3.086,full,0.0,3.086,CLEAR,0.0,0.0,0.0,0.0,3.672516357049804e-05,,,,,9.189081822980657e-05,2325.5859375,-18.8
speech_noisy_mix/mix_p251_049_mic1_airplane.wav,speech_noisy_mix,"VCTK speech + ESC-50 noise (mixed here, 10 dB SNR)",CC-BY-4.0 + CC-BY-NC-3.0,44100,3.086,win0.5,0.0,0.5,CLEAR,0.0,0.0,0.0,0.0,2.5138200960517736e-05,,,,,5.080309567933639e-05,1959.521484375,-15.2
speech_noisy_mix/mix_p251_049_mic1_airplane.wav,speech_noisy_mix,"VCTK speech + ESC-50 noise (mixed here, 10 dB SNR)",CC-BY-4.0 + CC-BY-NC-3.0,44100,3.086,win0.5,0.646,0.5,CLEAR,0.0,0.0,0.0,0.0,7.629930957082261e-05,,,,,0.00021105366744278772,4521.97265625,-20.5
speech_noisy_mix/mix_p251_049_mic1_airplane.wav,speech_noisy_mix,"VCTK speech + ESC-50 noise (mixed here, 10 dB SNR)",CC-BY-4.0 + CC-BY-NC-3.0,44100,3.086,win0.5,1.293,0.5,CLEAR,0.0,0.0,0.0,0.0,3.68723392837304e-05,,,,,0.00012960455290120416,5060.302734375,-22.0
speech_noisy_mix/mix_p251_049_mic1_airplane.wav,speech_noisy_mix,"VCTK speech + ESC-50 noise (mixed here, 10 dB SNR)",CC-BY-4.0 + CC-BY-NC-3.0,44100,3.086,win0.5,1.939,0.5,CLEAR,0.0,0.0,0.0,0.0,5.878151786251608e-05,,,,,0.00014190095258400216,2691.650390625,-19.5
speech_noisy_mix/mix_p251_049_mic1_airplane.wav,speech_noisy_mix,"VCTK speech + ESC-50 noise (mixed here, 10 dB SNR)",CC-BY-4.0 + CC-BY-NC-3.0,44100,3.086,win0.5,2.586,0.5,CLEAR,0.0,0.0,0.0,0.0,4.245021920411202e-05,,,,,0.00010130246099585554,2476.318359375,-19.6
speech_noisy_mix/mix_p251_049_mic1_airplane.wav,speech_noisy_mix,"VCTK speech + ESC-50 noise (mixed here, 10 dB SNR)",CC-BY-4.0 + CC-BY-NC-3.0,44100,3.086,win0.2,0.0,0.2,CLEAR,0.0,0.0008,0.0,0.0,7.886176446531079e-05,,,,,0.00012747030545250628,1981.0546875,-15.5
speech_noisy_mix/mix_p251_049_mic1_airplane.wav,speech_noisy_mix,"VCTK speech + ESC-50 noise (mixed here, 10 dB SNR)",CC-BY-4.0 + CC-BY-NC-3.0,44100,3.086,win0.2,0.721,0.2,CLEAR,0.0,0.0,0.0,0.0,8.485954495560452e-06,,,,,2.7981657300360806e-05,1658.056640625,-21.9
speech_noisy_mix/mix_p251_049_mic1_airplane.wav,speech_noisy_mix,"VCTK speech + ESC-50 noise (mixed here, 10 dB SNR)",CC-BY-4.0 + CC-BY-NC-3.0,44100,3.086,win0.2,1.443,0.2,CLEAR,0.0,0.0,0.0,0.0,0.00010402237170451599,,,,,0.0003334235909607519,7795.01953125,-25.0
speech_noisy_mix/mix_p251_049_mic1_airplane.wav,speech_noisy_mix,"VCTK speech + ESC-50 noise (mixed here, 10 dB SNR)",CC-BY-4.0 + CC-BY-NC-3.0,44100,3.086,win0.2,2.164,0.2,CLEAR,0.0,0.0,0.0,0.0,7.230908897507517e-05,,,,,0.00016058777663593044,3531.4453125,-22.5
speech_noisy_mix/mix_p251_049_mic1_airplane.wav,speech_noisy_mix,"VCTK speech + ESC-50 noise (mixed here, 10 dB SNR)",CC-BY-4.0 + CC-BY-NC-3.0,44100,3.086,win0.2,2.886,0.2,CLEAR,0.0,0.0,0.0,0.0,6.196252566058243e-05,,,,,0.00010951313093998254,2519.384765625,-27.7
speech_noisy_mix/mix_p251_023_mic1_airplane.wav,speech_noisy_mix,"VCTK speech + ESC-50 noise (mixed here, 10 dB SNR)",CC-BY-4.0 + CC-BY-NC-3.0,44100,9.966,full,0.0,9.966,CLEAR,0.0,0.0,0.0,0.0,3.692231408919524e-05,,,,,0.00013348307853380497,3079.248046875,-19.6
speech_noisy_mix/mix_p251_023_mic1_airplane.wav,speech_noisy_mix,"VCTK speech + ESC-50 noise (mixed here, 10 dB SNR)",CC-BY-4.0 + CC-BY-NC-3.0,44100,9.966,win0.5,0.0,0.5,CLEAR,0.0,0.0,0.0,0.0,4.555509788486164e-05,,,,,0.00016746372012528763,2045.654296875,-17.2
speech_noisy_mix/mix_p251_023_mic1_airplane.wav,speech_noisy_mix,"VCTK speech + ESC-50 noise (mixed here, 10 dB SNR)",CC-BY-4.0 + CC-BY-NC-3.0,44100,9.966,win0.5,2.366,0.5,CLEAR,0.0,0.0019,0.0,0.0,0.00018867366286526825,,,,,0.0008252311342655581,5060.302734375,-20.7
speech_noisy_mix/mix_p251_023_mic1_airplane.wav,speech_noisy_mix,"VCTK speech + ESC-50 noise (mixed here, 10 dB SNR)",CC-BY-4.0 + CC-BY-NC-3.0,44100,9.966,win0.5,4.733,0.5,CLEAR,0.0,0.0,0.0,0.0,6.49414011958822e-05,,,,,0.00020999103063721426,3014.6484375,-21.4
speech_noisy_mix/mix_p251_023_mic1_airplane.wav,speech_noisy_mix,"VCTK speech + ESC-50 noise (mixed here, 10 dB SNR)",CC-BY-4.0 + CC-BY-NC-3.0,44100,9.966,win0.5,7.099,0.5,CLEAR,0.0,0.0,0.0,0.0,8.058790725330176e-05,,,,,0.00015836963472736624,5124.90234375,-22.8
speech_noisy_mix/mix_p251_023_mic1_airplane.wav,speech_noisy_mix,"VCTK speech + ESC-50 noise (mixed here, 10 dB SNR)",CC-BY-4.0 + CC-BY-NC-3.0,44100,9.966,win0.5,9.466,0.5,CLEAR,0.0,0.0,0.0,0.0,1.7541208419072057e-05,,,,,3.2219006984231496e-05,2540.91796875,-24.2
speech_noisy_mix/mix_p251_023_mic1_airplane.wav,speech_noisy_mix,"VCTK speech + ESC-50 noise (mixed here, 10 dB SNR)",CC-BY-4.0 + CC-BY-NC-3.0,44100,9.966,win0.2,0.0,0.2,CLEAR,0.0,0.0014,0.0,0.0,0.0001426544289853011,,,,,0.0005495003713284847,2024.12109375,-21.3
speech_noisy_mix/mix_p251_023_mic1_airplane.wav,speech_noisy_mix,"VCTK speech + ESC-50 noise (mixed here, 10 dB SNR)",CC-BY-4.0 + CC-BY-NC-3.0,44100,9.966,win0.2,2.441,0.2,CLEAR,0.0,0.0053,0.0,0.0,0.0005294250588293142,9.989156833271398,6.003926243331833,3.9852305899395652,16989.697265625,0.0020910915230454284,6696.826171875,-19.8
speech_noisy_mix/mix_p251_023_mic1_airplane.wav,speech_noisy_mix,"VCTK speech + ESC-50 noise (mixed here, 10 dB SNR)",CC-BY-4.0 + CC-BY-NC-3.0,44100,9.966,win0.2,4.883,0.2,CLEAR,0.0,0.0,0.0,0.0,5.0531464158427223e-05,,,,,7.620158823742043e-05,2691.650390625,-22.7
speech_noisy_mix/mix_p251_023_mic1_airplane.wav,speech_noisy_mix,"VCTK speech + ESC-50 noise (mixed here, 10 dB SNR)",CC-BY-4.0 + CC-BY-NC-3.0,44100,9.966,win0.2,7.324,0.2,CLEAR,0.0,0.0068,0.0,0.0094,0.0006774221886209041,10.515905153461622,6.003926243331833,4.511978910129789,19272.216796875,0.0013696083731309138,8074.951171875,-25.5
speech_noisy_mix/mix_p251_023_mic1_airplane.wav,speech_noisy_mix,"VCTK speech + ESC-50 noise (mixed here, 10 dB SNR)",CC-BY-4.0 + CC-BY-NC-3.0,44100,9.966,win0.2,9.766,0.2,CLEAR,0.0,0.0,0.0,0.0,0.00010235915791348715,,,,,0.00016661750053598008,1485.791015625,-34.9
speech_noisy_mix/mix_p247_438_mic1_vacuum_cleaner.wav,speech_noisy_mix,"VCTK speech + ESC-50 noise (mixed here, 10 dB SNR)",CC-BY-4.0 + CC-BY-NC-3.0,44100,2.03,full,0.0,2.03,CLEAR,0.0,0.0,0.0,0.1682,1.5407507890889586e-05,,,,,0.00029909198333959364,9345.41015625,-20.3
speech_noisy_mix/mix_p247_438_mic1_vacuum_cleaner.wav,speech_noisy_mix,"VCTK speech + ESC-50 noise (mixed here, 10 dB SNR)",CC-BY-4.0 + CC-BY-NC-3.0,44100,2.03,win0.5,0.0,0.5,CLEAR,0.0,0.0,0.0,0.3674,1.9443274020754675e-05,,,,,0.0009115969445094975,10938.8671875,-20.4
speech_noisy_mix/mix_p247_438_mic1_vacuum_cleaner.wav,speech_noisy_mix,"VCTK speech + ESC-50 noise (mixed here, 10 dB SNR)",CC-BY-4.0 + CC-BY-NC-3.0,44100,2.03,win0.5,0.51,0.5,CLEAR,0.0,0.0,0.0,0.1951,1.2743712793181654e-05,,,,,0.0001602852611430116,9560.7421875,-20.5
speech_noisy_mix/mix_p247_438_mic1_vacuum_cleaner.wav,speech_noisy_mix,"VCTK speech + ESC-50 noise (mixed here, 10 dB SNR)",CC-BY-4.0 + CC-BY-NC-3.0,44100,2.03,win0.5,1.02,0.5,CLEAR,0.0,0.0,0.0,0.0,8.60731033214697e-06,,,,,7.860940360406485e-05,6610.693359375,-19.3
speech_noisy_mix/mix_p247_438_mic1_vacuum_cleaner.wav,speech_noisy_mix,"VCTK speech + ESC-50 noise (mixed here, 10 dB SNR)",CC-BY-4.0 + CC-BY-NC-3.0,44100,2.03,win0.5,1.53,0.5,CLEAR,0.0,0.0,0.0,0.0201,1.4323819263220456e-05,,,,,0.0001248816503701138,8161.083984375,-21.4
speech_noisy_mix/mix_p247_438_mic1_vacuum_cleaner.wav,speech_noisy_mix,"VCTK speech + ESC-50 noise (mixed here, 10 dB SNR)",CC-BY-4.0 + CC-BY-NC-3.0,44100,2.03,win0.2,0.0,0.2,CLEAR,0.0,0.0,0.0,0.7523,0.00011288515543027889,23.076503489094925,6.003926243331833,17.072577245763092,15374.70703125,0.005023403698768129,14018.115234375,-27.3
speech_noisy_mix/mix_p247_438_mic1_vacuum_cleaner.wav,speech_noisy_mix,"VCTK speech + ESC-50 noise (mixed here, 10 dB SNR)",CC-BY-4.0 + CC-BY-NC-3.0,44100,2.03,win0.2,0.457,0.2,CLEAR,0.0,0.0,0.0,0.0578,1.7902946327849016e-06,,,,,6.888651088041765e-05,8462.548828125,-18.6
speech_noisy_mix/mix_p247_438_mic1_vacuum_cleaner.wav,speech_noisy_mix,"VCTK speech + ESC-50 noise (mixed here, 10 dB SNR)",CC-BY-4.0 + CC-BY-NC-3.0,44100,2.03,win0.2,0.915,0.2,CLEAR,0.0,0.0,0.0,0.2947,4.587842134886386e-05,,,,,0.0003105467301213369,10357.470703125,-21.4
speech_noisy_mix/mix_p247_438_mic1_vacuum_cleaner.wav,speech_noisy_mix,"VCTK speech + ESC-50 noise (mixed here, 10 dB SNR)",CC-BY-4.0 + CC-BY-NC-3.0,44100,2.03,win0.2,1.372,0.2,CLEAR,0.0,0.0,0.0,0.0,2.5819511513069997e-05,,,,,9.966293690587453e-05,7536.62109375,-19.8
speech_noisy_mix/mix_p247_438_mic1_vacuum_cleaner.wav,speech_noisy_mix,"VCTK speech + ESC-50 noise (mixed here, 10 dB SNR)",CC-BY-4.0 + CC-BY-NC-3.0,44100,2.03,win0.2,1.83,0.2,CLEAR,0.0,0.0,0.0,0.5504,3.514469653974051e-05,,,,,0.0008224819595557328,12403.125,-30.1
speech_noisy_mix/mix_p251_095_mic1_vacuum_cleaner.wav,speech_noisy_mix,"VCTK speech + ESC-50 noise (mixed here, 10 dB SNR)",CC-BY-4.0 + CC-BY-NC-3.0,44100,3.406,full,0.0,3.406,CLEAR,0.0,0.0014,0.0,0.0,0.00014172056667550558,,,,,0.000396174878477983,5986.23046875,-21.2
speech_noisy_mix/mix_p251_095_mic1_vacuum_cleaner.wav,speech_noisy_mix,"VCTK speech + ESC-50 noise (mixed here, 10 dB SNR)",CC-BY-4.0 + CC-BY-NC-3.0,44100,3.406,win0.5,0.0,0.5,CLEAR,0.0,0.0,0.0,0.0,4.625165949279448e-05,,,,,0.00017381432741323105,7622.75390625,-21.1
speech_noisy_mix/mix_p251_095_mic1_vacuum_cleaner.wav,speech_noisy_mix,"VCTK speech + ESC-50 noise (mixed here, 10 dB SNR)",CC-BY-4.0 + CC-BY-NC-3.0,44100,3.406,win0.5,0.726,0.5,CLEAR,0.0,0.0013,0.0,0.0,0.0001313924038126193,,,,,0.0004442370861229676,6481.494140625,-20.2
speech_noisy_mix/mix_p251_095_mic1_vacuum_cleaner.wav,speech_noisy_mix,"VCTK speech + ESC-50 noise (mixed here, 10 dB SNR)",CC-BY-4.0 + CC-BY-NC-3.0,44100,3.406,win0.5,1.453,0.5,CLEAR,0.0,0.007,0.0,0.0201,0.0007027350838170076,7.121600562687314,3.8703545627746405,3.251245999912673,16257.568359375,0.0016226057542673372,8161.083984375,-21.2
speech_noisy_mix/mix_p251_095_mic1_vacuum_cleaner.wav,speech_noisy_mix,"VCTK speech + ESC-50 noise (mixed here, 10 dB SNR)",CC-BY-4.0 + CC-BY-NC-3.0,44100,3.406,win0.5,2.179,0.5,CLEAR,0.0,0.0,0.0,0.0,2.229041297218662e-05,,,,,0.00012821302327921678,4435.83984375,-20.3
speech_noisy_mix/mix_p251_095_mic1_vacuum_cleaner.wav,speech_noisy_mix,"VCTK speech + ESC-50 noise (mixed here, 10 dB SNR)",CC-BY-4.0 + CC-BY-NC-3.0,44100,3.406,win0.5,2.906,0.5,CLEAR,0.0,0.0,0.0,0.0,2.675202809357857e-05,,,,,0.00013551287542915184,5017.236328125,-23.4
speech_noisy_mix/mix_p251_095_mic1_vacuum_cleaner.wav,speech_noisy_mix,"VCTK speech + ESC-50 noise (mixed here, 10 dB SNR)",CC-BY-4.0 + CC-BY-NC-3.0,44100,3.406,win0.2,0.0,0.2,CLEAR,0.0,0.0,0.0,0.5585,0.00036383262563701336,14.418383948799793,6.003926243331833,8.41445770546796,16171.435546875,0.002148508946766116,12467.724609375,-30.1
speech_noisy_mix/mix_p251_095_mic1_vacuum_cleaner.wav,speech_noisy_mix,"VCTK speech + ESC-50 noise (mixed here, 10 dB SNR)",CC-BY-4.0 + CC-BY-NC-3.0,44100,3.406,win0.2,0.801,0.2,CLEAR,0.0,0.0,0.0,0.039,0.00017896471424498322,,,,,0.00032290081896678077,8311.81640625,-29.2
speech_noisy_mix/mix_p251_095_mic1_vacuum_cleaner.wav,speech_noisy_mix,"VCTK speech + ESC-50 noise (mixed here, 10 dB SNR)",CC-BY-4.0 + CC-BY-NC-3.0,44100,3.406,win0.2,1.603,0.2,CLEAR,0.0,0.0046,0.0,0.0,0.0004616454822045633,,,,,0.0006888793245733903,6373.828125,-20.7
speech_noisy_mix/mix_p251_095_mic1_vacuum_cleaner.wav,speech_noisy_mix,"VCTK speech + ESC-50 noise (mixed here, 10 dB SNR)",CC-BY-4.0 + CC-BY-NC-3.0,44100,3.406,win0.2,2.404,0.2,CLEAR,0.0,0.0,0.0,0.0,2.1001352418476855e-05,,,,,8.882476460391302e-05,4435.83984375,-20.8
speech_noisy_mix/mix_p251_095_mic1_vacuum_cleaner.wav,speech_noisy_mix,"VCTK speech + ESC-50 noise (mixed here, 10 dB SNR)",CC-BY-4.0 + CC-BY-NC-3.0,44100,3.406,win0.2,3.206,0.2,CLEAR,0.0,0.0,0.0,0.0,4.3759274793680065e-05,,,,,0.00012299539879725985,7062.890625,-28.1
speech_noisy_mix/mix_p334_203_mic1_rain.wav,speech_noisy_mix,"VCTK speech + ESC-50 noise (mixed here, 10 dB SNR)",CC-BY-4.0 + CC-BY-NC-3.0,44100,2.254,full,0.0,2.254,CLEAR,0.0,0.0,0.0,0.0,5.2312558982191036e-05,,,,,0.00015256448581896763,7019.82421875,-27.8
speech_noisy_mix/mix_p334_203_mic1_rain.wav,speech_noisy_mix,"VCTK speech + ESC-50 noise (mixed here, 10 dB SNR)",CC-BY-4.0 + CC-BY-NC-3.0,44100,2.254,win0.5,0.0,0.5,CLEAR,0.0,0.0,0.0,0.0,3.5400303686244134e-05,,,,,0.00010665917210818743,5512.5,-26.0
speech_noisy_mix/mix_p334_203_mic1_rain.wav,speech_noisy_mix,"VCTK speech + ESC-50 noise (mixed here, 10 dB SNR)",CC-BY-4.0 + CC-BY-NC-3.0,44100,2.254,win0.5,0.585,0.5,CLEAR,0.0,0.0,0.0,0.0,3.636548612226308e-05,,,,,8.95980861919572e-05,3983.642578125,-25.1
speech_noisy_mix/mix_p334_203_mic1_rain.wav,speech_noisy_mix,"VCTK speech + ESC-50 noise (mixed here, 10 dB SNR)",CC-BY-4.0 + CC-BY-NC-3.0,44100,2.254,win0.5,1.169,0.5,CLEAR,0.0,0.0,0.0,0.2597,0.00011336646074694625,,,,,0.00039657769150421674,10077.5390625,-29.5
speech_noisy_mix/mix_p334_203_mic1_rain.wav,speech_noisy_mix,"VCTK speech + ESC-50 noise (mixed here, 10 dB SNR)",CC-BY-4.0 + CC-BY-NC-3.0,44100,2.254,win0.5,1.754,0.5,CLEAR,0.0,0.0,0.0,0.0,6.98420186805925e-05,,,,,0.0001544500546542639,7881.15234375,-33.0
speech_noisy_mix/mix_p334_203_mic1_rain.wav,speech_noisy_mix,"VCTK speech + ESC-50 noise (mixed here, 10 dB SNR)",CC-BY-4.0 + CC-BY-NC-3.0,44100,2.254,win0.2,0.0,0.2,CLEAR,0.0,0.0,0.0,0.082,0.000247522190604274,,,,,0.000825968891218177,8656.34765625,-30.1
speech_noisy_mix/mix_p334_203_mic1_rain.wav,speech_noisy_mix,"VCTK speech + ESC-50 noise (mixed here, 10 dB SNR)",CC-BY-4.0 + CC-BY-NC-3.0,44100,2.254,win0.2,0.513,0.2,CLEAR,0.0,0.0,0.0,0.0,2.10932379061456e-05,,,,,2.7174820930457237e-05,5211.03515625,-29.1
speech_noisy_mix/mix_p334_203_mic1_rain.wav,speech_noisy_mix,"VCTK speech + ESC-50 noise (mixed here, 10 dB SNR)",CC-BY-4.0 + CC-BY-NC-3.0,44100,2.254,win0.2,1.027,0.2,CLEAR,0.0,0.0,0.0,0.0,4.674820819350938e-05,,,,,0.00010115892673030734,7342.822265625,-30.8
speech_noisy_mix/mix_p334_203_mic1_rain.wav,speech_noisy_mix,"VCTK speech + ESC-50 noise (mixed here, 10 dB SNR)",CC-BY-4.0 + CC-BY-NC-3.0,44100,2.254,win0.2,1.54,0.2,CLEAR,0.0,0.0,0.0,0.0,1.9237308120084188e-05,,,,,2.8457863198262677e-05,5275.634765625,-29.2
speech_noisy_mix/mix_p334_203_mic1_rain.wav,speech_noisy_mix,"VCTK speech + ESC-50 noise (mixed here, 10 dB SNR)",CC-BY-4.0 + CC-BY-NC-3.0,44100,2.254,win0.2,2.054,0.2,CLEAR,0.0,0.0,0.0,0.0363,9.380809320598321e-05,,,,,0.0001175806354619869,8290.283203125,-36.5
speech_noisy_mix/mix_p334_032_mic1_rain.wav,speech_noisy_mix,"VCTK speech + ESC-50 noise (mixed here, 10 dB SNR)",CC-BY-4.0 + CC-BY-NC-3.0,44100,2.318,full,0.0,2.318,CLEAR,0.0,0.0,0.0,0.1386,0.00012863340271757228,,,,,0.0004065748880643956,9108.544921875,-28.9
speech_noisy_mix/mix_p334_032_mic1_rain.wav,speech_noisy_mix,"VCTK speech + ESC-50 noise (mixed here, 10 dB SNR)",CC-BY-4.0 + CC-BY-NC-3.0,44100,2.318,win0.5,0.0,0.5,CLEAR,0.0,0.0,0.0,0.0,0.00013630000046570975,,,,,0.00025392944248841685,5081.8359375,-26.8
speech_noisy_mix/mix_p334_032_mic1_rain.wav,speech_noisy_mix,"VCTK speech + ESC-50 noise (mixed here, 10 dB SNR)",CC-BY-4.0 + CC-BY-NC-3.0,44100,2.318,win0.5,0.606,0.5,CLEAR,0.0,0.0,0.0,0.4669,0.00021861916961403002,,,,,0.0009458130884286936,11735.595703125,-28.4
speech_noisy_mix/mix_p334_032_mic1_rain.wav,speech_noisy_mix,"VCTK speech + ESC-50 noise (mixed here, 10 dB SNR)",CC-BY-4.0 + CC-BY-NC-3.0,44100,2.318,win0.5,1.212,0.5,CLEAR,0.0,0.0,0.0,0.0,3.379403044401871e-05,,,,,6.832331980061142e-05,5641.69921875,-29.2
speech_noisy_mix/mix_p334_032_mic1_rain.wav,speech_noisy_mix,"VCTK speech + ESC-50 noise (mixed here, 10 dB SNR)",CC-BY-4.0 + CC-BY-NC-3.0,44100,2.318,win0.5,1.818,0.5,CLEAR,0.0,0.0,0.0,0.0282,0.00012476895985097443,,,,,0.00042918126198602163,8225.68359375,-32.5
speech_noisy_mix/mix_p334_032_mic1_rain.wav,speech_noisy_mix,"VCTK speech + ESC-50 noise (mixed here, 10 dB SNR)",CC-BY-4.0 + CC-BY-NC-3.0,44100,2.318,win0.2,0.0,0.2,CLEAR,0.0,0.0,0.0,0.0,3.3576917372084274e-05,,,,,6.237808379019243e-05,5254.1015625,-30.5
speech_noisy_mix/mix_p334_032_mic1_rain.wav,speech_noisy_mix,"VCTK speech + ESC-50 noise (mixed here, 10 dB SNR)",CC-BY-4.0 + CC-BY-NC-3.0,44100,2.318,win0.2,0.529,0.2,CLEAR,0.0,0.0,0.0,0.0497,0.0001761541702173953,,,,,0.0006111066621183451,8397.94921875,-28.5
speech_noisy_mix/mix_p334_032_mic1_rain.wav,speech_noisy_mix,"VCTK speech + ESC-50 noise (mixed here, 10 dB SNR)",CC-BY-4.0 + CC-BY-NC-3.0,44100,2.318,win0.2,1.059,0.2,CLEAR,0.0,0.0,0.0,0.0,2.867625673259989e-05,,,,,5.628028578107007e-05,5232.568359375,-27.7
speech_noisy_mix/mix_p334_032_mic1_rain.wav,speech_noisy_mix,"VCTK speech + ESC-50 noise (mixed here, 10 dB SNR)",CC-BY-4.0 + CC-BY-NC-3.0,44100,2.318,win0.2,1.588,0.2,CLEAR,0.0,0.0,0.0,0.0,9.699508599664741e-05,,,,,0.00020905761571145102,7256.689453125,-33.2
speech_noisy_mix/mix_p334_032_mic1_rain.wav,speech_noisy_mix,"VCTK speech + ESC-50 noise (mixed here, 10 dB SNR)",CC-BY-4.0 + CC-BY-NC-3.0,44100,2.318,win0.2,2.118,0.2,CLEAR,0.0,0.0,0.0,0.397,0.00022886092897439342,,,,,0.0009226402548394709,11175.732421875,-36.3
speech_noisy_mix/mix_p334_324_mic1_sea_waves.wav,speech_noisy_mix,"VCTK speech + ESC-50 noise (mixed here, 10 dB SNR)",CC-BY-4.0 + CC-BY-NC-3.0,44100,2.094,full,0.0,2.094,CLEAR,0.0,0.0,0.0,0.0,0.00010314370762746645,,,,,0.00035452610058934157,4823.4375,-29.6
speech_noisy_mix/mix_p334_324_mic1_sea_waves.wav,speech_noisy_mix,"VCTK speech + ESC-50 noise (mixed here, 10 dB SNR)",CC-BY-4.0 + CC-BY-NC-3.0,44100,2.094,win0.5,0.0,0.5,CLEAR,0.0,0.0,0.0,0.0,2.0373159247889658e-05,,,,,5.351235459472775e-05,4112.841796875,-28.2
speech_noisy_mix/mix_p334_324_mic1_sea_waves.wav,speech_noisy_mix,"VCTK speech + ESC-50 noise (mixed here, 10 dB SNR)",CC-BY-4.0 + CC-BY-NC-3.0,44100,2.094,win0.5,0.531,0.5,CLEAR,0.0,0.0,0.0,0.0,0.00016808146653221834,,,,,0.0006200187679161498,4737.3046875,-29.4
speech_noisy_mix/mix_p334_324_mic1_sea_waves.wav,speech_noisy_mix,"VCTK speech + ESC-50 noise (mixed here, 10 dB SNR)",CC-BY-4.0 + CC-BY-NC-3.0,44100,2.094,win0.5,1.062,0.5,CLEAR,0.0,0.0,0.0,0.0,0.00014451778135102277,,,,,0.0004920011384272419,7019.82421875,-28.8
speech_noisy_mix/mix_p334_324_mic1_sea_waves.wav,speech_noisy_mix,"VCTK speech + ESC-50 noise (mixed here, 10 dB SNR)",CC-BY-4.0 + CC-BY-NC-3.0,44100,2.094,win0.5,1.594,0.5,CLEAR,0.0,0.0,0.0,0.0,0.000118743838477197,,,,,0.00034092163882174425,5167.96875,-34.2
speech_noisy_mix/mix_p334_324_mic1_sea_waves.wav,speech_noisy_mix,"VCTK speech + ESC-50 noise (mixed here, 10 dB SNR)",CC-BY-4.0 + CC-BY-NC-3.0,44100,2.094,win0.2,0.0,0.2,CLEAR,0.0,0.0,0.0,0.0,2.5726387951886498e-05,,,,,7.530732481174414e-05,4177.44140625,-28.9
speech_noisy_mix/mix_p334_324_mic1_sea_waves.wav,speech_noisy_mix,"VCTK speech + ESC-50 noise (mixed here, 10 dB SNR)",CC-BY-4.0 + CC-BY-NC-3.0,44100,2.094,win0.2,0.473,0.2,CLEAR,0.0,0.0,0.0,0.0,3.0314107415759702e-05,,,,,7.176033282283688e-05,4995.703125,-30.4
speech_noisy_mix/mix_p334_324_mic1_sea_waves.wav,speech_noisy_mix,"VCTK speech + ESC-50 noise (mixed here, 10 dB SNR)",CC-BY-4.0 + CC-BY-NC-3.0,44100,2.094,win0.2,0.947,0.2,CLEAR,0.0,0.0,0.0,0.0,4.4415592401870527e-05,,,,,9.683344618529001e-05,4565.0390625,-29.7
speech_noisy_mix/mix_p334_324_mic1_sea_waves.wav,speech_noisy_mix,"VCTK speech + ESC-50 noise (mixed here, 10 dB SNR)",CC-BY-4.0 + CC-BY-NC-3.0,44100,2.094,win0.2,1.42,0.2,CLEAR,0.0,0.0,0.0,0.0,1.4847067124290103e-05,,,,,2.663817617393222e-05,3445.3125,-27.2
speech_noisy_mix/mix_p334_324_mic1_sea_waves.wav,speech_noisy_mix,"VCTK speech + ESC-50 noise (mixed here, 10 dB SNR)",CC-BY-4.0 + CC-BY-NC-3.0,44100,2.094,win0.2,1.894,0.2,CLEAR,0.0,0.0,0.0,0.0,0.0001610628228480046,,,,,0.000268443125651006,7644.287109375,-38.0
speech_noisy_mix/mix_p247_418_mic1_sea_waves.wav,speech_noisy_mix,"VCTK speech + ESC-50 noise (mixed here, 10 dB SNR)",CC-BY-4.0 + CC-BY-NC-3.0,44100,2.702,full,0.0,2.702,CLEAR,0.0,0.0,0.0,0.2705,9.283896811967265e-05,,,,,0.0005530854793230507,10163.671875,-23.2
speech_noisy_mix/mix_p247_418_mic1_sea_waves.wav,speech_noisy_mix,"VCTK speech + ESC-50 noise (mixed here, 10 dB SNR)",CC-BY-4.0 + CC-BY-NC-3.0,44100,2.702,win0.5,0.0,0.5,CLEAR,0.0,0.0019,0.0,0.0363,0.00018543107061762086,,,,,0.0008255855429527588,8290.283203125,-21.1
speech_noisy_mix/mix_p247_418_mic1_sea_waves.wav,speech_noisy_mix,"VCTK speech + ESC-50 noise (mixed here, 10 dB SNR)",CC-BY-4.0 + CC-BY-NC-3.0,44100,2.702,win0.5,0.55,0.5,CLEAR,0.0,0.0,0.0,0.2758,0.00016903877326114288,,,,,0.0006783582492038313,10206.73828125,-24.3
speech_noisy_mix/mix_p247_418_mic1_sea_waves.wav,speech_noisy_mix,"VCTK speech + ESC-50 noise (mixed here, 10 dB SNR)",CC-BY-4.0 + CC-BY-NC-3.0,44100,2.702,win0.5,1.101,0.5,CLEAR,0.0,0.0,0.0,0.0,1.933363528098933e-05,,,,,0.0001629838021227718,3875.9765625,-22.3
speech_noisy_mix/mix_p247_418_mic1_sea_waves.wav,speech_noisy_mix,"VCTK speech + ESC-50 noise (mixed here, 10 dB SNR)",CC-BY-4.0 + CC-BY-NC-3.0,44100,2.702,win0.5,1.651,0.5,CLEAR,0.0,0.0,0.0,0.4212,3.405905965258506e-05,,,,,0.0008094474550552893,11369.53125,-22.7
speech_noisy_mix/mix_p247_418_mic1_sea_waves.wav,speech_noisy_mix,"VCTK speech + ESC-50 noise (mixed here, 10 dB SNR)",CC-BY-4.0 + CC-BY-NC-3.0,44100,2.702,win0.5,2.202,0.5,CLEAR,0.0,0.0,0.0,0.0,4.346798897570704e-05,,,,,0.00017917381045470346,7450.48828125,-26.9
speech_noisy_mix/mix_p247_418_mic1_sea_waves.wav,speech_noisy_mix,"VCTK speech + ESC-50 noise (mixed here, 10 dB SNR)",CC-BY-4.0 + CC-BY-NC-3.0,44100,2.702,win0.2,0.0,0.2,CLEAR,0.0,0.0015,0.0,0.0659,0.00015033418605211375,11.919912885112115,6.003926243331833,5.915986641780282,15439.306640625,0.001045699457666638,8527.1484375,-20.7
speech_noisy_mix/mix_p247_418_mic1_sea_waves.wav,speech_noisy_mix,"VCTK speech + ESC-50 noise (mixed here, 10 dB SNR)",CC-BY-4.0 + CC-BY-NC-3.0,44100,2.702,win0.2,0.625,0.2,CLEAR,0.0,0.006,0.0,0.5746,0.0006031622947499452,15.102405852086209,6.003926243331833,9.098479608754376,15546.97265625,0.0025310209637980047,12596.923828125,-26.9
speech_noisy_mix/mix_p247_418_mic1_sea_waves.wav,speech_noisy_mix,"VCTK speech + ESC-50 noise (mixed here, 10 dB SNR)",CC-BY-4.0 + CC-BY-NC-3.0,44100,2.702,win0.2,1.251,0.2,CLEAR,0.0,0.0,0.0,0.2947,0.00011303504256762941,21.868139143403624,6.003926243331833,15.864212900071792,15288.57421875,0.001467342172707185,10357.470703125,-28.8
speech_noisy_mix/mix_p247_418_mic1_sea_waves.wav,speech_noisy_mix,"VCTK speech + ESC-50 noise (mixed here, 10 dB SNR)",CC-BY-4.0 + CC-BY-NC-3.0,44100,2.702,win0.2,1.876,0.2,CLEAR,0.0,0.0,0.0,0.0,7.778616984902341e-06,,,,,3.958275970541548e-05,3574.51171875,-21.9
speech_noisy_mix/mix_p247_418_mic1_sea_waves.wav,speech_noisy_mix,"VCTK speech + ESC-50 noise (mixed here, 10 dB SNR)",CC-BY-4.0 + CC-BY-NC-3.0,44100,2.702,win0.2,2.502,0.2,CLEAR,0.0,0.0,0.0,0.0,2.8104103221925538e-05,,,,,9.394595351399279e-05,4112.841796875,-31.4
