file,device,speaker,distance,sr,duration_s,verdict,overall_risk,frac_lt100,top_peak_hz,top_peak_prom_db,rms_dbfs,band0k,band1k,band2k,band3k,band4k,band5k,band6k,band7k
google-pixel+p00_1_1+150cm,google-pixel,p00,150cm,16000,1.106,INSUFFICIENT_DATA,0.0,0.03312284814230588,6406.25,9.4083251953125,-21.228519439697266,0.8957096657898448,0.08150828385241035,0.01301083655852694,0.001856286358791933,0.001559047999364538,0.00202357996235923,0.0022891730032789134,0.0017870110850154958
google-pixel+p00_1_1+300cm,google-pixel,p00,300cm,16000,1.052,INSUFFICIENT_DATA,0.0,0.019047977423881687,4718.75,18.74114990234375,-26.00130271911621,0.7138238119999614,0.17797664412270398,0.07019779233382159,0.0013298935708470092,0.0004603715605625751,3.287810707055725e-05,1.842109650982164e-05,1.0813571043581775e-05
google-pixel+p00_1_2+200cm,google-pixel,p00,200cm,16000,1.389,INSUFFICIENT_DATA,0.0,0.02446587954460106,4187.5,11.724662780761719,-19.83000946044922,0.9472037017072851,0.031841940767489585,0.016138649123845158,0.0031997368332841577,0.00023747660121677862,0.0001725917353900258,0.00020759849516592836,0.00014355850710703655
google-pixel+p00_1_4+150cm,google-pixel,p00,150cm,16000,1.68,INSUFFICIENT_DATA,0.0,0.019923762513249173,7156.25,7.603523254394531,-17.51091957092285,0.9733157481414466,0.01721558491247028,0.0036770501968223725,0.0013393001974847305,0.0008593733204313854,0.001053259001700599,0.0012295894423576263,0.0010255531587171484
google-pixel+p00_1_4+200cm,google-pixel,p00,200cm,16000,1.616,INSUFFICIENT_DATA,0.0,0.0044117623787298076,4585.9375,12.127952575683594,-16.81596565246582,0.9664828612519161,0.025174436913732837,0.004340800519191159,0.0018362050669335206,0.0006159689528041031,0.0004676343230182532,0.0005044187691634346,0.00034937973354660495
google-pixel+p00_1_4+300cm,google-pixel,p00,300cm,16000,1.724,INSUFFICIENT_DATA,0.0,0.0014234814529738018,4960.9375,6.4640655517578125,-19.44332504272461,0.9799915016897708,0.01833527377213084,0.0012094547567561692,0.0004022316869671878,1.885750101589717e-05,4.611506750335631e-06,4.255331338806007e-06,2.719062497455928e-06
google-pixel+p00_1_5+300cm,google-pixel,p00,300cm,16000,1.775,INSUFFICIENT_DATA,0.0,0.0042236559096566085,4101.5625,8.013381958007812,-23.429607391357422,0.9422917386250892,0.046557684623554814,0.0068936896550183665,0.0017907980009449853,5.9181090294371204e-05,1.9063221982525498e-05,1.15558348144015e-05,5.975465881694116e-06
google-pixel+p00_2_1+150cm,google-pixel,p00,150cm,16000,1.389,INSUFFICIENT_DATA,0.0,0.024413301102964642,7460.9375,10.198646545410156,-20.171913146972656,0.9422584518883541,0.027211982428362386,0.021190034503729308,0.002681020269302287,0.0009287932995861587,0.001141155966493531,0.0012965618777733164,0.001169168471928984
google-pixel+p00_2_1+200cm,google-pixel,p00,200cm,16000,1.389,INSUFFICIENT_DATA,0.0,0.007872482858663522,4140.625,13.059814453125,-18.021312713623047,0.9020572188353441,0.0765093707756047,0.015081559017417487,0.003385697805220509,0.0001186143695148607,3.3720570001851135e-05,2.4075640831547894e-05,1.4971246472473119e-05
google-pixel+p00_2_1+300cm,google-pixel,p00,300cm,16000,1.595,INSUFFICIENT_DATA,0.0,0.0059954870072261275,5351.5625,6.900787353515625,-25.803709030151367,0.8107455920450204,0.13165413002531806,0.04647971821259376,0.003648856255166079,0.0001386883951938472,4.5970474891674144e-05,1.8940671448119295e-05,1.017754032144757e-05
google-pixel+p00_2_2+150cm,google-pixel,p00,150cm,16000,1.415,INSUFFICIENT_DATA,0.0,0.13423823973574656,6140.625,16.43071746826172,-21.821002960205078,0.8766697713698566,0.07423595452913549,0.024536853214734578,0.004212837181537805,0.0030037400227640332,0.004871903769235065,0.006710245091344279,0.0024763711750363294
google-pixel+p00_2_2+200cm,google-pixel,p00,200cm,16000,1.466,INSUFFICIENT_DATA,0.0,0.007838910684506763,6367.1875,19.20934295654297,-18.764862060546875,0.9473583282564179,0.029613700769551915,0.016157697799010107,0.0035192765815824758,0.00044086347977218004,0.0005658717839806398,0.000712801294121548,7.77812387425182e-05
google-pixel+p00_2_2+300cm,google-pixel,p00,300cm,16000,1.775,INSUFFICIENT_DATA,0.0,0.005033188719916698,6164.0625,15.031196594238281,-25.088205337524414,0.9353326290679839,0.047582291980787755,0.013145782278109539,0.0017587402108940836,0.00022089885921864493,8.824411148909113e-05,0.0001158559719135537,2.060159706865875e-05
google-pixel+p00_2_3+200cm,google-pixel,p00,200cm,16000,1.363,INSUFFICIENT_DATA,0.0,0.010014154518271218,6304.6875,20.000694274902344,-18.36733055114746,0.9304242996900766,0.04487675753239271,0.016226401561495823,0.0026580608038251157,0.0004411864691362434,0.000616154361143363,0.0007895267611983957,0.00014762141538311163
google-pixel+p00_2_4+150cm,google-pixel,p00,150cm,16000,1.698,INSUFFICIENT_DATA,0.0,0.022339577840488158,7328.125,7.2205657958984375,-18.214088439941406,0.9486601558278307,0.03726788406105668,0.00600899769045813,0.002322771984904338,0.0009400433282485446,0.0009542616279850865,0.001142457669885417,0.000892922801600473
google-pixel+p00_2_4+300cm,google-pixel,p00,300cm,16000,1.595,INSUFFICIENT_DATA,0.0,0.005722965236976132,6132.8125,21.10700225830078,-23.30207633972168,0.9379258757305492,0.05017086191318946,0.00524499553792399,0.0017777208128847946,0.0003818015873623108,0.00019575525801461104,0.0002263957207681127,2.5221184461625673e-05
google-pixel+p00_2_5+200cm,google-pixel,p00,200cm,16000,1.389,INSUFFICIENT_DATA,0.0,0.004969457442208789,7445.3125,8.296257019042969,-17.28369903564453,0.9219689875560344,0.06691678376926308,0.005510576223201347,0.0024675777012811836,0.0002779614224504934,0.00024334478841024808,0.00026543138261290257,0.00019555810166574201
google-pixel+p00_3_1+200cm,google-pixel,p00,200cm,16000,1.492,INSUFFICIENT_DATA,0.0,0.01590208376320791,6304.6875,17.227951049804688,-19.559934616088867,0.9408302963228113,0.04557949071936018,0.0050167669165280095,0.0014574231913029921,0.00042155608167164337,0.001003361332062836,0.000681825579962312,0.0002975646009687933
google-pixel+p00_3_1+300cm,google-pixel,p00,300cm,16000,1.492,INSUFFICIENT_DATA,0.0,0.00518740250350354,5375.0,21.8841552734375,-21.814687728881836,0.950436345924417,0.042456297947245765,0.0012807098884937654,0.00022971375327353536,4.3062745288334853e-05,0.0001389112431592345,7.945341760551328e-05,2.3769757150566693e-05
google-pixel+p00_3_2+150cm,google-pixel,p00,150cm,16000,1.209,INSUFFICIENT_DATA,0.0,0.19902307526832147,6000.0,13.607467651367188,-22.65445327758789,0.9562390636194193,0.02154702214508378,0.004025466758037538,0.003158198265532868,0.0028108137573421526,0.004405068588830602,0.0030960567107645594,0.001730967005723178
google-pixel+p00_3_3+150cm,google-pixel,p00,150cm,16000,1.08,INSUFFICIENT_DATA,0.0,0.007929374309684791,6179.6875,8.089111328125,-18.404773712158203,0.8122786365315646,0.12247577883251548,0.04287749933869006,0.003919952197126122,0.0007926782278966912,0.0006903923964587362,0.000853443538861262,0.0006806167414809968
google-pixel+p00_3_4+150cm,google-pixel,p00,150cm,16000,1.398,INSUFFICIENT_DATA,0.0,0.07106391348161348,6992.1875,8.502403259277344,-21.405317306518555,0.5808626009047508,0.23155818841586734,0.12611319825017392,0.0017109500266939493,0.0008294544304640794,0.0007764795640789457,0.0009953443185328928,0.0007699657105264989
google-pixel+p00_3_4+200cm,google-pixel,p00,200cm,16000,1.052,INSUFFICIENT_DATA,0.0,0.040913831437378353,4218.75,17.002685546875,-21.259366989135742,0.6978644794494283,0.1787854943026713,0.08010596848952346,0.001901964515219018,0.000309392783196479,6.567625499784216e-05,3.688396262267475e-05,1.978440097454458e-05
google-pixel+p00_3_5+150cm,google-pixel,p00,150cm,16000,1.072,INSUFFICIENT_DATA,0.0,0.29880537503074467,7265.625,9.135589599609375,-27.231101989746094,0.9303712489433767,0.04794466497897064,0.0026897558585394863,0.001993466490095431,0.0025956695229298133,0.003890661614094026,0.004759365922912327,0.0038515273277659893
google-pixel+p00_3_5+200cm,google-pixel,p00,200cm,16000,1.072,INSUFFICIENT_DATA,0.0,0.0031578340195657258,7289.0625,12.285148620605469,-16.84440803527832,0.9200090956455057,0.06217834232138349,0.0091310038968556,0.001752114943562002,0.0002682649238475658,0.00024284984602945475,0.00024143780487855646,0.00022379972932492172
google-pixel+p00_4_1+200cm,google-pixel,p00,200cm,16000,1.389,INSUFFICIENT_DATA,0.0,0.011822639299134564,4140.625,8.755027770996094,-19.184404373168945,0.8837574551892808,0.08706328875577132,0.019278609361706774,0.0053022750797306175,0.00010570426835413724,4.2800725217109994e-05,3.0136754782120994e-05,2.2470910865116487e-05
google-pixel+p00_4_1+300cm,google-pixel,p00,300cm,16000,1.492,INSUFFICIENT_DATA,0.0,0.007012732474868889,4375.0,8.657028198242188,-24.522592544555664,0.7906790393533748,0.1562106494764369,0.03971707395991505,0.0031488198134959245,0.0001413677148219766,4.0124126945927834e-05,1.562232462528638e-05,7.508891665298757e-06
google-pixel+p00_4_2+150cm,google-pixel,p00,150cm,16000,1.176,INSUFFICIENT_DATA,0.0,0.10134405811980386,7023.4375,8.229454040527344,-21.570005416870117,0.9110722528534065,0.05967211832567634,0.016146359267122583,0.005721737767573534,0.0011261507815401785,0.0014602825856619866,0.0016446894161822605,0.0013399710321618061
google-pixel+p00_4_2+200cm,google-pixel,p00,200cm,16000,1.011,INSUFFICIENT_DATA,0.0,0.017114330851412403,7335.9375,17.682022094726562,-19.565370559692383,0.7766639773015599,0.1254374299679331,0.08741226300526556,0.00519343368456274,0.0001690128347446344,0.0001658327019839914,0.00019503776693890578,7.900127056405458e-05
google-pixel+p00_4_2+300cm,google-pixel,p00,300cm,16000,1.176,INSUFFICIENT_DATA,0.0,0.0034235925800981263,6234.375,11.437126159667969,-22.795398712158203,0.7532761331992237,0.17335091198811978,0.06862731318864712,0.0021109629162052073,0.00012941163442762167,5.7380262000877885e-05,2.419096156411641e-05,9.946484009278021e-06
google-pixel+p00_4_3+150cm,google-pixel,p00,150cm,16000,1.389,INSUFFICIENT_DATA,0.0,0.06704038809488937,6851.5625,9.100746154785156,-20.31219482421875,0.9369745567279142,0.03886442461143216,0.016704709813714663,0.002130971024797701,0.0009821867414183188,0.0011738244323766618,0.0013573678939541177,0.0011268099198266301
google-pixel+p00_4_3+300cm,google-pixel,p00,300cm,16000,1.389,INSUFFICIENT_DATA,0.0,0.010372983827915086,4187.5,9.792144775390625,-24.831092834472656,0.9699811984336913,0.01961064538264998,0.008942414179166974,0.0007852560291753221,5.88074450946048e-05,2.4354156324804193e-05,1.5215904910956197e-05,8.664637425037777e-06
google-pixel+p00_4_4+150cm,google-pixel,p00,150cm,16000,1.389,INSUFFICIENT_DATA,0.0,0.027969847492479088,6000.0,8.598190307617188,-18.921314239501953,0.9375868652658782,0.03692527840920481,0.01793949014413636,0.0020518849130394478,0.0008032438143292452,0.0008976977569865745,0.0009816895753184181,0.0007599712164371631
google-pixel+p00_4_4+300cm,google-pixel,p00,300cm,16000,1.389,INSUFFICIENT_DATA,0.0,0.0018277925476355783,4132.8125,11.201042175292969,-20.320417404174805,0.9482615484378372,0.04376343109817014,0.004181651710923889,0.0011934646667196168,4.9916743233627395e-05,8.998069938712198e-06,5.221865458534323e-06,2.9104866852567435e-06
google-pixel+p00_4_5+150cm,google-pixel,p00,150cm,16000,1.085,INSUFFICIENT_DATA,0.0,0.07131085600357993,6312.5,19.21111297607422,-20.521732330322266,0.8503602216190512,0.04459695192009034,0.08320116264015799,0.0048322604244591715,0.0012906786917768422,0.004432627901611706,0.0065972923310034185,0.0026902855575004683
google-pixel+p00_4_5+200cm,google-pixel,p00,200cm,16000,1.119,INSUFFICIENT_DATA,0.0,0.007123594911743499,7523.4375,9.37274169921875,-18.721633911132812,0.9207676101918824,0.040974739018213496,0.032073250279361774,0.004315398316261511,0.00017865703373476483,0.00016688679873231034,0.00010754288209358536,9.306002909177399e-05
google-pixel+p00_4_5+300cm,google-pixel,p00,300cm,16000,1.028,INSUFFICIENT_DATA,0.0,0.002510332694860514,4992.1875,13.332748413085938,-21.19451141357422,0.921550264685489,0.03823575406577038,0.028966249405047422,0.0017532567949047082,6.26893976546068e-05,2.3320930829842628e-05,5.525085454323684e-06,3.3721006183056287e-06
google-pixel+p00_5_1+150cm,google-pixel,p00,150cm,16000,1.69,INSUFFICIENT_DATA,0.0,0.0289286118962963,7304.6875,9.305877685546875,-17.69742202758789,0.874866383163407,0.055843770570502424,0.058887454359107104,0.0033019495835627938,0.0006058785450004743,0.0007640281373411763,0.0008636636901547155,0.0006402321993370045
google-pixel+p00_5_1+200cm,google-pixel,p00,200cm,16000,2.664,INSUFFICIENT_DATA,0.0,0.011841604739925356,7085.9375,17.712600708007812,-18.52886390686035,0.8654435474415775,0.061074608226427365,0.06217005925580118,0.004375469199675546,0.0003924181864908266,0.0007808117203511735,0.0008384760695687664,0.00033567885517811496
google-pixel+p00_5_1+300cm,google-pixel,p00,300cm,16000,1.69,INSUFFICIENT_DATA,0.0,0.002997326335967925,7109.375,22.553810119628906,-20.45760154724121,0.8823251258772606,0.07222806319930443,0.0419810776060454,0.0015080853971128775,0.00011239872101624637,0.0001349601659399334,0.0002058801304414277,7.728665858181307e-05
google-pixel+p00_5_2+150cm,google-pixel,p00,150cm,16000,1.628,INSUFFICIENT_DATA,0.0,0.016852233521126175,7320.3125,7.864219665527344,-18.782320022583008,0.8447768560676195,0.042696674625895284,0.10215102412635593,0.005399950771394874,0.0005341699039996197,0.0006040130326236974,0.000664188795108774,0.0005478299880143545
google-pixel+p00_5_3+150cm,google-pixel,p00,150cm,16000,1.496,INSUFFICIENT_DATA,0.0,0.035816411516080796,4320.3125,8.885231018066406,-19.153135299682617,0.7915841176910414,0.04192230738053201,0.14833476197185697,0.012208569305139578,0.0006793593801695779,0.0004987840752627345,0.0005016156651994431,0.00045681662660926136
google-pixel+p00_5_3+200cm,google-pixel,p00,200cm,16000,1.496,INSUFFICIENT_DATA,0.0,0.006295686413001908,7062.5,9.448883056640625,-17.352237701416016,0.8734295107000467,0.051377002248862685,0.06613056908399613,0.006181154478493881,0.00022171154309001342,0.00014300431900613129,0.00012896259254082626,9.859971209146236e-05
google-pixel+p00_5_4+200cm,google-pixel,p00,200cm,16000,1.282,INSUFFICIENT_DATA,0.0,0.014533881821133642,4507.8125,14.304283142089844,-19.694204330444336,0.9237147898310637,0.057309003039932305,0.010413884076160488,0.00564967042887145,0.0002967947655229173,0.00022815188757535892,0.00016214608233001686,0.0001725488638077583
google-pixel+p00_6_1+150cm,google-pixel,p00,150cm,16000,1.455,INSUFFICIENT_DATA,0.0,0.08465515608085374,6304.6875,7.48675537109375,-21.679136276245117,0.8959138262659906,0.058146503582360266,0.03466459507752442,0.0025651652367424385,0.0009258721131800566,0.0009923174107472075,0.001160934206024517,0.0008522887034484591
google-pixel+p00_6_1+200cm,google-pixel,p00,200cm,16000,1.439,INSUFFICIENT_DATA,0.0,0.014642500342046736,7078.125,8.359214782714844,-19.1057186126709,0.8769945872434208,0.08338216623428273,0.03402087259154367,0.004048270343887788,0.00022039054166377248,0.0001396566423318795,0.00012239750535260934,7.351332970058061e-05
google-pixel+p00_6_1+300cm,google-pixel,p00,300cm,16000,1.537,INSUFFICIENT_DATA,0.0,0.00663688363354002,4453.125,10.769996643066406,-23.667022705078125,0.8800915123678883,0.08179414511595329,0.03348107496163732,0.0020639053730058103,0.00010248309213720917,3.222176495251215e-05,1.4601356912184201e-05,6.985946307857328e-06
google-pixel+p00_6_2+150cm,google-pixel,p00,150cm,16000,1.513,INSUFFICIENT_DATA,0.0,0.05496869017274749,5953.125,10.823165893554688,-20.86038589477539,0.9460248700910076,0.029775474421415992,0.015905529530518582,0.003688027721150807,0.0008672023548337626,0.000954820194638726,0.0009832131657932749,0.000737210172793162
google-pixel+p00_6_2+200cm,google-pixel,p00,200cm,16000,1.513,INSUFFICIENT_DATA,0.0,0.006703477435682456,4437.5,9.402618408203125,-18.063108444213867,0.958485308861713,0.0214455428280709,0.015810259862787897,0.0025484300572286996,0.000383871548641796,0.00029107631353322323,0.0003224815583084785,0.0002413285063625847
google-pixel+p00_6_3+150cm,google-pixel,p00,150cm,16000,2.129,INSUFFICIENT_DATA,0.0,0.040179298696277475,7335.9375,6.3632049560546875,-19.2491512298584,0.8760520804811672,0.09087771987289048,0.020789664365104862,0.005393717284383236,0.0007623883238642763,0.0007180988207742565,0.0008778385329516267,0.0007618453889947563
google-pixel+p00_6_3+200cm,google-pixel,p00,200cm,16000,2.129,INSUFFICIENT_DATA,0.0,0.007612747308073191,6539.0625,8.768089294433594,-17.107271194458008,0.9154755780724857,0.05541394290878999,0.021663573172074766,0.003911845580104095,0.0005017410753509978,0.00042118838420323164,0.000496973935412169,0.00033015094031738426
google-pixel+p00_6_4+200cm,google-pixel,p00,200cm,16000,1.282,INSUFFICIENT_DATA,0.0,0.015698352004531128,4507.8125,13.13336181640625,-19.303428649902344,0.9136617253639332,0.06393052987445481,0.01235755636530312,0.00663204950657571,0.0004079347167998201,0.00032994696665233285,0.0002714064052950233,0.0002630803240506523
google-pixel+p00_6_4+300cm,google-pixel,p00,300cm,16000,1.282,INSUFFICIENT_DATA,0.0,0.006393114620145681,7289.0625,14.626983642578125,-23.045475006103516,0.9477643026002752,0.04318160508407567,0.005297772596974943,0.0021348212041525892,0.00010250125943708851,4.433182805322709e-05,2.4841040082430876e-05,3.0148562596722826e-05
google-pixel+p01_1_1+150cm,google-pixel,p01,150cm,16000,0.766,INSUFFICIENT_DATA,0.0,0.05239855691224736,7062.5,9.91448974609375,-20.355613708496094,0.940946581171156,0.04805891336362118,0.005601368045081612,0.0016868628708855665,0.000641874652238502,0.000747783220423487,0.0008380140382021967,0.0007312112319617609
google-pixel+p01_1_1+200cm,google-pixel,p01,200cm,16000,0.688,INSUFFICIENT_DATA,0.0,0.015136397491023617,5773.4375,14.167778015136719,-22.058565139770508,0.9567524198340777,0.02989158797182246,0.012183912942569023,0.00044837457097906364,3.992031452757183e-05,2.5606054281183134e-05,1.9241438098638128e-05,1.388715291806883e-05
google-pixel+p01_1_2+150cm,google-pixel,p01,150cm,16000,0.657,INSUFFICIENT_DATA,0.0,0.009060159704386733,6742.1875,10.665275573730469,-17.608362197875977,0.9438470580181402,0.03514206856303893,0.014471948105659762,0.0013187562452545867,0.0007037169656552527,0.0006686107371698158,0.0007287216620701504,0.0006122100567024199
google-pixel+p01_1_2+200cm,google-pixel,p01,200cm,16000,0.657,INSUFFICIENT_DATA,0.0,0.00978456893124666,4445.3125,12.164726257324219,-19.251590728759766,0.9505936805605414,0.036150999872406685,0.011448066331424558,0.0007947741391950475,0.00011948888326606817,6.739483991210011e-05,0.0001054184185474402,6.706733743499902e-05
google-pixel+p01_1_2+300cm,google-pixel,p01,300cm,16000,0.782,INSUFFICIENT_DATA,0.0,0.0068649593311058965,7023.4375,9.315261840820312,-27.145383834838867,0.9568165998361631,0.03780154035388866,0.003399897772412715,0.000502267689561028,4.5871819525056515e-05,3.0478022810248626e-05,2.8981358710481836e-05,1.911367108272548e-05
google-pixel+p01_1_3+150cm,google-pixel,p01,150cm,16000,0.985,INSUFFICIENT_DATA,0.0,0.02114587947029984,7085.9375,8.833335876464844,-19.894948959350586,0.9520696202426657,0.01964953057199094,0.02235194386387219,0.0016327015350234583,0.0008692919867986251,0.0010215273465125553,0.001134688254648798,0.0008716590449377072
google-pixel+p01_1_3+200cm,google-pixel,p01,200cm,16000,1.001,INSUFFICIENT_DATA,0.0,0.01006652521187222,5789.0625,10.952934265136719,-19.14990234375,0.927059566809449,0.0509376659552216,0.019022004328754432,0.0013422575850952994,0.0002465376003258765,0.00024343945903217279,0.00019471993119795508,0.00012096187276067422
google-pixel+p01_1_3+300cm,google-pixel,p01,300cm,16000,1.001,INSUFFICIENT_DATA,0.0,0.00332815820999386,6125.0,9.643241882324219,-22.14582061767578,0.9598491964309724,0.027053969587795282,0.011833271668285376,0.0002837735760614069,2.5005005901197908e-05,1.773723841449901e-05,1.0965240979962485e-05,5.816806767077486e-06
google-pixel+p01_1_4+200cm,google-pixel,p01,200cm,16000,1.486,INSUFFICIENT_DATA,0.0,0.016518489511937864,6968.75,7.4793243408203125,-19.149362564086914,0.9403256591738077,0.03438243131507229,0.021540870815753704,0.0011946395304904779,0.00037401268301195283,0.00026731552344009987,0.00031030028169461675,0.0002367364786913171
google-pixel+p01_1_4+300cm,google-pixel,p01,300cm,16000,1.251,INSUFFICIENT_DATA,0.0,0.0029033526781626334,6062.5,6.9357452392578125,-23.58306121826172,0.9797188269148266,0.009432074422181363,0.010215459095496655,0.00010113092733367039,1.4730677282623192e-05,1.2366467859984693e-05,1.0968056502326246e-05,5.785129311052221e-06
google-pixel+p01_1_5+150cm,google-pixel,p01,150cm,16000,1.173,INSUFFICIENT_DATA,0.0,0.037584590878479644,7164.0625,9.046035766601562,-20.231544494628906,0.9286055961916672,0.04980885431705882,0.013870394513818851,0.0019439034777048326,0.0009031781064044511,0.0010014342650636822,0.0009781076068153334,0.0008835456402129751
google-pixel+p01_1_5+300cm,google-pixel,p01,300cm,16000,0.985,INSUFFICIENT_DATA,0.0,0.018047930357524528,4523.4375,7.556060791015625,-23.553974151611328,0.9338513415841782,0.05484616629492804,0.009230269785667123,0.00025694280311311255,1.6215545157338397e-05,1.1494465441553656e-05,9.90381274947409e-06,5.302981966503727e-06
google-pixel+p01_2_1+200cm,google-pixel,p01,200cm,16000,1.157,INSUFFICIENT_DATA,0.0,0.029875565065289805,6070.3125,9.516700744628906,-19.725343704223633,0.8715982665857254,0.08872562323779071,0.03663190184937778,0.0008978918199109848,0.0001328497486859617,0.0001300688906574398,0.00013568429683087792,9.846158825920253e-05
google-pixel+p01_2_1+300cm,google-pixel,p01,300cm,16000,1.157,INSUFFICIENT_DATA,0.0,0.02049363516596796,5398.4375,9.215423583984375,-23.31153678894043,0.9112560733877363,0.07095736915760109,0.015586361404726936,0.00045006229145735775,2.635482136639246e-05,1.79623805749455e-05,9.795898320895588e-06,6.61150313106001e-06
google-pixel+p01_2_2+150cm,google-pixel,p01,150cm,16000,1.313,INSUFFICIENT_DATA,0.0,0.07103088720528411,6882.8125,8.3052978515625,-20.842105865478516,0.8616799729901674,0.12228146281659096,0.007407166620127274,0.001094259346213779,0.0009320312798230373,0.0010380815077967764,0.0011005373372675327,0.0008806648027833551
google-pixel+p01_2_2+200cm,google-pixel,p01,200cm,16000,1.22,INSUFFICIENT_DATA,0.0,0.008996336428094857,5000.0,12.174476623535156,-18.53643035888672,0.9381733607329806,0.047737667784109254,0.01081490032208218,0.0012956179031068538,0.0003090295020901274,0.00021506178577763085,0.00025044787854685354,0.0001805978759236602
google-pixel+p01_2_2+300cm,google-pixel,p01,300cm,16000,1.392,INSUFFICIENT_DATA,0.0,0.0067645472067216295,5398.4375,11.191719055175781,-21.560348510742188,0.9463323778096757,0.048882818626325576,0.003359638076309981,0.0002811361830735595,3.106638982610952e-05,1.6336069399259692e-05,9.478758394507055e-06,5.407540944892049e-06
google-pixel+p01_2_3+150cm,google-pixel,p01,150cm,16000,0.995,INSUFFICIENT_DATA,0.0,0.080653608067136,7015.625,10.124519348144531,-21.32238006591797,0.944187058434655,0.036157654673608645,0.009538509267653386,0.0034634416526872604,0.0013456626936020307,0.001214957124639901,0.0014394870726765145,0.0012663689926865275
google-pixel+p01_2_3+300cm,google-pixel,p01,300cm,16000,1.282,INSUFFICIENT_DATA,0.0,0.031087812057324776,4929.6875,14.564895629882812,-24.210098266601562,0.9126742794835572,0.07984623995362175,0.005737463213949199,0.00015110987609179882,3.399344074731133e-05,1.8505853409546776e-05,1.5049254454947636e-05,8.707834370767683e-06
google-pixel+p01_2_4+150cm,google-pixel,p01,150cm,16000,1.11,INSUFFICIENT_DATA,0.0,0.034366593148749826,7203.125,9.317276000976562,-17.950454711914062,0.9528138310396629,0.021192811010666335,0.018515081146086892,0.003283579287988949,0.000755897700530617,0.000829973671055897,0.0010475804295980546,0.0007569656253436347
google-pixel+p01_2_4+200cm,google-pixel,p01,200cm,16000,0.949,INSUFFICIENT_DATA,0.0,0.026258848495978586,7210.9375,12.329399108886719,-18.069456100463867,0.9592233403376484,0.01868320702389351,0.018628888824197564,0.00244275208127627,8.800244256561019e-05,7.237059200715798e-05,6.208204889549308e-05,6.188985167399561e-05
google-pixel+p01_2_4+300cm,google-pixel,p01,300cm,16000,1.11,INSUFFICIENT_DATA,0.0,0.015253974570847569,6960.9375,13.512771606445312,-23.109724044799805,0.9606932857605722,0.029676791689633088,0.008151986522006898,0.0008585334612336235,6.929850909139794e-05,2.148111394916683e-05,1.660408507502409e-05,6.9964817153846585e-06
google-pixel+p01_2_5+200cm,google-pixel,p01,200cm,16000,1.016,INSUFFICIENT_DATA,0.0,0.02659232900059045,7335.9375,11.873069763183594,-18.19932746887207,0.9103924326368814,0.08141551256689969,0.005050483282921275,0.0005218961431377564,0.00016542132377390728,0.00015296355403760485,0.00018254583848154182,0.00018088573435365234
google-pixel+p01_2_5+300cm,google-pixel,p01,300cm,16000,1.016,INSUFFICIENT_DATA,0.0,0.006092355326349226,5398.4375,8.057540893554688,-21.215072631835938,0.9042890063472323,0.09007622745083246,0.00305152663446564,0.00010626452411120672,9.023064988060877e-06,7.238771010238261e-06,5.574248680652462e-06,3.522772895990496e-06
google-pixel+p01_3_1+200cm,google-pixel,p01,200cm,16000,1.063,INSUFFICIENT_DATA,0.0,0.023991521107397346,6906.25,8.983787536621094,-18.72148895263672,0.9521910519036433,0.04034410930777807,0.0031176041870030315,0.002383464150652998,0.0002925630176580991,0.00019399895221494727,0.00022091068424429455,0.00016604011548862295
google-pixel+p01_3_1+300cm,google-pixel,p01,300cm,16000,1.063,INSUFFICIENT_DATA,0.0,0.013629309027124788,4140.625,10.979667663574219,-22.053194046020508,0.9465753097026025,0.050053213290535414,0.0014111249262050473,0.0007410549289339742,4.983503848803168e-05,1.585501252568312e-05,9.574674751618703e-06,6.391300021521116e-06
google-pixel+p01_3_2+200cm,google-pixel,p01,200cm,16000,1.11,INSUFFICIENT_DATA,0.0,0.008782813088324938,4351.5625,8.063674926757812,-18.144643783569336,0.9284023780405652,0.05943814311472458,0.003372484459610154,0.001331303605543766,0.0003569517975948579,0.000293965446641638,0.00022496004896890788,0.00015149356071525723
google-pixel+p01_3_2+300cm,google-pixel,p01,300cm,16000,1.11,INSUFFICIENT_DATA,0.0,0.005054018672402382,4359.375,12.974639892578125,-19.804576873779297,0.9241170948212338,0.06680222152261675,0.0009705874182648325,0.00013736834152889657,2.0850718053050306e-05,1.0236680803152455e-05,5.839299298520236e-06,3.14287313082159e-06
google-pixel+p01_3_3+150cm,google-pixel,p01,150cm,16000,0.798,INSUFFICIENT_DATA,0.0,0.055352111630348345,6804.6875,10.384384155273438,-18.488739013671875,0.9335745422046245,0.05362331319471874,0.007122435986473055,0.0008139065627009482,0.000740561280101827,0.0007595563983182732,0.0010689090313998272,0.000768161713495858
google-pixel+p01_3_3+200cm,google-pixel,p01,200cm,16000,0.858,INSUFFICIENT_DATA,0.0,0.03747778395905581,5585.9375,15.581466674804688,-20.320680618286133,0.956504844096153,0.03489433101651434,0.006881808361432597,0.00021366099960540728,0.00012714402025949418,0.0002644341410442384,0.0002469576281703496,0.00014661122270652856
google-pixel+p01_3_3+300cm,google-pixel,p01,300cm,16000,0.858,INSUFFICIENT_DATA,0.0,0.017978768212896207,5585.9375,12.755027770996094,-24.82333755493164,0.9724762318620459,0.02469052299384827,0.002252681303102439,4.474020194385316e-05,2.322574397343389e-05,3.2345433446082265e-05,2.003294230951402e-05,9.569721637232842e-06
google-pixel+p01_3_5+200cm,google-pixel,p01,200cm,16000,1.11,INSUFFICIENT_DATA,0.0,0.01234657340046432,4710.9375,13.463119506835938,-18.2404727935791,0.9470486393626824,0.04722270115049309,0.00388724493394711,0.00010973868118965718,7.173710547314645e-05,5.23384418498182e-05,4.438138463253926e-05,3.831220040083393e-05
google-pixel+p01_3_5+300cm,google-pixel,p01,300cm,16000,1.204,INSUFFICIENT_DATA,0.0,0.008994861024019005,5093.75,6.754615783691406,-23.144393920898438,0.9224774700038926,0.0713980870062145,0.003296979115851534,8.336434078660263e-05,1.3134998620929676e-05,1.1620760661205375e-05,9.270223556713261e-06,6.153166129508895e-06
google-pixel+p01_4_1+150cm,google-pixel,p01,150cm,16000,1.157,INSUFFICIENT_DATA,0.0,0.08732548391582476,7476.5625,7.7168426513671875,-20.934961318969727,0.8740551019203165,0.08100932677229418,0.03523864108112663,0.002004450582961083,0.0007949484984729966,0.0008993286658500202,0.0008824497024968366,0.0007574510426469491
google-pixel+p01_4_1+300cm,google-pixel,p01,300cm,16000,1.11,INSUFFICIENT_DATA,0.0,0.017177076344912022,5398.4375,9.1785888671875,-24.01927947998047,0.9222783764339526,0.060063610641470935,0.01628619127385321,0.0002679992997012047,2.8328032063908688e-05,2.101123050826308e-05,1.1073346949844841e-05,7.4248546413489665e-06
google-pixel+p01_4_2+200cm,google-pixel,p01,200cm,16000,1.141,INSUFFICIENT_DATA,0.0,0.029030937682013855,5781.25,15.881904602050781,-19.950977325439453,0.9183692390606286,0.04159823471575699,0.03634193702243543,0.0018910948951208271,0.00023706657640637282,0.00029106274553584554,0.00031903767166036707,0.0001749631753995374
google-pixel+p01_4_3+150cm,google-pixel,p01,150cm,16000,0.657,INSUFFICIENT_DATA,0.0,0.022727839939705143,7351.5625,9.408660888671875,-16.647109985351562,0.9254520194048395,0.06551436891413084,0.003923002790610289,0.0008839829950370472,0.0007315042746013166,0.0007053993941444406,0.0007769682418516042,0.0005735283147696858
google-pixel+p01_4_3+200cm,google-pixel,p01,200cm,16000,0.688,INSUFFICIENT_DATA,0.0,0.010470659635536107,4507.8125,12.525787353515625,-18.734785079956055,0.9092804207342998,0.07833585643451461,0.009479199318094537,0.0010451009097635921,0.00017157822087427767,0.00010449470520238942,0.00013498473458781394,0.00013087927339628202
google-pixel+p01_4_3+300cm,google-pixel,p01,300cm,16000,0.782,INSUFFICIENT_DATA,0.0,0.0028817690716929608,6125.0,10.224189758300781,-23.769304275512695,0.9454951313568662,0.047824262699831734,0.004371598706261787,0.0006802275514802525,3.4754208788997796e-05,1.6535301742304537e-05,1.8335952904536724e-05,9.30389991496337e-06
google-pixel+p01_4_4+150cm,google-pixel,p01,150cm,16000,1.079,INSUFFICIENT_DATA,0.0,0.015817887815872123,7320.3125,8.412841796875,-19.104984283447266,0.9193350291990268,0.06041809605233861,0.01471593643140903,0.001052171170441471,0.0005924625130382037,0.0006596167501778826,0.0007805337416471314,0.0007094488301261157
google-pixel+p01_4_4+200cm,google-pixel,p01,200cm,16000,1.016,INSUFFICIENT_DATA,0.0,0.02788492182506804,6601.5625,11.074005126953125,-18.45046615600586,0.918257092321904,0.0756854016173899,0.0037237808572226643,0.0003314452980083764,9.670652146196553e-05,0.00010326012703187288,0.00013243651318035573,7.952591300177147e-05
google-pixel+p01_4_4+300cm,google-pixel,p01,300cm,16000,1.016,INSUFFICIENT_DATA,0.0,0.01497423178447386,7039.0625,6.8031768798828125,-23.300643920898438,0.9101268712645267,0.08662137073755047,0.0015474949848317242,7.845338917878939e-05,1.2990204780467188e-05,1.014171733602813e-05,9.162257550624394e-06,6.426142129337674e-06
google-pixel+p01_4_5+200cm,google-pixel,p01,200cm,16000,0.955,INSUFFICIENT_DATA,0.0,0.00967755260027162,5609.375,12.610389709472656,-19.424335479736328,0.9330798181062884,0.04855715068106859,0.016190996836515786,0.0007216680940533712,6.786452320317626e-05,9.708746370906694e-05,7.856111201760747e-05,4.5177229162420984e-05
google-pixel+p01_4_5+300cm,google-pixel,p01,300cm,16000,0.917,INSUFFICIENT_DATA,0.0,0.006105028764607116,5382.8125,9.428947448730469,-24.080217361450195,0.945206882963557,0.02984665094094443,0.02403483944601602,0.00031671570301521523,4.9404578147352004e-05,3.574745669124069e-05,1.4345480149367464e-05,8.12015534637344e-06
google-pixel+p01_5_1+150cm,google-pixel,p01,150cm,16000,1.579,INSUFFICIENT_DATA,0.0,0.036095662778267985,7015.625,6.934844970703125,-18.487695693969727,0.9353880925948989,0.038067316553023436,0.02230036728269202,0.000941591605562285,0.0005686264801011296,0.0006544845512256171,0.0007161234364024376,0.0005890884821295628
google-pixel+p01_5_1+200cm,google-pixel,p01,200cm,16000,1.611,INSUFFICIENT_DATA,0.0,0.006594743799380918,7000.0,13.511375427246094,-17.55154037475586,0.9355912173512403,0.0456612757826392,0.016333299735321775,0.0005874644903592511,0.00013068525897986065,0.00013901096892176954,0.0002330407330140243,0.00014409002467819887
google-pixel+p01_5_2+200cm,google-pixel,p01,200cm,16000,1.407,INSUFFICIENT_DATA,0.0,0.025113581086210028,7812.5,7.070556640625,-18.738187789916992,0.9189771615529038,0.0700806650339208,0.006757716031071269,0.001003545847378537,0.000343240951870326,0.00028599953177773117,0.00023727207378133555,0.00016786289193405497
google-pixel+p01_5_2+300cm,google-pixel,p01,300cm,16000,1.267,INSUFFICIENT_DATA,0.0,0.006769308306678512,7007.8125,6.988471984863281,-20.814064025878906,0.9428844947729074,0.05075344936140385,0.0054543363723872085,0.00013894116915322806,1.0837004182524185e-05,6.556639411235938e-06,5.302997469268806e-06,3.192368367020401e-06
google-pixel+p01_5_3+150cm,google-pixel,p01,150cm,16000,1.523,INSUFFICIENT_DATA,0.0,0.02293272522267868,7218.75,8.576698303222656,-18.287485122680664,0.9601332715065161,0.02926540552146722,0.00670203211432899,0.0006125381312238019,0.0004754325440502598,0.0005664150352955097,0.0006998289285827009,0.0005729230493676241
google-pixel+p01_5_4+150cm,google-pixel,p01,150cm,16000,1.37,INSUFFICIENT_DATA,0.0,0.06900981800550678,7148.4375,9.2080078125,-20.31243133544922,0.9132124975697512,0.06408319698256247,0.016717737640780682,0.0013975868900299728,0.0008801578415701733,0.0008924912636194124,0.0010198981609891682,0.000824150936084858
google-pixel+p01_5_4+200cm,google-pixel,p01,200cm,16000,1.225,INSUFFICIENT_DATA,0.0,0.014421541949069033,4304.6875,8.896430969238281,-19.602733612060547,0.9421742645968989,0.04265638697027471,0.011467342780205418,0.0019677428968259796,0.00027723836329678644,0.00022690085012210405,0.000259469685900935,0.00015449993752293813
google-pixel+p01_6_1+200cm,google-pixel,p01,200cm,16000,1.235,INSUFFICIENT_DATA,0.0,0.021741801913400596,7468.75,10.644660949707031,-19.819541931152344,0.9251989048724208,0.055396759648273605,0.016740348419165364,0.000492282268009138,0.00018231850965359802,0.00015483547052055113,0.0001799653158587386,0.0001460123850055236
google-pixel+p01_6_2+150cm,google-pixel,p01,150cm,16000,1.36,INSUFFICIENT_DATA,0.0,0.05545305104498148,6765.625,8.421463012695312,-20.35281753540039,0.923698276728426,0.051321208867878804,0.018910575176152147,0.0012348560967375892,0.0006724564565258111,0.000824058792032953,0.0010912678295677475,0.0008326411479353562
google-pixel+p01_6_2+300cm,google-pixel,p01,300cm,16000,1.36,INSUFFICIENT_DATA,0.0,0.007512520150014365,6109.375,9.880271911621094,-23.31890106201172,0.9730710699418651,0.01772000109483762,0.008358253803116451,0.00018803942948401542,1.879941745693584e-05,1.5397114137454498e-05,1.767870792924279e-05,5.990617096954372e-06
google-pixel+p01_6_3+150cm,google-pixel,p01,150cm,16000,1.548,INSUFFICIENT_DATA,0.0,0.05264777662569823,6898.4375,7.7720947265625,-21.123802185058594,0.9399093853751924,0.04274165785831831,0.01167084214307859,0.001399790851500577,0.0008665107802935775,0.0008969220656149843,0.0009937983902825612,0.0008121518228504286
google-pixel+p01_6_3+200cm,google-pixel,p01,200cm,16000,1.548,INSUFFICIENT_DATA,0.0,0.01659923697167709,5789.0625,12.52130126953125,-19.05509376525879,0.9136629007244391,0.061960638470063854,0.021378454468338495,0.0012712407378915231,0.00021213875013897877,0.00032813237328778043,0.00026901303156494084,0.0002148132706004132
google-pixel+p01_6_3+300cm,google-pixel,p01,300cm,16000,1.626,INSUFFICIENT_DATA,0.0,0.00966376355816138,5234.375,8.25079345703125,-23.43499755859375,0.9401699720904192,0.039678975198498105,0.01923660712732092,0.0002570009591535708,3.544249837494777e-05,2.3507274281942353e-05,1.506468068547706e-05,6.59430894452991e-06
google-pixel+p01_6_4+150cm,google-pixel,p01,150cm,16000,1.225,INSUFFICIENT_DATA,0.0,0.12462027581509168,6085.9375,7.903572082519531,-24.562490463256836,0.9425502391619732,0.04572635958747743,0.003930639426065038,0.0010112790693350916,0.0011413187046609736,0.0014113368111528216,0.001758035827748607,0.0013436871479894693
google-pixel+p01_6_4+200cm,google-pixel,p01,200cm,16000,1.267,INSUFFICIENT_DATA,0.0,0.015014873288328673,4382.8125,8.950004577636719,-19.09809684753418,0.9423290557004141,0.04345114748764126,0.009736895976240324,0.003036475167583256,0.0002911236742836603,0.00026130666798852473,0.0002604332666163478,0.00018294706182598797
google-pixel+p01_6_4+300cm,google-pixel,p01,300cm,16000,1.267,INSUFFICIENT_DATA,0.0,0.004696240959170546,6007.8125,13.325080871582031,-22.767560958862305,0.9668484323810363,0.028594463640164988,0.0033025305992261745,0.000952324666707528,3.089384228248304e-05,2.1016740895785647e-05,2.9730107135316933e-05,9.537045753302089e-06
google-pixel+p02_1_1+150cm,google-pixel,p02,150cm,16000,0.571,INSUFFICIENT_DATA,0.0,0.25285641883804977,7390.625,10.590538024902344,-31.37364387512207,0.8435989933448215,0.11335272184954971,0.014104401352901513,0.002818738634608125,0.004291104147072154,0.005840046128726502,0.008267595682015601,0.007104779808433832
google-pixel+p02_1_2+200cm,google-pixel,p02,200cm,16000,0.649,INSUFFICIENT_DATA,0.0,0.07718616725036542,4234.375,10.367057800292969,-23.63117218017578,0.8886839188959726,0.10181712500409175,0.008797461746109613,0.0001673549752589069,4.171897069269275e-05,1.921877382445578e-05,1.7786860637238276e-05,1.1904888169001515e-05
google-pixel+p02_1_2+300cm,google-pixel,p02,300cm,16000,0.622,INSUFFICIENT_DATA,0.0,0.10125837017384055,7101.5625,11.919532775878906,-33.61160659790039,0.9073250186521863,0.08211722663312343,0.008820552855604295,0.00036500796467933705,0.00024535191116903046,0.00013453466575913248,0.00012196589654622489,8.859539493650646e-05
google-pixel+p02_1_3+200cm,google-pixel,p02,200cm,16000,0.847,INSUFFICIENT_DATA,0.0,0.029214118756116514,4390.625,13.745086669921875,-20.267419815063477,0.8793320300268495,0.08776860595057365,0.02779411535039976,0.0006066056484644153,0.0002985514413207736,2.093507039046438e-05,4.16157476703399e-05,2.97843097236673e-05
google-pixel+p02_1_3+300cm,google-pixel,p02,300cm,16000,0.85,INSUFFICIENT_DATA,0.0,0.009863191290749017,4195.3125,13.568290710449219,-25.70901107788086,0.9134674083364518,0.05167339401285541,0.030867498262205913,0.0008239539995975695,0.0003094065695205295,2.0568893545181067e-05,2.503360890731727e-05,1.268284776353913e-05
google-pixel+p02_1_4+300cm,google-pixel,p02,300cm,16000,1.073,INSUFFICIENT_DATA,0.0,0.008089157071622244,4265.625,12.896697998046875,-23.312721252441406,0.9218116471396606,0.05746038135623369,0.01948604154563645,0.0003566722919669476,0.00039457452953339545,1.3324510394261863e-05,1.0929128012986023e-05,7.2817405214310254e-06
google-pixel+p02_1_5+200cm,google-pixel,p02,200cm,16000,0.987,INSUFFICIENT_DATA,0.0,0.13838173297033038,4250.0,17.682861328125,-21.280967712402344,0.768482703307716,0.1768158356831163,0.0494734165766381,0.001003804934614251,0.0009785327373160607,1.7903717691559155e-05,2.2819231898618123e-05,2.2589551300021012e-05
google-pixel+p02_1_5+300cm,google-pixel,p02,300cm,16000,1.004,INSUFFICIENT_DATA,0.0,0.021273202016176593,4265.625,10.717666625976562,-24.868268966674805,0.786177938527828,0.1293515637407899,0.07524535171012088,0.0006222228737296033,0.0005975074394406056,1.914248035828302e-05,1.4433284618104406e-05,8.511456207389422e-06
google-pixel+p02_2_1+200cm,google-pixel,p02,200cm,16000,0.883,INSUFFICIENT_DATA,0.0,0.04745537053856132,4398.4375,16.88714599609375,-19.894298553466797,0.8121412202401125,0.17153601551399,0.012503621515820263,0.0003475927939960252,0.0003756541177298314,4.7856058792570195e-05,6.0800568497633e-05,3.4117522480636025e-05
google-pixel+p02_2_1+300cm,google-pixel,p02,300cm,16000,0.883,INSUFFICIENT_DATA,0.0,0.026243772114963506,4398.4375,14.84375,-26.044836044311523,0.9110455888823821,0.04824961593113564,0.0377626737581633,0.0004747972005371209,0.00042764124333835113,3.598991960052862e-05,3.1883457491367346e-05,1.6904555789975206e-05
google-pixel+p02_2_2+150cm,google-pixel,p02,150cm,16000,1.23,INSUFFICIENT_DATA,0.0,0.08827262064892043,5937.5,8.770294189453125,-20.66272735595703,0.8848516638834834,0.08020591230493114,0.02791828244855326,0.0013335663204657568,0.0009876075040547933,0.0009508275329297885,0.0010233529476875,0.0007616061748174422
google-pixel+p02_2_2+200cm,google-pixel,p02,200cm,16000,1.23,INSUFFICIENT_DATA,0.0,0.02991142792567762,5843.75,15.245948791503906,-18.179576873779297,0.8502581535171937,0.08828915530080952,0.0564846713352063,0.0006789444118946761,0.0006228136413227506,0.00023304019321737307,0.00013375641558461597,7.909408329483876e-05
google-pixel+p02_2_3+150cm,google-pixel,p02,150cm,16000,1.29,INSUFFICIENT_DATA,0.0,0.08606963976166943,4242.1875,9.408897399902344,-18.220516204833984,0.9456052113658907,0.02974884436362736,0.017205782144708217,0.002421614568878116,0.0015574439606598706,0.0008501007318528632,0.0011232279231835817,0.0008747264903553752
google-pixel+p02_2_3+200cm,google-pixel,p02,200cm,16000,1.29,INSUFFICIENT_DATA,0.0,0.11293667267904699,6273.4375,18.33293914794922,-20.920101165771484,0.8225643974749903,0.12287128267328958,0.046693180388051675,0.0014464290612350987,0.0009937747141138616,0.00023879711547276672,0.00017870458235339073,0.00011397557346094428
google-pixel+p02_2_4+150cm,google-pixel,p02,150cm,16000,0.9,INSUFFICIENT_DATA,0.0,0.09329727537030871,4257.8125,8.086311340332031,-17.801849365234375,0.9298343546827803,0.045425793040527504,0.01471219578431077,0.004557076960000206,0.002037941263491968,0.0008437854738180771,0.0010883186881311716,0.0007354304009416428
google-pixel+p02_2_4+300cm,google-pixel,p02,300cm,16000,1.021,INSUFFICIENT_DATA,0.0,0.03125632293928415,7101.5625,15.848175048828125,-23.871126174926758,0.9163701747719714,0.07465002616043587,0.006695547871677266,0.0012413802925850931,0.00043331999856989343,4.457835648753821e-05,4.890289970025649e-05,2.0758344059558967e-05
google-pixel+p02_2_5+150cm,google-pixel,p02,150cm,16000,1.0,INSUFFICIENT_DATA,0.0,0.06099672221295098,6656.25,9.016586303710938,-17.771875381469727,0.9243220024597103,0.05710528837703767,0.011228550625165095,0.0017957288723661961,0.0011713349433683708,0.0006384634941069537,0.0009619498013920864,0.0006298816879460324
google-pixel+p02_2_5+200cm,google-pixel,p02,200cm,16000,0.805,INSUFFICIENT_DATA,0.0,0.06596494329263182,6710.9375,13.575019836425781,-18.619749069213867,0.796398988885712,0.18147754995017376,0.01397227578174416,0.0007157671178778209,0.00045814596349255074,6.938224765203051e-05,6.662670197053635e-05,4.728841673058623e-05
google-pixel+p02_2_5+300cm,google-pixel,p02,300cm,16000,1.0,INSUFFICIENT_DATA,0.0,0.018630091308680846,4500.0,14.644035339355469,-22.836524963378906,0.8246401019855821,0.14711105617373096,0.021533594390256525,0.0009022062511686306,0.00022595790387845843,1.362625351893783e-05,1.1110511708570633e-05,5.185842432244663e-06
google-pixel+p02_3_1+150cm,google-pixel,p02,150cm,16000,1.128,INSUFFICIENT_DATA,0.0,0.10607354735419014,5148.4375,12.233123779296875,-21.743602752685547,0.9100673939571746,0.0688370076895644,0.013132502861969831,0.0014418561953582485,0.0017518581037828565,0.0013557741245874035,0.0014147242466665277,0.0010387963703918843
google-pixel+p02_3_1+200cm,google-pixel,p02,200cm,16000,1.29,INSUFFICIENT_DATA,0.0,0.05032028725380525,5140.625,16.053970336914062,-20.264877319335938,0.9143956208399284,0.0735807358686856,0.008867725334790227,0.0008297926623872255,0.0004458050044041943,0.0003866284210133866,0.00026749028733294466,0.0001963607538635247
google-pixel+p02_3_2+200cm,google-pixel,p02,200cm,16000,1.212,INSUFFICIENT_DATA,0.0,0.019010649990534853,6429.6875,13.623733520507812,-18.271696090698242,0.882456299410132,0.10018120058738168,0.007779168735949097,0.0016477261029871082,0.000621411972532194,0.0002468337075879293,0.0003413985087934044,0.000148342278449767
google-pixel+p02_3_2+300cm,google-pixel,p02,300cm,16000,1.212,INSUFFICIENT_DATA,0.0,0.015509077100304025,6429.6875,14.356292724609375,-21.088401794433594,0.8933929032373278,0.09535844136652165,0.004500402524675341,0.0005078633715622869,0.00021447440718456307,1.765233065339803e-05,3.5184794955866814e-05,8.831699478550255e-06
google-pixel+p02_3_3+200cm,google-pixel,p02,200cm,16000,0.603,INSUFFICIENT_DATA,0.0,0.06987644228297629,7078.125,14.071937561035156,-19.3441219329834,0.8480778623188088,0.13262981859329107,0.010765068621064274,0.0014727574490116476,0.00044987576414393083,5.620090701578995e-05,4.86164297121168e-05,3.3521231092121784e-05
google-pixel+p02_3_3+300cm,google-pixel,p02,300cm,16000,0.814,INSUFFICIENT_DATA,0.0,0.004288591812874355,4250.0,11.523658752441406,-24.982088088989258,0.7581541065524362,0.1932228658756943,0.044766274160918385,0.001519117297061339,0.0006609688307629706,2.259140275370792e-05,1.550674824898567e-05,6.846989344460209e-06
google-pixel+p02_3_4+150cm,google-pixel,p02,150cm,16000,0.563,INSUFFICIENT_DATA,0.0,0.41846936314426303,7289.0625,11.432792663574219,-29.9766902923584,0.7243438337092056,0.014538857262985348,0.0161593401580911,0.02635811033661806,0.03571909725668922,0.05395729840694317,0.0668733449955106,0.06005551635311874
google-pixel+p02_3_4+200cm,google-pixel,p02,200cm,16000,0.563,INSUFFICIENT_DATA,0.0,0.04736362193475872,4203.125,19.45018768310547,-21.259334564208984,0.759623073281116,0.22320505395305826,0.010059864880487034,0.0005702808351621856,0.00044207780279703954,0.00011764634925981784,0.00014412602704594378,0.00010154802550978563
google-pixel+p02_3_4+300cm,google-pixel,p02,300cm,16000,0.563,INSUFFICIENT_DATA,0.0,0.011077696500218434,4492.1875,14.570724487304688,-27.033231735229492,0.495351596377836,0.4251106759704762,0.07337416769800359,0.0022047331708557973,0.0006612031828080688,6.61028197690491e-05,4.428592481372937e-05,2.3293153488867983e-05
google-pixel+p02_3_5+150cm,google-pixel,p02,150cm,16000,0.935,INSUFFICIENT_DATA,0.0,0.061799915490797906,7093.75,9.207344055175781,-19.010042190551758,0.8393951186762834,0.1213009603307165,0.029328004690921394,0.0014513474366545432,0.0008376918847348235,0.0005763088999316822,0.000740136649708707,0.0005622214046322011
google-pixel+p02_3_5+200cm,google-pixel,p02,200cm,16000,0.935,INSUFFICIENT_DATA,0.0,0.04715927148610442,7000.0,15.719062805175781,-18.60276985168457,0.7873776976530786,0.16115103006793316,0.04271314707773479,0.0006984363531329456,0.00048161492326764517,7.594677154502159e-05,0.0001035867099852304,8.362535546783408e-05
google-pixel+p02_4_1+150cm,google-pixel,p02,150cm,16000,1.099,INSUFFICIENT_DATA,0.0,0.047709554423014104,6617.1875,9.613960266113281,-19.014301300048828,0.8073749632272142,0.15187119027139168,0.032075606208110785,0.0011850361937327573,0.000945869966016714,0.0005687723394436993,0.0008044269357745995,0.0005302979087850564
google-pixel+p02_4_1+200cm,google-pixel,p02,200cm,16000,0.883,INSUFFICIENT_DATA,0.0,0.04650524387426061,6515.625,12.674842834472656,-19.491302490234375,0.803280732710828,0.1793861403896067,0.01319831877531444,0.00044258311005051045,0.0004679496841666465,6.791436883159248e-05,7.459365418032052e-05,5.1324370347407965e-05
google-pixel+p02_4_1+300cm,google-pixel,p02,300cm,16000,0.883,INSUFFICIENT_DATA,0.0,0.024254580730607673,4398.4375,16.015182495117188,-24.914913177490234,0.9069655955506091,0.05439021428900033,0.03551266500599367,0.0004836373798401121,0.00045678038763732464,3.2761158919903035e-05,2.773823337546842e-05,1.4750794770728856e-05
google-pixel+p02_4_2+150cm,google-pixel,p02,150cm,16000,1.151,INSUFFICIENT_DATA,0.0,0.06407934709795826,4210.9375,9.846885681152344,-21.730865478515625,0.8181570151357395,0.05797240369086687,0.11436226216478576,0.002333836183965116,0.0009425582119811166,0.0006699446292014855,0.0007330638321772616,0.0006603764529900717
google-pixel+p02_4_2+200cm,google-pixel,p02,200cm,16000,1.151,INSUFFICIENT_DATA,0.0,0.034637129786532,4500.0,18.46607208251953,-20.450271606445312,0.7262043218670089,0.07317019844850034,0.19372954041201,0.0025541252308990798,0.0013502922364727666,0.000125949137113357,8.132593831635044e-05,0.00010055489689441922
google-pixel+p02_4_2+300cm,google-pixel,p02,300cm,16000,1.24,INSUFFICIENT_DATA,0.0,0.017835280734383358,7117.1875,11.551986694335938,-25.738962173461914,0.806518830678813,0.0937650062777903,0.09591995019588362,0.0008564516649146447,0.0007576379701611453,4.3780152710342985e-05,3.155366821733877e-05,2.3472462370530414e-05
google-pixel+p02_4_3+150cm,google-pixel,p02,150cm,16000,0.649,INSUFFICIENT_DATA,0.0,0.1712414973297381,5671.875,11.409652709960938,-19.395263671875,0.9376279284607618,0.04690396820215377,0.010384609233452299,0.0010621567428234875,0.0008913770630897863,0.0009350527923522649,0.0008872356214780179,0.0007716969302539237
google-pixel+p02_4_4+150cm,google-pixel,p02,150cm,16000,0.969,INSUFFICIENT_DATA,0.0,0.07787449101404245,6015.625,8.576927185058594,-17.31571388244629,0.8385310139762293,0.12653047348204974,0.02449562584097279,0.0012035480889385657,0.0009367376982584788,0.0005076399159053423,0.0006035092223361477,0.000414105105524218
google-pixel+p02_4_5+150cm,google-pixel,p02,150cm,16000,0.952,INSUFFICIENT_DATA,0.0,0.03240216151349503,6906.25,15.472488403320312,-18.96113395690918,0.728556777730391,0.19093985750893364,0.07050442652902952,0.0035945853445472206,0.0013708682596392245,0.0009142861651954481,0.0019373358082495663,0.000667611397806769
google-pixel+p02_4_5+200cm,google-pixel,p02,200cm,16000,0.952,INSUFFICIENT_DATA,0.0,0.04038464624159072,4312.5,13.86553955078125,-19.753877639770508,0.8911724079797918,0.06653993125696735,0.03822143242059218,0.0009030260042126058,0.000454205592555519,6.776137973066242e-05,7.024990501785716e-05,7.349680903916047e-05
google-pixel+p02_4_5+300cm,google-pixel,p02,300cm,16000,1.039,INSUFFICIENT_DATA,0.0,0.016064364012090902,4382.8125,9.38018798828125,-26.02557945251465,0.8546572503496603,0.09313789075679554,0.048882468964576924,0.00047695764242363075,0.0003302411588198276,2.5067555859833672e-05,1.682046883064504e-05,1.1278453288411163e-05
google-pixel+p02_5_1+300cm,google-pixel,p02,300cm,16000,1.532,INSUFFICIENT_DATA,0.0,0.011940842956732282,6812.5,10.296913146972656,-23.76939582824707,0.7055039306881712,0.2426664980558793,0.048280037471565306,0.0015816239657042764,0.00042580925439242913,2.3338537793743114e-05,3.144617566457831e-05,1.4603892093497025e-05
google-pixel+p02_5_2+150cm,google-pixel,p02,150cm,16000,1.333,INSUFFICIENT_DATA,0.0,0.06131424895210059,4132.8125,12.727249145507812,-21.22879981994629,0.8414245223820165,0.10885248115611529,0.040818653950392934,0.0037066921516896553,0.0013839643316520573,0.0006340527404676493,0.0008169221583404657,0.0006763858950443679
google-pixel+p02_5_2+200cm,google-pixel,p02,200cm,16000,1.35,INSUFFICIENT_DATA,0.0,0.00973814625499485,5718.75,8.69287109375,-19.07788848876953,0.7765703690333918,0.2039921412263667,0.015050881896498385,0.0014838664904594223,0.00023841019601944196,8.417465817926731e-05,6.553498026343833e-05,4.412489416601729e-05
google-pixel+p02_5_4+200cm,google-pixel,p02,200cm,16000,1.186,INSUFFICIENT_DATA,0.0,0.08942173475487301,5554.6875,13.501434326171875,-20.85829734802246,0.8883874004867122,0.07910090678876162,0.03000571598588004,0.001683955603226956,0.00027256781755236617,0.00010569206397843527,0.00010096206351668331,7.969652248482574e-05
google-pixel+p02_6_1+150cm,google-pixel,p02,150cm,16000,1.229,INSUFFICIENT_DATA,0.0,0.02190854152190193,7195.3125,6.879356384277344,-19.93746566772461,0.7855753759832734,0.1284387182526648,0.08079670958350264,0.0010792994750505266,0.0009389771302972232,0.000589847328194172,0.0006993478157646134,0.0006239979594178791
google-pixel+p02_6_1+200cm,google-pixel,p02,200cm,16000,1.169,INSUFFICIENT_DATA,0.0,0.02616899257394732,7070.3125,13.535453796386719,-20.491819381713867,0.7406352721730112,0.22509685916685535,0.031229132019980912,0.001295902113943628,0.0004401120344368931,6.831438760765895e-05,7.623811253512003e-05,7.48875817516742e-05
google-pixel+p02_6_1+300cm,google-pixel,p02,300cm,16000,1.229,INSUFFICIENT_DATA,0.0,0.008603239421195891,4445.3125,8.183403015136719,-23.882892608642578,0.805057703221757,0.14746911736989896,0.04177997745674647,0.0006748106049895006,0.00038048782841207493,2.485219144403288e-05,1.3386362066544874e-05,7.219997736300369e-06
google-pixel+p02_6_2+150cm,google-pixel,p02,150cm,16000,1.013,INSUFFICIENT_DATA,0.0,0.3295747964494849,6828.125,10.596466064453125,-24.563312530517578,0.9405544407866081,0.03090491457070257,0.017300773299160382,0.001306784475891895,0.0018480867387577857,0.0023181392293745774,0.0029724717780289164,0.0023983087177623973
google-pixel+p02_6_2+200cm,google-pixel,p02,200cm,16000,1.627,INSUFFICIENT_DATA,0.0,0.02270732926994683,5109.375,8.035995483398438,-20.148265838623047,0.818889961803091,0.12797036497083775,0.04990949201170687,0.0010015659659217161,0.0006813255238366216,6.565218876084291e-05,4.8350090734958266e-05,3.722402254589894e-05
google-pixel+p02_6_2+300cm,google-pixel,p02,300cm,16000,1.013,INSUFFICIENT_DATA,0.0,0.01092969627034296,4265.625,8.681785583496094,-25.6885929107666,0.8359648855635965,0.11905697541517113,0.043521522149151684,0.000540402027641147,0.0003528671945930552,3.3329688961639664e-05,2.357769214731742e-05,1.564344995768937e-05
google-pixel+p02_6_3+200cm,google-pixel,p02,200cm,16000,1.731,INSUFFICIENT_DATA,0.0,0.014372195590967462,6695.3125,8.183731079101562,-19.151853561401367,0.8417377009417599,0.09788275432092766,0.0572182038023468,0.001003476706577546,0.00045078357880797926,9.209025820112459e-05,0.0001247932104932825,8.628577004801411e-05
google-pixel+p02_6_4+150cm,google-pixel,p02,150cm,16000,1.237,INSUFFICIENT_DATA,0.0,0.06183577001604945,6390.625,8.8812255859375,-24.902381896972656,0.8874951726425069,0.10117580678044646,0.001703270789219326,0.000920859458990534,0.001079655344865648,0.0014204117497126812,0.0017378650685725059,0.0014820004878771964
google-pixel+p02_6_4+200cm,google-pixel,p02,200cm,16000,1.237,INSUFFICIENT_DATA,0.0,0.06066381708352368,5765.625,20.80406951904297,-21.008602142333984,0.8450112373567457,0.1199962115938732,0.031747535671835615,0.0023647513433755238,0.00032558219294155394,0.0001197988394854021,0.00012240842746774117,8.354726032940906e-05
google-pixel+p02_6_4+300cm,google-pixel,p02,300cm,16000,1.126,INSUFFICIENT_DATA,0.0,0.009287317508184114,5843.75,10.94952392578125,-25.02486228942871,0.8644919218285997,0.12102618945914936,0.013147227802631138,0.0007726449753982886,0.00015547702759026615,2.47180072982014e-05,1.9525712978633154e-05,9.638966316642387e-06
google-pixel+p03_1_1+150cm,google-pixel,p03,150cm,16000,0.929,INSUFFICIENT_DATA,0.0,0.024141718808561773,7398.4375,10.159469604492188,-19.892011642456055,0.8184496534998527,0.16616756320093565,0.005232210351468985,0.0007267038655835476,0.0005575232860110727,0.000600441079652481,0.000772967508110249,0.0006273987843143847
google-pixel+p03_1_1+200cm,google-pixel,p03,200cm,16000,1.105,INSUFFICIENT_DATA,0.0,0.013864255048825477,7117.1875,8.607688903808594,-22.024877548217773,0.7852063780611008,0.20688581353871824,0.004578890377904365,0.00022319766079194618,3.996281612619911e-05,2.634260898988766e-05,2.5193462630016734e-05,2.0846849083812442e-05
google-pixel+p03_1_1+300cm,google-pixel,p03,300cm,16000,1.105,INSUFFICIENT_DATA,0.0,0.012688177453715291,4148.4375,6.8012237548828125,-28.31330108642578,0.8195837212966205,0.17214266696475328,0.00464649590315938,0.00027042475805452736,6.567635514719945e-05,2.888382266226958e-05,2.549349030056141e-05,1.768703687044381e-05
google-pixel+p03_1_2+200cm,google-pixel,p03,200cm,16000,0.982,INSUFFICIENT_DATA,0.0,0.036156725391462995,7218.75,14.548881530761719,-20.808368682861328,0.8282011345225112,0.15720910061039825,0.010596667196179748,0.0005885611923747739,0.00022117676756553274,0.00012566781903052514,0.00016425705507145413,0.00014113801295202567
google-pixel+p03_1_3+150cm,google-pixel,p03,150cm,16000,1.4,INSUFFICIENT_DATA,0.0,0.09014398347555458,7070.3125,8.066093444824219,-22.944944381713867,0.8998448643187383,0.07871825551961517,0.0038132953777301453,0.0014572868426879057,0.0013129560765910773,0.00126855498571576,0.0016122883597267659,0.0012968460950039255
google-pixel+p03_1_3+200cm,google-pixel,p03,200cm,16000,1.4,INSUFFICIENT_DATA,0.0,0.009557829946239797,4179.6875,8.703567504882812,-19.012670516967773,0.876969275450664,0.10848252095803627,0.009253552306998553,0.0006418508115093401,0.0003353212918704559,0.00022017535484833135,0.0002741937838912688,0.00017889395522882598
google-pixel+p03_1_4+150cm,google-pixel,p03,150cm,16000,1.385,INSUFFICIENT_DATA,0.0,0.08134123964242283,6507.8125,9.085922241210938,-21.643678665161133,0.9689650578484601,0.019408105802945545,0.004076388365917372,0.0014475992332936146,0.001122518470481628,0.0015288334982119008,0.0017965338409047227,0.0013555427575294274
google-pixel+p03_1_5+150cm,google-pixel,p03,150cm,16000,1.233,INSUFFICIENT_DATA,0.0,0.041038400123408016,7109.375,8.772056579589844,-22.466087341308594,0.957375461611093,0.02076374267089885,0.015408411367628145,0.001567283472629023,0.0008497284209597689,0.0010981789597828975,0.0014825125665548086,0.0010119320552981915
google-pixel+p03_2_1+200cm,google-pixel,p03,200cm,16000,1.387,INSUFFICIENT_DATA,0.0,0.030534020643265478,6695.3125,13.038818359375,-20.3170166015625,0.856204680219589,0.13208543590364924,0.008427237230743836,0.001026050491822433,0.00015857461564901067,9.443150758568842e-05,0.00012987471118816468,9.669081796030342e-05
google-pixel+p03_2_1+300cm,google-pixel,p03,300cm,16000,1.387,INSUFFICIENT_DATA,0.0,0.02041924315484386,4195.3125,8.349212646484375,-25.103748321533203,0.9083892535442537,0.0844532878833872,0.004980450374585947,0.0004727976439356819,3.5050078187256736e-05,1.513908424972301e-05,1.5035270920917928e-05,9.100263253908589e-06
google-pixel+p03_2_2+150cm,google-pixel,p03,150cm,16000,1.666,INSUFFICIENT_DATA,0.0,0.0586699502622867,5734.375,7.482948303222656,-21.090890884399414,0.8479536900585627,0.13666176355008292,0.006895785341371894,0.0021905148923967465,0.0007670820922236684,0.000932018615081907,0.0009555497814208767,0.0008913004582079918
google-pixel+p03_2_2+200cm,google-pixel,p03,200cm,16000,1.666,INSUFFICIENT_DATA,0.0,0.027547961023975272,5750.0,13.972190856933594,-19.442462921142578,0.8996031113447748,0.0880254718523078,0.008862118779465685,0.0008587609542369957,0.0002547971204916467,0.00028472781829741705,0.00023658011014223942,0.00015222304025121024
google-pixel+p03_2_3+150cm,google-pixel,p03,150cm,16000,1.277,INSUFFICIENT_DATA,0.0,0.08820086137900388,6492.1875,15.949104309082031,-22.10820960998535,0.845501479997591,0.123260429324704,0.015455565521088116,0.0016363623848326908,0.0022147151813643588,0.0017392958042868195,0.002135386590030418,0.0017608732141375057
google-pixel+p03_2_3+200cm,google-pixel,p03,200cm,16000,1.298,INSUFFICIENT_DATA,0.0,0.04708026155127607,5718.75,12.383071899414062,-20.199146270751953,0.777093842295046,0.20920120519455698,0.006859164559074423,0.0006202818724889086,0.00016142038627266987,0.00015576168630983953,0.00014248646092859148,9.83684095086501e-05
google-pixel+p03_2_3+300cm,google-pixel,p03,300cm,16000,1.277,INSUFFICIENT_DATA,0.0,0.024026232577856087,7132.8125,11.050460815429688,-24.123926162719727,0.844784900444199,0.1449601462420827,0.005299098821774335,0.00039826873274180713,3.2001631793486445e-05,1.8113922402077432e-05,2.0322936164095615e-05,1.3431591788897021e-05
google-pixel+p03_2_4+150cm,google-pixel,p03,150cm,16000,1.561,INSUFFICIENT_DATA,0.0,0.11841339212526715,6750.0,8.176155090332031,-22.45176124572754,0.9578249503150986,0.03280714962031866,0.003503972278267578,0.0012056983395630015,0.0008810580003114387,0.000992762622503081,0.0014008641314069631,0.0010414907793055888
google-pixel+p03_2_4+200cm,google-pixel,p03,200cm,16000,1.561,INSUFFICIENT_DATA,0.0,0.03605269128099,5773.4375,19.66954803466797,-20.13434410095215,0.9261231774192444,0.0655763871991725,0.00490333754818573,0.0007507498483677197,0.0002899035825188003,0.0003739322736828741,0.0003128543535094267,0.0002509126275820908
google-pixel+p03_2_5+150cm,google-pixel,p03,150cm,16000,1.228,INSUFFICIENT_DATA,0.0,0.2444568734577744,4742.1875,19.43805694580078,-24.250473022460938,0.8738040291820258,0.07796251948980137,0.010519113453192596,0.003008059015295899,0.012152668145064485,0.0061910979631309765,0.011323267207703006,0.003494673800128969
google-pixel+p03_2_5+200cm,google-pixel,p03,200cm,16000,1.228,INSUFFICIENT_DATA,0.0,0.016705208136609424,5656.25,8.515296936035156,-18.855159759521484,0.8767750531623663,0.11580682956762466,0.004036905093454715,0.0012084769255177776,0.00024975673811317416,0.0001608802113461077,0.0001285947974195407,0.0001014827552108137
google-pixel+p03_2_5+300cm,google-pixel,p03,300cm,16000,1.245,INSUFFICIENT_DATA,0.0,0.014061816278351126,4171.875,11.818382263183594,-21.953720092773438,0.848542575888612,0.14328421881744613,0.003798268923487511,0.0003351286974319877,2.0551138154229048e-05,6.925633712906805e-06,6.384442081576136e-06,4.265321785283777e-06
google-pixel+p03_3_1+200cm,google-pixel,p03,200cm,16000,1.438,INSUFFICIENT_DATA,0.0,0.025487611027845126,6484.375,12.57012939453125,-20.190628051757812,0.9337970652274071,0.06098933464160358,0.0027146473134152965,0.0004118601126849809,0.00018941411485077605,0.00019183228572846933,0.00025890375633790067,0.00022095480075522644
google-pixel+p03_3_1+300cm,google-pixel,p03,300cm,16000,1.438,INSUFFICIENT_DATA,0.0,0.01248449660303412,4164.0625,14.246246337890625,-22.915264129638672,0.9395286922181006,0.05771006473256917,0.001456301779937045,0.00014637979634679068,5.818076536819992e-05,2.4309200304817787e-05,2.1262535998220492e-05,1.680515714893068e-05
google-pixel+p03_3_2+150cm,google-pixel,p03,150cm,16000,1.385,INSUFFICIENT_DATA,0.0,0.08830970076166814,7390.625,8.089851379394531,-22.407699584960938,0.8930657685058387,0.08912022986214013,0.009697128757119401,0.00124704384548221,0.0010581602163639763,0.0012659535971539745,0.0013786578809642227,0.0011443553456523523
google-pixel+p03_3_2+300cm,google-pixel,p03,300cm,16000,1.385,INSUFFICIENT_DATA,0.0,0.007132803614788927,4203.125,15.464805603027344,-21.69192886352539,0.9234085781420736,0.07327084594354136,0.0015143465474583594,9.1631289851005e-05,3.407893565189022e-05,1.9118164131859717e-05,1.5281629850933868e-05,9.835220219799014e-06
google-pixel+p03_3_3+150cm,google-pixel,p03,150cm,16000,1.245,INSUFFICIENT_DATA,0.0,0.035196964231882545,6570.3125,7.810813903808594,-20.7921142578125,0.7692112816637096,0.2178508751145163,0.006902394075894254,0.0011348887767305734,0.0007622898069571557,0.00063632260474424,0.0007712012005169574,0.000580694886548232
google-pixel+p03_3_3+200cm,google-pixel,p03,200cm,16000,1.077,INSUFFICIENT_DATA,0.0,0.03610978225355414,7125.0,9.827377319335938,-21.605335235595703,0.8321545738251883,0.16031139817867857,0.004294043694750972,0.0005472229034089873,0.00021007135638841342,0.00015101270229865644,0.00015524648969488197,0.00012590241983397973
google-pixel+p03_3_3+300cm,google-pixel,p03,300cm,16000,1.175,INSUFFICIENT_DATA,0.0,0.01895462744978295,6710.9375,13.100395202636719,-24.92889404296875,0.8693649915438861,0.12526977962766997,0.0037899008394477987,0.00027246224612386386,5.6078452330590675e-05,2.0676864533588263e-05,2.3572841918748064e-05,1.1717624214306644e-05
google-pixel+p03_3_4+150cm,google-pixel,p03,150cm,16000,1.105,INSUFFICIENT_DATA,0.0,0.1122234951769922,6000.0,11.951393127441406,-24.28227424621582,0.9852780117265667,0.004481550530255883,0.0035223829159398805,0.0011243413973266122,0.0010225707689537928,0.001317236045429681,0.001641348803651792,0.001361803663343698
google-pixel+p03_3_4+300cm,google-pixel,p03,300cm,16000,1.105,INSUFFICIENT_DATA,0.0,0.007568891028973918,4398.4375,7.728462219238281,-23.881305694580078,0.803514691035634,0.1869177586942843,0.006043945222107545,0.0006137354766017471,6.587272024305111e-05,1.3208391426782776e-05,8.255807653586278e-06,5.445125806431081e-06
google-pixel+p03_3_5+150cm,google-pixel,p03,150cm,16000,1.508,INSUFFICIENT_DATA,0.0,0.022123285142583257,6968.75,8.418548583984375,-19.30889892578125,0.8680052684560213,0.11951311504915584,0.005925547112092864,0.0016199146261480298,0.000733728412221092,0.0007453999135329279,0.0008081078523505503,0.0006456214448846315
google-pixel+p03_3_5+200cm,google-pixel,p03,200cm,16000,1.508,INSUFFICIENT_DATA,0.0,0.013665479577713142,7445.3125,9.734649658203125,-18.71532440185547,0.888678548565042,0.10072918067877745,0.0043240408865989535,0.000764226698791411,0.00023493303962427838,0.00015408482248786506,0.0001516671928565073,0.00012956543902211702
google-pixel+p03_3_5+300cm,google-pixel,p03,300cm,16000,1.508,INSUFFICIENT_DATA,0.0,0.0052779005807308595,4179.6875,12.253837585449219,-22.49845314025879,0.8713837623583379,0.12156947231203694,0.0024198280442214834,0.00023547118796664237,2.7377762658601676e-05,8.01528016015766e-06,7.818864354581917e-06,4.9391329786374065e-06
google-pixel+p03_4_1+150cm,google-pixel,p03,150cm,16000,1.4,INSUFFICIENT_DATA,0.0,0.13827887209232495,7304.6875,9.654586791992188,-22.15633773803711,0.9171408543374436,0.0580123111073932,0.01713101476848885,0.0016052498892085098,0.0007608730974043631,0.0009533921829659065,0.0011496363781024893,0.0009457023320453148
google-pixel+p03_4_2+150cm,google-pixel,p03,150cm,16000,1.253,INSUFFICIENT_DATA,0.0,0.08098721980076234,6007.8125,10.759803771972656,-21.94424057006836,0.8881609792209924,0.06278270918437212,0.04011917073161259,0.0017236636446249876,0.0009185000461514454,0.0009961470145109963,0.0011730053968817915,0.0009329341769115419
google-pixel+p03_4_2+300cm,google-pixel,p03,300cm,16000,1.333,INSUFFICIENT_DATA,0.0,0.017194135955966947,6687.5,15.465705871582031,-24.288312911987305,0.951948895361134,0.02984207078345162,0.016545387383753697,0.0003061562670275169,4.8732406321708464e-05,3.048322801778126e-05,4.947691089078975e-05,3.232180378860708e-05
google-pixel+p03_4_3+150cm,google-pixel,p03,150cm,16000,0.982,INSUFFICIENT_DATA,0.0,0.023434176441078248,7390.625,8.14715576171875,-17.488649368286133,0.8699524441765787,0.11886641903142511,0.0038908655856122482,0.0011299148606372174,0.0006569599234161211,0.000662720833033499,0.0007330739017925019,0.0006177573471294435
google-pixel+p03_4_4+200cm,google-pixel,p03,200cm,16000,1.228,INSUFFICIENT_DATA,0.0,0.01689642390679061,4039.0625,8.247016906738281,-18.748266220092773,0.8720429011905555,0.12020936773970907,0.004257619972911388,0.0013075149516575198,0.00025284489648445753,0.00016365097940331514,0.00013906975670407803,0.00011483297999232802
google-pixel+p03_4_4+300cm,google-pixel,p03,300cm,16000,1.07,INSUFFICIENT_DATA,0.0,0.007693662682857096,4203.125,8.916999816894531,-22.10797882080078,0.8593126960861883,0.13463224234127316,0.0027102082330884964,0.0002687547318186361,1.5239224691241517e-05,6.720844297101426e-06,6.019072596318659e-06,3.989291515702458e-06
google-pixel+p03_4_5+150cm,google-pixel,p03,150cm,16000,1.183,INSUFFICIENT_DATA,0.0,0.05171553819542196,7054.6875,10.9754638671875,-20.078638076782227,0.8816238090503302,0.06513362288440777,0.046113280835236935,0.001417034178074212,0.0007677389958583974,0.0007234114333882018,0.0009051524403792095,0.0006388081807066014
google-pixel+p03_4_5+200cm,google-pixel,p03,200cm,16000,1.183,INSUFFICIENT_DATA,0.0,0.012908595264834932,5539.0625,10.451278686523438,-18.827903747558594,0.898022609284389,0.0829447840334765,0.014205933880987755,0.0010380054567661592,0.00034787707580066855,0.00030008219197350634,0.00028300671044878095,0.00015929243141286716
google-pixel+p03_5_1+150cm,google-pixel,p03,150cm,16000,1.911,INSUFFICIENT_DATA,0.0,0.029036908968019613,7359.375,9.801300048828125,-18.90169334411621,0.9140424313957907,0.07329124974510141,0.007785006937736823,0.0008215183662836239,0.0006820484851600468,0.0006553632867160096,0.0009729010756805963,0.0007258107491695711
google-pixel+p03_5_2+150cm,google-pixel,p03,150cm,16000,1.561,INSUFFICIENT_DATA,0.0,0.08655144597592712,6328.125,8.558212280273438,-21.01435089111328,0.8695741357617749,0.1187846542694002,0.006196630573662119,0.0009996773012959914,0.0007328164994952492,0.0008959445339844395,0.0012143629825124777,0.0008372937800458428
google-pixel+p03_5_2+200cm,google-pixel,p03,200cm,16000,1.613,INSUFFICIENT_DATA,0.0,0.015518739224637186,6945.3125,8.7083740234375,-18.44597053527832,0.8047421088351383,0.1892617852138364,0.004193404794673291,0.0004062463551850074,0.00022651537923349904,0.00017080593346154922,0.00019723266369520747,0.00017423264341692967
google-pixel+p03_5_2+300cm,google-pixel,p03,300cm,16000,1.613,INSUFFICIENT_DATA,0.0,0.005553851799310569,4078.125,10.272895812988281,-21.305797576904297,0.8401523598618104,0.1554000056134409,0.003561583255695505,0.00012151462784702181,3.1218604949695506e-05,6.752249027229779e-06,5.365863479636434e-06,3.856979211813413e-06
google-pixel+p03_5_3+150cm,google-pixel,p03,150cm,16000,1.754,INSUFFICIENT_DATA,0.0,0.08257505558541148,6648.4375,7.969871520996094,-20.94915008544922,0.8045074637183761,0.1794335647609771,0.009714025912738077,0.0015398476310741825,0.0008510950318506322,0.0008134861968146919,0.0009175153823062622,0.0007256907612158715
google-pixel+p03_5_3+200cm,google-pixel,p03,200cm,16000,1.526,INSUFFICIENT_DATA,0.0,0.017086598416566217,4500.0,8.913909912109375,-18.21222686767578,0.8516473956371079,0.1374386747489398,0.00902451478993489,0.0004682208199448535,0.0001528572417226835,8.618185695432865e-05,8.12248659078486e-05,6.340667346177342e-05
google-pixel+p03_5_3+300cm,google-pixel,p03,300cm,16000,1.491,INSUFFICIENT_DATA,0.0,0.003909030588097602,4312.5,8.084564208984375,-20.88384437561035,0.9092006886171667,0.08233203088366464,0.006845977680945393,0.0001394894070501909,3.461602604647602e-05,6.065856361125372e-06,5.024703787195477e-06,3.388928971340964e-06
google-pixel+p03_5_4+150cm,google-pixel,p03,150cm,16000,1.456,INSUFFICIENT_DATA,0.0,0.10332266266977883,4570.3125,7.030052185058594,-21.744464874267578,0.8611905336659411,0.11192973711328852,0.020134490411989593,0.0010106653432380207,0.0008611176079028421,0.0008938923943001174,0.0010640058409728658,0.0008591662513717922
google-pixel+p03_5_4+300cm,google-pixel,p03,300cm,16000,1.42,INSUFFICIENT_DATA,0.0,0.007037282277080349,7085.9375,7.306190490722656,-24.170801162719727,0.7865542517705167,0.20733187983276788,0.003354835678432604,0.00019587882306087921,7.161832553776999e-05,1.87037883093879e-05,1.5564264320623368e-05,1.0287714507382833e-05
google-pixel+p03_6_1+200cm,google-pixel,p03,200cm,16000,1.42,INSUFFICIENT_DATA,0.0,0.009858299426485728,4867.1875,9.435226440429688,-19.522785186767578,0.8887590724995358,0.09896042747996751,0.008288505792704856,0.0006449355037278637,0.00037910621551010546,0.0002593215762068013,0.0002139611839299466,0.0001350822155104689
google-pixel+p03_6_1+300cm,google-pixel,p03,300cm,16000,1.42,INSUFFICIENT_DATA,0.0,0.004474337821521308,4109.375,7.498863220214844,-22.137001037597656,0.8916566475384007,0.10072189375319789,0.0057781295636985365,8.916298512146682e-05,5.477067665553667e-05,1.077529492322474e-05,7.829393296821249e-06,5.354718747813652e-06
google-pixel+p03_6_2+150cm,google-pixel,p03,150cm,16000,1.578,INSUFFICIENT_DATA,0.0,0.04902604411178366,7125.0,8.339859008789062,-20.432384490966797,0.8979790483025845,0.08928772286727882,0.007076880953778423,0.0010040168054829969,0.0009053294416942309,0.0008891457576989706,0.0010728121730415776,0.0007800072073031798
google-pixel+p03_6_2+200cm,google-pixel,p03,200cm,16000,1.438,INSUFFICIENT_DATA,0.0,0.015653990674449537,7851.5625,8.706207275390625,-19.415428161621094,0.8784858173986493,0.11626908048623757,0.0030834818954118947,0.000315131259945958,0.00023536465547745577,0.0001929955945075012,0.00017959397956246115,0.00015525921220212535
google-pixel+p03_6_2+300cm,google-pixel,p03,300cm,16000,1.438,INSUFFICIENT_DATA,0.0,0.004760825682788711,4109.375,9.952705383300781,-22.637645721435547,0.9175795126785813,0.0787012092098083,0.0023536149624600747,9.019477505383377e-05,3.5396380782086185e-05,9.921506624109149e-06,8.199956640169687e-06,4.935652710706478e-06
google-pixel+p03_6_3+150cm,google-pixel,p03,150cm,16000,1.789,INSUFFICIENT_DATA,0.0,0.03835091589420282,6867.1875,7.938331604003906,-19.804431915283203,0.9133193520247538,0.06715295689111184,0.013435516714097444,0.0011153132712701627,0.00090123869506969,0.0007606937355731137,0.0008977200363174698,0.0006651100603122388
google-pixel+p03_6_3+200cm,google-pixel,p03,200cm,16000,1.789,INSUFFICIENT_DATA,0.0,0.008920952554265331,5140.625,7.2042083740234375,-18.368288040161133,0.9351887834620319,0.0506717725578951,0.011786998053544509,0.0008435945633246626,0.0003804440285095759,0.00024081804874924125,0.0002462984015656973,0.00017345304286336112
google-pixel+p03_6_3+300cm,google-pixel,p03,300cm,16000,1.789,INSUFFICIENT_DATA,0.0,0.0030914169702219324,4132.8125,11.784515380859375,-22.32834243774414,0.9531257131042496,0.037806159484968724,0.00835679036431796,0.0002635593612582928,0.00011909887895185588,9.298926641897322e-06,8.211929515099713e-06,4.984614326080764e-06
google-pixel+p03_6_4+150cm,google-pixel,p03,150cm,16000,1.44,INSUFFICIENT_DATA,0.0,0.1150498744835118,7304.6875,6.6235809326171875,-22.220552444458008,0.7403034240345451,0.2451587845756444,0.0069995983050044185,0.0012217609961791014,0.0008003489368390392,0.0008911080446843901,0.0010210044830026217,0.0008360725705057486
google-pixel+p03_6_4+200cm,google-pixel,p03,200cm,16000,1.42,INSUFFICIENT_DATA,0.0,0.02372069295029642,5750.0,10.970932006835938,-20.5125732421875,0.8657065248730813,0.12718433219596736,0.0050080017401765275,0.0007234369017921882,0.00019846636633941928,0.00011572141281736319,0.00010388471948573151,7.810751173294457e-05
google-pixel+p04_1_1+150cm,google-pixel,p04,150cm,16000,0.82,INSUFFICIENT_DATA,0.0,0.02588554308255465,6882.8125,11.174758911132812,-20.176008224487305,0.9580407471540583,0.018092717593368467,0.01744144621312306,0.00244456263156271,0.0008130151011626166,0.0007290240114726359,0.0007904059701074618,0.0005478579739205201
google-pixel+p04_1_1+300cm,google-pixel,p04,300cm,16000,0.82,INSUFFICIENT_DATA,0.0,0.005624432906269065,6398.4375,8.434486389160156,-30.859169006347656,0.7996062594319724,0.16736340264287217,0.020570108707006176,0.000567416023337508,6.586400532204667e-05,4.769058241984083e-05,4.099156577355953e-05,2.796993636816564e-05
google-pixel+p04_1_3+150cm,google-pixel,p04,150cm,16000,1.434,INSUFFICIENT_DATA,0.0,0.09696563534780839,4234.375,9.112525939941406,-23.041561126708984,0.9504507311483062,0.0330428359714272,0.005653112248942651,0.0021958094587548613,0.0015523268223232472,0.001537898859267507,0.0018340714078929126,0.0014930032387724767
google-pixel+p04_1_3+200cm,google-pixel,p04,200cm,16000,1.434,INSUFFICIENT_DATA,0.0,0.006757719218003326,7343.75,10.233192443847656,-19.71373748779297,0.9356882799654324,0.055848618740187365,0.004501366609711824,0.0009552539126736965,0.0003753436148864293,0.00018876427545623642,0.0001727367049433708,0.00014129822771526262
google-pixel+p04_1_3+300cm,google-pixel,p04,300cm,16000,1.517,INSUFFICIENT_DATA,0.0,0.003109964082593884,4234.375,15.865402221679688,-23.36349868774414,0.9405482444576969,0.05465983945254525,0.003623432173810067,0.000442092502961844,5.0418220955853444e-05,1.0402081003193292e-05,9.11660991202388e-06,5.735015155775008e-06
google-pixel+p04_1_4+150cm,google-pixel,p04,150cm,16000,1.681,INSUFFICIENT_DATA,0.0,0.04462996364725524,4140.625,15.074844360351562,-21.491395950317383,0.9655451004302278,0.014799459488719873,0.011347692781378746,0.002333119616181073,0.002036679897732941,0.0010971163659749933,0.0012312159086003951,0.0009100447519991022
google-pixel+p04_1_4+200cm,google-pixel,p04,200cm,16000,1.783,INSUFFICIENT_DATA,0.0,0.006079255453039557,4234.375,9.743690490722656,-18.52845001220703,0.9624047856122361,0.03178110863585404,0.0031057806061902545,0.0017253680714374576,0.00033013862945621914,0.0001985252151095808,0.00022693384180488883,0.0001726525247330902
google-pixel+p04_1_5+150cm,google-pixel,p04,150cm,16000,1.783,INSUFFICIENT_DATA,0.0,0.029371453754093443,4250.0,10.831504821777344,-20.020164489746094,0.9659653825222956,0.022130139512403318,0.00383070614861742,0.0025593349993256087,0.0014990716950060488,0.000912780837774458,0.0011476115246264783,0.0008283672537994992
google-pixel+p04_1_5+200cm,google-pixel,p04,200cm,16000,1.783,INSUFFICIENT_DATA,0.0,0.013150707504110164,4250.0,14.445762634277344,-20.24350357055664,0.9134063323980509,0.06681487115170434,0.010722086783139573,0.0031033070290613692,0.0006473426374458172,0.0001879935949529541,0.00019253015393886513,0.00015696596074002596
google-pixel+p04_2_1+150cm,google-pixel,p04,150cm,16000,1.472,INSUFFICIENT_DATA,0.0,0.13932958578638757,7031.25,18.338470458984375,-22.187864303588867,0.9154653979917952,0.05983247008871362,0.00890513969292875,0.0021070722389624776,0.0026493444092205286,0.0023222718605224544,0.0028029275658613202,0.0033312055422944887
google-pixel+p04_2_1+200cm,google-pixel,p04,200cm,16000,1.472,INSUFFICIENT_DATA,0.0,0.018974713204254055,6492.1875,12.488792419433594,-20.673603057861328,0.951700603067792,0.04133553870168704,0.003770399742572025,0.0005351577112641476,0.00012280072915931702,0.00015978089505429234,0.0002047954098168558,0.00013486942445032726
google-pixel+p04_2_1+300cm,google-pixel,p04,300cm,16000,1.332,INSUFFICIENT_DATA,0.0,0.005386801206852996,4242.1875,8.507278442382812,-23.841264724731445,0.9296623507016565,0.06453409767357693,0.003412910725719217,0.0002157967562410025,3.1453886873850196e-05,1.1650714325463833e-05,1.1105998025735403e-05,8.851506523399688e-06
google-pixel+p04_2_2+200cm,google-pixel,p04,200cm,16000,1.712,INSUFFICIENT_DATA,0.0,0.015080180312954156,7007.8125,21.223541259765625,-19.70443344116211,0.9587595921845166,0.03222003265478357,0.005103659675023608,0.0012456906041581881,0.0006074561317185698,0.0003505958872327931,0.0004980378580607247,0.0006361126291202919
google-pixel+p04_2_2+300cm,google-pixel,p04,300cm,16000,1.712,INSUFFICIENT_DATA,0.0,0.007712894610241663,7007.8125,23.90526580810547,-23.052520751953125,0.9683309032457789,0.028573012871262373,0.0020003588712678403,0.0002525285583887175,0.00016412311769127452,4.974338156126277e-05,7.734612064262136e-05,7.80417085017107e-05
google-pixel+p04_2_3+150cm,google-pixel,p04,150cm,16000,1.865,INSUFFICIENT_DATA,0.0,0.0643776400190687,4335.9375,16.856231689453125,-20.1557559967041,0.859418565495568,0.11495767546148583,0.010195599351733451,0.004105975000114224,0.0021098808607528993,0.0009530997464624029,0.0016407915655037263,0.0016885592032275314
google-pixel+p04_2_3+200cm,google-pixel,p04,200cm,16000,1.865,INSUFFICIENT_DATA,0.0,0.01948979482004485,6945.3125,22.859756469726562,-20.705535888671875,0.9045296714306056,0.07701477617614083,0.00728079345396874,0.00434456825664102,0.0015195837995159655,0.0003625033398289661,0.0008949320477430023,0.0009105087548529006
google-pixel+p04_2_4+150cm,google-pixel,p04,150cm,16000,1.824,INSUFFICIENT_DATA,0.0,0.056271364972278554,4375.0,8.801551818847656,-21.437496185302734,0.9564428101797536,0.0348892572488415,0.0019766541902773386,0.000800689905636937,0.0008815704918936169,0.0010940730845749188,0.0010793886972758865,0.0009772199239851808
google-pixel+p04_2_4+200cm,google-pixel,p04,200cm,16000,1.824,INSUFFICIENT_DATA,0.0,0.023208668038892467,5679.6875,19.937789916992188,-21.639022827148438,0.950193297860273,0.03381515114003521,0.007003118759052676,0.004800865021927933,0.0018830160227144748,0.0006094135786459182,0.0007850669608545467,0.00046785019064783087
google-pixel+p04_2_5+150cm,google-pixel,p04,150cm,16000,1.435,INSUFFICIENT_DATA,0.0,0.13995955716887995,5976.5625,8.977310180664062,-23.572385787963867,0.962343492541935,0.027085591428788115,0.0024666165211280973,0.0011549855385011225,0.0009094345738329,0.0011722715481640054,0.0014465864823577483,0.0011642286796681855
google-pixel+p04_2_5+200cm,google-pixel,p04,200cm,16000,1.681,INSUFFICIENT_DATA,0.0,0.01557378618226123,5945.3125,12.062210083007812,-20.09683609008789,0.9027344649189295,0.0878289988668914,0.003916310483479928,0.0023073331114994017,0.00026266690854593276,0.00025982472063095906,0.00025350197429472487,0.00018071150632484738
google-pixel+p04_2_5+300cm,google-pixel,p04,300cm,16000,1.435,INSUFFICIENT_DATA,0.0,0.005963480606795734,7093.75,6.7120819091796875,-24.26908302307129,0.9414724945863865,0.05467512251431314,0.0013773184517903176,0.00017344464358488775,1.8547034881044763e-05,1.3412554644263892e-05,1.2042056632558072e-05,8.383511571628557e-06
google-pixel+p04_3_1+200cm,google-pixel,p04,200cm,16000,1.681,INSUFFICIENT_DATA,0.0,0.024817702782005954,7093.75,21.62335968017578,-21.57243537902832,0.9521286663632963,0.038250702139235794,0.00446129927459844,0.0007881154427599283,0.0015538132904469623,0.000631305251106294,0.0005089516622231654,0.0005775744673210243
google-pixel+p04_3_1+300cm,google-pixel,p04,300cm,16000,1.681,INSUFFICIENT_DATA,0.0,0.012122260538347538,7093.75,19.4361572265625,-24.710233688354492,0.9506346764885781,0.04512224612992244,0.001818271564765027,0.0001681865076137078,0.00042897187582419284,0.00011157499880573517,8.253914593950524e-05,7.142614522105666e-05
google-pixel+p04_3_2+150cm,google-pixel,p04,150cm,16000,1.865,INSUFFICIENT_DATA,0.0,0.05992555291253216,5273.4375,10.457206726074219,-20.549924850463867,0.9279718614997776,0.0568137322376547,0.007646678222897433,0.0015900191663040858,0.0014950826170711906,0.0012640604201400475,0.0011765807879923855,0.0007677331929786176
google-pixel+p04_3_2+200cm,google-pixel,p04,200cm,16000,1.68,INSUFFICIENT_DATA,0.0,0.019234187871948683,7101.5625,18.052627563476562,-20.535051345825195,0.9365424343229938,0.052445899042054545,0.004742822616911154,0.0011616803553947594,0.0012001815544872183,0.0010944453073648609,0.0011456713049991447,0.0007285933716002008
google-pixel+p04_3_2+300cm,google-pixel,p04,300cm,16000,1.865,INSUFFICIENT_DATA,0.0,0.006750128476326084,5187.5,17.321006774902344,-23.065536499023438,0.9439012536286464,0.05116204440856042,0.0016119296876265891,0.0001113038120032001,0.00010189582258677508,7.641496765160735e-05,5.34093174492448e-05,3.317873736459912e-05
google-pixel+p04_3_3+150cm,google-pixel,p04,150cm,16000,1.633,INSUFFICIENT_DATA,0.0,0.14551652039786603,6914.0625,7.8050689697265625,-22.625225067138672,0.8953829368120637,0.07512054628706011,0.010454507499171265,0.0014920897572691203,0.0008958853701042853,0.0010789018388628916,0.0013281587201417473,0.0011971672265774483
google-pixel+p04_3_3+200cm,google-pixel,p04,200cm,16000,1.421,INSUFFICIENT_DATA,0.0,0.026798158726691,4546.875,10.933792114257812,-21.335113525390625,0.8824565183724894,0.10455951647298542,0.010414759913945934,0.0008840064131066802,0.0002223735869119714,0.0001510149473756588,0.00016462164491233756,0.00013966852276853676
google-pixel+p04_3_4+200cm,google-pixel,p04,200cm,16000,0.705,INSUFFICIENT_DATA,0.0,0.0256760316381614,5312.5,17.81494140625,-22.756305694580078,0.882607396301938,0.11297331752984975,0.0019991237937187437,0.0005845209113018665,0.00022249564466889866,0.000210298644099163,0.00015544221505101204,7.588596400418381e-05
google-pixel+p04_3_5+200cm,google-pixel,p04,200cm,16000,1.66,INSUFFICIENT_DATA,0.0,0.010101060624717325,7085.9375,8.42919921875,-19.557344436645508,0.9539231739158467,0.04128198747173581,0.0026202581085612844,0.0009628770709187808,0.00010365098611996105,8.834307614449356e-05,0.00011481877897550126,0.00011405857167729097
google-pixel+p04_4_1+150cm,google-pixel,p04,150cm,16000,1.332,INSUFFICIENT_DATA,0.0,0.1316059172401762,7117.1875,9.965225219726562,-23.715646743774414,0.9366661022248753,0.028836217705886586,0.023006908995762777,0.004354353799992614,0.0013229444572543398,0.0015866471950187928,0.001797431101480446,0.0017907106371875122
google-pixel+p04_4_1+200cm,google-pixel,p04,200cm,16000,1.332,INSUFFICIENT_DATA,0.0,0.018801601723697454,5968.75,9.405517578125,-20.492277145385742,0.9314828734966986,0.058871281786190006,0.004393091596370239,0.0009291642212334218,0.00024085625832193748,0.00014919772938287279,0.00014148974073643423,0.00010719324580816118
google-pixel+p04_4_2+150cm,google-pixel,p04,150cm,16000,2.091,INSUFFICIENT_DATA,0.0,0.036485140113552014,4117.1875,9.387420654296875,-19.922061920166016,0.9003073771320022,0.03796850683045006,0.050437586357477845,0.003998545516725409,0.001509757357284348,0.0007927217642989565,0.0008933548493686899,0.0006692809451211916
google-pixel+p04_4_2+200cm,google-pixel,p04,200cm,16000,1.599,INSUFFICIENT_DATA,0.0,0.025268292605139644,7007.8125,13.536056518554688,-22.474105834960938,0.8227446750683739,0.15536948391311947,0.016534068503268207,0.0023060256255448904,0.00031176637001335773,0.00017865290912169907,0.00020640787228063848,0.000201211898133902
google-pixel+p04_4_3+150cm,google-pixel,p04,150cm,16000,0.922,INSUFFICIENT_DATA,0.0,0.05333621459622989,4171.875,9.035362243652344,-19.697216033935547,0.9062935914465217,0.03582056233637304,0.04932542270991812,0.002407087485139723,0.001277348017745307,0.0008211073008305744,0.0008460320161177447,0.0006629671537199943
google-pixel+p04_4_3+200cm,google-pixel,p04,200cm,16000,0.963,INSUFFICIENT_DATA,0.0,0.019947202728046294,7031.25,10.643074035644531,-21.219562530517578,0.9277976580770126,0.038879844968318096,0.02713181980683593,0.0022432734618538764,0.000607334576209218,0.0004066087343402753,0.0003842621000291509,0.00028943273707560265
google-pixel+p04_4_3+300cm,google-pixel,p04,300cm,16000,1.027,INSUFFICIENT_DATA,0.0,0.00764585929890824,4179.6875,14.099273681640625,-24.831581115722656,0.9824648034248153,0.009269316076617412,0.006540179340881981,0.0002823475186754504,0.00012104763524098397,2.7298264068917613e-05,2.613197092010078e-05,1.5622765160728943e-05
google-pixel+p04_4_4+150cm,google-pixel,p04,150cm,16000,1.681,INSUFFICIENT_DATA,0.0,0.06758654153592307,7000.0,7.236480712890625,-22.29193687438965,0.9657702555018501,0.024395851763897115,0.0029227992470905757,0.0011702954354927341,0.0009705891224262645,0.0010624319356602263,0.0014011556949395014,0.0011720446745624932
google-pixel+p04_4_4+300cm,google-pixel,p04,300cm,16000,1.435,INSUFFICIENT_DATA,0.0,0.004744703826641612,5164.0625,6.167503356933594,-24.21953010559082,0.9407089079279022,0.05535875365433578,0.0014080704053273084,0.00017430515138923538,1.8945421741695067e-05,1.3200409099636632e-05,1.1472642764762286e-05,7.897465006708782e-06
google-pixel+p04_4_5+200cm,google-pixel,p04,200cm,16000,1.517,INSUFFICIENT_DATA,0.0,0.015247647205211202,7507.8125,10.204978942871094,-21.291162490844727,0.8536674346769493,0.12979076516192242,0.009467092128514454,0.001023539089159764,0.00015852076118645953,0.00011355712049465149,0.00011348998917637414,8.617811346843896e-05
google-pixel+p04_4_5+300cm,google-pixel,p04,300cm,16000,1.394,INSUFFICIENT_DATA,0.0,0.005488383811806391,4187.5,9.421363830566406,-24.069501876831055,0.8911897053618,0.0978997723419909,0.008149817196079746,0.00043261469549356167,3.187055423355339e-05,1.4244597092292418e-05,9.561049752643452e-06,6.509032327226825e-06
google-pixel+p04_5_1+150cm,google-pixel,p04,150cm,16000,2.562,INSUFFICIENT_DATA,0.0,0.04047327932250607,4085.9375,6.3292694091796875,-19.48944854736328,0.9060553266606058,0.06999671145926492,0.017969549678335035,0.001939631273202308,0.0007295482014469695,0.0006029599312425328,0.0007050973876431107,0.0005535846897151468
google-pixel+p04_5_2+150cm,google-pixel,p04,150cm,16000,2.111,INSUFFICIENT_DATA,0.0,0.02401784935700342,5062.5,7.60699462890625,-19.45452308654785,0.9017153483114947,0.07797059429202961,0.013831263450771673,0.002828891665012787,0.00068311346714923,0.0006949194248752936,0.0007205025838191175,0.0005178339628202208
google-pixel+p04_5_2+200cm,google-pixel,p04,200cm,16000,2.111,INSUFFICIENT_DATA,0.0,0.010549343599041954,4070.3125,11.107330322265625,-19.624725341796875,0.9211904756906466,0.06441971127434265,0.011412318691311133,0.0012883986626585392,0.00024705949215617974,0.00017467317789964223,0.00022180905118696136,0.00017908390241364697
google-pixel+p04_5_2+300cm,google-pixel,p04,300cm,16000,1.845,INSUFFICIENT_DATA,0.0,0.003001639113792434,4406.25,8.542610168457031,-22.18351173400879,0.9329861165231638,0.06348986286533277,0.0030090383157426594,0.0003044031419325144,1.6598600481631276e-05,8.449402040515063e-06,7.799492643504507e-06,5.560820776878363e-06
google-pixel+p04_5_3+200cm,google-pixel,p04,200cm,16000,2.214,INSUFFICIENT_DATA,0.0,0.007651508645067267,7234.375,8.988983154296875,-18.601673126220703,0.9453863671364072,0.034681214580978864,0.01635624295040815,0.0018852880196904684,0.00029202769032271836,0.00023698109421034397,0.00029846157158178903,0.00027020790309606636
google-pixel+p04_5_3+300cm,google-pixel,p04,300cm,16000,2.214,INSUFFICIENT_DATA,0.0,0.0030564209161905755,4554.6875,8.284873962402344,-22.019515991210938,0.9665060780828294,0.02469828877436554,0.00776175209906402,0.0005032716245538238,3.483530419733056e-05,8.961136226056222e-06,1.0154144686273262e-05,5.762480320043787e-06
google-pixel+p04_5_4+150cm,google-pixel,p04,150cm,16000,2.152,INSUFFICIENT_DATA,0.0,0.03086173665769262,4390.625,11.2738037109375,-21.007850646972656,0.9373696749906213,0.042765984369943014,0.008360301824459283,0.002246653063994937,0.0014927585196603612,0.0007799490497479636,0.0009713383783899969,0.0006702962843728972
google-pixel+p04_5_4+200cm,google-pixel,p04,200cm,16000,2.009,INSUFFICIENT_DATA,0.0,0.02447030476312734,4140.625,14.274177551269531,-21.58197784423828,0.9299191386339118,0.05584512133794989,0.006945166799263294,0.0025032883793087058,0.0008164442868053505,0.00021119009637460658,0.0002469216595267895,0.00018367868322933866
google-pixel+p04_5_4+300cm,google-pixel,p04,300cm,16000,2.091,INSUFFICIENT_DATA,0.0,0.005062472416507644,4390.625,19.285507202148438,-24.512508392333984,0.9476125863716311,0.045005266030372186,0.001931393118985339,0.00032024781732591757,0.00021897717545384706,2.6633075782320646e-05,3.045316787617088e-05,1.566461042158293e-05
google-pixel+p04_6_1+150cm,google-pixel,p04,150cm,16000,2.0,INSUFFICIENT_DATA,0.0,0.050760641849421424,4601.5625,6.971588134765625,-21.35428237915039,0.9247898171846556,0.05060188883521258,0.014365757357628508,0.0020665786870976053,0.001160597277300242,0.0007301197371967797,0.0008913329607435378,0.0005597822452502478
google-pixel+p04_6_1+200cm,google-pixel,p04,200cm,16000,2.0,INSUFFICIENT_DATA,0.0,0.01848477371222024,4250.0,16.216659545898438,-21.641754150390625,0.9089691931297034,0.07384415047543082,0.010325787709823165,0.0015324079999825256,0.0005404680130515685,0.0002768685901708067,0.0002654372156529586,0.0001667922786798175
google-pixel+p04_6_1+300cm,google-pixel,p04,300cm,16000,2.0,INSUFFICIENT_DATA,0.0,0.0042489917320917255,4250.0,8.570060729980469,-23.659849166870117,0.8946082898544089,0.09477008204602098,0.004767866908813246,0.0003665696610872861,4.487977320744225e-05,1.5795104222875312e-05,1.4248397713164173e-05,8.136087876185991e-06
google-pixel+p04_6_2+300cm,google-pixel,p04,300cm,16000,1.947,INSUFFICIENT_DATA,0.0,0.007588125606275774,4257.8125,17.52466583251953,-24.336135864257812,0.9806553498834238,0.01778901470287408,0.0007696678671460507,0.0003518857427578681,7.278005566031676e-05,6.213658508236505e-05,2.641613231181535e-05,1.1462197211370774e-05
google-pixel+p04_6_3+150cm,google-pixel,p04,150cm,16000,2.296,INSUFFICIENT_DATA,0.0,0.03275606986300541,nan,0.0,-18.601673126220703,0.9370112993662794,0.04268083470723289,0.0131712680772982,0.0025739475358383065,0.0007641312125797212,0.0007027556185806216,0.0008269844100089922,0.0005955954461505892
google-pixel+p04_6_3+200cm,google-pixel,p04,200cm,16000,2.296,INSUFFICIENT_DATA,0.0,0.011909101616107254,5695.3125,7.401527404785156,-19.331531524658203,0.9503221235940054,0.03888571799049847,0.007913241038282144,0.0015521823509299902,0.0002618458333598799,0.00022284206085719307,0.00021362899376250381,0.00017159136982824633
google-pixel+p04_6_4+200cm,google-pixel,p04,200cm,16000,2.152,INSUFFICIENT_DATA,0.0,0.01559445361713406,6984.375,8.758659362792969,-20.637866973876953,0.8685079132122437,0.12030751572445873,0.005604213987541102,0.0032030169133621307,0.0006023839833737303,0.00028558882690691347,0.00032755648065855664,0.00026351113606093456
google-pixel+p04_6_4+300cm,google-pixel,p04,300cm,16000,2.091,INSUFFICIENT_DATA,0.0,0.004991547760239662,4390.625,19.237167358398438,-24.755966186523438,0.9481960395095278,0.04473106170497255,0.0017957118479112592,0.00029824014514604315,0.00020873824782541634,2.681454953496444e-05,3.1032413283348594e-05,1.517539289211629e-05
google-pixel+p05_1_1+150cm,google-pixel,p05,150cm,16000,1.09,INSUFFICIENT_DATA,0.0,0.031541996265093075,6484.375,9.569999694824219,-20.016679763793945,0.9271807189587391,0.052151351959905765,0.01169087547794515,0.0035491135715093915,0.0010054417196487988,0.0010119578751754345,0.0010555687404172104,0.0008298237825833873
google-pixel+p05_1_1+300cm,google-pixel,p05,300cm,16000,1.512,INSUFFICIENT_DATA,0.0,0.09528545384044941,4148.4375,7.10675048828125,-35.59487533569336,0.941267843348979,0.0396397167802614,0.016414441458163596,0.0009498563900708413,0.00025662603024741116,0.00016077470145137913,0.00015325479186207512,9.553726452013609e-05
google-pixel+p05_1_2+150cm,google-pixel,p05,150cm,16000,1.345,INSUFFICIENT_DATA,0.0,0.043577287739546354,7390.625,8.790885925292969,-20.079137802124023,0.9236064336901051,0.039419405304807614,0.030332958537033335,0.0013754212012102372,0.0007583318606834984,0.000844970392911985,0.0010723798192910732,0.0008772819819449762
google-pixel+p05_1_3+150cm,google-pixel,p05,150cm,16000,1.221,INSUFFICIENT_DATA,0.0,0.05013802328170591,7015.625,9.015159606933594,-20.45090103149414,0.9202988461062361,0.03797381515015322,0.0324452955046308,0.0013821202521155885,0.0007562582119355066,0.0009388157121407918,0.0010245560500920408,0.0008148292951409096
google-pixel+p05_1_3+200cm,google-pixel,p05,200cm,16000,1.151,INSUFFICIENT_DATA,0.0,0.08288548792644525,7171.875,11.018302917480469,-20.978715896606445,0.9737797179965372,0.020934551769709424,0.002034906431609427,0.00032800612299891535,4.2569650143087355e-05,3.302035243628106e-05,4.674445644972437e-05,3.622687870477697e-05
google-pixel+p05_1_3+300cm,google-pixel,p05,300cm,16000,1.151,INSUFFICIENT_DATA,0.0,0.04566892156776503,4164.0625,7.544624328613281,-24.727832794189453,0.9455174705693616,0.031015491425803683,0.021486627630394863,0.000338697638489593,5.5104707846162896e-05,1.5044974408382414e-05,1.4316586616027861e-05,8.41119206232113e-06
google-pixel+p05_1_4+150cm,google-pixel,p05,150cm,16000,1.285,INSUFFICIENT_DATA,0.0,0.15782219110283918,6671.875,8.820732116699219,-23.619953155517578,0.9350174928911148,0.012767393197612813,0.04272346118453126,0.0015168071251399555,0.000974533309418339,0.001415114337824189,0.0018641952863620555,0.0013790660464163174
google-pixel+p05_1_5+150cm,google-pixel,p05,150cm,16000,1.569,INSUFFICIENT_DATA,0.0,0.15258294796370353,6437.5,10.91363525390625,-19.97610855102539,0.9443765629648646,0.023721215829091712,0.022345794280309333,0.0012809579013505553,0.000733355539115339,0.0010272685586201807,0.0014648309251629739,0.0010575299429066345
google-pixel+p05_1_5+200cm,google-pixel,p05,200cm,16000,1.345,INSUFFICIENT_DATA,0.0,0.14516986448271663,4500.0,15.865890502929688,-21.189865112304688,0.9492865997954472,0.02803829142373099,0.017877079912766783,0.0011903173731282924,0.00017173567031783,3.761454454781068e-05,2.9721262171364264e-05,2.5679911744845162e-05
google-pixel+p05_2_1+200cm,google-pixel,p05,200cm,16000,1.45,INSUFFICIENT_DATA,0.0,0.0673611607109676,7070.3125,11.443038940429688,-20.509212493896484,0.9319606109627915,0.04825325897651761,0.01563532337388203,0.0014843075976624953,0.00012930407936420407,8.953222470606281e-05,8.015570108658025e-05,6.158426734115082e-05
google-pixel+p05_2_2+200cm,google-pixel,p05,200cm,16000,1.375,INSUFFICIENT_DATA,0.0,0.12783612286638255,4281.25,22.85932159423828,-21.259824752807617,0.9426109321594454,0.018127978184383116,0.027201021100609766,0.01005221782268074,0.0007527250789567013,0.0002205344262932894,8.09734390701318e-05,5.741415153300094e-05
google-pixel+p05_2_2+300cm,google-pixel,p05,300cm,16000,1.39,INSUFFICIENT_DATA,0.0,0.09579654540191902,4156.25,14.200103759765625,-26.502063751220703,0.9591276222196705,0.022748599455277126,0.013683426914690813,0.0028809291954891843,0.00020606361714565842,8.051576006692991e-05,3.24526626531483e-05,2.1412977464883666e-05
google-pixel+p05_2_3+200cm,google-pixel,p05,200cm,16000,1.151,INSUFFICIENT_DATA,0.0,0.157780762002304,4507.8125,18.368370056152344,-21.558439254760742,0.8934638865173615,0.03870972482697855,0.051929406297571305,0.01317643348279374,0.0009082345771516825,0.00029617087810514367,0.00017202294744985121,8.260739523184727e-05
google-pixel+p05_2_3+300cm,google-pixel,p05,300cm,16000,1.151,INSUFFICIENT_DATA,0.0,0.1128699041305504,4507.8125,14.146896362304688,-24.926593780517578,0.9337879647322105,0.03203418391932968,0.029045212670191976,0.0034776812388033827,0.00033580486572772447,8.417272140612825e-05,3.40544334008706e-05,1.5123242222135938e-05
google-pixel+p05_2_4+150cm,google-pixel,p05,150cm,16000,1.497,INSUFFICIENT_DATA,0.0,0.08886816061437956,6882.8125,9.794174194335938,-20.245637893676758,0.9505286969756347,0.012391151408680183,0.030079628562887765,0.0021406783345440292,0.0008631694953747085,0.0010961762074761935,0.001374720230571365,0.00109975016468612
google-pixel+p05_2_4+200cm,google-pixel,p05,200cm,16000,1.41,INSUFFICIENT_DATA,0.0,0.08220625414642992,5656.25,14.952705383300781,-18.628427505493164,0.9241910453868004,0.024827965262278397,0.032837709061701185,0.016741415569972218,0.0003915504236378498,0.00018615736432502165,9.055843296252657e-05,4.8747394069550645e-05
google-pixel+p05_2_5+200cm,google-pixel,p05,200cm,16000,1.42,INSUFFICIENT_DATA,0.0,0.09391982062722944,4539.0625,10.449081420898438,-19.76933479309082,0.9376288968567816,0.05056716147982588,0.006116441056531756,0.0018616849638986648,0.00039971165155756525,0.0003081366823470386,0.00027962629236694467,0.00016485285886972263
google-pixel+p05_2_5+300cm,google-pixel,p05,300cm,16000,1.764,INSUFFICIENT_DATA,0.0,0.04748699707723267,4593.75,11.178855895996094,-24.649490356445312,0.943631472788886,0.03928799004142508,0.01216797196054458,0.0005647815955167815,8.210475160517469e-05,4.185733388732121e-05,1.2117024438330663e-05,8.486543731575052e-06
google-pixel+p05_3_1+200cm,google-pixel,p05,200cm,16000,1.405,INSUFFICIENT_DATA,0.0,0.09747578371301634,4218.75,18.47809600830078,-20.701114654541016,0.9680241726247105,0.015559443689992371,0.006524690262236662,0.007931170457407544,0.0003355121543061771,0.00018626423932043056,0.00011702509853211115,5.898598845699176e-05
google-pixel+p05_3_2+200cm,google-pixel,p05,200cm,16000,1.211,INSUFFICIENT_DATA,0.0,0.05189683534674127,5648.4375,15.355072021484375,-19.63245964050293,0.9441512935253671,0.03839579015400987,0.006060404388300503,0.009126461947567412,0.0003353753607860185,0.0003193746972006442,0.00021466430065600285,0.0001220945196445366
google-pixel+p05_3_2+300cm,google-pixel,p05,300cm,16000,1.42,INSUFFICIENT_DATA,0.0,0.03723828151996899,4164.0625,12.379783630371094,-22.84185218811035,0.95317298549506,0.03861899302263836,0.002191750311722769,0.001612913684345921,0.00013188031323267715,7.028970390083887e-05,2.8724893850645798e-05,1.3100502371797575e-05
google-pixel+p05_3_3+150cm,google-pixel,p05,150cm,16000,1.068,INSUFFICIENT_DATA,0.0,0.07263288364819492,7367.1875,9.546409606933594,-20.07830047607422,0.8224073221003696,0.12192862824092804,0.04699258855296024,0.00355926764194288,0.0007238853724527899,0.0006303905188191145,0.0007067756243167874,0.0006479432375999417
google-pixel+p05_3_3+300cm,google-pixel,p05,300cm,16000,1.068,INSUFFICIENT_DATA,0.0,0.08110666525818576,5234.375,11.419410705566406,-24.452770233154297,0.9626437179456651,0.0276820425549186,0.007924576534882748,0.0003966322502220188,0.00011326176368847295,7.787062028298048e-05,2.5176264537603253e-05,1.505500830258947e-05
google-pixel+p05_3_4+150cm,google-pixel,p05,150cm,16000,1.512,INSUFFICIENT_DATA,0.0,0.05860445223024593,6757.8125,7.675163269042969,-19.384035110473633,0.8828787791529908,0.04022363780812208,0.06869347536189124,0.002046913251328011,0.0008533716657944852,0.0009083470548918155,0.0011287815443282827,0.0009351802906475272
google-pixel+p05_3_4+300cm,google-pixel,p05,300cm,16000,1.09,INSUFFICIENT_DATA,0.0,0.019767325848008197,6500.0,14.924934387207031,-26.58332061767578,0.9110463522070524,0.0633043888888341,0.022515630035921868,0.0015050067331325205,0.00018190004760791897,5.087820275290252e-05,6.784940817696779e-05,1.4123007656248245e-05
google-pixel+p05_3_5+150cm,google-pixel,p05,150cm,16000,1.33,INSUFFICIENT_DATA,0.0,0.43922404255359093,7539.0625,6.577949523925781,-24.266822814941406,0.9581460649800037,0.02954870582607246,0.00393173522391675,0.0015099613253627372,0.0010305480601014293,0.001310845950511639,0.0017088956330925209,0.0013623986988042344
google-pixel+p05_3_5+200cm,google-pixel,p05,200cm,16000,1.181,INSUFFICIENT_DATA,0.0,0.039698102064595,5132.8125,10.555397033691406,-19.410144805908203,0.8791897210618086,0.0363642829118895,0.08077886079316052,0.0015083303120697244,0.0001477018904474893,0.00010712874650110104,7.752444058868084e-05,6.345630512163587e-05
google-pixel+p05_4_1+200cm,google-pixel,p05,200cm,16000,1.45,INSUFFICIENT_DATA,0.0,0.0686672900399968,4492.1875,11.368247985839844,-20.557497024536133,0.932583549416597,0.04800601870680644,0.015254638643636716,0.0014733565104938814,0.00013189630703028233,9.181829841818527e-05,7.990121648830838e-05,6.226255219987737e-05
google-pixel+p05_4_1+300cm,google-pixel,p05,300cm,16000,1.322,INSUFFICIENT_DATA,0.0,0.05236244426862446,4171.875,9.792167663574219,-25.44095230102539,0.9414755163425635,0.023084325271833368,0.03364802832074745,0.0007671978018086251,0.00010392452765248104,2.366011471649069e-05,1.668737640790031e-05,1.0375381926363819e-05
google-pixel+p05_4_2+200cm,google-pixel,p05,200cm,16000,1.42,INSUFFICIENT_DATA,0.0,0.08665221658547495,5632.8125,21.776718139648438,-23.225994110107422,0.9025534496038278,0.06363140538841458,0.030175827824727774,0.0012338953265773392,0.00033768191828498586,0.0005484735179121782,0.0002367016495981762,0.00010732688195905098
google-pixel+p05_4_4+200cm,google-pixel,p05,200cm,16000,1.764,INSUFFICIENT_DATA,0.0,0.0697729554837415,4468.75,12.688819885253906,-20.57958984375,0.9372226494566768,0.04837561808455474,0.010175751818384282,0.0011547078729281291,0.00029582827483268893,0.00022468272524323778,0.00017543641173682812,0.00011762997562998493
google-pixel+p05_4_4+300cm,google-pixel,p05,300cm,16000,1.212,INSUFFICIENT_DATA,0.0,0.045328791901718186,4554.6875,9.903152465820312,-23.941774368286133,0.9528333871777095,0.034531271522000466,0.010452519767054467,0.0006476019657740132,8.834032761508697e-05,3.801495536869373e-05,2.145936926602243e-05,1.2650789513422247e-05
google-pixel+p05_4_5+200cm,google-pixel,p05,200cm,16000,1.39,INSUFFICIENT_DATA,0.0,0.028651274993545302,5429.6875,10.735252380371094,-20.053173065185547,0.8993020144746181,0.07083148306864981,0.024680266260532976,0.002378629228327884,0.00031395096101065345,0.00030158148749171283,0.0002666007418853612,0.00016292495019628418
google-pixel+p05_4_5+300cm,google-pixel,p05,300cm,16000,1.39,INSUFFICIENT_DATA,0.0,0.017082138622429247,5226.5625,8.615242004394531,-23.23386001586914,0.9383731994574496,0.04356339029677081,0.015916633682496024,0.0010110379652687358,5.90656000881699e-05,1.6582225825877127e-05,1.0568568561383125e-05,5.514650119227759e-06
google-pixel+p05_5_1+200cm,google-pixel,p05,200cm,16000,2.427,INSUFFICIENT_DATA,0.0,0.019423044828267087,5726.5625,13.628494262695312,-19.119735717773438,0.8724845378393239,0.0885550745526994,0.03591118237991352,0.0012196733181542628,0.0002089349010748626,0.00037384736185977485,0.0001890231768962428,0.00012029928468004751
google-pixel+p05_5_1+300cm,google-pixel,p05,300cm,16000,2.152,INSUFFICIENT_DATA,0.0,0.0221195726239334,5632.8125,14.616729736328125,-23.683292388916016,0.933202317193835,0.04997923640348328,0.01572576861124447,0.0003787601339877324,6.051127199385431e-05,8.235107716447943e-05,2.8516334485431275e-05,1.5708321858125017e-05
google-pixel+p05_5_2+150cm,google-pixel,p05,150cm,16000,1.48,INSUFFICIENT_DATA,0.0,0.10336136233513522,6937.5,7.693328857421875,-20.348133087158203,0.9026040654906352,0.056585986896103356,0.03353757892949511,0.0021516666410268314,0.0007749568286389382,0.0008367499677588747,0.0009682049623164451,0.0007588364762162251
google-pixel+p05_5_2+200cm,google-pixel,p05,200cm,16000,1.465,INSUFFICIENT_DATA,0.0,0.04446063338330987,7367.1875,11.9434814453125,-19.598094940185547,0.8787964697006434,0.1043454374528216,0.011997063369624538,0.0025163601314122275,0.0002416201754308772,0.0001528695785626406,0.00017100102958586736,0.00014213870596540816
google-pixel+p05_5_2+300cm,google-pixel,p05,300cm,16000,1.48,INSUFFICIENT_DATA,0.0,0.0190579084340432,4554.6875,6.878410339355469,-22.61817169189453,0.9318900338666765,0.05446404646671439,0.011644952592186428,0.00047159402589301683,3.862601380219707e-05,1.2978267304569848e-05,8.203699643584827e-06,5.0157665607324465e-06
google-pixel+p05_5_3+150cm,google-pixel,p05,150cm,16000,1.629,INSUFFICIENT_DATA,0.0,0.08137186212432244,6609.375,8.074813842773438,-19.855491638183594,0.9344136871074737,0.03624159421699504,0.02383450623577743,0.0014089623451806123,0.0007590713965402831,0.0007829720326181338,0.000901562706383199,0.0007195933966516279
google-pixel+p05_5_3+200cm,google-pixel,p05,200cm,16000,1.808,INSUFFICIENT_DATA,0.0,0.03898334770186178,4171.875,9.879608154296875,-19.495088577270508,0.9056931605795151,0.058869915456056375,0.03279740138745826,0.001644055708109537,0.00016423818206701222,6.298772512653485e-05,5.461928374713656e-05,5.0467021241419996e-05
google-pixel+p05_5_3+300cm,google-pixel,p05,300cm,16000,1.629,INSUFFICIENT_DATA,0.0,0.02280207326778442,5187.5,12.337455749511719,-22.94695281982422,0.9067276691542456,0.062057829035284444,0.029267064376688103,0.0011821563058155155,0.00027149926474518766,2.0320558818660625e-05,8.017018279127257e-06,4.918707732831174e-06
google-pixel+p05_5_4+150cm,google-pixel,p05,150cm,16000,1.524,INSUFFICIENT_DATA,0.0,0.14410833177664828,4242.1875,9.699432373046875,-22.279460906982422,0.8995282686073759,0.06219424253962917,0.02466661321321902,0.006172706247065156,0.002018829197512855,0.0010767221208327952,0.0013187959809385199,0.0011216214764991775
google-pixel+p05_6_1+150cm,google-pixel,p05,150cm,16000,1.659,INSUFFICIENT_DATA,0.0,0.1345310506361229,6500.0,8.120368957519531,-20.36249542236328,0.9157896566214474,0.05468181376233447,0.021840205710232128,0.0021815995585477825,0.001036202587477678,0.0008667586014226875,0.0010400980679459838,0.000852139816273162
google-pixel+p05_6_1+200cm,google-pixel,p05,200cm,16000,1.495,INSUFFICIENT_DATA,0.0,0.04088336939624343,5656.25,8.709587097167969,-19.99566078186035,0.8998266624006284,0.06188744023242286,0.034061827443889976,0.0016095271436585917,0.00040796152202105,0.0002596229653078419,0.00027945190028168807,0.0001893740664861649
google-pixel+p05_6_3+200cm,google-pixel,p05,200cm,16000,2.033,INSUFFICIENT_DATA,0.0,0.05313789257533102,5250.0,13.224571228027344,-20.6046085357666,0.8833027666580653,0.05761070963970822,0.0541622026398229,0.0030890064495920837,0.0005167816260856776,0.0002375202746967901,0.00014986880009412907,6.707686211901663e-05
google-pixel+p05_6_4+150cm,google-pixel,p05,150cm,16000,1.524,INSUFFICIENT_DATA,0.0,0.026916048025047427,6765.625,8.191734313964844,-22.060739517211914,0.8924109387768102,0.05776895035259045,0.03987551042598701,0.0017378786664271023,0.0005263782045707327,0.0006991125525118446,0.0008755042974483037,0.0006857279351227931
google-pixel+p05_6_4+200cm,google-pixel,p05,200cm,16000,1.569,INSUFFICIENT_DATA,0.0,0.09126393969853303,4515.625,12.998260498046875,-20.92047119140625,0.942821408041602,0.036718827752863586,0.016101920624918994,0.002503761286769573,0.0004810675438814871,0.0003417120389733328,0.0002172670665751011,0.00010080185664913145
google-pixel+p05_6_4+300cm,google-pixel,p05,300cm,16000,1.45,INSUFFICIENT_DATA,0.0,0.07366971839044602,4187.5,13.659515380859375,-26.82938003540039,0.9594396196862865,0.023356663699153832,0.013148926630197441,0.0015119524075403294,0.0002200594611352755,9.073602867911864e-05,4.755295734358575e-05,2.4456700131914234e-05
huawei-mate9+p00_1_1+150cm,huawei-mate9,p00,150cm,16000,1.052,INSUFFICIENT_DATA,0.0,0.011868659832934845,5000.0,15.566421508789062,-45.92595672607422,0.14318021595942476,0.1496232957543499,0.13413179850866763,0.12749357899335742,0.12908991110159354,0.1332588111282455,0.11620935143404694,0.03056059076059435
huawei-mate9+p00_1_1+200cm,huawei-mate9,p00,200cm,16000,1.398,INSUFFICIENT_DATA,0.0,0.011174466800287372,7000.0,23.446243286132812,-46.790279388427734,0.11169978336670026,0.11898375941391293,0.10435501947761054,0.11756403576763008,0.10726703750833798,0.11407149771954049,0.11439092656861718,0.0850484117628579
huawei-mate9+p00_1_1+300cm,huawei-mate9,p00,300cm,16000,1.106,INSUFFICIENT_DATA,0.0,0.015401037199410036,7000.0,18.492332458496094,-48.67202377319336,0.17396807989419966,0.13678039517984533,0.11542210042019796,0.1100430712415991,0.11181307020984434,0.12079217686602316,0.12237251282735624,0.0498484934059914
huawei-mate9+p00_1_1+30cm,huawei-mate9,p00,30cm,16000,1.052,INSUFFICIENT_DATA,0.0,0.03623025984064779,5000.0,15.1651611328125,-42.41836929321289,0.3537489201684187,0.16834506284083675,0.15735733716574504,0.07715133526095849,0.07612169790403552,0.06417365074578134,0.05665914849799069,0.017943880071681143
huawei-mate9+p00_1_1+60cm,huawei-mate9,p00,60cm,16000,1.398,INSUFFICIENT_DATA,0.0,0.01799641493019621,5000.0,15.744834899902344,-45.73844909667969,0.15951586072562976,0.13924479109947255,0.127218622931129,0.13014857490870005,0.12519032353823828,0.12823149362856923,0.11676001885183299,0.03658371882246234
huawei-mate9+p00_1_2+100cm,huawei-mate9,p00,100cm,16000,1.256,INSUFFICIENT_DATA,0.0,0.018717111414976874,5000.0,17.32184600830078,-47.32621765136719,0.22726665645283425,0.1329421534584636,0.1109345535846744,0.10740421172677093,0.11806514660424675,0.11744307872656384,0.1072657075394623,0.03712382372881634
huawei-mate9+p00_1_2+200cm,huawei-mate9,p00,200cm,16000,1.256,INSUFFICIENT_DATA,0.0,0.01066731651018346,7000.0,23.012054443359375,-46.816864013671875,0.16372866553370202,0.11448703101023387,0.0998793787714832,0.10244801058117728,0.11437050820190278,0.11633521596154636,0.10785769090038212,0.07180932972918272
huawei-mate9+p00_1_2+300cm,huawei-mate9,p00,300cm,16000,1.389,INSUFFICIENT_DATA,0.0,0.017565576308825735,5000.0,23.37946319580078,-47.103614807128906,0.24262024739827,0.1408154591940541,0.09818402328909243,0.09125461432589738,0.1032357135481678,0.11933883689320184,0.08735324586739227,0.03835045286443926
huawei-mate9+p00_1_2+60cm,huawei-mate9,p00,60cm,16000,1.256,INSUFFICIENT_DATA,0.0,0.014135547276654406,5000.0,14.863929748535156,-44.42519760131836,0.28538812743833963,0.14865955906121855,0.13940990295644956,0.09542630575839528,0.09572886531063282,0.0948091995190731,0.09089790470180108,0.027261198122635208
huawei-mate9+p00_1_3+100cm,huawei-mate9,p00,100cm,16000,1.441,INSUFFICIENT_DATA,0.0,0.01563651867213459,5000.0,16.705154418945312,-46.74766159057617,0.29192263784489586,0.15326877591126564,0.12153931699544193,0.08900570166947233,0.09962126289466203,0.0955706441683228,0.09015673250630095,0.029401772744984317
huawei-mate9+p00_1_3+10cm,huawei-mate9,p00,10cm,16000,1.441,INSUFFICIENT_DATA,0.0,0.020967047493893696,5000.0,15.474708557128906,-45.78123474121094,0.20354905630663456,0.13791263275826443,0.12605158141441458,0.12235801465340554,0.11969380372783467,0.12075244045262155,0.11050104930572092,0.03242415559166603
huawei-mate9+p00_1_3+200cm,huawei-mate9,p00,200cm,16000,1.441,INSUFFICIENT_DATA,0.0,0.008814438162589642,7000.0,21.635467529296875,-46.25791931152344,0.2604253476458075,0.12177623628460449,0.09404700866403254,0.09764254516673003,0.09583583428884995,0.09896963854670701,0.10064898313229934,0.05565411675197749
huawei-mate9+p00_1_3+30cm,huawei-mate9,p00,30cm,16000,1.235,INSUFFICIENT_DATA,0.0,0.02867749034773182,6000.0,14.723670959472656,-28.737552642822266,0.7010530950180787,0.16244966326156332,0.08886868844042223,0.014017120120890549,0.01016949497704255,0.005094813039067371,0.004406743646382522,0.0010135547783262481
huawei-mate9+p00_1_3+60cm,huawei-mate9,p00,60cm,16000,1.441,INSUFFICIENT_DATA,0.0,0.012232879768562806,7000.0,13.1102294921875,-40.54754638671875,0.4937079471284053,0.17156990439977995,0.12514472084783895,0.05650296435601673,0.0497302601451828,0.04128831713878401,0.036890271442592756,0.011129841650708504
huawei-mate9+p00_1_4+100cm,huawei-mate9,p00,100cm,16000,1.68,INSUFFICIENT_DATA,0.0,0.18299712386846723,5000.0,13.461898803710938,-36.0806770324707,0.7409348033165573,0.14408435916605392,0.043953759835902655,0.023691768465747498,0.01636445728720856,0.011521162016619842,0.011065728771104679,0.0031454172493028845
huawei-mate9+p00_1_4+150cm,huawei-mate9,p00,150cm,16000,1.724,INSUFFICIENT_DATA,0.0,0.006199955784846968,6000.0,15.605819702148438,-38.30427932739258,0.591596415285151,0.11011084936416737,0.13410264040195627,0.04746810025602834,0.035608007164768,0.0245287576070163,0.024769618525376444,0.006126803954721478
huawei-mate9+p00_1_4+300cm,huawei-mate9,p00,300cm,16000,1.724,INSUFFICIENT_DATA,0.0,0.009796993489856118,7000.0,19.193870544433594,-46.25774383544922,0.5073231783366758,0.103879068438294,0.06820016337099039,0.06235801855273737,0.06641947402566803,0.06606986440917197,0.06665122129262716,0.02748204790725221
huawei-mate9+p00_1_4+60cm,huawei-mate9,p00,60cm,16000,1.68,INSUFFICIENT_DATA,0.0,0.007265079603843233,4570.3125,15.31866455078125,-32.654052734375,0.7645931745701474,0.10492990470700263,0.06961180260469083,0.016487520828435787,0.012915535595681494,0.00848848187847414,0.007366465435837099,0.0016843370230460186
huawei-mate9+p00_1_5+100cm,huawei-mate9,p00,100cm,16000,1.775,INSUFFICIENT_DATA,0.0,0.01712939357105053,5000.0,15.773284912109375,-47.302040100097656,0.23819988913436288,0.14113769144174312,0.12371771135107652,0.11183497068843117,0.10699355006871446,0.11128041646803243,0.09852197526811872,0.03386434114256795
huawei-mate9+p00_1_5+10cm,huawei-mate9,p00,10cm,16000,1.672,INSUFFICIENT_DATA,0.0,0.015568283426068096,5000.0,16.78179168701172,-45.88311004638672,0.17010656163833726,0.13549631897302544,0.12389337407841851,0.12604232001400434,0.12401117341262263,0.12796325357717697,0.12038912174861781,0.0364064343001441
huawei-mate9+p00_1_5+150cm,huawei-mate9,p00,150cm,16000,1.775,INSUFFICIENT_DATA,0.0,0.009449759864298964,5000.0,16.910812377929688,-44.13274383544922,0.37345624184908355,0.12459162727162558,0.125225254107919,0.08584037480508917,0.08285894744281422,0.07858876807847777,0.07354014803436583,0.020471146518202716
huawei-mate9+p00_1_5+200cm,huawei-mate9,p00,200cm,16000,1.775,INSUFFICIENT_DATA,0.0,0.008750425890525696,7000.0,21.423965454101562,-46.25749206542969,0.2363184548794199,0.1193765537198444,0.1005554618847911,0.09803699724309431,0.10217173936490208,0.0995226410669594,0.1007448519562503,0.06119045196492562
huawei-mate9+p00_1_5+300cm,huawei-mate9,p00,300cm,16000,1.672,INSUFFICIENT_DATA,0.0,0.01404502332298793,7000.0,16.271270751953125,-47.79066467285156,0.32559758388210863,0.12632343322880327,0.09991774562812707,0.09103302111568119,0.10120936038547335,0.09541731727384525,0.09313893996236507,0.03164932780621773
huawei-mate9+p00_1_5+60cm,huawei-mate9,p00,60cm,16000,1.672,INSUFFICIENT_DATA,0.0,0.015351528072834623,5000.0,13.188652038574219,-40.59442138671875,0.5775426089878958,0.12528411115666138,0.1027674012842101,0.048621124527150804,0.04501019479139628,0.040268263330095345,0.036596486863211986,0.010157929439624073
huawei-mate9+p00_2_1+100cm,huawei-mate9,p00,100cm,16000,1.389,INSUFFICIENT_DATA,0.0,0.021061624077226913,5000.0,17.318397521972656,-47.498172760009766,0.18598508652284493,0.13696219560605824,0.11961172349073726,0.12140696320170402,0.12363130685838526,0.12596754113568948,0.11041391922188,0.0386184184985239
huawei-mate9+p00_2_1+150cm,huawei-mate9,p00,150cm,16000,1.595,INSUFFICIENT_DATA,0.0,0.008921759584560688,5000.0,18.312454223632812,-45.972713470458984,0.17208672683787454,0.13843943019886595,0.12320433935812689,0.12196815450262163,0.12094477365411871,0.13323499396338231,0.10974612211559666,0.03196856258600867
huawei-mate9+p00_2_1+200cm,huawei-mate9,p00,200cm,16000,1.595,INSUFFICIENT_DATA,0.0,0.011588154770721592,7000.0,22.657814025878906,-46.71462631225586,0.15763031271804837,0.12066701182549354,0.11241948204109654,0.10307186543961674,0.1089509662975696,0.11319509010728425,0.11599076215435371,0.07217379125600738
huawei-mate9+p00_2_2+100cm,huawei-mate9,p00,100cm,16000,1.466,INSUFFICIENT_DATA,0.0,0.016599716153489395,5000.0,16.588333129882812,-47.48323440551758,0.20353331316729706,0.12911779142373975,0.12468520483484305,0.11714686596929881,0.11595506302888287,0.12783294884767019,0.11106674632816105,0.03495622809239686
huawei-mate9+p00_2_2+10cm,huawei-mate9,p00,10cm,16000,1.415,INSUFFICIENT_DATA,0.0,0.027694330266136564,5000.0,16.18683624267578,-45.802642822265625,0.1967912550979059,0.13716648813765572,0.1297015570565123,0.113767975329545,0.1195578902511343,0.1228664130210775,0.11259024409984957,0.03310151872401787
huawei-mate9+p00_2_2+150cm,huawei-mate9,p00,150cm,16000,1.415,INSUFFICIENT_DATA,0.0,0.009222738375786303,5000.0,18.1690673828125,-45.013267517089844,0.2608148881100251,0.1411451377762654,0.12118025856404177,0.09807312138744287,0.10197140654021887,0.11077733722175186,0.09123057495318616,0.02975879517801954
huawei-mate9+p00_2_2+200cm,huawei-mate9,p00,200cm,16000,1.466,INSUFFICIENT_DATA,0.0,0.011265119698024205,7000.0,19.31610107421875,-47.311180114746094,0.15685776040412058,0.13012343860806538,0.12197887554456899,0.12171107421126408,0.12126073419118567,0.11275409977105796,0.12310932850450727,0.0521509915812214
huawei-mate9+p00_2_2+30cm,huawei-mate9,p00,30cm,16000,1.466,INSUFFICIENT_DATA,0.0,0.010754651093264051,6000.0,15.395675659179688,-33.46345138549805,0.6214884552738532,0.14771401505438664,0.1456936759981801,0.02597583564663746,0.021834798197903973,0.01213759724775534,0.012131061332910389,0.002414535450437704
huawei-mate9+p00_2_3+10cm,huawei-mate9,p00,10cm,16000,1.389,INSUFFICIENT_DATA,0.0,0.02036578425208899,5000.0,15.848884582519531,-45.75448989868164,0.18905035313114416,0.1306043773369082,0.1255233670549437,0.12494418958327957,0.12043044426230755,0.12906636962939527,0.11509392566452452,0.03552110780780749
huawei-mate9+p00_2_3+150cm,huawei-mate9,p00,150cm,16000,1.363,INSUFFICIENT_DATA,0.0,0.009118479458295957,5000.0,19.12645721435547,-44.393898010253906,0.3334226983667893,0.13091686024612725,0.12554386922716584,0.0857327665462877,0.09481148540893697,0.08933828769114746,0.07715740832207706,0.02274151497508597
huawei-mate9+p00_2_3+30cm,huawei-mate9,p00,30cm,16000,1.363,INSUFFICIENT_DATA,0.0,0.02397185619130297,6000.0,16.05449676513672,-30.460081100463867,0.737386756674696,0.12238308740316717,0.08781904713106553,0.014299248124248445,0.012500578122994667,0.006024707609458446,0.0056476571360398985,0.0012764073268767835
huawei-mate9+p00_2_3+60cm,huawei-mate9,p00,60cm,16000,1.363,INSUFFICIENT_DATA,0.0,0.016201094016668624,5000.0,13.057929992675781,-42.82508850097656,0.4449281685820998,0.13445679102410338,0.11115621643255721,0.0735628984398754,0.07050806053655197,0.0674986523461623,0.06432166285560037,0.017250067869388454
huawei-mate9+p00_2_4+100cm,huawei-mate9,p00,100cm,16000,1.595,INSUFFICIENT_DATA,0.0,0.013929509076569082,5000.0,15.956939697265625,-47.334877014160156,0.2336398997539599,0.13496513125687837,0.12171827784610499,0.1022014915218629,0.11869452301649146,0.11461039845640712,0.1043746605299798,0.036334410491838234
huawei-mate9+p00_2_4+10cm,huawei-mate9,p00,10cm,16000,1.698,INSUFFICIENT_DATA,0.0,0.020129003291689786,5000.0,14.573760986328125,-45.547019958496094,0.2178343664098428,0.13769675870028045,0.1312446966519494,0.11032225452525288,0.11422054792612435,0.1201381927302231,0.10773502335676295,0.031141638163269977
huawei-mate9+p00_2_4+200cm,huawei-mate9,p00,200cm,16000,1.441,INSUFFICIENT_DATA,0.0,0.010280299445974743,7000.0,21.4932861328125,-46.20737075805664,0.273075317519605,0.11777214959424712,0.1001498538145117,0.09681661290915376,0.0985237008509976,0.09657340925653693,0.10034868969938311,0.05203790262095158
huawei-mate9+p00_2_4+300cm,huawei-mate9,p00,300cm,16000,1.441,INSUFFICIENT_DATA,0.0,0.011997791306439347,7000.0,17.488113403320312,-48.16413116455078,0.3104460796517819,0.11639504321045573,0.09689794855564686,0.08979897056154162,0.10205656911488031,0.10809046500211492,0.09840656033492834,0.03433019482980742
huawei-mate9+p00_2_4+30cm,huawei-mate9,p00,30cm,16000,1.441,INSUFFICIENT_DATA,0.0,0.025681716739828893,6000.0,17.08460235595703,-28.731916427612305,0.7751814204790847,0.10065659249287338,0.08030282316827977,0.010645255136307215,0.01016743421354366,0.004694074034961302,0.004566325118079045,0.0009694604277646502
huawei-mate9+p00_2_4+60cm,huawei-mate9,p00,60cm,16000,1.441,INSUFFICIENT_DATA,0.0,0.011251461206237592,5000.0,13.316062927246094,-41.07939910888672,0.5521073999792634,0.13041554837573377,0.10381883359395018,0.05048238758246603,0.0486235650203334,0.04653666615090511,0.042389809799202094,0.012006697273617022
huawei-mate9+p00_2_5+10cm,huawei-mate9,p00,10cm,16000,1.209,INSUFFICIENT_DATA,0.0,0.016553363080120516,5000.0,15.096649169921875,-44.454254150390625,0.30623510867649534,0.14455638186806738,0.121483456955991,0.09778182375157334,0.08972066905844596,0.10012429465000405,0.08700184344109942,0.026787677618477234
huawei-mate9+p00_2_5+150cm,huawei-mate9,p00,150cm,16000,1.209,INSUFFICIENT_DATA,0.0,0.009748161497506222,7000.0,10.451606750488281,-39.675987243652344,0.4806473085730548,0.1538670845274218,0.13426632435487695,0.07802344887548796,0.056443093299534564,0.04060982939692265,0.03645528389205567,0.008942077433053575
huawei-mate9+p00_2_5+200cm,huawei-mate9,p00,200cm,16000,1.441,INSUFFICIENT_DATA,0.0,0.009640104498384417,7000.0,21.814559936523438,-45.71349334716797,0.29213346413792735,0.12116981797049994,0.09396995331780257,0.09025890755968807,0.09576718199353484,0.09170866736117023,0.09546490277195163,0.05191682777457456
huawei-mate9+p00_3_1+100cm,huawei-mate9,p00,100cm,16000,1.621,INSUFFICIENT_DATA,0.0,0.017800797490388088,7000.0,16.889739990234375,-47.5935173034668,0.1926413371153972,0.13278972596328448,0.11461974574812785,0.11435761088891193,0.12317097420083646,0.12949457506882583,0.11092720727975007,0.038923039415396356
huawei-mate9+p00_3_1+10cm,huawei-mate9,p00,10cm,16000,1.415,INSUFFICIENT_DATA,0.0,0.022476455136604647,5000.0,14.225509643554688,-45.455326080322266,0.2359317916327952,0.14355919305785456,0.12486394150834589,0.10995135368613006,0.11488898737416255,0.11021618748524963,0.10595824976766124,0.032061399269455115
huawei-mate9+p00_3_1+150cm,huawei-mate9,p00,150cm,16000,1.492,INSUFFICIENT_DATA,0.0,0.010041812074628254,5000.0,15.77716064453125,-45.33298873901367,0.2848990673832686,0.15012517860144886,0.1223245320435085,0.10401968306814098,0.09900475431042546,0.09787988642261124,0.09098967157841963,0.023810967585824867
huawei-mate9+p00_3_1+200cm,huawei-mate9,p00,200cm,16000,1.621,INSUFFICIENT_DATA,0.0,0.05151251109961838,7000.0,22.380348205566406,-45.96176528930664,0.2537111958448799,0.11756945822807786,0.09224995533714032,0.09419815823103181,0.09597551290290575,0.09738685152666304,0.09749969458395813,0.06166431831921536
huawei-mate9+p00_3_1+300cm,huawei-mate9,p00,300cm,16000,1.492,INSUFFICIENT_DATA,0.0,0.011735366421172863,7000.0,19.7669677734375,-48.3880615234375,0.2124763017668802,0.13166956964916107,0.1059321662581187,0.10303802348698797,0.11309696857690613,0.11004483710398527,0.11744402117501838,0.05314447141782699
huawei-mate9+p00_3_1+60cm,huawei-mate9,p00,60cm,16000,1.621,INSUFFICIENT_DATA,0.0,0.01237777680721926,5000.0,14.452629089355469,-44.31398391723633,0.2955336104934434,0.14567821542669276,0.13021927616388404,0.10141112069368122,0.09147671879760325,0.09651107362825839,0.08951871518412662,0.02597018890616864
huawei-mate9+p00_3_2+100cm,huawei-mate9,p00,100cm,16000,1.26,INSUFFICIENT_DATA,0.0,0.01731051201270609,5000.0,12.766921997070312,-46.57872772216797,0.270806059239485,0.1429797143487504,0.12347935177322976,0.10724461923463925,0.10409353868489457,0.1029548644820692,0.09758092176050054,0.028692952437116837
huawei-mate9+p00_3_2+10cm,huawei-mate9,p00,10cm,16000,1.209,INSUFFICIENT_DATA,0.0,0.0211443928020469,5000.0,16.069107055664062,-45.76783752441406,0.17950445592558306,0.14385156608258276,0.13110885453213325,0.11719444652035071,0.1253227730962799,0.12287212646832153,0.10945716625314593,0.034545616860373544
huawei-mate9+p00_3_2+200cm,huawei-mate9,p00,200cm,16000,1.26,INSUFFICIENT_DATA,0.0,0.010474236013560614,7000.0,21.515121459960938,-45.78531265258789,0.25604216258624646,0.13788609099445917,0.10419221101494083,0.09559896936135352,0.0992615150419778,0.09290190386491136,0.10409357919406519,0.051275789301982455
huawei-mate9+p00_3_2+60cm,huawei-mate9,p00,60cm,16000,1.209,INSUFFICIENT_DATA,0.0,0.011071311093127057,5000.0,10.131690979003906,-39.988014221191406,0.5261354994364114,0.140984945273615,0.12285869273162323,0.06323585852567193,0.04703358866831302,0.040100898222597214,0.035808934111677126,0.010108992827488093
huawei-mate9+p00_3_3+100cm,huawei-mate9,p00,100cm,16000,0.926,INSUFFICIENT_DATA,0.0,0.016322732591121165,7000.0,15.824256896972656,-46.54281234741211,0.2873191410847238,0.15101209740653707,0.11404483750884797,0.09556746222624705,0.10106868748681057,0.09633349434138047,0.09452754383342364,0.03269143948848999
huawei-mate9+p00_3_3+10cm,huawei-mate9,p00,10cm,16000,0.7,INSUFFICIENT_DATA,0.0,0.0158358514634936,5000.0,13.987152099609375,-44.741825103759766,0.3286469452078637,0.1433599538796034,0.14307537879738103,0.08753108899906578,0.08796914697714889,0.08159620847418923,0.0887099880750038,0.02058950306258
huawei-mate9+p00_3_3+150cm,huawei-mate9,p00,150cm,16000,1.08,INSUFFICIENT_DATA,0.0,0.010179945037419796,5000.0,14.039253234863281,-42.102325439453125,0.43031095133432923,0.16488258717095822,0.12621700543570305,0.07705070934109401,0.06545133312997799,0.055904154226919,0.04937101620253691,0.013162167846802415
huawei-mate9+p00_3_3+300cm,huawei-mate9,p00,300cm,16000,0.926,INSUFFICIENT_DATA,0.0,0.011399288315790512,5000.0,15.553581237792969,-47.44253158569336,0.3774042068076007,0.12609398145517017,0.09091717518793055,0.08264123175747196,0.08939352848402592,0.08615183034246353,0.0925498509734084,0.02723719454756671
huawei-mate9+p00_3_3+60cm,huawei-mate9,p00,60cm,16000,0.7,INSUFFICIENT_DATA,0.0,0.016206565443055737,5000.0,12.976760864257812,-40.389217376708984,0.5822548772227155,0.13951926524507866,0.099649722958524,0.04677868111892163,0.04023933079153157,0.03608365230706205,0.03293218567075837,0.009522114373710946
huawei-mate9+p00_3_4+10cm,huawei-mate9,p00,10cm,16000,1.052,INSUFFICIENT_DATA,0.0,0.017855080335914094,5000.0,17.787254333496094,-45.826507568359375,0.1616618511943218,0.14008604728830443,0.1228625854936796,0.12304837971947571,0.1259101599697259,0.13204457135023207,0.11899330355681816,0.03711395303752905
huawei-mate9+p00_3_4+60cm,huawei-mate9,p00,60cm,16000,1.106,INSUFFICIENT_DATA,0.0,0.013338778951318445,5000.0,15.331855773925781,-45.50067138671875,0.1844910311287356,0.13800939472974444,0.13216150444584326,0.11788060823773615,0.12169788852399235,0.12906715817013772,0.11370683231618184,0.03412735583122688
huawei-mate9+p00_3_5+100cm,huawei-mate9,p00,100cm,16000,1.072,INSUFFICIENT_DATA,0.0,0.01756689178277794,5000.0,15.008140563964844,-46.67225646972656,0.2721671030213274,0.14237851183511657,0.11774769641954176,0.09972461186402425,0.09993786241308997,0.10990415660035163,0.09984589000910568,0.03155332367550842
huawei-mate9+p00_3_5+10cm,huawei-mate9,p00,10cm,16000,1.044,INSUFFICIENT_DATA,0.0,0.01728015359592942,5000.0,10.24041748046875,-45.49418640136719,0.23616331477148678,0.14299352609110116,0.12871316533226887,0.10469116151027523,0.12049874097474386,0.11765915301444217,0.1100507429622235,0.02701112070497269
huawei-mate9+p00_3_5+150cm,huawei-mate9,p00,150cm,16000,1.044,INSUFFICIENT_DATA,0.0,0.012135454428706413,5000.0,14.1954345703125,-42.724422454833984,0.4239123516124681,0.1352491054593019,0.12333936838419558,0.0784541879936041,0.07560282986157932,0.06527184457509332,0.06029872064872503,0.018469289334570392
huawei-mate9+p00_3_5+300cm,huawei-mate9,p00,300cm,16000,1.072,INSUFFICIENT_DATA,0.0,0.016771920049698748,5000.0,14.167411804199219,-47.65308380126953,0.40238067234047553,0.1153935787354337,0.08333465581135917,0.08312447878679903,0.0972185087887814,0.08662535995524749,0.08751103240464854,0.023159724662685316
huawei-mate9+p00_3_5+60cm,huawei-mate9,p00,60cm,16000,1.069,INSUFFICIENT_DATA,0.0,0.015224237497060329,5000.0,11.875785827636719,-42.706050872802734,0.4466998181900748,0.1513136078077731,0.12137197055766279,0.06911278373676716,0.06423069452710323,0.061057068286007904,0.05914531733806248,0.014273897972368721
huawei-mate9+p00_4_1+100cm,huawei-mate9,p00,100cm,16000,1.492,INSUFFICIENT_DATA,0.0,0.015969062212700752,5000.0,16.780410766601562,-47.59529495239258,0.18546430055618016,0.13234893572447842,0.11787583589444071,0.11271070856075403,0.12393346849221011,0.13281931081179424,0.11505317065912848,0.03747773032417952
huawei-mate9+p00_4_1+150cm,huawei-mate9,p00,150cm,16000,1.389,INSUFFICIENT_DATA,0.0,0.010786212856323462,5000.0,18.476776123046875,-46.35927200317383,0.1893696428968517,0.13455398614264183,0.1254776307091795,0.11336309422405588,0.12281246722893219,0.12247526042039729,0.11062266990159243,0.03368529704200553
huawei-mate9+p00_4_1+200cm,huawei-mate9,p00,200cm,16000,1.389,INSUFFICIENT_DATA,0.0,0.008809690881546827,7000.0,22.863548278808594,-46.73594665527344,0.14631787432492216,0.1166488707876955,0.10549991651456053,0.11025684868904607,0.1121736683625636,0.11305968478632196,0.12196681235665804,0.07200488972226793
huawei-mate9+p00_4_1+30cm,huawei-mate9,p00,30cm,16000,1.492,INSUFFICIENT_DATA,0.0,0.017968799892615784,6000.0,15.681503295898438,-34.42619323730469,0.5727517363768412,0.17809387258243697,0.146040625475747,0.03233276244354603,0.023172694100064853,0.014503214647475336,0.013978361360111055,0.0028647904946552875
huawei-mate9+p00_4_1+60cm,huawei-mate9,p00,60cm,16000,1.492,INSUFFICIENT_DATA,0.0,0.015291003942167807,5000.0,14.567062377929688,-44.94514465332031,0.21758251089843567,0.15510100182547693,0.13377159215158704,0.11106969631967624,0.11502767780725683,0.10878593847306736,0.09981927449597502,0.03072061287602555
huawei-mate9+p00_4_2+100cm,huawei-mate9,p00,100cm,16000,1.176,INSUFFICIENT_DATA,0.0,0.015946919129821296,5000.0,16.69255828857422,-47.39942169189453,0.19439088670578286,0.14378245759367334,0.1189178070476556,0.11299468844148676,0.12376519304099375,0.12238280276786942,0.11163855204432546,0.034634159173077946
huawei-mate9+p00_4_2+10cm,huawei-mate9,p00,10cm,16000,1.011,INSUFFICIENT_DATA,0.0,0.017462479646981707,5000.0,14.523460388183594,-45.63616943359375,0.20042001369198933,0.14047661305124787,0.13118151445164805,0.11699626188767996,0.1222963283068476,0.12022641608663977,0.11469539143424998,0.03210974218137083
huawei-mate9+p00_4_2+200cm,huawei-mate9,p00,200cm,16000,1.176,INSUFFICIENT_DATA,0.0,0.009544652690805129,7000.0,21.230934143066406,-46.67145538330078,0.1540813314884466,0.12008135952924492,0.11848652596894098,0.10930058087451164,0.11434097366153825,0.11175997418873394,0.12895018012267434,0.06397876008809063
huawei-mate9+p00_4_2+300cm,huawei-mate9,p00,300cm,16000,1.011,INSUFFICIENT_DATA,0.0,0.01697032032018459,5000.0,19.57293701171875,-48.3676872253418,0.21731914317533474,0.11728427603318203,0.12564208457264,0.1131818531695905,0.11610180221583195,0.11831954223394525,0.11236382281726771,0.03686934079107692
huawei-mate9+p00_4_2+60cm,huawei-mate9,p00,60cm,16000,1.143,INSUFFICIENT_DATA,0.0,0.017450418102197624,7000.0,15.640373229980469,-44.64821243286133,0.23909415851458457,0.14187829720951114,0.15304195077387672,0.11024112821584302,0.10467462273698834,0.10267476009718458,0.09706392590182303,0.02749975461222572
huawei-mate9+p00_4_3+100cm,huawei-mate9,p00,100cm,16000,1.158,INSUFFICIENT_DATA,0.0,0.016165832163592696,5000.0,18.080589294433594,-47.13544464111328,0.2365298348135813,0.1468646423924224,0.11475745163016754,0.10541631388551122,0.11378004664546941,0.11063181442824359,0.10038417627804487,0.03341449630799913
huawei-mate9+p00_4_3+10cm,huawei-mate9,p00,10cm,16000,1.158,INSUFFICIENT_DATA,0.0,0.016234534366808762,5000.0,16.589332580566406,-45.58325958251953,0.18807818198028434,0.13914306900717344,0.1298153116084782,0.1191202874429385,0.11633501131385977,0.12204372132374079,0.11325139715477289,0.03584468830301981
huawei-mate9+p00_4_3+150cm,huawei-mate9,p00,150cm,16000,1.256,INSUFFICIENT_DATA,0.0,0.012013887253071398,5000.0,19.660858154296875,-45.40511703491211,0.31455153106732625,0.12967211922829047,0.10909828947224486,0.08940106254907523,0.09861008936429216,0.09826025994213941,0.07876848358933575,0.028744483884703353
huawei-mate9+p00_4_3+200cm,huawei-mate9,p00,200cm,16000,1.256,INSUFFICIENT_DATA,0.0,0.010064187093879066,7000.0,24.513450622558594,-46.629066467285156,0.15853795139915264,0.1237923456010097,0.10316226664168265,0.10785558641125424,0.11210942828108932,0.11222355746946525,0.1085540417483599,0.06792578624697836
huawei-mate9+p00_4_3+30cm,huawei-mate9,p00,30cm,16000,1.256,INSUFFICIENT_DATA,0.0,0.012711532571561041,6000.0,17.95508575439453,-33.50454330444336,0.6262789378734138,0.14981925140535718,0.14446640145354814,0.020476309175650742,0.018828698857212174,0.010015759684646287,0.010479790184830227,0.0024337267387024033
huawei-mate9+p00_4_4+100cm,huawei-mate9,p00,100cm,16000,1.441,INSUFFICIENT_DATA,0.0,0.013475831266593944,5000.0,15.894500732421875,-46.79924392700195,0.2746548784338638,0.14373602555842044,0.12145779343107266,0.10038438013585448,0.10555831708038232,0.09862481406991999,0.09695037953751759,0.030122819018347225
huawei-mate9+p00_4_4+10cm,huawei-mate9,p00,10cm,16000,1.209,INSUFFICIENT_DATA,0.0,0.014619901749203986,7000.0,12.736228942871094,-44.84636688232422,0.24424468215616274,0.14583897564434475,0.13097933913718154,0.107156870561388,0.10686035728263611,0.111678658251084,0.10411757628796693,0.029613709060821492
huawei-mate9+p00_4_4+200cm,huawei-mate9,p00,200cm,16000,1.209,INSUFFICIENT_DATA,0.0,0.011679121769651425,7000.0,21.307052612304688,-44.94927215576172,0.3968638266118104,0.10955873126406347,0.08463798609737459,0.07912440770595347,0.07961468659444111,0.07566276333436796,0.07894146610298552,0.04266783111296108
huawei-mate9+p00_4_4+30cm,huawei-mate9,p00,30cm,16000,1.441,INSUFFICIENT_DATA,0.0,0.02015440574364446,6000.0,16.575439453125,-25.582677841186523,0.8074733780225889,0.11043509726387539,0.0525236815467892,0.007958251489041194,0.006135073040690202,0.002615147388407547,0.0022489990145214164,0.0004175331629297545
huawei-mate9+p00_4_4+60cm,huawei-mate9,p00,60cm,16000,1.389,INSUFFICIENT_DATA,0.0,0.01076328069279996,7000.0,12.51824951171875,-39.76308059692383,0.6050885500514005,0.13380346870023324,0.09728477447252827,0.04403544506697158,0.0365110836874355,0.030601552682892733,0.03070437733097996,0.00856418962021505
huawei-mate9+p00_4_5+100cm,huawei-mate9,p00,100cm,16000,1.028,INSUFFICIENT_DATA,0.0,0.012775719197079139,5000.0,17.67034149169922,-47.61578369140625,0.20230392593373964,0.1331096834727379,0.12340147621144731,0.11640866214701373,0.1229431236173764,0.12178383807845969,0.10631129835050913,0.035010129080638955
huawei-mate9+p00_4_5+10cm,huawei-mate9,p00,10cm,16000,1.119,INSUFFICIENT_DATA,0.0,0.018241905530213806,5000.0,14.300910949707031,-45.58171081542969,0.22046243614212976,0.1247753110851424,0.13276491972646287,0.11419611384990788,0.11734552495512754,0.12245200683633381,0.1125560751706262,0.03074476963063577
huawei-mate9+p00_4_5+200cm,huawei-mate9,p00,200cm,16000,1.085,INSUFFICIENT_DATA,0.0,0.010677992547651602,7000.0,19.89910888671875,-47.069129943847656,0.16394993092315754,0.1284006650469361,0.11265685453555063,0.1185017360402536,0.12196443534156247,0.11998756155750291,0.11926766032896735,0.050471668789014
huawei-mate9+p00_4_5+300cm,huawei-mate9,p00,300cm,16000,1.028,INSUFFICIENT_DATA,0.0,0.01989415472035779,7000.0,19.582557678222656,-47.87458419799805,0.2654287462764704,0.11973169263754789,0.10611698810655044,0.09849264877237121,0.1037818560671294,0.1115781170540224,0.106222855007279,0.03921093319567215
huawei-mate9+p00_4_5+30cm,huawei-mate9,p00,30cm,16000,1.119,INSUFFICIENT_DATA,0.0,0.009518052013168996,6000.0,17.949722290039062,-32.750553131103516,0.6236038934894615,0.15048070555385817,0.14211002727767003,0.02363690860818896,0.019662210732820193,0.010776853846419049,0.010622945923104494,0.0023395640286648944
huawei-mate9+p00_4_5+60cm,huawei-mate9,p00,60cm,16000,1.119,INSUFFICIENT_DATA,0.0,0.011895127502711714,5000.0,13.678993225097656,-43.867149353027344,0.3265634879061893,0.15642508323245888,0.13423307383498256,0.08831014332217664,0.08511671739057954,0.08575836987849116,0.08167448888872497,0.022436738494101056
huawei-mate9+p00_5_1+100cm,huawei-mate9,p00,100cm,16000,2.664,INSUFFICIENT_DATA,0.0,0.015132802735695302,5000.0,15.530265808105469,-47.394351959228516,0.20784523021014903,0.13330226015284963,0.11933979677338631,0.1149441890209424,0.1157102225138223,0.12204800379960565,0.10937148810098411,0.03693985776957512
huawei-mate9+p00_5_1+10cm,huawei-mate9,p00,10cm,16000,1.69,INSUFFICIENT_DATA,0.0,0.000599450190622238,5000.0,14.532920837402344,-30.799846649169922,0.976755449197843,0.003881639685277975,0.003870300516994249,0.0033976774233450456,0.003502308600479431,0.0035258839009922895,0.0032123856642316813,0.0009823130157143275
huawei-mate9+p00_5_1+150cm,huawei-mate9,p00,150cm,16000,1.69,INSUFFICIENT_DATA,0.0,0.009908490284933145,5000.0,15.794548034667969,-44.402469635009766,0.3643789550686382,0.14177234735524927,0.11841226833917948,0.08817420938115987,0.08178826840947233,0.08310199025977649,0.07588129346361415,0.021789990171947507
huawei-mate9+p00_5_1+300cm,huawei-mate9,p00,300cm,16000,1.69,INSUFFICIENT_DATA,0.0,0.01629450044249559,7000.0,17.39289093017578,-47.76959991455078,0.28764890943233784,0.12370421573026233,0.10819782270914263,0.09124682030508648,0.10239555774960488,0.10361202560926082,0.10500204104768504,0.03638922458627727
huawei-mate9+p00_5_1+30cm,huawei-mate9,p00,30cm,16000,2.664,INSUFFICIENT_DATA,0.0,0.012969671808819982,6000.0,15.002395629882812,-31.911104202270508,0.6266330702620452,0.14834956932766213,0.13520888017901436,0.028747450640450957,0.022061185819965336,0.010161757919076532,0.009635271501360933,0.0018835510233505505
huawei-mate9+p00_5_2+100cm,huawei-mate9,p00,100cm,16000,1.611,INSUFFICIENT_DATA,0.0,0.014319760524485596,5000.0,14.034912109375,-46.54619598388672,0.29260792005368585,0.14749694780915737,0.12818471129434078,0.09550557492531563,0.09882024958150014,0.09050641480501448,0.09629285110782455,0.027726772493705407
huawei-mate9+p00_5_2+200cm,huawei-mate9,p00,200cm,16000,1.414,INSUFFICIENT_DATA,0.0,0.01050185492442619,7000.0,18.582046508789062,-45.62965393066406,0.3396873362945322,0.11669576402812878,0.09823356893519987,0.0870062978519631,0.09960936172720765,0.09088630358659273,0.08873630437926841,0.036288773749988824
huawei-mate9+p00_5_2+300cm,huawei-mate9,p00,300cm,16000,1.611,INSUFFICIENT_DATA,0.0,0.013724214787711528,5000.0,15.924369812011719,-47.09956741333008,0.41310947669520603,0.1077868518341886,0.08970991972283784,0.0782428710600388,0.0895390706387205,0.08878474549320575,0.08184208210054585,0.02552396911233049
huawei-mate9+p00_5_2+30cm,huawei-mate9,p00,30cm,16000,1.414,INSUFFICIENT_DATA,0.0,0.018809281186528023,6000.0,19.351089477539062,-24.961040496826172,0.8399646528915168,0.07475556123561349,0.058242664714783704,0.006156543079739316,0.0062827643787688,0.0022238672236496414,0.0023941016328208682,0.00040544537319026997
huawei-mate9+p00_5_2+60cm,huawei-mate9,p00,60cm,16000,1.414,INSUFFICIENT_DATA,0.0,0.011478147782447972,7000.0,11.033454895019531,-38.84852981567383,0.6466366098716638,0.12026441604247058,0.09637943880761633,0.03484831206108419,0.03267469621427804,0.026352706872479544,0.025576223745464303,0.006816111651746163
huawei-mate9+p00_5_3+100cm,huawei-mate9,p00,100cm,16000,1.422,INSUFFICIENT_DATA,0.0,0.017597598329115123,5000.0,14.815567016601562,-47.38534927368164,0.2245175256223495,0.14072415691466733,0.12684017009550388,0.10902144226800284,0.11586709895862729,0.1111382530109549,0.11329533370770069,0.03124031652100932
huawei-mate9+p00_5_3+10cm,huawei-mate9,p00,10cm,16000,1.496,INSUFFICIENT_DATA,0.0,0.01628138960867199,5000.0,14.367332458496094,-45.483402252197266,0.22965550565009057,0.1458477001464908,0.12959650928012093,0.10827748726626624,0.11105478399256703,0.11335325755228672,0.10784840509422233,0.03200265714700716
huawei-mate9+p00_5_3+150cm,huawei-mate9,p00,150cm,16000,1.464,INSUFFICIENT_DATA,0.0,0.009814580297838944,5000.0,16.251327514648438,-43.47173309326172,0.43782951409314064,0.14825226038715222,0.10717600941429521,0.0705143405416907,0.07064800354029407,0.0634273351710307,0.059061915115414275,0.01867184469230295
huawei-mate9+p00_5_3+200cm,huawei-mate9,p00,200cm,16000,1.496,INSUFFICIENT_DATA,0.0,0.010072857687745384,7000.0,20.876976013183594,-46.31207275390625,0.20790443850691545,0.12975833945872284,0.10744548768901703,0.10035533616578297,0.10801384168619405,0.11169601929376305,0.11121463035547284,0.054115123343594904
huawei-mate9+p00_5_3+300cm,huawei-mate9,p00,300cm,16000,1.496,INSUFFICIENT_DATA,0.0,0.019631351130823413,5000.0,16.19513702392578,-47.694759368896484,0.3151013881946697,0.12188207255578329,0.10153879781840877,0.09174899557420606,0.10300105710553496,0.10521399153515515,0.10285880360267136,0.02995437851238217
huawei-mate9+p00_5_3+30cm,huawei-mate9,p00,30cm,16000,1.496,INSUFFICIENT_DATA,0.0,0.011126206956214947,6000.0,18.438125610351562,-30.420032501220703,0.6525289022457601,0.1481504412377603,0.13106629858949,0.020734052441916066,0.016923462990372642,0.0067612282717995405,0.006939107760997556,0.001460196659884556
huawei-mate9+p00_5_3+60cm,huawei-mate9,p00,60cm,16000,1.422,INSUFFICIENT_DATA,0.0,0.014219503519951177,5000.0,12.315162658691406,-42.98715591430664,0.3938059198232665,0.15593625357436133,0.1352533629119421,0.07543626236558454,0.07360583711326296,0.06606896893508152,0.06565499213713767,0.0189445697884902
huawei-mate9+p00_5_4+100cm,huawei-mate9,p00,100cm,16000,1.282,INSUFFICIENT_DATA,0.0,0.014868558586691704,5000.0,17.663925170898438,-48.006317138671875,0.20291521317401823,0.12842943404478618,0.10868009894448834,0.10724810866606257,0.1265169384322005,0.12547658360487424,0.11349433181913365,0.03982780882592125
huawei-mate9+p00_5_4+10cm,huawei-mate9,p00,10cm,16000,1.241,INSUFFICIENT_DATA,0.0,0.019101681134491198,5000.0,14.976707458496094,-45.45547866821289,0.22477781821979886,0.13884279975796243,0.1303035658405476,0.10993927595601671,0.11277590933212833,0.1207498718692512,0.10967157616702447,0.029048926215792335
huawei-mate9+p00_5_4+300cm,huawei-mate9,p00,300cm,16000,1.176,INSUFFICIENT_DATA,0.0,0.014465547321138965,5000.0,18.609840393066406,-47.827880859375,0.3140909204961351,0.11527647238841743,0.09061587906543404,0.09313551669840846,0.10739591110136681,0.11380526621257651,0.09694581589492185,0.02954945211514814
huawei-mate9+p00_5_4+30cm,huawei-mate9,p00,30cm,16000,1.176,INSUFFICIENT_DATA,0.0,0.023142791927432963,6000.0,17.02246856689453,-30.11043930053711,0.6839664906414837,0.1570137240615644,0.10057238954466187,0.019303726272447908,0.012896143750955394,0.006530018302084316,0.005597518359017094,0.0012488176122673726
huawei-mate9+p00_6_1+150cm,huawei-mate9,p00,150cm,16000,1.439,INSUFFICIENT_DATA,0.0,0.014244190436283461,5000.0,17.895156860351562,-45.688804626464844,0.26003876111874574,0.1382583414089707,0.11588306391153248,0.10014071929678064,0.11235994680765021,0.10620112379433434,0.09229302482557747,0.02846910698275175
huawei-mate9+p00_6_1+300cm,huawei-mate9,p00,300cm,16000,1.455,INSUFFICIENT_DATA,0.0,0.015165322605213147,5000.0,19.640625,-48.024375915527344,0.24475216722025842,0.11793133044404557,0.10827260924348621,0.0986325617991495,0.11333035902189408,0.12024195872290135,0.10370348708898862,0.036024173304642394
huawei-mate9+p00_6_1+60cm,huawei-mate9,p00,60cm,16000,1.537,INSUFFICIENT_DATA,0.0,0.017141839376166812,5000.0,14.207527160644531,-44.3736457824707,0.26878597101392093,0.15400336438378553,0.1343623973855641,0.10469771339731364,0.09664638825488578,0.09849865348301412,0.09237554893914189,0.025537029996791614
huawei-mate9+p00_6_2+100cm,huawei-mate9,p00,100cm,16000,1.513,INSUFFICIENT_DATA,0.0,0.01252225760589863,5000.0,17.101348876953125,-46.208351135253906,0.32669903143218365,0.15372957231336065,0.1260224624817764,0.08743437234775985,0.08688491316664806,0.08741616550294679,0.0799733353756262,0.02400680160407432
huawei-mate9+p00_6_2+10cm,huawei-mate9,p00,10cm,16000,1.513,INSUFFICIENT_DATA,0.0,0.014757417700260596,5000.0,14.1602783203125,-44.687801361083984,0.30400035281841814,0.13682793981817218,0.13587992901391632,0.09497733933839539,0.0927856490822044,0.09668738967803171,0.08937235015433129,0.02653486675300942
huawei-mate9+p00_6_2+150cm,huawei-mate9,p00,150cm,16000,1.485,INSUFFICIENT_DATA,0.0,0.0110213767622832,5000.0,17.112808227539062,-41.87034606933594,0.49464599784840296,0.14073190614678868,0.1148228298961456,0.06335340435909766,0.05934646826205603,0.05155856885750632,0.044994349072696074,0.010796063374109658
huawei-mate9+p00_6_2+200cm,huawei-mate9,p00,200cm,16000,1.513,INSUFFICIENT_DATA,0.0,0.01386687023009079,7000.0,19.04747772216797,-45.97980499267578,0.30913388875707637,0.12037383164665157,0.09967919159473833,0.09069711814416301,0.1002491001182556,0.10148812298811401,0.08992858278577374,0.035912052666978306
huawei-mate9+p00_6_2+60cm,huawei-mate9,p00,60cm,16000,1.513,INSUFFICIENT_DATA,0.0,0.020794245465019002,7000.0,13.0908203125,-37.880882263183594,0.6737015182840084,0.11523241909446075,0.08690190999709198,0.031524141063065746,0.027618462976546264,0.02442156461560614,0.020771085167785315,0.0057833737870272624
huawei-mate9+p00_6_3+200cm,huawei-mate9,p00,200cm,16000,1.866,INSUFFICIENT_DATA,0.0,0.009558655367196214,7000.0,20.173599243164062,-45.151180267333984,0.36492096450054234,0.11723965981777146,0.08253125210699208,0.07721038487596325,0.09524443575801719,0.08315496963667408,0.08238200862952198,0.03928894369121842
huawei-mate9+p00_6_4+100cm,huawei-mate9,p00,100cm,16000,1.176,INSUFFICIENT_DATA,0.0,0.021755242760208512,5000.0,18.340682983398438,-47.38624572753906,0.2324665242771569,0.13645717703583496,0.1160907638225567,0.10670395782745304,0.11353116357487862,0.11846487068559056,0.10271643101759573,0.03237977465637292
huawei-mate9+p00_6_4+10cm,huawei-mate9,p00,10cm,16000,1.176,INSUFFICIENT_DATA,0.0,0.026530986625577315,5000.0,14.885055541992188,-45.47801971435547,0.21580670706118804,0.13426759148671463,0.1309547351818486,0.11558996641483575,0.12381391062149806,0.11228758668192879,0.10669915670647333,0.032204670345452636
huawei-mate9+p00_6_4+150cm,huawei-mate9,p00,150cm,16000,1.282,INSUFFICIENT_DATA,0.0,0.016281535155381558,5000.0,18.294509887695312,-44.67864990234375,0.36925392952202774,0.14345547612057172,0.11286467314186772,0.08759164832010936,0.0837913882449742,0.07875660903391178,0.06923541977677823,0.01951671947879172
huawei-mate9+p00_6_4+300cm,huawei-mate9,p00,300cm,16000,1.282,INSUFFICIENT_DATA,0.0,0.018555102665316653,5000.0,15.829139709472656,-48.10040283203125,0.29586346821965037,0.11817548213782947,0.10108773466150361,0.09978715590976205,0.11346112403016895,0.11066199323572724,0.09726554193121291,0.0298609556296292
huawei-mate9+p00_6_4+30cm,huawei-mate9,p00,30cm,16000,1.176,INSUFFICIENT_DATA,0.0,0.020794850385129654,6000.0,15.329345703125,-29.8470401763916,0.6854500855887852,0.16203730459642665,0.09695194385469227,0.018299478943668488,0.012741547904326562,0.006168511009436198,0.005456615050081632,0.001166313200807486
huawei-mate9+p00_6_4+60cm,huawei-mate9,p00,60cm,16000,1.282,INSUFFICIENT_DATA,0.0,0.01803078825806817,5000.0,15.4010009765625,-42.436126708984375,0.44923887438276383,0.1557887465084847,0.1136444822676937,0.0650698844245561,0.06527112809895669,0.06270136517920649,0.05467995915314086,0.016580770679052417
huawei-mate9+p01_1_1+150cm,huawei-mate9,p01,150cm,16000,0.704,INSUFFICIENT_DATA,0.0,0.01534640728843246,5000.0,24.016441345214844,-46.58164978027344,0.15444298236526904,0.13021557332244388,0.11233488339999996,0.10190547172888223,0.12598060187172103,0.14762824916559766,0.10403864245161079,0.03617482493432518
huawei-mate9+p01_1_1+200cm,huawei-mate9,p01,200cm,16000,0.766,INSUFFICIENT_DATA,0.0,0.011482276264636037,7000.0,25.6630859375,-46.40620803833008,0.12083928547964033,0.12194924544073267,0.10097679494351003,0.11254742784491209,0.11042271417658117,0.12022388668954043,0.10511693604911923,0.07880345026958348
huawei-mate9+p01_1_1+60cm,huawei-mate9,p01,60cm,16000,0.688,INSUFFICIENT_DATA,0.0,0.01748918872836528,5000.0,20.762596130371094,-45.56114959716797,0.1712951973450927,0.14455258022020326,0.1258459375506422,0.11622086229245139,0.12839209248140518,0.1291821599143131,0.11108385701519655,0.035295642767373916
huawei-mate9+p01_1_2+10cm,huawei-mate9,p01,10cm,16000,0.657,INSUFFICIENT_DATA,0.0,0.01908663677591807,5000.0,17.03185272216797,-45.179161071777344,0.2267826750397557,0.1334805817666077,0.1314460286539471,0.11197805386326917,0.11726397296312877,0.11054229336276465,0.10753357869252199,0.029439562958358326
huawei-mate9+p01_1_2+150cm,huawei-mate9,p01,150cm,16000,0.688,INSUFFICIENT_DATA,0.0,0.01161350858119007,5000.0,21.44304656982422,-46.736412048339844,0.18225342419943796,0.11602601296884205,0.10625413112663602,0.10594752467369875,0.12619228801523538,0.12371779345064039,0.1178560473268826,0.0426927151852767
huawei-mate9+p01_1_2+200cm,huawei-mate9,p01,200cm,16000,0.657,INSUFFICIENT_DATA,0.0,0.010563471206658048,7000.0,23.350852966308594,-46.67579650878906,0.15349278668526298,0.1211638457648179,0.10529380678329704,0.10247770589928114,0.11766647983836435,0.11995665636920429,0.11674457359352707,0.06582006374028603
huawei-mate9+p01_1_2+300cm,huawei-mate9,p01,300cm,16000,0.657,INSUFFICIENT_DATA,0.0,0.016801058235011015,5000.0,22.16124725341797,-48.159202575683594,0.21478177527989473,0.11557574494829505,0.10289695338094762,0.09840738790341474,0.11757415555986107,0.13663295925652436,0.09854327040096687,0.032229388752883024
huawei-mate9+p01_1_2+30cm,huawei-mate9,p01,30cm,16000,0.688,INSUFFICIENT_DATA,0.0,0.010755147833591132,5000.0,16.81446075439453,-36.941444396972656,0.574564577553145,0.17054964744833556,0.14389236452497547,0.030532180805076706,0.02645024925631127,0.02011196891590208,0.020103091597505906,0.004841410328595399
huawei-mate9+p01_1_2+60cm,huawei-mate9,p01,60cm,16000,0.688,INSUFFICIENT_DATA,0.0,0.014615759503510175,5000.0,17.517425537109375,-45.42009353637695,0.194815136442368,0.13720850072767732,0.13798466108631194,0.11274799665683508,0.13129524962056613,0.11265290958349387,0.10838430164513459,0.03472424468913325
huawei-mate9+p01_1_3+150cm,huawei-mate9,p01,150cm,16000,0.985,INSUFFICIENT_DATA,0.0,0.009872471306090891,5000.0,19.86034393310547,-45.025917053222656,0.3341103381086591,0.1300115162392969,0.10788191017367961,0.08928686265215025,0.09616022072975539,0.09062407985276158,0.08051732861363987,0.024886517381334544
huawei-mate9+p01_1_3+60cm,huawei-mate9,p01,60cm,16000,0.985,INSUFFICIENT_DATA,0.0,0.01625492830004297,5000.0,15.912574768066406,-42.362648010253906,0.46599350670714723,0.1533896011832245,0.0991620594028514,0.06721965972259387,0.06313033973120499,0.05959689998173349,0.057887775984180205,0.01662249453966587
huawei-mate9+p01_1_4+100cm,huawei-mate9,p01,100cm,16000,1.345,INSUFFICIENT_DATA,0.0,0.017694322506023732,5000.0,19.43181610107422,-47.61184310913086,0.2251577696761209,0.13681312168343865,0.11257030854069076,0.10508420254942832,0.11331993682514173,0.11869809726519122,0.10424497868158755,0.03659129605997144
huawei-mate9+p01_1_4+200cm,huawei-mate9,p01,200cm,16000,1.486,INSUFFICIENT_DATA,0.0,0.011563902502281315,7000.0,19.030471801757812,-46.1931037902832,0.2940087598309652,0.11638589560281318,0.0993897626400343,0.09491299800570868,0.0991305690448104,0.10569501757016996,0.0927648525569946,0.038388717259916695
huawei-mate9+p01_1_4+300cm,huawei-mate9,p01,300cm,16000,1.251,INSUFFICIENT_DATA,0.0,0.019010532821559144,5000.0,18.723159790039062,-48.09187316894531,0.2902183273263151,0.11498498277287247,0.1003791433384686,0.09836102952590825,0.10516415632532262,0.11182707758462225,0.10022717032775136,0.03206647221947116
huawei-mate9+p01_1_4+30cm,huawei-mate9,p01,30cm,16000,1.345,INSUFFICIENT_DATA,0.0,0.010318676754138811,6000.0,16.528282165527344,-30.315874099731445,0.7484380793374497,0.1448216692911216,0.0646608868174127,0.013347846668874902,0.008727971784355228,0.006116556945275323,0.005157613254696619,0.0011789140295572049
huawei-mate9+p01_1_5+100cm,huawei-mate9,p01,100cm,16000,1.173,INSUFFICIENT_DATA,0.0,0.019584511380575872,5000.0,20.063308715820312,-47.723384857177734,0.19323670909796414,0.1302566976808733,0.11635896664277845,0.11397337035911673,0.12433049606441707,0.12283794587298713,0.10641354208266932,0.03766684189323849
huawei-mate9+p01_1_5+10cm,huawei-mate9,p01,10cm,16000,1.157,INSUFFICIENT_DATA,0.0,0.02491787623992356,5000.0,15.565620422363281,-45.503562927246094,0.21694837783305992,0.14187454893564547,0.12837216000893292,0.11118027191836079,0.11261881692899658,0.12264418627044346,0.1044136343319289,0.031121151665095218
huawei-mate9+p01_1_5+150cm,huawei-mate9,p01,150cm,16000,1.157,INSUFFICIENT_DATA,0.0,0.011905455779079754,5000.0,22.682884216308594,-45.54746627807617,0.2647652790146482,0.13156911190007453,0.10130440889605725,0.09412750809226819,0.11196449537911761,0.11303014266558424,0.08901212193227095,0.030525988961530765
huawei-mate9+p01_1_5+300cm,huawei-mate9,p01,300cm,16000,1.173,INSUFFICIENT_DATA,0.0,0.025166149536013132,5000.0,16.682205200195312,-48.337547302246094,0.2737131272115957,0.1240858507142872,0.10247409223596281,0.10210169856924325,0.11184972024248974,0.11605684469337703,0.10037862089466702,0.03275533839898317
huawei-mate9+p01_2_1+100cm,huawei-mate9,p01,100cm,16000,1.157,INSUFFICIENT_DATA,0.0,0.019338824224569597,5000.0,18.723793029785156,-47.85467529296875,0.19566414668393278,0.1333000882771447,0.11772741946267157,0.11129990511363344,0.12076721517932214,0.13013329684881658,0.10410484254043598,0.037211557874566065
huawei-mate9+p01_2_1+200cm,huawei-mate9,p01,200cm,16000,1.11,INSUFFICIENT_DATA,0.0,0.01261320403321765,7000.0,22.419464111328125,-46.35558319091797,0.18700963319537345,0.12922677617187361,0.0995516487730065,0.1015539313445616,0.10984212207572303,0.11130172136343736,0.1032335639182461,0.06353936621952733
huawei-mate9+p01_2_1+300cm,huawei-mate9,p01,300cm,16000,1.157,INSUFFICIENT_DATA,0.0,0.023178962048129803,5000.0,18.506912231445312,-48.433528900146484,0.2501168708595811,0.1261641969879347,0.10385772592556136,0.1060829718221914,0.11139725754058281,0.11653486108357955,0.10609196436546942,0.03674168749817108
huawei-mate9+p01_2_1+30cm,huawei-mate9,p01,30cm,16000,1.157,INSUFFICIENT_DATA,0.0,0.04228294174396714,6000.0,13.09222412109375,-30.778949737548828,0.7219529479227924,0.15205042259721685,0.07320392814159334,0.016173188702630306,0.011794727385151148,0.008762839435050303,0.007177682903008487,0.0016635625165291735
huawei-mate9+p01_2_1+60cm,huawei-mate9,p01,60cm,16000,1.157,INSUFFICIENT_DATA,0.0,0.017793117718568306,5000.0,15.468650817871094,-41.84123229980469,0.4150372797823648,0.1419352886610244,0.11409439506661885,0.07927925758584049,0.07530082038293295,0.06970242223749881,0.06632569700866267,0.01893227618082663
huawei-mate9+p01_2_2+100cm,huawei-mate9,p01,100cm,16000,1.392,INSUFFICIENT_DATA,0.0,0.014527798233183526,5000.0,16.44660186767578,-46.82936096191406,0.26907230740687144,0.12983875112587856,0.11974656244008655,0.10762364676412017,0.1041319972224671,0.10503574652693506,0.09418253690493704,0.0322389928825034
huawei-mate9+p01_2_2+200cm,huawei-mate9,p01,200cm,16000,1.313,INSUFFICIENT_DATA,0.0,0.009450583199779223,7000.0,22.481781005859375,-44.84667205810547,0.3852387283462947,0.11160593302256552,0.07866155877304623,0.07660672594293999,0.08254022741194485,0.08364277557983736,0.07684732440160148,0.042227988175377214
huawei-mate9+p01_2_2+300cm,huawei-mate9,p01,300cm,16000,1.313,INSUFFICIENT_DATA,0.0,0.021026195139927244,5000.0,17.906578063964844,-47.30689239501953,0.37372592069264887,0.11520749129653396,0.0911487551250852,0.086875168552407,0.0943102881126198,0.09517368093604148,0.08298487589096205,0.025458512408019565
huawei-mate9+p01_2_2+30cm,huawei-mate9,p01,30cm,16000,1.392,INSUFFICIENT_DATA,0.0,0.01587046861032803,6000.0,16.271987915039062,-23.688030242919922,0.8183227254458267,0.1265539779854049,0.032718847785549024,0.007573863225912987,0.004031365655151917,0.002066768380362751,0.001524950319682738,0.0002818269433439951
huawei-mate9+p01_2_2+60cm,huawei-mate9,p01,60cm,16000,1.392,INSUFFICIENT_DATA,0.0,0.012093351162441033,5000.0,12.688064575195312,-39.6254997253418,0.6354666874608782,0.13557159912990513,0.06838925970153,0.040704698548986354,0.0370604982350324,0.03285436460876318,0.030052762195051323,0.008633786558917979
huawei-mate9+p01_2_3+100cm,huawei-mate9,p01,100cm,16000,1.282,INSUFFICIENT_DATA,0.0,0.013743955595417372,5000.0,18.610595703125,-47.54378890991211,0.219739419728964,0.1375781698801769,0.1123055375516218,0.10977077446462129,0.10767946079883878,0.12485759045299114,0.10403739302441227,0.03696360757300616
huawei-mate9+p01_2_3+10cm,huawei-mate9,p01,10cm,16000,1.157,INSUFFICIENT_DATA,0.0,0.02119677505214447,5000.0,15.99835205078125,-45.56560134887695,0.21302562730623203,0.13596160720718614,0.1274562346371198,0.11398739004291454,0.12060364176086863,0.11736796191364379,0.10930819472469394,0.03265721070351946
huawei-mate9+p01_2_3+150cm,huawei-mate9,p01,150cm,16000,1.157,INSUFFICIENT_DATA,0.0,0.011693398731950237,5000.0,16.75739288330078,-45.3728141784668,0.2996780503151708,0.1541352178884021,0.10986757127838645,0.10336917647194711,0.09323194753110495,0.09917438656199365,0.08595613370455377,0.02319892730715071
huawei-mate9+p01_2_3+300cm,huawei-mate9,p01,300cm,16000,0.995,INSUFFICIENT_DATA,0.0,0.025239281016900775,5000.0,19.973777770996094,-47.97064208984375,0.25185282599621517,0.1260982349416564,0.10920325134224754,0.10177507908045873,0.11835332690749767,0.12093470870113371,0.09520986988601497,0.027196419198841214
huawei-mate9+p01_2_3+30cm,huawei-mate9,p01,30cm,16000,1.282,INSUFFICIENT_DATA,0.0,0.03664101314744645,6000.0,15.291618347167969,-29.5970516204834,0.6986666689850053,0.17482244161934388,0.07728763096509116,0.0214433384185805,0.009693847595670073,0.0058077035450498455,0.005088786101200535,0.0010452640490528717
huawei-mate9+p01_2_3+60cm,huawei-mate9,p01,60cm,16000,0.995,INSUFFICIENT_DATA,0.0,0.017467803282658758,7000.0,14.002311706542969,-42.757076263427734,0.374151311870967,0.17442366916865398,0.11943766845810572,0.0912646004900406,0.07466945179514066,0.0701663704443112,0.06028674497096653,0.018968740440987744
huawei-mate9+p01_2_4+10cm,huawei-mate9,p01,10cm,16000,1.079,INSUFFICIENT_DATA,0.0,0.01596463250276796,5000.0,15.427139282226562,-45.22065734863281,0.22507084088070792,0.1359471344346663,0.13215067885754173,0.11292514052906923,0.1105354194228521,0.1177168337550632,0.10526681743170963,0.034084328629118275
huawei-mate9+p01_2_4+200cm,huawei-mate9,p01,200cm,16000,1.079,INSUFFICIENT_DATA,0.0,0.016342539771073673,7000.0,22.68359375,-45.904258728027344,0.258247606949774,0.11651391916085209,0.0959304544623789,0.0951956545689944,0.1051022617876192,0.09977727350286526,0.09574821829694402,0.05364325313982257
huawei-mate9+p01_2_4+30cm,huawei-mate9,p01,30cm,16000,0.949,INSUFFICIENT_DATA,0.0,0.03231148329501321,6000.0,17.431053161621094,-30.000415802001953,0.7761762268841543,0.1169950205539712,0.06777357048739895,0.01138932319801696,0.009167674624724868,0.005010953521733066,0.005140040721807792,0.0009621926973112573
huawei-mate9+p01_2_5+150cm,huawei-mate9,p01,150cm,16000,1.079,INSUFFICIENT_DATA,0.0,0.011284665847127619,7000.0,18.14124298095703,-45.39783477783203,0.301030110576502,0.13255311651924198,0.10160783086980033,0.09405814873620309,0.10120091030100624,0.09779962132357588,0.09055520460313328,0.035890045520691014
huawei-mate9+p01_2_5+200cm,huawei-mate9,p01,200cm,16000,1.016,INSUFFICIENT_DATA,0.0,0.016870297186996046,7000.0,20.818069458007812,-45.85279083251953,0.281240232538372,0.12995646881542022,0.09877413055475975,0.09146409642921031,0.097371711950242,0.10272686164353173,0.09634694206672713,0.04384418147285559
huawei-mate9+p01_2_5+30cm,huawei-mate9,p01,30cm,16000,1.016,INSUFFICIENT_DATA,0.0,0.021431751013923733,6000.0,16.122940063476562,-24.82196044921875,0.746609956268445,0.1656389165781427,0.05700153934407671,0.010574544691929196,0.005954795310312465,0.0027351676912546743,0.002333704908547547,0.000445861830202522
huawei-mate9+p01_3_1+100cm,huawei-mate9,p01,100cm,16000,1.11,INSUFFICIENT_DATA,0.0,0.017853830463474604,5000.0,18.088050842285156,-47.646671295166016,0.2209544887342431,0.13660305877950538,0.11040133448864689,0.10063620355158968,0.11636377620497453,0.11977742425918382,0.1048271568214189,0.03817377848140372
huawei-mate9+p01_3_1+10cm,huawei-mate9,p01,10cm,16000,1.157,INSUFFICIENT_DATA,0.0,0.014618631886072458,5000.0,14.1571044921875,-45.262813568115234,0.23788300759043646,0.13169608820062498,0.13739475183724573,0.11048569389725774,0.10859927170968507,0.11751988431256649,0.10383337050889348,0.028583862313897302
huawei-mate9+p01_3_1+200cm,huawei-mate9,p01,200cm,16000,1.063,INSUFFICIENT_DATA,0.0,0.013839902118255882,7000.0,22.374061584472656,-45.25405502319336,0.3541985857853529,0.11582833005017307,0.07989244644587962,0.0823330035778224,0.09016170121666545,0.08711120531072362,0.07775022169782735,0.045093975828706466
huawei-mate9+p01_3_1+300cm,huawei-mate9,p01,300cm,16000,1.11,INSUFFICIENT_DATA,0.0,0.020502228840843444,5000.0,22.214248657226562,-47.26715850830078,0.35749617437707437,0.10693533379408397,0.08071905487783107,0.07891213143593187,0.09672909550091002,0.10106763449708474,0.09032487020414968,0.03297357072476476
huawei-mate9+p01_3_1+30cm,huawei-mate9,p01,30cm,16000,1.11,INSUFFICIENT_DATA,0.0,0.02510575317574697,6000.0,16.689163208007812,-27.717525482177734,0.8067197814333715,0.1173584868373854,0.047690711950792386,0.008225379745796508,0.006053831260945625,0.0031539145845353124,0.00321984687779694,0.0006284510544514973
huawei-mate9+p01_3_1+60cm,huawei-mate9,p01,60cm,16000,1.157,INSUFFICIENT_DATA,0.0,0.014403679555089864,5000.0,14.750297546386719,-41.47074890136719,0.576109218454407,0.12623956445915913,0.07794143786423405,0.052684280358200386,0.05065255309074703,0.04626593346538905,0.04453617410787983,0.012701011329484552
huawei-mate9+p01_3_2+100cm,huawei-mate9,p01,100cm,16000,1.11,INSUFFICIENT_DATA,0.0,0.012345127197202302,5000.0,17.842529296875,-47.21132278442383,0.2534572397079133,0.14251461479269928,0.11489243744217438,0.10703658504999318,0.10960753413029402,0.10381651529314632,0.09511146730938426,0.032242826687871984
huawei-mate9+p01_3_2+10cm,huawei-mate9,p01,10cm,16000,1.11,INSUFFICIENT_DATA,0.0,0.01610962846366792,5000.0,15.890815734863281,-45.374290466308594,0.2157272650560451,0.13471993515036776,0.1277525738247557,0.11961304677535473,0.11411242357828279,0.11957750278796786,0.10637859515820668,0.03302127788782141
huawei-mate9+p01_3_2+150cm,huawei-mate9,p01,150cm,16000,1.11,INSUFFICIENT_DATA,0.0,0.010898187886019256,7000.0,15.72039794921875,-44.344215393066406,0.3708533705594389,0.13966826299097942,0.10959705757725363,0.09372173699651797,0.0843285023555456,0.07800027625808659,0.07376117893073542,0.024070785911959377
huawei-mate9+p01_3_2+200cm,huawei-mate9,p01,200cm,16000,1.11,INSUFFICIENT_DATA,0.0,0.013604075279277468,7000.0,20.823928833007812,-44.77581024169922,0.41117606260407286,0.11574763520610702,0.07791460287997196,0.0795552349884362,0.0803715596805472,0.0789350862139709,0.07350821450559838,0.039676977707197254
huawei-mate9+p01_3_2+300cm,huawei-mate9,p01,300cm,16000,0.954,INSUFFICIENT_DATA,0.0,0.026568198567959896,5000.0,17.39014434814453,-47.00993347167969,0.4014488359454448,0.11329915169132496,0.08510351525741137,0.08625526495089579,0.08441803420995656,0.0896902994380429,0.08404753290292409,0.02951400478508748
huawei-mate9+p01_3_2+60cm,huawei-mate9,p01,60cm,16000,1.11,INSUFFICIENT_DATA,0.0,0.009956625523480419,7000.0,12.468841552734375,-38.45005798339844,0.659889702493372,0.13628772230641467,0.06746626623525324,0.03671017877787105,0.031214845488891377,0.025373180392705943,0.025452061262923598,0.006814676733001032
huawei-mate9+p01_3_3+100cm,huawei-mate9,p01,100cm,16000,0.798,INSUFFICIENT_DATA,0.0,0.017067191663410013,5000.0,21.218589782714844,-48.137977600097656,0.17555785458345313,0.1199774991021603,0.11752054948180195,0.11145769999630403,0.11934023245398889,0.14121317181182433,0.10891435807518354,0.04121425044573024
huawei-mate9+p01_3_3+10cm,huawei-mate9,p01,10cm,16000,0.798,INSUFFICIENT_DATA,0.0,0.016567323619684892,7000.0,10.049713134765625,-44.689544677734375,0.2974740958416001,0.1368519492419798,0.1359507118944791,0.09768707733379632,0.09641126074330668,0.09955885861770118,0.0975704776193703,0.024336131594999397
huawei-mate9+p01_3_3+200cm,huawei-mate9,p01,200cm,16000,0.97,INSUFFICIENT_DATA,0.0,0.012039606843797773,5000.0,19.060829162597656,-46.91423797607422,0.23974109016326522,0.11802856415787959,0.11190105663825486,0.10629292939336063,0.10594110800064438,0.1150694258984091,0.10784094245240544,0.038769475644615796
huawei-mate9+p01_3_3+300cm,huawei-mate9,p01,300cm,16000,0.97,INSUFFICIENT_DATA,0.0,0.025919612002534946,5000.0,17.429237365722656,-48.17821502685547,0.2930268814541881,0.13163987846489134,0.10396056116328893,0.1030841355159962,0.10060322023592086,0.10646727944227698,0.09252872425648616,0.03145729233309962
huawei-mate9+p01_3_3+30cm,huawei-mate9,p01,30cm,16000,0.97,INSUFFICIENT_DATA,0.0,0.032700114560688734,6000.0,16.181777954101562,-30.709760665893555,0.7234621749192015,0.15437644547867388,0.07289915708996778,0.016978318543536187,0.010409987265698523,0.006166607921450923,0.005485269822735691,0.0011746640228591676
huawei-mate9+p01_3_3+60cm,huawei-mate9,p01,60cm,16000,0.798,INSUFFICIENT_DATA,0.0,0.015583269800713683,5000.0,15.916900634765625,-42.818965911865234,0.35493953938925016,0.15467544565091768,0.13177720529342085,0.08499408155352961,0.08108201874294721,0.07566489095519777,0.0718803060431883,0.02335856899193412
huawei-mate9+p01_3_4+10cm,huawei-mate9,p01,10cm,16000,0.688,INSUFFICIENT_DATA,0.0,0.01752519631859331,7000.0,10.410476684570312,-44.98554611206055,0.29309242172177746,0.13585909685564462,0.1353219840865711,0.09484662432796515,0.10058442145888533,0.1003541916780269,0.09815332488479656,0.026922877176736453
huawei-mate9+p01_3_4+150cm,huawei-mate9,p01,150cm,16000,0.766,INSUFFICIENT_DATA,0.0,0.01172224728234534,7000.0,23.626953125,-45.34027099609375,0.32238322531451163,0.1301314024180049,0.10339939561785284,0.09190325678207457,0.08919030123556856,0.08921931983981271,0.08107207899258945,0.03991027192168703
huawei-mate9+p01_3_4+200cm,huawei-mate9,p01,200cm,16000,0.688,INSUFFICIENT_DATA,0.0,0.01212079257441673,7000.0,22.831275939941406,-46.140445709228516,0.24026154623450877,0.12171841368130455,0.0984750411848443,0.10006779305497038,0.10176851657378715,0.11167829493622297,0.09459057593080954,0.05362684633528476
huawei-mate9+p01_3_4+300cm,huawei-mate9,p01,300cm,16000,0.766,INSUFFICIENT_DATA,0.0,0.02123845797717798,5000.0,21.47845458984375,-48.06110382080078,0.27235908672108067,0.12007530029193211,0.1011420215978174,0.10308145730543788,0.11122615547016301,0.10836034194792049,0.10677346135131757,0.033385200992711396
huawei-mate9+p01_3_4+30cm,huawei-mate9,p01,30cm,16000,0.688,INSUFFICIENT_DATA,0.0,0.027140980627216635,6000.0,14.512413024902344,-30.38936996459961,0.7753420048827951,0.13540147896301263,0.05327350951421957,0.011430221997288924,0.006773558166610876,0.005066420415603809,0.0046751050858944996,0.0010277545867617523
huawei-mate9+p01_3_4+60cm,huawei-mate9,p01,60cm,16000,0.688,INSUFFICIENT_DATA,0.0,0.017356495939859218,5000.0,16.894729614257812,-42.89959716796875,0.4251254331304647,0.13735494944571658,0.1071558756513717,0.07715054711978143,0.07056788179895768,0.073116489183931,0.06643049980673346,0.02154553016859561
huawei-mate9+p01_3_5+150cm,huawei-mate9,p01,150cm,16000,1.11,INSUFFICIENT_DATA,0.0,0.011243912096745273,7000.0,18.861007690429688,-45.930938720703125,0.2515047860176884,0.1270873258258084,0.10814831178416369,0.09827855915289566,0.11674328399628424,0.10462913017287402,0.10503222230562519,0.03836022898899694
huawei-mate9+p01_3_5+200cm,huawei-mate9,p01,200cm,16000,1.11,INSUFFICIENT_DATA,0.0,0.011004526598753587,7000.0,22.54510498046875,-46.13792037963867,0.2474576862369737,0.12615967423162305,0.09240891185075366,0.09630981861444075,0.10156720358281253,0.105971318344968,0.09635145628443126,0.053641765514780115
huawei-mate9+p01_3_5+300cm,huawei-mate9,p01,300cm,16000,1.204,INSUFFICIENT_DATA,0.0,0.02244250774770433,5000.0,20.93010711669922,-47.6325798034668,0.3400198721135295,0.11556140660538436,0.09138436076565554,0.0849905993243663,0.09709991499806116,0.10676794802854246,0.08591248883551153,0.029641587041826838
huawei-mate9+p01_3_5+30cm,huawei-mate9,p01,30cm,16000,1.11,INSUFFICIENT_DATA,0.0,0.01899128956880716,6000.0,17.355239868164062,-29.422571182250977,0.7376531010226273,0.159722147396159,0.06562560458258884,0.012693445500870343,0.00782528741286643,0.00498988770498164,0.00450360062954524,0.0009900290049624449
huawei-mate9+p01_3_5+60cm,huawei-mate9,p01,60cm,16000,1.298,INSUFFICIENT_DATA,0.0,0.011866580836540401,7000.0,14.508636474609375,-42.48168182373047,0.43060597043117943,0.1656681487098217,0.10961856400999155,0.07264989668988235,0.07020161338065561,0.06297544047776527,0.05541586475417678,0.016601292105681266
huawei-mate9+p01_4_1+30cm,huawei-mate9,p01,30cm,16000,1.157,INSUFFICIENT_DATA,0.0,0.04207873439936906,6000.0,12.772712707519531,-30.96971893310547,0.7177719986421934,0.1467601987009618,0.0765952647770371,0.022120696746545408,0.01185566951884084,0.008041222698838165,0.007335708882328579,0.001818101456309899
huawei-mate9+p01_4_1+60cm,huawei-mate9,p01,60cm,16000,1.157,INSUFFICIENT_DATA,0.0,0.016062699016069024,5000.0,15.3387451171875,-43.453311920166016,0.37324151400139427,0.1498993061782817,0.10887888527895252,0.08958381242570182,0.08507537460908995,0.079843474831528,0.07259905822968069,0.022989698030387803
huawei-mate9+p01_4_2+100cm,huawei-mate9,p01,100cm,16000,1.095,INSUFFICIENT_DATA,0.0,0.011767984076732668,5000.0,19.101356506347656,-48.01677322387695,0.18512511217862776,0.13297912661665512,0.10991451668382902,0.1133481107228487,0.11771317468757303,0.12667059661508626,0.11203892212809104,0.04187232944483422
huawei-mate9+p01_4_2+10cm,huawei-mate9,p01,10cm,16000,1.22,INSUFFICIENT_DATA,0.0,0.015902324751878257,5000.0,14.588188171386719,-45.357669830322266,0.23545641843109144,0.14373456353910866,0.13571344657687595,0.10612263238088396,0.10931282622670728,0.11078363463525444,0.10685239041306106,0.029778913551693535
huawei-mate9+p01_4_2+150cm,huawei-mate9,p01,150cm,16000,1.095,INSUFFICIENT_DATA,0.0,0.009859544275777897,5000.0,21.07854461669922,-45.83682632446289,0.2579876514304881,0.12498273338267386,0.10482946663872207,0.09188387817278107,0.11314516662566095,0.11488787055406617,0.08957230371636565,0.03527330501146922
huawei-mate9+p01_4_2+200cm,huawei-mate9,p01,200cm,16000,1.22,INSUFFICIENT_DATA,0.0,0.012930346212979298,7000.0,22.05810546875,-46.42867660522461,0.20036237317466954,0.12402699377374979,0.10147365192915465,0.10440142763548982,0.1048391415189526,0.11372653455382109,0.10304363988965035,0.05692483631107376
huawei-mate9+p01_4_2+300cm,huawei-mate9,p01,300cm,16000,1.095,INSUFFICIENT_DATA,0.0,0.019458216347992986,7000.0,21.992645263671875,-47.74852752685547,0.2201088864246221,0.13620893059053873,0.09652746456666855,0.09068968784097405,0.10181543995719222,0.10791080692379185,0.10142880549604699,0.06236461790875349
huawei-mate9+p01_4_2+30cm,huawei-mate9,p01,30cm,16000,1.095,INSUFFICIENT_DATA,0.0,0.01543120543539899,6000.0,15.314804077148438,-31.44247817993164,0.6641458294369537,0.16770741301075634,0.10414240313117275,0.02156960422466259,0.01598159602683167,0.008902787874729262,0.008366573300137544,0.0018712506355660738
huawei-mate9+p01_4_3+10cm,huawei-mate9,p01,10cm,16000,0.782,INSUFFICIENT_DATA,0.0,0.015909126995867114,5000.0,18.876785278320312,-45.966285705566406,0.16861104813901662,0.13364928400794818,0.1244221215459343,0.11762126396983179,0.12312352694766188,0.1357251813064454,0.11820312562621554,0.03539017769506184
huawei-mate9+p01_4_3+150cm,huawei-mate9,p01,150cm,16000,0.782,INSUFFICIENT_DATA,0.0,0.010242415898725125,7000.0,21.086326599121094,-45.71778869628906,0.28519671856300666,0.1293333034238496,0.0988807760992647,0.10072727652097557,0.10467673972683579,0.0985525877200901,0.09079600937451417,0.040190063516173255
huawei-mate9+p01_4_3+300cm,huawei-mate9,p01,300cm,16000,0.782,INSUFFICIENT_DATA,0.0,0.024744410433616682,7000.0,16.818031311035156,-48.49098587036133,0.27424643749426286,0.12533356543606872,0.10139137103753276,0.10497797755689217,0.11096930827507431,0.11314398266842697,0.10021787893959815,0.034672229258174446
huawei-mate9+p01_4_3+30cm,huawei-mate9,p01,30cm,16000,0.782,INSUFFICIENT_DATA,0.0,0.02414140281938962,5000.0,16.012535095214844,-33.59820556640625,0.6477295330951347,0.1778113040570715,0.10341923228542506,0.022470120321868407,0.016122620220695365,0.010539851166287806,0.009732778049304074,0.002445122471052431
huawei-mate9+p01_4_3+60cm,huawei-mate9,p01,60cm,16000,0.782,INSUFFICIENT_DATA,0.0,0.013886565404891261,5000.0,16.011932373046875,-44.25605392456055,0.2938976912954421,0.15631519077401182,0.11792365345243672,0.09600148957402842,0.09740907336596424,0.09435383114204014,0.09162824853018944,0.027865291872430985
huawei-mate9+p01_4_4+10cm,huawei-mate9,p01,10cm,16000,1.016,INSUFFICIENT_DATA,0.0,0.01892891905958612,7000.0,17.430870056152344,-45.791969299316406,0.16947395340404028,0.14294081793871813,0.12671508590093264,0.1270770158066487,0.1297888038956607,0.1160660659606348,0.10819725133267101,0.03839748081641171
huawei-mate9+p01_4_4+150cm,huawei-mate9,p01,150cm,16000,1.016,INSUFFICIENT_DATA,0.0,0.013830446185887671,5000.0,20.208328247070312,-45.69292068481445,0.2731552340295295,0.1298596709715565,0.10248391403619957,0.09449492586552215,0.10395270301844804,0.10733663408647723,0.09734310494191427,0.03974781047820999
huawei-mate9+p01_4_4+30cm,huawei-mate9,p01,30cm,16000,1.016,INSUFFICIENT_DATA,0.0,0.02147689035864866,6000.0,17.426971435546875,-28.290367126464844,0.6839515795197461,0.19249990575644918,0.083860787814368,0.014615626330183089,0.008460078639571617,0.00473177855996377,0.00421240459309308,0.0007269760838022937
huawei-mate9+p01_4_4+60cm,huawei-mate9,p01,60cm,16000,1.079,INSUFFICIENT_DATA,0.0,0.012989140044050133,5000.0,15.352203369140625,-43.803993225097656,0.32852923353221497,0.1607022843011074,0.12985425686950228,0.09550774821220796,0.08216543558889855,0.08374997308055263,0.07875087877873337,0.02065864127712293
huawei-mate9+p01_4_5+100cm,huawei-mate9,p01,100cm,16000,0.955,INSUFFICIENT_DATA,0.0,0.016579189412211877,5000.0,20.62469482421875,-48.0272331237793,0.20496598752489958,0.1344035787569557,0.10835147124756415,0.10583071051785882,0.12209163900236948,0.11843035511832523,0.10728729369116981,0.04097248256831854
huawei-mate9+p01_4_5+150cm,huawei-mate9,p01,150cm,16000,0.917,INSUFFICIENT_DATA,0.0,0.009939948402810329,5000.0,21.674087524414062,-45.72075653076172,0.24810274172055174,0.13102974811843232,0.11061167966492019,0.09355596883850978,0.11118474258952755,0.11335081652592398,0.09381892508387293,0.034892407206303294
huawei-mate9+p01_4_5+200cm,huawei-mate9,p01,200cm,16000,0.955,INSUFFICIENT_DATA,0.0,0.0119635448188855,7000.0,22.257293701171875,-46.54357147216797,0.17026739488058296,0.1294437617292758,0.10139512919835914,0.1121456829082957,0.1090540897356749,0.10928190298206097,0.11396783081468209,0.06888676173650046
huawei-mate9+p01_4_5+300cm,huawei-mate9,p01,300cm,16000,0.917,INSUFFICIENT_DATA,0.0,0.01940717189198455,7000.0,21.609207153320312,-47.80677795410156,0.25647803364896193,0.1251457904277627,0.09530557315117998,0.09246019758295002,0.10468431105542204,0.10062283079962285,0.10289875156509344,0.05247249881351775
huawei-mate9+p01_4_5+30cm,huawei-mate9,p01,30cm,16000,0.917,INSUFFICIENT_DATA,0.0,0.010319985547153354,6000.0,15.676277160644531,-31.938798904418945,0.6783266892093898,0.18039733837516242,0.08780831224065015,0.015264017521595853,0.011322786010554961,0.008109613184308416,0.007263116216211343,0.0017916339567801607
huawei-mate9+p01_4_5+60cm,huawei-mate9,p01,60cm,16000,0.917,INSUFFICIENT_DATA,0.0,0.013294087397708976,5000.0,15.630943298339844,-43.05988311767578,0.4132988958449908,0.16173042436316204,0.10256138913153563,0.07574710073040736,0.07521793056594435,0.07109016854016631,0.06416682808661807,0.018229973073625363
huawei-mate9+p01_5_1+100cm,huawei-mate9,p01,100cm,16000,1.579,INSUFFICIENT_DATA,0.0,0.014840344952285058,5000.0,17.790267944335938,-47.70606231689453,0.20425014357706292,0.13179276864333667,0.12291099503915841,0.10732526535691675,0.12013041318159072,0.12230100163050187,0.11095296414580458,0.03583224441507591
huawei-mate9+p01_5_1+150cm,huawei-mate9,p01,150cm,16000,1.611,INSUFFICIENT_DATA,0.0,0.010475543961920821,7000.0,18.677459716796875,-45.32528305053711,0.3342527046419467,0.12247106574053804,0.10113902521960194,0.09178675140610008,0.09583978214778469,0.09189394643804313,0.08962486869889932,0.03153860280439371
huawei-mate9+p01_5_1+60cm,huawei-mate9,p01,60cm,16000,1.611,INSUFFICIENT_DATA,0.0,0.012375651811942605,5000.0,13.047798156738281,-43.006431579589844,0.3844427432242432,0.16590943895250862,0.12276954904010029,0.08732356115920396,0.07028655960495521,0.06792058239898022,0.0658057794066815,0.019220815286981788
huawei-mate9+p01_5_2+10cm,huawei-mate9,p01,10cm,16000,1.267,INSUFFICIENT_DATA,0.0,0.01808673455268777,5000.0,14.728271484375,-45.772212982177734,0.20364598186992708,0.1364410951784969,0.12989114696692414,0.11916014232926805,0.11812118248888967,0.11910007426201319,0.11485625123896709,0.03239084591024064
huawei-mate9+p01_5_2+200cm,huawei-mate9,p01,200cm,16000,1.282,INSUFFICIENT_DATA,0.0,0.008830114720555275,7000.0,20.68340301513672,-45.14934539794922,0.3612889215603683,0.12591019306930756,0.08271089643249824,0.0803590824797488,0.08383971278911963,0.07928334022095632,0.08746291307184373,0.04443149618386
huawei-mate9+p01_5_2+30cm,huawei-mate9,p01,30cm,16000,1.282,INSUFFICIENT_DATA,0.0,0.015048463326854451,6000.0,16.296188354492188,-24.260875701904297,0.7767351992482301,0.15282646662996965,0.04301907050959364,0.010842238215888965,0.004747133143577095,0.0030118435878954404,0.002391729988986625,0.0004183090525055578
huawei-mate9+p01_5_2+60cm,huawei-mate9,p01,60cm,16000,1.407,INSUFFICIENT_DATA,0.0,0.0068056079618981176,5000.0,13.728889465332031,-38.993038177490234,0.6168401996084736,0.1424593859958847,0.08594576559767433,0.04665053767122318,0.0321335386739185,0.03128572043288888,0.025429510638775656,0.007116822300263133
huawei-mate9+p01_5_3+100cm,huawei-mate9,p01,100cm,16000,1.523,INSUFFICIENT_DATA,0.0,0.01592054222775035,5000.0,16.822219848632812,-47.37659454345703,0.23861770298846147,0.14134560404927476,0.11478394763267039,0.10480257778560138,0.10908457223057234,0.11417656687473006,0.10274254582746886,0.035749795286551665
huawei-mate9+p01_5_3+10cm,huawei-mate9,p01,10cm,16000,1.814,INSUFFICIENT_DATA,0.0,0.019385089300950394,5000.0,15.276290893554688,-45.875972747802734,0.17339497427757244,0.13674844238731573,0.12578008639906352,0.11940807708097541,0.1295846568191869,0.12774729209906457,0.11891130038521279,0.034107800696633946
huawei-mate9+p01_5_3+150cm,huawei-mate9,p01,150cm,16000,1.814,INSUFFICIENT_DATA,0.0,0.010229060169500155,7000.0,17.775115966796875,-45.096343994140625,0.36119365581308477,0.12810664658718532,0.105417607709333,0.08981275679519332,0.08545426597489858,0.0815660738417705,0.08382864087991593,0.030216947939561
huawei-mate9+p01_5_3+200cm,huawei-mate9,p01,200cm,16000,1.814,INSUFFICIENT_DATA,0.0,0.012141371201154438,7000.0,19.196182250976562,-46.38898849487305,0.24666201400273494,0.12869775505448128,0.10867803113012256,0.10237573459562219,0.10496085729630154,0.10838385426930891,0.0990355788081689,0.04198663713470211
huawei-mate9+p01_5_3+30cm,huawei-mate9,p01,30cm,16000,1.814,INSUFFICIENT_DATA,0.0,0.009011578972409662,6000.0,15.100059509277344,-28.091026306152344,0.6709286976786369,0.1907738425755458,0.09202223939298323,0.018246930623221313,0.010020979062852925,0.00543903201640862,0.004643090203729202,0.0008870414091608194
huawei-mate9+p01_5_4+100cm,huawei-mate9,p01,100cm,16000,1.225,INSUFFICIENT_DATA,0.0,0.016400428402055873,5000.0,18.669776916503906,-47.80763244628906,0.21438639958077643,0.13421602015036138,0.1103117317907422,0.10391474006982289,0.11539699460979765,0.12117733981502274,0.10640748590882869,0.036622901564771035
huawei-mate9+p01_5_4+10cm,huawei-mate9,p01,10cm,16000,1.267,INSUFFICIENT_DATA,0.0,0.020072148161771452,5000.0,16.18254852294922,-45.846858978271484,0.18438872133147843,0.13880256265910876,0.12967436234995436,0.11495571470511809,0.12205116338416609,0.13087113671975045,0.10935646883629217,0.03690257828293881
huawei-mate9+p01_5_4+150cm,huawei-mate9,p01,150cm,16000,1.37,INSUFFICIENT_DATA,0.0,0.014523357259498507,5000.0,20.96912384033203,-46.34695053100586,0.23755521443726124,0.1298649266224588,0.10373122564697963,0.09440543955436004,0.11039302080778497,0.11874576535438716,0.09920092626941496,0.03519111693532528
huawei-mate9+p01_5_4+300cm,huawei-mate9,p01,300cm,16000,1.37,INSUFFICIENT_DATA,0.0,0.021964397325475254,5000.0,21.805076599121094,-48.06459045410156,0.21817335271401198,0.12087010623987045,0.09482682340924198,0.09933851135375257,0.10959577173283876,0.12778047820590246,0.09888492130541711,0.0459469463882706
huawei-mate9+p01_6_1+10cm,huawei-mate9,p01,10cm,16000,1.564,INSUFFICIENT_DATA,0.0,0.01727803812733318,5000.0,13.58453369140625,-45.713470458984375,0.1989758571323173,0.13629759653238052,0.12591567552736466,0.12292538641258885,0.1196465743254919,0.12178616062771425,0.1143625420054376,0.03317610796924629
huawei-mate9+p01_6_1+150cm,huawei-mate9,p01,150cm,16000,1.407,INSUFFICIENT_DATA,0.0,0.012557375307616202,7000.0,21.944015502929688,-45.546791076660156,0.28591949620272716,0.13413470392131777,0.10241575915303028,0.0924937767628768,0.09952946256794348,0.0928191144708103,0.09293843569239427,0.04086063978452876
huawei-mate9+p01_6_1+200cm,huawei-mate9,p01,200cm,16000,1.235,INSUFFICIENT_DATA,0.0,0.012515707890321854,5000.0,20.777236938476562,-46.64083480834961,0.2507555432261845,0.12803692703882202,0.10352541243689121,0.10629884555205203,0.10480720016588557,0.11353390412146847,0.09769541803917012,0.038022001287462456
huawei-mate9+p01_6_1+30cm,huawei-mate9,p01,30cm,16000,1.235,INSUFFICIENT_DATA,0.0,0.019261806075722757,6000.0,13.868270874023438,-30.099058151245117,0.7222390295787451,0.16492089253794384,0.06527739320447802,0.015913947663871667,0.00947128191951142,0.005989460368632093,0.005341635350481261,0.0012767159610148693
huawei-mate9+p01_6_1+60cm,huawei-mate9,p01,60cm,16000,1.407,INSUFFICIENT_DATA,0.0,0.010454447045942089,5000.0,13.406097412109375,-41.053062438964844,0.5162945195265644,0.16204706905298613,0.08518473520708181,0.06512966578605617,0.055455177852783824,0.04916981146065737,0.042347124438033415,0.011212084817955565
huawei-mate9+p01_6_2+10cm,huawei-mate9,p01,10cm,16000,1.36,INSUFFICIENT_DATA,0.0,0.02722484167786369,7000.0,15.888717651367188,-45.72264099121094,0.19880356249020778,0.14301738538722866,0.12709563862964865,0.1166349205365743,0.11804522277680773,0.12549651910724674,0.11222069349570182,0.032460482830010275
huawei-mate9+p01_6_2+150cm,huawei-mate9,p01,150cm,16000,1.704,INSUFFICIENT_DATA,0.0,0.018434425118245824,7000.0,18.964569091796875,-45.26893997192383,0.3248384477329209,0.12994970010077264,0.10375195151024205,0.08884019118929411,0.09301731288078177,0.08958601209404667,0.08802287240151602,0.03635387519526489
huawei-mate9+p01_6_2+200cm,huawei-mate9,p01,200cm,16000,1.251,INSUFFICIENT_DATA,0.0,0.009572761893675534,7000.0,21.455055236816406,-45.6612548828125,0.3003913375348075,0.11872271687715164,0.08876461227973824,0.08534837018241842,0.09172067027339621,0.09641947277106157,0.09470907095490423,0.04952147580747636
huawei-mate9+p01_6_2+300cm,huawei-mate9,p01,300cm,16000,1.36,INSUFFICIENT_DATA,0.0,0.020962951854263247,5000.0,19.668045043945312,-47.780120849609375,0.3190519482958198,0.11966406372366976,0.09052587553923981,0.09050274594210388,0.10291752795486878,0.11446931310959158,0.08921679316315524,0.02723521392580267
huawei-mate9+p01_6_2+60cm,huawei-mate9,p01,60cm,16000,1.704,INSUFFICIENT_DATA,0.0,0.012489386564454582,5000.0,13.438140869140625,-41.35301971435547,0.5414337629452315,0.1400879921979537,0.09248489320015528,0.055868620596292023,0.051074369554184845,0.048447954953657196,0.04420898406168427,0.012595793362458843
huawei-mate9+p01_6_3+100cm,huawei-mate9,p01,100cm,16000,1.548,INSUFFICIENT_DATA,0.0,0.013437788502485035,5000.0,17.47911834716797,-47.274322509765625,0.26373240847194285,0.14211491869120163,0.1086888200921411,0.10120677108856917,0.10633944570833517,0.10530551703518415,0.09790298415467408,0.03381560354174462
huawei-mate9+p01_6_3+10cm,huawei-mate9,p01,10cm,16000,1.548,INSUFFICIENT_DATA,0.0,0.016967714090637156,5000.0,14.527030944824219,-45.565093994140625,0.20081849004146046,0.1398148013663334,0.13092738060394926,0.11783848157389828,0.11968568273425002,0.11934960337817144,0.10916623656440996,0.0334615960223987
huawei-mate9+p01_6_3+150cm,huawei-mate9,p01,150cm,16000,1.626,INSUFFICIENT_DATA,0.0,0.009676101705706134,7000.0,19.130104064941406,-45.54808807373047,0.3134871570834091,0.1266189442043824,0.10161443571126792,0.08799962434941379,0.09102087496512033,0.09095104868540983,0.09670594155659265,0.04020155668636391
huawei-mate9+p01_6_3+300cm,huawei-mate9,p01,300cm,16000,1.548,INSUFFICIENT_DATA,0.0,0.019942578040182977,5000.0,14.954841613769531,-47.68049621582031,0.34781915332756186,0.1253884498137903,0.09793149677023093,0.09314745679543944,0.09270523179667642,0.09119467683495196,0.08860049650311042,0.029543973490445664
huawei-mate9+p01_6_3+30cm,huawei-mate9,p01,30cm,16000,1.442,INSUFFICIENT_DATA,0.0,0.014040309285317285,6000.0,14.110687255859375,-30.205657958984375,0.7184969388054677,0.1575660237687824,0.07794912858320042,0.015681970622253922,0.009931575500785536,0.005841090802259241,0.004942757233378325,0.001136795341777798
huawei-mate9+p01_6_4+100cm,huawei-mate9,p01,100cm,16000,1.37,INSUFFICIENT_DATA,0.0,0.01695749959970314,5000.0,18.193161010742188,-47.865718841552734,0.20113084387710647,0.1317063354363223,0.11057600341875742,0.1080864645384801,0.11882622528920449,0.12782906832507768,0.10819126211692971,0.039194060727643296
huawei-mate9+p01_6_4+150cm,huawei-mate9,p01,150cm,16000,1.37,INSUFFICIENT_DATA,0.0,0.010037770393421472,7000.0,21.01012420654297,-46.158939361572266,0.23624638003728446,0.12161144709037991,0.10802963999941671,0.09852065991533687,0.10216081557252174,0.10847624467038594,0.10168554707193604,0.0491868816056893
huawei-mate9+p01_6_4+200cm,huawei-mate9,p01,200cm,16000,1.225,INSUFFICIENT_DATA,0.0,0.009792993576700212,7000.0,21.568946838378906,-46.23917007446289,0.2332196196153375,0.12266769292242603,0.10241974934683572,0.09940886902309767,0.10305914160606269,0.10093036521532614,0.10260244802078515,0.05833774869128909
huawei-mate9+p01_6_4+30cm,huawei-mate9,p01,30cm,16000,1.225,INSUFFICIENT_DATA,0.0,0.01583074929707662,6000.0,13.219688415527344,-30.769929885864258,0.6913593476520636,0.17699070929545122,0.08199517141964119,0.017401561514619395,0.011364954878666164,0.006872104145093819,0.006256339857806036,0.0012462357782766576
huawei-mate9+p01_6_4+60cm,huawei-mate9,p01,60cm,16000,1.225,INSUFFICIENT_DATA,0.0,0.017919150001441626,5000.0,14.6329345703125,-41.83912658691406,0.46191562355546734,0.16613942457785932,0.11200257959804566,0.07090773709516805,0.056096440500253184,0.05505859860878586,0.04887512533367531,0.014691294229001096
huawei-mate9+p02_1_1+10cm,huawei-mate9,p02,10cm,16000,0.571,INSUFFICIENT_DATA,0.0,0.013522056876389129,7000.0,16.033042907714844,-45.0235595703125,0.2808947520489056,0.1361952300634392,0.14192995399018435,0.10469217242100691,0.09483616895292804,0.09860818913001071,0.09477217927209271,0.026385118188969315
huawei-mate9+p02_1_1+300cm,huawei-mate9,p02,300cm,16000,0.563,INSUFFICIENT_DATA,0.0,0.01514285224431024,7000.0,23.40550994873047,-48.08442687988281,0.13456371862174654,0.12794590395633895,0.10467077499842838,0.10586374391643372,0.10873689433178263,0.12437835480961879,0.11515920989638527,0.06529494991829059
huawei-mate9+p02_1_1+60cm,huawei-mate9,p02,60cm,16000,0.563,INSUFFICIENT_DATA,0.0,0.02133778128725172,5000.0,17.76311492919922,-45.565940856933594,0.17194003076374162,0.13987214496184183,0.11665169748444629,0.12433407286397932,0.13214409189666376,0.12627289899098104,0.11545947910269196,0.03867274907077128
huawei-mate9+p02_1_2+100cm,huawei-mate9,p02,100cm,16000,0.649,INSUFFICIENT_DATA,0.0,0.016994710431760155,5000.0,21.761474609375,-48.159847259521484,0.16728353314018687,0.1297221424978892,0.11563239224413889,0.11436138964459733,0.11732335465444294,0.13137005902479656,0.11128275410723933,0.045292089837810176
huawei-mate9+p02_1_2+150cm,huawei-mate9,p02,150cm,16000,0.622,INSUFFICIENT_DATA,0.0,0.008486829843713541,5000.0,24.84752655029297,-46.91176986694336,0.1082610067026234,0.11826370248401824,0.11112308167273166,0.11171052982827218,0.12733131407081144,0.14036609647246365,0.1074135751107172,0.05427062946755892
huawei-mate9+p02_1_2+300cm,huawei-mate9,p02,300cm,16000,0.747,INSUFFICIENT_DATA,0.0,0.014169022420381767,5000.0,22.888450622558594,-48.20250701904297,0.15478719615925926,0.1299066949010525,0.1093900072509122,0.0977432400329259,0.11743485422083041,0.13350324819457804,0.1005144361363181,0.05220832728478594
huawei-mate9+p02_1_2+30cm,huawei-mate9,p02,30cm,16000,0.649,INSUFFICIENT_DATA,0.0,0.038878341874924234,5000.0,17.95763397216797,-42.96018981933594,0.36052843259678985,0.15581285563440014,0.14171630625313258,0.08345816781259395,0.07592261926244635,0.07372707360476242,0.07026942961404896,0.01935778089594665
huawei-mate9+p02_1_2+60cm,huawei-mate9,p02,60cm,16000,0.747,INSUFFICIENT_DATA,0.0,0.01619827599875547,5000.0,17.70257568359375,-45.52505111694336,0.17067492259397807,0.14349485035997095,0.12641765834936391,0.12341623614520764,0.124707338571961,0.13526097816914215,0.10424389112761477,0.03375227284359874
huawei-mate9+p02_1_3+100cm,huawei-mate9,p02,100cm,16000,0.847,INSUFFICIENT_DATA,0.0,0.0185440301513858,5000.0,20.30255126953125,-48.11271286010742,0.18127975837006516,0.13372269837352527,0.11706543821277711,0.11396890698006326,0.11617122909333813,0.1301960843265644,0.10425293054916877,0.038437124415628465
huawei-mate9+p02_1_3+10cm,huawei-mate9,p02,10cm,16000,0.978,INSUFFICIENT_DATA,0.0,0.019972824288608623,5000.0,17.42823028564453,-45.95698928833008,0.1836546252007725,0.14113894691063533,0.1255830534468924,0.11998533038232323,0.1240151036078377,0.12033812782953622,0.11329441024728958,0.036938132899743806
huawei-mate9+p02_1_3+300cm,huawei-mate9,p02,300cm,16000,0.978,INSUFFICIENT_DATA,0.0,0.01575078004492021,5000.0,23.483489990234375,-48.41925811767578,0.19255395591701507,0.12123894220782368,0.11118330412010376,0.09991164825688122,0.118617550516462,0.1456756816390784,0.10609451265214752,0.02774290386360957
huawei-mate9+p02_1_3+30cm,huawei-mate9,p02,30cm,16000,0.85,INSUFFICIENT_DATA,0.0,0.06101371125897715,5000.0,15.162773132324219,-35.67636489868164,0.5894069163823538,0.1970886973787137,0.11869762075659583,0.03016122346429293,0.02035777610162049,0.017594067101546706,0.014086139579272036,0.003556299385338697
huawei-mate9+p02_1_4+100cm,huawei-mate9,p02,100cm,16000,1.136,INSUFFICIENT_DATA,0.0,0.016566135873780117,5000.0,18.341323852539062,-47.65846252441406,0.21237431037942608,0.13343419287548008,0.11490075290767668,0.11657960490424374,0.1176609658238722,0.12039951880359219,0.09982404012434842,0.03692691618421299
huawei-mate9+p02_1_4+10cm,huawei-mate9,p02,10cm,16000,1.136,INSUFFICIENT_DATA,0.0,0.01645391848128233,5000.0,15.181800842285156,-45.554386138916016,0.19772484428778953,0.13765178329528577,0.13016020888417437,0.11816904025535696,0.12112847823053323,0.12439316251579023,0.10841340215287089,0.03266974189862725
huawei-mate9+p02_1_4+300cm,huawei-mate9,p02,300cm,16000,1.136,INSUFFICIENT_DATA,0.0,0.020277373815863736,5000.0,18.699684143066406,-47.925933837890625,0.2677142459886542,0.12074788697823831,0.10177038464376174,0.09802143606108715,0.10574729938721243,0.11884799384878003,0.10139733001582259,0.036615573466983214
huawei-mate9+p02_1_4+30cm,huawei-mate9,p02,30cm,16000,1.047,INSUFFICIENT_DATA,0.0,0.019252420645773805,6000.0,15.919776916503906,-30.450885772705078,0.6352133737499627,0.20658750836492157,0.104570133806052,0.018848418436151725,0.012599857852921462,0.0064318191772046954,0.005678118551163719,0.0012071286435091986
huawei-mate9+p02_1_5+100cm,huawei-mate9,p02,100cm,16000,0.969,INSUFFICIENT_DATA,0.0,0.0173901788680012,5000.0,20.519302368164062,-48.14113235473633,0.1797176696941528,0.13264483998635662,0.10660121276784569,0.11239987132163731,0.11815266974356725,0.128154526312364,0.11258196917466785,0.041926142648995426
huawei-mate9+p02_1_5+60cm,huawei-mate9,p02,60cm,16000,0.987,INSUFFICIENT_DATA,0.0,0.01448523954447074,5000.0,16.525657653808594,-45.70775604248047,0.1660274577214204,0.13621716302190084,0.12845939879665424,0.12301222342945894,0.1299866287997838,0.1310426645962002,0.11151265245251755,0.03525208605204663
huawei-mate9+p02_2_1+10cm,huawei-mate9,p02,10cm,16000,1.099,INSUFFICIENT_DATA,0.0,0.016133403024953627,5000.0,16.084693908691406,-45.857460021972656,0.1888627301420829,0.14023961376296987,0.12615201819095545,0.11927978442037959,0.11884718715676434,0.1309560008493426,0.10864298731696632,0.03412871779728904
huawei-mate9+p02_2_1+150cm,huawei-mate9,p02,150cm,16000,1.099,INSUFFICIENT_DATA,0.0,0.011001401240838175,7000.0,21.50615692138672,-46.44037628173828,0.1964661193244682,0.12414366822221065,0.109598796870149,0.09982902849856794,0.11704359634503883,0.12337957141554354,0.106381140815974,0.04567797535503162
huawei-mate9+p02_2_1+300cm,huawei-mate9,p02,300cm,16000,0.883,INSUFFICIENT_DATA,0.0,0.01812648087408786,5000.0,17.827598571777344,-48.712890625,0.1857253974317213,0.12956579769460463,0.11643960860136467,0.12455342094741022,0.12537816389224896,0.12089193501219549,0.11122020568632299,0.036597196151902885
huawei-mate9+p02_2_2+10cm,huawei-mate9,p02,10cm,16000,1.385,INSUFFICIENT_DATA,0.0,0.017843371511262675,5000.0,15.573783874511719,-45.745296478271484,0.18137656967683205,0.14033563882036826,0.12773168878170757,0.11740302563308343,0.12330078766689827,0.12764743729889066,0.11311686058096927,0.035836216089451034
huawei-mate9+p02_2_2+200cm,huawei-mate9,p02,200cm,16000,1.307,INSUFFICIENT_DATA,0.0,0.010947857332833665,7000.0,22.572608947753906,-46.55352020263672,0.15930750498990653,0.12114013023340935,0.11243845410382008,0.10641893664041781,0.11187572433008998,0.11081185374226349,0.12155363973543347,0.06785064020159576
huawei-mate9+p02_2_2+300cm,huawei-mate9,p02,300cm,16000,1.23,INSUFFICIENT_DATA,0.0,0.019311571680853897,5000.0,16.031524658203125,-48.151493072509766,0.2568330946111957,0.13159784936260518,0.11327103121922368,0.09957026729752104,0.11160739241381648,0.10833388640807692,0.11062460529172953,0.034049534680924774
huawei-mate9+p02_2_2+60cm,huawei-mate9,p02,60cm,16000,1.385,INSUFFICIENT_DATA,0.0,0.014344699995059811,5000.0,15.040229797363281,-45.20549392700195,0.20126116857050358,0.14651147989053726,0.1297852830696669,0.11667997093405666,0.11734681633302728,0.11749590838741462,0.10731973263655825,0.03259928887300158
huawei-mate9+p02_2_3+100cm,huawei-mate9,p02,100cm,16000,1.117,INSUFFICIENT_DATA,0.0,0.014764518596553726,5000.0,19.165504455566406,-47.95586013793945,0.17829013743499186,0.13050126743089108,0.11671942896525861,0.10842604767848808,0.1221638561850521,0.12769676700783103,0.1107726304583687,0.04339951800175695
huawei-mate9+p02_2_3+10cm,huawei-mate9,p02,10cm,16000,1.117,INSUFFICIENT_DATA,0.0,0.016310615831476825,5000.0,13.988594055175781,-45.51173400878906,0.2135945761746031,0.1416524334977933,0.12904292370335585,0.11265228133144323,0.12099222776775749,0.11675154417326777,0.11236629467096997,0.03108701506361952
huawei-mate9+p02_2_3+150cm,huawei-mate9,p02,150cm,16000,1.29,INSUFFICIENT_DATA,0.0,0.011608674575465444,7000.0,19.37653350830078,-47.06977844238281,0.16446207366537383,0.14098831675886403,0.12469713684546868,0.11989821424658832,0.10778415215632359,0.11381974745947784,0.12039925604516387,0.0514708883610045
huawei-mate9+p02_2_3+200cm,huawei-mate9,p02,200cm,16000,1.29,INSUFFICIENT_DATA,0.0,0.011110309457055456,7000.0,22.938514709472656,-46.8049430847168,0.11944261510024205,0.12425608756778066,0.10629573762832997,0.11593182585482413,0.11107375095991619,0.12624675950047723,0.11219012734573063,0.06749066353181034
huawei-mate9+p02_2_3+300cm,huawei-mate9,p02,300cm,16000,1.117,INSUFFICIENT_DATA,0.0,0.017279820962026016,7000.0,19.221221923828125,-48.575050354003906,0.18624977251452066,0.12307583617646793,0.11026854125096955,0.10570227408575866,0.11686407349602312,0.12675458427672173,0.11858245099841525,0.04632514961063106
huawei-mate9+p02_2_3+30cm,huawei-mate9,p02,30cm,16000,1.117,INSUFFICIENT_DATA,0.0,0.1539659109510578,5000.0,14.080101013183594,-38.435665130615234,0.5319733447897392,0.16576234429554887,0.15211816379115028,0.03849739636413927,0.036904461558426,0.031132400578096592,0.029144038113643633,0.00704984168720058
huawei-mate9+p02_2_4+10cm,huawei-mate9,p02,10cm,16000,1.021,INSUFFICIENT_DATA,0.0,0.018250627969266485,5000.0,16.687583923339844,-45.85931396484375,0.17952834350121966,0.13882571451529035,0.12285811079933542,0.12303986878147892,0.12421700378851375,0.12692340083427744,0.11256088405001136,0.03451075566040219
huawei-mate9+p02_2_4+150cm,huawei-mate9,p02,150cm,16000,0.9,INSUFFICIENT_DATA,0.0,0.013988209280634564,7000.0,17.872711181640625,-45.82373046875,0.2805198029186952,0.12338815858844639,0.11421849467610187,0.10356727984662965,0.10635699743944191,0.0950959355840364,0.10652017959552432,0.035650893173757484
huawei-mate9+p02_2_5+100cm,huawei-mate9,p02,100cm,16000,0.969,INSUFFICIENT_DATA,0.0,0.017988095081749016,5000.0,19.86090087890625,-48.144935607910156,0.17817248746174863,0.13068238660760637,0.11513700117451968,0.10603735904542977,0.12212944054220437,0.13245517681206864,0.10564960274983994,0.04222346553882734
huawei-mate9+p02_2_5+150cm,huawei-mate9,p02,150cm,16000,0.805,INSUFFICIENT_DATA,0.0,0.012576637728021561,7000.0,18.64331817626953,-46.25001525878906,0.21045644250662215,0.12206218477715759,0.12068090778605184,0.1176704053944283,0.11219761461724102,0.11425117603681156,0.11495012544295123,0.04341361713663371
huawei-mate9+p02_2_5+200cm,huawei-mate9,p02,200cm,16000,0.969,INSUFFICIENT_DATA,0.0,0.01721409280959103,7000.0,22.657028198242188,-46.086177825927734,0.22058924482884437,0.1208640462715065,0.09429067819158589,0.09918617159836368,0.10352871740616319,0.10435726319572768,0.1041594777945471,0.061758790836701015
huawei-mate9+p02_2_5+300cm,huawei-mate9,p02,300cm,16000,0.969,INSUFFICIENT_DATA,0.0,0.01789335238247644,5000.0,17.529441833496094,-48.12504577636719,0.2927279495515882,0.12045719403456792,0.10056936089431572,0.101120294140069,0.1089390376327703,0.11401951232614396,0.09599792515294013,0.03062386198696064
huawei-mate9+p02_2_5+30cm,huawei-mate9,p02,30cm,16000,0.969,INSUFFICIENT_DATA,0.0,0.03554124870755217,6000.0,13.042915344238281,-28.67401123046875,0.7633023426536915,0.14565643780473086,0.045109849465637494,0.013475388978032988,0.00795986962600246,0.004332409742627784,0.0037675354043913275,0.0007786718869761543
huawei-mate9+p02_2_5+60cm,huawei-mate9,p02,60cm,16000,0.805,INSUFFICIENT_DATA,0.0,0.01620553162000536,5000.0,16.304397583007812,-44.42578125,0.19268990977783226,0.14596235430844917,0.13028803484405277,0.1213496641611778,0.12042785805993293,0.12432013033344723,0.10348000056487298,0.031083247298688717
huawei-mate9+p02_3_1+10cm,huawei-mate9,p02,10cm,16000,1.128,INSUFFICIENT_DATA,0.0,0.01757318737757521,5000.0,15.242996215820312,-45.85911178588867,0.18267877205556174,0.13382067319897933,0.13251843905073485,0.11907349891925438,0.12537544724615993,0.1239343643580822,0.11993124865942806,0.035400923951496834
huawei-mate9+p02_3_1+150cm,huawei-mate9,p02,150cm,16000,1.128,INSUFFICIENT_DATA,0.0,0.01132593766215005,7000.0,19.890274047851562,-46.1146240234375,0.24410521794912746,0.1242442164042603,0.10317282813116878,0.11158028065540547,0.10278421848764159,0.1045207045865131,0.10019899680723901,0.04958523311699602
huawei-mate9+p02_3_1+200cm,huawei-mate9,p02,200cm,16000,1.128,INSUFFICIENT_DATA,0.0,0.013472129321535103,7000.0,22.587501525878906,-46.371826171875,0.1612124082361375,0.13043781312424302,0.09993296040307056,0.11060232066787734,0.1075262806733864,0.11058499082089995,0.10849255329343183,0.07023261399392296
huawei-mate9+p02_3_1+300cm,huawei-mate9,p02,300cm,16000,1.29,INSUFFICIENT_DATA,0.0,0.022820293460823125,5000.0,19.863311767578125,-47.99589157104492,0.2330386757013744,0.12829687114585597,0.09916955175905241,0.09787018568997204,0.11393772689568732,0.12493790403939845,0.09731285732240787,0.037775088546930596
huawei-mate9+p02_3_2+100cm,huawei-mate9,p02,100cm,16000,1.238,INSUFFICIENT_DATA,0.0,0.013069797564613206,7000.0,18.605560302734375,-47.56951904296875,0.23494129533509947,0.13555050480167982,0.12244761837994465,0.10816943599736248,0.10521319637367202,0.11183905444444266,0.09756385227388739,0.035176290215353595
huawei-mate9+p02_3_2+150cm,huawei-mate9,p02,150cm,16000,1.212,INSUFFICIENT_DATA,0.0,0.01157322898296037,7000.0,17.633895874023438,-44.658145904541016,0.3579792233681742,0.13687683049399577,0.10995279704116362,0.08331222459653548,0.08958331716277866,0.08116018690434439,0.0785169568111328,0.028865444161755304
huawei-mate9+p02_3_2+200cm,huawei-mate9,p02,200cm,16000,1.056,INSUFFICIENT_DATA,0.0,0.012392538707766954,7000.0,23.956649780273438,-45.970096588134766,0.2328041961991776,0.12837102002119316,0.09847960723710994,0.09621666465307807,0.10271281168659245,0.10331497113644116,0.10135964552181702,0.05983535718836911
huawei-mate9+p02_3_2+30cm,huawei-mate9,p02,30cm,16000,1.056,INSUFFICIENT_DATA,0.0,0.012897059332595133,6000.0,15.081703186035156,-28.572677612304688,0.6908307401944823,0.1854638155773673,0.07663990663009401,0.01793182763362492,0.010438776407066449,0.004689198834194389,0.0037484756011995765,0.0008299291417603508
huawei-mate9+p02_3_2+60cm,huawei-mate9,p02,60cm,16000,1.056,INSUFFICIENT_DATA,0.0,0.010920519983105687,7000.0,15.80279541015625,-41.99091339111328,0.46129973348590336,0.15442949559876507,0.1081235213952415,0.070624324910894,0.06252883098247307,0.058247850761939154,0.05305167064881656,0.016844755151165746
huawei-mate9+p02_3_3+100cm,huawei-mate9,p02,100cm,16000,0.737,INSUFFICIENT_DATA,0.0,0.013730437518181508,5000.0,20.38658905029297,-48.3450927734375,0.17300877153713318,0.13070092336706998,0.11696601776541793,0.10149205104667172,0.12384847009616973,0.12616233810852417,0.11489563384896694,0.04392386812639109
huawei-mate9+p02_3_3+10cm,huawei-mate9,p02,10cm,16000,0.737,INSUFFICIENT_DATA,0.0,0.022594511565398878,5000.0,18.066375732421875,-45.908451080322266,0.1779119782096048,0.1373012729905442,0.13101055773071488,0.12162799710465774,0.1255227724363134,0.11915984447751134,0.11496193261093682,0.03539726675647364
huawei-mate9+p02_3_3+150cm,huawei-mate9,p02,150cm,16000,0.603,INSUFFICIENT_DATA,0.0,0.016882505227649326,7000.0,21.17436981201172,-46.56919860839844,0.1939060701492591,0.13110043864220458,0.11854327161385245,0.10798090704011888,0.10996372291411641,0.12387450237618758,0.12125109395242654,0.04659112609375168
huawei-mate9+p02_3_3+30cm,huawei-mate9,p02,30cm,16000,0.814,INSUFFICIENT_DATA,0.0,0.05041106003005999,5000.0,12.453193664550781,-33.815589904785156,0.573080186462065,0.2370861268507894,0.10271715869625163,0.03199310519914156,0.017474563687719206,0.012091439540491316,0.009690279910584455,0.0026134529382477647
huawei-mate9+p02_3_3+60cm,huawei-mate9,p02,60cm,16000,0.737,INSUFFICIENT_DATA,0.0,0.02153067515926824,5000.0,18.96759033203125,-45.45024490356445,0.17670058364063151,0.1325544576747965,0.13852670824792282,0.12339929098112373,0.121488687691975,0.12834149807181533,0.10954073237925474,0.03464678837921379
huawei-mate9+p02_3_4+10cm,huawei-mate9,p02,10cm,16000,0.563,INSUFFICIENT_DATA,0.0,0.01628027894953498,5000.0,16.23248291015625,-45.32549285888672,0.25582794582047474,0.13701862938792544,0.13466385015907592,0.11113169672851299,0.10284640755798856,0.10430092406011236,0.09812766131117467,0.029392430237723588
huawei-mate9+p02_3_4+150cm,huawei-mate9,p02,150cm,16000,0.571,INSUFFICIENT_DATA,0.0,0.01078824769218027,5000.0,22.774505615234375,-46.787879943847656,0.1576913791341398,0.12909548268388985,0.1141118948787176,0.10867675324337771,0.12852446552259458,0.13822175822589317,0.10217000595453077,0.04545045266308853
huawei-mate9+p02_3_4+200cm,huawei-mate9,p02,200cm,16000,0.615,INSUFFICIENT_DATA,0.0,0.013185490014873867,7000.0,23.776695251464844,-46.99974060058594,0.1395163969476005,0.11885653951621368,0.11227703239376166,0.1078903847957562,0.11873836418870762,0.11018486027193151,0.11934511880342236,0.07559118255540362
huawei-mate9+p02_3_4+60cm,huawei-mate9,p02,60cm,16000,0.563,INSUFFICIENT_DATA,0.0,0.015337476575119025,7000.0,19.316497802734375,-45.601192474365234,0.16217332104505908,0.13528162723561896,0.12820291350449076,0.12876098977753855,0.128367322143702,0.12358315979772465,0.11868139950044634,0.038068231182737555
huawei-mate9+p02_3_5+100cm,huawei-mate9,p02,100cm,16000,0.935,INSUFFICIENT_DATA,0.0,0.012896343389955134,5000.0,20.43743896484375,-48.031761169433594,0.18046664420029385,0.12937878337037095,0.10718928280193234,0.10901568602049708,0.12440670166489788,0.13266139518076225,0.10667088962196478,0.042244371847063165
huawei-mate9+p02_3_5+10cm,huawei-mate9,p02,10cm,16000,1.03,INSUFFICIENT_DATA,0.0,0.014469917336763245,5000.0,14.492507934570312,-45.74290466308594,0.19332489931694538,0.13751625316333496,0.1310336527338163,0.12039217392041364,0.12133228181285333,0.12398295842736086,0.11066570071290224,0.032238973104914366
huawei-mate9+p02_3_5+150cm,huawei-mate9,p02,150cm,16000,0.935,INSUFFICIENT_DATA,0.0,0.011732298918854966,5000.0,18.738632202148438,-45.61435317993164,0.2807486022600152,0.1305290489032328,0.11015214544703791,0.09307356527528746,0.10758964027931192,0.1049522926688557,0.09078810771692938,0.039422244579559514
huawei-mate9+p02_3_5+200cm,huawei-mate9,p02,200cm,16000,1.03,INSUFFICIENT_DATA,0.0,0.01588925053750594,7000.0,21.764129638671875,-46.421478271484375,0.19732269062421287,0.12833664035444184,0.10585851998231435,0.10428187486067775,0.10600637044073691,0.10942280302651466,0.11327651834551308,0.06073927954754687
huawei-mate9+p02_3_5+300cm,huawei-mate9,p02,300cm,16000,0.935,INSUFFICIENT_DATA,0.0,0.016793884745166947,7000.0,17.094680786132812,-47.76533126831055,0.2899821661559017,0.1255891779558261,0.10448266042049395,0.10452758033628357,0.09894738597297695,0.10356413605777187,0.10099960862987337,0.03588966174503696
huawei-mate9+p02_3_5+30cm,huawei-mate9,p02,30cm,16000,1.03,INSUFFICIENT_DATA,0.0,0.04554437445555289,6000.0,13.428764343261719,-32.42648696899414,0.6567226630853276,0.18200057144444837,0.09133023053199901,0.025272360762972915,0.0144420880054795,0.009107552478749307,0.007680649689252439,0.0017895953507859486
huawei-mate9+p02_3_5+60cm,huawei-mate9,p02,60cm,16000,0.935,INSUFFICIENT_DATA,0.0,0.01399381088048859,5000.0,14.7525634765625,-43.29988098144531,0.34003829603071023,0.16406881147281688,0.13435161526381278,0.09138233083555392,0.08014217794285505,0.07383468555391771,0.07690518156821011,0.019982446841156992
huawei-mate9+p02_4_1+10cm,huawei-mate9,p02,10cm,16000,0.883,INSUFFICIENT_DATA,0.0,0.015337856157982754,7000.0,16.69110107421875,-45.90147399902344,0.17319180726850475,0.1333828596175359,0.12356917348218893,0.1287357727548193,0.12343496260216207,0.12529311038070132,0.11747720148547763,0.037022828042759595
huawei-mate9+p02_4_1+150cm,huawei-mate9,p02,150cm,16000,1.099,INSUFFICIENT_DATA,0.0,0.012304356635533968,5000.0,19.150550842285156,-45.952606201171875,0.22515995468589697,0.12131805898321947,0.11458733736721959,0.10782682966226927,0.10430683799260317,0.11826930539312887,0.10316806372496194,0.04265338839103961
huawei-mate9+p02_4_1+200cm,huawei-mate9,p02,200cm,16000,1.039,INSUFFICIENT_DATA,0.0,0.011001909869075439,7000.0,23.84851837158203,-46.58021926879883,0.13302383159530928,0.12389478530738707,0.10303463080888284,0.10975712937797512,0.11299959206535753,0.12091642992320863,0.11217355496240362,0.07029810100347633
huawei-mate9+p02_4_1+30cm,huawei-mate9,p02,30cm,16000,1.099,INSUFFICIENT_DATA,0.0,0.0484928428089283,6000.0,12.594535827636719,-33.38295364379883,0.597162376299567,0.22550917717564453,0.10107681027428385,0.025137181802191502,0.017355234254781058,0.010265363300793643,0.009151017989914774,0.0019133201005199021
huawei-mate9+p02_4_1+60cm,huawei-mate9,p02,60cm,16000,1.099,INSUFFICIENT_DATA,0.0,0.013127461036148307,5000.0,16.166854858398438,-44.13346862792969,0.2177420001328322,0.18035607466909917,0.1272718215806289,0.11106825639456788,0.10208496023656205,0.10681807582332101,0.09712340713816009,0.029206173882935015
huawei-mate9+p02_4_2+100cm,huawei-mate9,p02,100cm,16000,1.229,INSUFFICIENT_DATA,0.0,0.01963601669278495,5000.0,19.760887145996094,-47.96880340576172,0.18452115948052983,0.13233935915439454,0.10785809835613604,0.11095990685733303,0.12258406080541763,0.12923712398349216,0.11125904329729933,0.03971101117965627
huawei-mate9+p02_4_2+10cm,huawei-mate9,p02,10cm,16000,1.24,INSUFFICIENT_DATA,0.0,0.01599097598021678,5000.0,13.909706115722656,-45.59794616699219,0.21757343815611885,0.14107997366085015,0.1281634174088908,0.11411885995628346,0.11560846867950299,0.12197975851545555,0.10911110129354365,0.030774543602974984
huawei-mate9+p02_4_2+150cm,huawei-mate9,p02,150cm,16000,1.151,INSUFFICIENT_DATA,0.0,0.00984648092716897,7000.0,20.682693481445312,-46.51079177856445,0.15913873873217585,0.11457893685038555,0.12767172137318444,0.10423569228583086,0.12221137886610398,0.1279699198019028,0.1156837835548991,0.04972164961657885
huawei-mate9+p02_4_2+200cm,huawei-mate9,p02,200cm,16000,1.24,INSUFFICIENT_DATA,0.0,0.010846880926907205,7000.0,23.52838897705078,-46.51275634765625,0.13372097761022678,0.12331983210894268,0.10802394247555976,0.10468315731631463,0.10499637306697464,0.10935073365031991,0.1185843346400924,0.08271169927231509
huawei-mate9+p02_4_2+30cm,huawei-mate9,p02,30cm,16000,1.151,INSUFFICIENT_DATA,0.0,0.054454232224369556,5000.0,13.132461547851562,-38.89048767089844,0.49251707652427446,0.1629523131915416,0.17483922538401914,0.04108699822541392,0.0468718318664163,0.03030041081427572,0.02902481252999442,0.006756067198578079
huawei-mate9+p02_4_2+60cm,huawei-mate9,p02,60cm,16000,1.24,INSUFFICIENT_DATA,0.0,0.016666896464443977,7000.0,16.919410705566406,-45.44670867919922,0.18050664370391625,0.14137119221286631,0.12914324457123516,0.12267912263945988,0.12294045745390736,0.11962503544928825,0.11346175038643885,0.03641536267718411
huawei-mate9+p02_4_3+150cm,huawei-mate9,p02,150cm,16000,0.622,INSUFFICIENT_DATA,0.0,0.015367498002852172,7000.0,22.065956115722656,-46.940608978271484,0.16634485984387384,0.11717045668126919,0.11350243146643925,0.11660520227640503,0.1233669520984176,0.12453379865136213,0.1049012101695743,0.05672598412049971
huawei-mate9+p02_4_3+30cm,huawei-mate9,p02,30cm,16000,0.622,INSUFFICIENT_DATA,0.0,0.05708855328760096,5000.0,17.043807983398438,-39.74618911743164,0.5222930230027859,0.1700078139407488,0.14168262253237168,0.04692916641486011,0.037243224729850165,0.030270155978495965,0.029801634614696152,0.007495440514466751
huawei-mate9+p02_4_3+60cm,huawei-mate9,p02,60cm,16000,0.649,INSUFFICIENT_DATA,0.0,0.017365624760916614,5000.0,18.25536346435547,-45.511314392089844,0.18910932243766837,0.14323821222531413,0.12137622483373296,0.11718483816388882,0.11758808380155858,0.13118123805626955,0.10753365918913874,0.03908204055377015
huawei-mate9+p02_4_4+100cm,huawei-mate9,p02,100cm,16000,0.969,INSUFFICIENT_DATA,0.0,0.01945323117120545,5000.0,20.644004821777344,-48.03168869018555,0.18052944548719546,0.13731849504465413,0.11316766958773679,0.10813126790738793,0.12111961050435428,0.12464906372581623,0.10865531788848398,0.0419281795393772
huawei-mate9+p02_4_4+150cm,huawei-mate9,p02,150cm,16000,0.969,INSUFFICIENT_DATA,0.0,0.011852492602724569,7000.0,19.102394104003906,-45.870609283447266,0.25360613678476707,0.12632781873416174,0.11122735060115559,0.1052547014412809,0.10769961518518076,0.10955391098015316,0.09605057122749552,0.03586643124602632
huawei-mate9+p02_4_4+200cm,huawei-mate9,p02,200cm,16000,1.0,INSUFFICIENT_DATA,0.0,0.013618004001208904,7000.0,22.654014587402344,-46.297523498535156,0.21204250988588214,0.12903744145922993,0.10676933707420871,0.0976766757976955,0.10600984585740078,0.1004602441700427,0.11010513680789794,0.057794717246533456
huawei-mate9+p02_4_4+300cm,huawei-mate9,p02,300cm,16000,1.0,INSUFFICIENT_DATA,0.0,0.014783217348685538,5000.0,20.679214477539062,-48.00954818725586,0.24562871877483858,0.1218304039943861,0.1011497662250559,0.10229055904066708,0.11273337261564789,0.11960607335123483,0.10182743100949403,0.039003525762948854
huawei-mate9+p02_4_4+30cm,huawei-mate9,p02,30cm,16000,0.969,INSUFFICIENT_DATA,0.0,0.03324326091697917,5000.0,13.222877502441406,-29.441564559936523,0.7471680328734457,0.15822722440200696,0.04936615552358653,0.012619958109301457,0.007968936041803152,0.004881540219862111,0.004009304665980148,0.0009630867679789439
huawei-mate9+p02_4_4+60cm,huawei-mate9,p02,60cm,16000,0.969,INSUFFICIENT_DATA,0.0,0.016023630327305284,5000.0,15.685134887695312,-42.10553741455078,0.47818904168016907,0.14787317465166216,0.09256038471636764,0.06540557353052187,0.0637557233302078,0.059937322488446756,0.05487351438508212,0.016871238233420308
huawei-mate9+p02_4_5+100cm,huawei-mate9,p02,100cm,16000,0.952,INSUFFICIENT_DATA,0.0,0.021438682812919743,5000.0,20.120094299316406,-47.95116424560547,0.19155132052102322,0.1422707460709814,0.10759053653420476,0.10236984620027338,0.11512124012018711,0.1246489746447887,0.1130839489525617,0.04021086463776461
huawei-mate9+p02_4_5+150cm,huawei-mate9,p02,150cm,16000,0.944,INSUFFICIENT_DATA,0.0,0.010879701547762901,7000.0,19.48627471923828,-45.966468811035156,0.2383512644721194,0.11908623260311421,0.11597863118997188,0.09907251401721641,0.11202080720470252,0.1145604342314789,0.09892533855065028,0.042238597431798246
huawei-mate9+p02_4_5+200cm,huawei-mate9,p02,200cm,16000,1.039,INSUFFICIENT_DATA,0.0,0.010994388578963976,7000.0,23.174217224121094,-46.56694793701172,0.12930261589082628,0.11820744060754916,0.10182272669707274,0.1065216905055218,0.11037997825660802,0.12125839998260377,0.11310661680639797,0.0761830793595624
huawei-mate9+p02_4_5+30cm,huawei-mate9,p02,30cm,16000,1.039,INSUFFICIENT_DATA,0.0,0.06304194298035506,5000.0,15.407493591308594,-35.62346649169922,0.5850341120436436,0.21660462258106464,0.11325846368941327,0.028404254298022222,0.018025230771436324,0.015339243917074067,0.013682081849638046,0.0031115442845024836
huawei-mate9+p02_4_5+60cm,huawei-mate9,p02,60cm,16000,0.952,INSUFFICIENT_DATA,0.0,0.018758376202662807,7000.0,15.946685791015625,-44.74909210205078,0.2581813119433304,0.1444830228945597,0.12873114133479313,0.1119210157732615,0.10533053484147893,0.10609723196914149,0.09224044000086197,0.0279371083957138
huawei-mate9+p02_5_1+100cm,huawei-mate9,p02,100cm,16000,1.645,INSUFFICIENT_DATA,0.0,0.01691701424635928,5000.0,16.76634979248047,-47.742095947265625,0.19315741902364014,0.1384377296804514,0.11745594253587227,0.11830966489741751,0.11692615611862416,0.12726647078051168,0.10533801996002208,0.0405888746293894
huawei-mate9+p02_5_1+10cm,huawei-mate9,p02,10cm,16000,1.372,INSUFFICIENT_DATA,0.0,0.02048738052840459,5000.0,17.20514678955078,-45.58088302612305,0.21117429998362025,0.13698718741722787,0.12698801937947163,0.11203172108635683,0.11825188823803034,0.12420035526268046,0.10868559635280822,0.031878814146443474
huawei-mate9+p02_5_1+60cm,huawei-mate9,p02,60cm,16000,1.372,INSUFFICIENT_DATA,0.0,0.05938675504057103,5000.0,14.875297546386719,-44.7075309753418,0.2884692836205426,0.13393345281479196,0.1213525459643617,0.10712851827764826,0.09814583664093066,0.1068574034460373,0.09112562242904947,0.02767132248163095
huawei-mate9+p02_5_2+150cm,huawei-mate9,p02,150cm,16000,1.35,INSUFFICIENT_DATA,0.0,0.010698304604621569,7000.0,18.749229431152344,-46.33684158325195,0.19433755121474308,0.1384460035029518,0.11719773040618493,0.10726390462574534,0.11038107465346675,0.11513132965464973,0.10630646425823163,0.044918210825391866
huawei-mate9+p02_5_2+300cm,huawei-mate9,p02,300cm,16000,1.35,INSUFFICIENT_DATA,0.0,0.014178888291913033,5000.0,16.32262420654297,-48.3624267578125,0.23591482722919183,0.1250167454325239,0.11209255811039126,0.10790833310028651,0.12000465785271529,0.11905163481032426,0.10803057490659773,0.03582697660727724
huawei-mate9+p02_5_2+30cm,huawei-mate9,p02,30cm,16000,1.35,INSUFFICIENT_DATA,0.0,0.01541443148017967,5000.0,13.432929992675781,-34.55517578125,0.5712578440514108,0.21216653923613493,0.12439159159459068,0.029202104996222236,0.020344456784636405,0.01473344134446729,0.012684295319555226,0.0029332528881519816
huawei-mate9+p02_5_3+10cm,huawei-mate9,p02,10cm,16000,1.316,INSUFFICIENT_DATA,0.0,0.020212948498541494,7000.0,12.917221069335938,-45.367515563964844,0.23719197949989534,0.1349093813839138,0.13454510818860882,0.1083699237994984,0.1194816212898887,0.11117794535890622,0.10780927692841091,0.029693434572915144
huawei-mate9+p02_5_3+300cm,huawei-mate9,p02,300cm,16000,1.264,INSUFFICIENT_DATA,0.0,0.0142801458307673,5000.0,16.67528533935547,-48.358131408691406,0.2361999214442177,0.12472778152648059,0.11102547963870767,0.1088008268950542,0.12067833747813501,0.12085498052582819,0.10834324902431233,0.03241231486874538
huawei-mate9+p02_5_3+30cm,huawei-mate9,p02,30cm,16000,1.177,INSUFFICIENT_DATA,0.0,0.035008147930650844,6000.0,13.960517883300781,-36.53349685668945,0.5434054209197018,0.1757315601331426,0.15910591304586202,0.03514288619844314,0.03260136385208722,0.020125749658991967,0.018883205662527942,0.004466183006437818
huawei-mate9+p02_5_4+100cm,huawei-mate9,p02,100cm,16000,1.237,INSUFFICIENT_DATA,0.0,0.017119028210894324,5000.0,20.786880493164062,-48.113826751708984,0.179342198713041,0.13484078353294482,0.11144446541837476,0.11476276407083037,0.11771217161980717,0.1338326990817982,0.10761645310071784,0.03809899346119976
huawei-mate9+p02_5_4+150cm,huawei-mate9,p02,150cm,16000,1.126,INSUFFICIENT_DATA,0.0,0.00946218727842804,7000.0,20.990150451660156,-46.406829833984375,0.20217489319555706,0.11933332709767251,0.1049842942366032,0.10329673418249748,0.10839907807535218,0.12491954154348921,0.1049080436859313,0.04945384530261834
huawei-mate9+p02_5_4+200cm,huawei-mate9,p02,200cm,16000,1.126,INSUFFICIENT_DATA,0.0,0.009347148570631618,7000.0,23.244064331054688,-46.734310150146484,0.16382728031086993,0.13041731827703684,0.11028761689534813,0.10621151285260891,0.11003871334188284,0.10819502754417246,0.11303337633987375,0.06725878146581044
huawei-mate9+p02_5_4+30cm,huawei-mate9,p02,30cm,16000,1.186,INSUFFICIENT_DATA,0.0,0.10472275376605687,7000.0,13.281806945800781,-39.12892150878906,0.5152447134545189,0.1669742886321266,0.15559170132447497,0.041632191347220224,0.039997545237385745,0.0325702191025351,0.031225434408871686,0.00795254808264021
huawei-mate9+p02_5_4+60cm,huawei-mate9,p02,60cm,16000,1.237,INSUFFICIENT_DATA,0.0,0.016587008697467903,5000.0,15.488151550292969,-45.23896026611328,0.16641992289527455,0.14436054667416906,0.13165381947034102,0.12815462037542316,0.1268069313375017,0.12626443798421608,0.10743760241901718,0.035613347275005404
huawei-mate9+p02_6_1+200cm,huawei-mate9,p02,200cm,16000,1.223,INSUFFICIENT_DATA,0.0,0.009819335752042956,7000.0,20.129531860351562,-47.22831726074219,0.13897406383243008,0.12528765010806772,0.12609401184485017,0.12210984190899815,0.11713703018718193,0.12384890195139912,0.12254239619233877,0.05631259442547633
huawei-mate9+p02_6_1+300cm,huawei-mate9,p02,300cm,16000,1.229,INSUFFICIENT_DATA,0.0,0.016162462788207682,5000.0,20.88263702392578,-48.179298400878906,0.20602844352328073,0.13206924596567773,0.10572665321126162,0.09901093449453688,0.11458746206539801,0.12283223819397587,0.10631118260421271,0.04248167208212441
huawei-mate9+p02_6_1+60cm,huawei-mate9,p02,60cm,16000,1.169,INSUFFICIENT_DATA,0.0,0.014888164190706368,5000.0,15.883316040039062,-45.497589111328125,0.1758958481662393,0.14346454919144622,0.12596001824086997,0.12784403260506985,0.1259493524343744,0.12528752048268285,0.10647689421047661,0.035565680705634616
huawei-mate9+p02_6_2+10cm,huawei-mate9,p02,10cm,16000,1.125,INSUFFICIENT_DATA,0.0,0.019866765190567497,5000.0,16.071136474609375,-45.856536865234375,0.18101291106805312,0.13598769236014419,0.12560756620903854,0.12245449266402159,0.12023187699767422,0.12607192813015036,0.12113116872652818,0.03563596751488851
huawei-mate9+p02_6_2+150cm,huawei-mate9,p02,150cm,16000,1.627,INSUFFICIENT_DATA,0.0,0.011543645657994922,7000.0,22.07683563232422,-46.51081085205078,0.2036772646473688,0.12110924609826693,0.11235354789744346,0.10937879904268721,0.10292087752491634,0.10925875274523368,0.10965174398936904,0.05943993153097839
huawei-mate9+p02_6_2+200cm,huawei-mate9,p02,200cm,16000,1.125,INSUFFICIENT_DATA,0.0,0.011261047623437836,7000.0,23.691749572753906,-46.813507080078125,0.11950476071152195,0.13214779114895894,0.09995182659741347,0.11677759968743842,0.11209671268325726,0.1176820132259316,0.11503754033040092,0.07064188494120298
huawei-mate9+p02_6_2+300cm,huawei-mate9,p02,300cm,16000,1.125,INSUFFICIENT_DATA,0.0,0.01495341842568137,5000.0,18.235824584960938,-48.73802185058594,0.21486392155276496,0.12072377855524616,0.11060969556058085,0.11147208272616997,0.1208430059676055,0.13183485345118173,0.11060098380623737,0.0366652315247403
huawei-mate9+p02_6_2+60cm,huawei-mate9,p02,60cm,16000,1.013,INSUFFICIENT_DATA,0.0,0.015232561859508473,5000.0,16.89458465576172,-45.543190002441406,0.176696341001957,0.13514745323670066,0.13224015684933169,0.1218746347511316,0.11886074267840963,0.1306447118015238,0.11015492915393367,0.03597038626284947
huawei-mate9+p02_6_3+100cm,huawei-mate9,p02,100cm,16000,1.446,INSUFFICIENT_DATA,0.0,0.013959773407149698,5000.0,18.197593688964844,-47.9511833190918,0.18543136030328722,0.12948615326100346,0.11776458128939232,0.1127947494362792,0.12226834706819827,0.12277535138754403,0.11565347363952695,0.04198633739137448
huawei-mate9+p02_6_3+150cm,huawei-mate9,p02,150cm,16000,1.446,INSUFFICIENT_DATA,0.0,0.009733994840375274,5000.0,18.51593780517578,-46.10458755493164,0.22291048642612582,0.12333205027102374,0.11877952428338867,0.0977212779497141,0.11749834970011168,0.11476996447547448,0.10525909408989087,0.04151885257831358
huawei-mate9+p02_6_3+200cm,huawei-mate9,p02,200cm,16000,2.302,INSUFFICIENT_DATA,0.0,0.00992718345697944,7000.0,22.551490783691406,-46.69076919555664,0.12878842684197297,0.12468690856804739,0.10537932055524334,0.10734150685457669,0.10867661291540563,0.11881262790579537,0.11598990515488798,0.07666494324059484
huawei-mate9+p02_6_3+300cm,huawei-mate9,p02,300cm,16000,1.446,INSUFFICIENT_DATA,0.0,0.013326162165058384,7000.0,17.780899047851562,-48.346439361572266,0.23506857403506115,0.12563266530673523,0.11186218484117857,0.10343132774608656,0.10702861178580504,0.11317482937876668,0.11485752434878652,0.042117235550612364
huawei-mate9+p02_6_3+30cm,huawei-mate9,p02,30cm,16000,1.446,INSUFFICIENT_DATA,0.0,0.018860630637602023,6000.0,15.219276428222656,-35.202415466308594,0.567893736438536,0.17306649341096225,0.14871174041778626,0.034560606518766634,0.027680807635959113,0.01719214487571983,0.0150772221939132,0.0034003350302970023
huawei-mate9+p02_6_4+100cm,huawei-mate9,p02,100cm,16000,1.237,INSUFFICIENT_DATA,0.0,0.018142728217051114,5000.0,19.117416381835938,-48.11500549316406,0.1756500458836608,0.12775653977519225,0.11840946078775746,0.10622263826078186,0.12555461224926504,0.1343405313786373,0.10704015863361013,0.04033782540861739
huawei-mate9+p02_6_4+200cm,huawei-mate9,p02,200cm,16000,1.126,INSUFFICIENT_DATA,0.0,0.010405716704438519,7000.0,22.782943725585938,-46.46795654296875,0.15264117909920585,0.12355791860562818,0.09878902210415458,0.10254298549102057,0.1062154923165633,0.12208694180869922,0.11277014196007873,0.06993551275530026
huawei-mate9+p02_6_4+300cm,huawei-mate9,p02,300cm,16000,1.126,INSUFFICIENT_DATA,0.0,0.013395948785902818,5000.0,16.28571319580078,-48.669437408447266,0.21113803740470508,0.12933817526247438,0.11835337007431204,0.11565031971182049,0.11602144385555109,0.12282791927906316,0.11113649104330986,0.03368296467921858
huawei-mate9+p02_6_4+60cm,huawei-mate9,p02,60cm,16000,1.237,INSUFFICIENT_DATA,0.0,0.018356412719091306,5000.0,15.783607482910156,-45.21525573730469,0.17364597595635262,0.14439235143668652,0.1299045442876099,0.12490134277422787,0.1231936941202513,0.12305554393465368,0.11119901257851492,0.034858045304118415
huawei-mate9+p03_1_1+10cm,huawei-mate9,p03,10cm,16000,0.929,INSUFFICIENT_DATA,0.0,0.01885259871211702,7000.0,15.972076416015625,-45.473670959472656,0.2141699211334334,0.13433750414159265,0.13229502227492437,0.11047424209185729,0.12311006590740188,0.12063064876897271,0.10795087809204146,0.031000400835499754
huawei-mate9+p03_1_1+150cm,huawei-mate9,p03,150cm,16000,1.105,INSUFFICIENT_DATA,0.0,0.009780945754742651,5000.0,21.695030212402344,-46.997581481933594,0.11702581719024985,0.1223663717278438,0.10722775337771433,0.11659378972622333,0.1288778587812223,0.1431106813501924,0.1100115342523247,0.05009813115646163
huawei-mate9+p03_1_1+200cm,huawei-mate9,p03,200cm,16000,0.929,INSUFFICIENT_DATA,0.0,0.009940775932701892,5000.0,23.060134887695312,-46.93891143798828,0.11239386730558666,0.12070647129818117,0.11094318701355525,0.11747941020333147,0.12374413531394561,0.1272817912181225,0.11205682657279382,0.0617455059673844
huawei-mate9+p03_1_1+300cm,huawei-mate9,p03,300cm,16000,1.105,INSUFFICIENT_DATA,0.0,0.012605546443847405,7000.0,21.71739959716797,-48.26343536376953,0.1608606173297202,0.12470090046868541,0.10998453788648117,0.10781110214011391,0.11926361332246789,0.13419533785625473,0.10230402143384291,0.04553692566504179
huawei-mate9+p03_1_1+60cm,huawei-mate9,p03,60cm,16000,0.929,INSUFFICIENT_DATA,0.0,0.020513137762432337,5000.0,16.810157775878906,-45.73118591308594,0.16133848345245388,0.13633260820799686,0.12680924148767633,0.12304946739228247,0.12735583000382378,0.13205386709335087,0.11744167806688068,0.03790385183569414
huawei-mate9+p03_1_2+100cm,huawei-mate9,p03,100cm,16000,0.982,INSUFFICIENT_DATA,0.0,0.01865336687202702,5000.0,19.300743103027344,-47.400203704833984,0.21386505049961368,0.1270073351272835,0.11278894432535388,0.11028683940104793,0.11474600270506445,0.12026416520897658,0.10627773154036682,0.03654177682744967
huawei-mate9+p03_1_2+150cm,huawei-mate9,p03,150cm,16000,0.982,INSUFFICIENT_DATA,0.0,0.011437304698711794,5000.0,21.238136291503906,-45.58735275268555,0.283470873049434,0.13415669121692184,0.1014266912645244,0.09854234515574455,0.09464033134798326,0.10162001603837947,0.08713849370785322,0.03850123165907132
huawei-mate9+p03_1_2+200cm,huawei-mate9,p03,200cm,16000,0.982,INSUFFICIENT_DATA,0.0,0.010033793248765525,7000.0,23.561317443847656,-46.297359466552734,0.20751823649448686,0.1268041325775831,0.09791638225585626,0.10215452309210594,0.09926278253062623,0.1150990490156161,0.0951851997561581,0.059347508139893985
huawei-mate9+p03_1_2+300cm,huawei-mate9,p03,300cm,16000,1.228,INSUFFICIENT_DATA,0.0,0.013920319766799558,5000.0,20.808555603027344,-48.30646514892578,0.16858757519191683,0.12678310105076498,0.10233451577219224,0.10519163372054163,0.11302079419076576,0.13589819835292222,0.10927856769799903,0.04832353933502255
huawei-mate9+p03_1_2+60cm,huawei-mate9,p03,60cm,16000,0.982,INSUFFICIENT_DATA,0.0,0.02004973126604531,5000.0,17.109695434570312,-45.76585388183594,0.173245042163815,0.13593153609223957,0.12907595988547843,0.1226035813401077,0.12157172250753549,0.12644248760099944,0.11616472236856892,0.03891555241751937
huawei-mate9+p03_1_3+100cm,huawei-mate9,p03,100cm,16000,1.4,INSUFFICIENT_DATA,0.0,0.014246071104027615,5000.0,19.103897094726562,-47.49696731567383,0.2373790592408901,0.13589896673692542,0.1141108413599518,0.1024226619980087,0.11351329789102434,0.11589991375372716,0.09579316675328263,0.03240455609863592
huawei-mate9+p03_1_3+150cm,huawei-mate9,p03,150cm,16000,1.315,INSUFFICIENT_DATA,0.0,0.014505529713514332,5000.0,17.737548828125,-45.50520324707031,0.34326512104942397,0.14262053262241722,0.10633289879315708,0.08863511765370259,0.09053700518430534,0.09376271141451811,0.07597575216673796,0.02513364501925845
huawei-mate9+p03_1_3+300cm,huawei-mate9,p03,300cm,16000,1.35,INSUFFICIENT_DATA,0.0,0.020532932728700853,5000.0,17.114273071289062,-47.7610969543457,0.30333167577037284,0.12837270636317197,0.10229546500849572,0.0917725055423918,0.10463314680993727,0.10174973988658634,0.09410293715211268,0.03317374136248008
huawei-mate9+p03_1_3+30cm,huawei-mate9,p03,30cm,16000,1.35,INSUFFICIENT_DATA,0.0,0.023996184937544403,5000.0,15.259651184082031,-34.86973190307617,0.6478793675019762,0.16812164146923977,0.10019701471966318,0.023976276355251205,0.018427596435344654,0.013277226432447596,0.011650657035504736,0.0027487087061980994
huawei-mate9+p03_1_4+100cm,huawei-mate9,p03,100cm,16000,1.385,INSUFFICIENT_DATA,0.0,0.020531163977098577,5000.0,19.35523223876953,-47.72813415527344,0.19815521297793826,0.13599624160901974,0.11549467633402843,0.11008879827797584,0.11683251990399718,0.127148688527186,0.1085144371669247,0.03755188623146005
huawei-mate9+p03_1_4+10cm,huawei-mate9,p03,10cm,16000,1.473,INSUFFICIENT_DATA,0.0,0.021088684529256645,5000.0,14.97052001953125,-45.796142578125,0.19058679832220132,0.13462709073429727,0.12534148941232362,0.12256135962516396,0.12600141258377312,0.12617458507666654,0.1132780533033642,0.03095741083853301
huawei-mate9+p03_1_4+150cm,huawei-mate9,p03,150cm,16000,1.385,INSUFFICIENT_DATA,0.0,0.012392459473949794,5000.0,18.615097045898438,-45.780921936035156,0.3047379052982432,0.13552387655063142,0.11362250089148221,0.09161229360996291,0.09904844438955765,0.09772888053566355,0.09016212851262902,0.028249163805928065
huawei-mate9+p03_1_4+200cm,huawei-mate9,p03,200cm,16000,1.385,INSUFFICIENT_DATA,0.0,0.013384485213064077,7000.0,21.714431762695312,-46.52964782714844,0.20658807570847146,0.1250933685983649,0.10145407027082023,0.10427441014573328,0.11291543142625192,0.1146354604229408,0.10617023116183273,0.05092648955312208
huawei-mate9+p03_1_4+300cm,huawei-mate9,p03,300cm,16000,1.473,INSUFFICIENT_DATA,0.0,0.025872979887696625,5000.0,16.588844299316406,-47.85704040527344,0.32266509021239365,0.12094240610002437,0.0960632398656431,0.09188668974612749,0.10112322595212353,0.10357697984379219,0.09624653331449849,0.032059123089022125
huawei-mate9+p03_1_5+100cm,huawei-mate9,p03,100cm,16000,1.35,INSUFFICIENT_DATA,0.0,0.020752682497921258,5000.0,18.388580322265625,-47.99596405029297,0.18659888201942945,0.12557537443712508,0.11236703803938351,0.11069469332186903,0.12413790472869199,0.12240985876961817,0.11297938727117339,0.043231137488869684
huawei-mate9+p03_1_5+10cm,huawei-mate9,p03,10cm,16000,1.368,INSUFFICIENT_DATA,0.0,0.017931471704591147,5000.0,15.181304931640625,-45.79412841796875,0.19015662354552837,0.13741955873450154,0.12689433489083898,0.12366150088659444,0.11948097097325151,0.1241759855392082,0.11302714556949255,0.03458361147891906
huawei-mate9+p03_1_5+150cm,huawei-mate9,p03,150cm,16000,1.35,INSUFFICIENT_DATA,0.0,0.011707529050826102,7000.0,22.012367248535156,-46.653289794921875,0.16958020914719946,0.12962388996857277,0.11025894571166091,0.11667711932758049,0.11715228659125516,0.12160874722420109,0.10738109758916152,0.05036932355251387
huawei-mate9+p03_1_5+30cm,huawei-mate9,p03,30cm,16000,1.368,INSUFFICIENT_DATA,0.0,0.07276339922555149,5000.0,14.172607421875,-39.59136962890625,0.5090098437565606,0.15683675108160702,0.14841079294589535,0.04452064553083322,0.0445699292612018,0.03990887928289426,0.036645367473470414,0.00939888174902049
huawei-mate9+p03_1_5+60cm,huawei-mate9,p03,60cm,16000,1.35,INSUFFICIENT_DATA,0.0,0.020675623198898818,7000.0,15.665313720703125,-45.639488220214844,0.1701668500483868,0.1321636728834776,0.12927511308849368,0.1206268770048097,0.13036014196885867,0.12262726037459985,0.11934850566022326,0.03868990768148312
huawei-mate9+p03_2_1+100cm,huawei-mate9,p03,100cm,16000,1.403,INSUFFICIENT_DATA,0.0,0.0187391958705953,5000.0,18.154380798339844,-48.07876205444336,0.17973316039953943,0.1228007051608435,0.11466578155789746,0.11304977191388416,0.12212268753598028,0.13360602255305415,0.11005903990144687,0.0415745983612997
huawei-mate9+p03_2_1+10cm,huawei-mate9,p03,10cm,16000,1.387,INSUFFICIENT_DATA,0.0,0.021491150763405024,5000.0,14.568000793457031,-45.54784393310547,0.21170610751198016,0.14122358256559894,0.12644237608020675,0.11338635443568965,0.11535285334046665,0.12122390472962255,0.10834858836497538,0.03319485558090646
huawei-mate9+p03_2_1+150cm,huawei-mate9,p03,150cm,16000,1.387,INSUFFICIENT_DATA,0.0,0.00987935063016964,7000.0,22.740432739257812,-46.5379638671875,0.2175938109881187,0.12188145072056751,0.10643693173038221,0.10688369258845833,0.10482177404017716,0.10236153814143956,0.10665293363791373,0.056025257776225364
huawei-mate9+p03_2_1+200cm,huawei-mate9,p03,200cm,16000,1.387,INSUFFICIENT_DATA,0.0,0.011812702818618348,7000.0,23.003700256347656,-46.51926040649414,0.13706680408175564,0.12148770571096416,0.10322555026699548,0.10574743959826957,0.10940622047194458,0.12247532806843141,0.1128927753643404,0.07141230345251337
huawei-mate9+p03_2_1+30cm,huawei-mate9,p03,30cm,16000,1.387,INSUFFICIENT_DATA,0.0,0.06373243510473042,5000.0,13.944778442382812,-38.56087112426758,0.5203336159120652,0.19532741451261326,0.13160507041002634,0.04447866390306566,0.033517437634332146,0.030570983799916213,0.02676248300938676,0.007310442647155462
huawei-mate9+p03_2_1+60cm,huawei-mate9,p03,60cm,16000,1.4,INSUFFICIENT_DATA,0.0,0.017520995267062814,5000.0,16.446731567382812,-45.50074005126953,0.17804582436784797,0.1412815970190682,0.1275584196461813,0.11554329838390931,0.12138552975082985,0.12732819660394168,0.11730187144020195,0.03528734593828558
huawei-mate9+p03_2_2+150cm,huawei-mate9,p03,150cm,16000,1.438,INSUFFICIENT_DATA,0.0,0.011467103972079886,7000.0,20.71215057373047,-46.04381561279297,0.2660901792500829,0.11932669140124436,0.1059563731132605,0.09927014071112064,0.10354775999987868,0.1029818032054955,0.09458726624006786,0.04406769527189438
huawei-mate9+p03_2_2+30cm,huawei-mate9,p03,30cm,16000,1.613,INSUFFICIENT_DATA,0.0,0.03546785648685984,5000.0,12.784721374511719,-33.31405258178711,0.642263961973355,0.17068251137060828,0.10520384829753729,0.023934230163207,0.01846283985852385,0.013560340706088353,0.012920853597181923,0.0029837329942013742
huawei-mate9+p03_2_3+100cm,huawei-mate9,p03,100cm,16000,1.403,INSUFFICIENT_DATA,0.0,0.018716092552963692,5000.0,18.842124938964844,-47.98786163330078,0.17550022161594578,0.12525791176948983,0.11200387604666277,0.10908249520650554,0.12774617815514616,0.1338425214656431,0.11591352913693037,0.04037522523423416
huawei-mate9+p03_2_3+10cm,huawei-mate9,p03,10cm,16000,1.403,INSUFFICIENT_DATA,0.0,0.018646929396705012,5000.0,15.064178466796875,-45.59158706665039,0.20852512608080584,0.13832541986255575,0.1331056793247378,0.11572114012126782,0.1187460674033262,0.11559213410887081,0.10902873463736876,0.03210701479375579
huawei-mate9+p03_2_3+300cm,huawei-mate9,p03,300cm,16000,1.277,INSUFFICIENT_DATA,0.0,0.017951180954409132,5000.0,18.189346313476562,-48.55720520019531,0.23036165400055497,0.133079807133815,0.10782302277459417,0.10645421364271122,0.11738078534069304,0.11890626292636511,0.10379136176379751,0.037779778033842956
huawei-mate9+p03_2_3+30cm,huawei-mate9,p03,30cm,16000,1.277,INSUFFICIENT_DATA,0.0,0.0857603176980701,5000.0,14.50323486328125,-39.960357666015625,0.4866872568158825,0.1659101805076753,0.14686402659787604,0.04965401154703678,0.04482531908829104,0.042709932176093784,0.039732533190871513,0.01101031646924345
huawei-mate9+p03_2_4+10cm,huawei-mate9,p03,10cm,16000,1.298,INSUFFICIENT_DATA,0.0,0.021107875282463752,5000.0,16.105270385742188,-45.71506881713867,0.1976293808808771,0.13843526296874764,0.12686825261799684,0.12182579294648621,0.11300863582665961,0.12348632732612938,0.10991615194500533,0.035196775419647434
huawei-mate9+p03_2_4+200cm,huawei-mate9,p03,200cm,16000,1.701,INSUFFICIENT_DATA,0.0,0.01012129202837872,7000.0,21.918434143066406,-46.73723220825195,0.15412460569858694,0.12008609120859057,0.10390103883051209,0.10507890076906871,0.11210983515451464,0.11860023368085973,0.10813534393747885,0.06893679442822974
huawei-mate9+p03_2_4+60cm,huawei-mate9,p03,60cm,16000,1.561,INSUFFICIENT_DATA,0.0,0.016368173065275472,5000.0,15.858421325683594,-45.50037384033203,0.17906644828603277,0.14162714927745568,0.13021101237351312,0.1246523148658247,0.12114850965408512,0.12640896615687816,0.10714599148665165,0.033988243098609226
huawei-mate9+p03_2_5+100cm,huawei-mate9,p03,100cm,16000,1.245,INSUFFICIENT_DATA,0.0,0.018905010426789652,5000.0,19.120513916015625,-47.92240524291992,0.18327968037236927,0.13656487935116698,0.11389744486666044,0.10999346572094684,0.1175356475732949,0.11738487819644455,0.11181862594053253,0.04352498367541192
huawei-mate9+p03_2_5+150cm,huawei-mate9,p03,150cm,16000,1.245,INSUFFICIENT_DATA,0.0,0.013509845350165181,5000.0,18.7547607421875,-45.683326721191406,0.28454679366908103,0.1398687572213958,0.10141623439373375,0.10076627021193219,0.0944713244309426,0.10229445944313661,0.09139856459171025,0.03491839751871887
huawei-mate9+p03_2_5+200cm,huawei-mate9,p03,200cm,16000,1.228,INSUFFICIENT_DATA,0.0,0.010545074316833158,7000.0,22.401336669921875,-46.5109977722168,0.16789112044308946,0.12822796169777664,0.10705519865292287,0.10475774573004062,0.11386591974181864,0.10637556608138898,0.10952419253867775,0.07075059781192967
huawei-mate9+p03_2_5+300cm,huawei-mate9,p03,300cm,16000,1.245,INSUFFICIENT_DATA,0.0,0.017465349242655408,7000.0,15.795402526855469,-48.052616119384766,0.2909881687076172,0.12395984758435827,0.09982377306052191,0.09996434577145685,0.10332673819656302,0.11032006080074393,0.1035278152576296,0.034558424345820335
huawei-mate9+p03_3_1+100cm,huawei-mate9,p03,100cm,16000,1.432,INSUFFICIENT_DATA,0.0,0.019739080003980516,5000.0,19.0068359375,-47.695281982421875,0.21183500869489233,0.13881671489088013,0.11840701177099885,0.10103721462058403,0.11255883240169849,0.1191126878577892,0.10651048236650502,0.037341125207317485
huawei-mate9+p03_3_1+10cm,huawei-mate9,p03,10cm,16000,1.432,INSUFFICIENT_DATA,0.0,0.02013598805760868,5000.0,15.030166625976562,-45.220924377441406,0.2542845863557636,0.13359758253233908,0.12779936458742355,0.10786169857159489,0.10758494830358359,0.10971598002557173,0.10000386425197688,0.02977604952809784
huawei-mate9+p03_3_1+200cm,huawei-mate9,p03,200cm,16000,1.344,INSUFFICIENT_DATA,0.0,0.012366214064514908,7000.0,22.084136962890625,-46.43193817138672,0.18303295531909777,0.12849684912596349,0.09793306604188491,0.1049088722306026,0.1092670070081253,0.10778391519317357,0.11119769200098695,0.06771417680711046
huawei-mate9+p03_3_1+60cm,huawei-mate9,p03,60cm,16000,1.432,INSUFFICIENT_DATA,0.0,0.021411399733811058,5000.0,16.982147216796875,-44.94777297973633,0.2206328724811439,0.14641374730433745,0.12684957644568562,0.11388436253972377,0.1142601066824357,0.11404991056500785,0.10084056141021534,0.03158101757185056
huawei-mate9+p03_3_2+100cm,huawei-mate9,p03,100cm,16000,1.455,INSUFFICIENT_DATA,0.0,0.0240254306557962,5000.0,19.66407012939453,-47.643455505371094,0.21831773174333471,0.13410405310301224,0.11355013469213425,0.11303961638572262,0.10956674462562035,0.11955789531548856,0.10055535495246097,0.034897612068170006
huawei-mate9+p03_3_2+10cm,huawei-mate9,p03,10cm,16000,1.455,INSUFFICIENT_DATA,0.0,0.018638161866039952,5000.0,13.948455810546875,-45.27339172363281,0.23348908842410004,0.13420937371964037,0.12677428772565746,0.1129198896019764,0.11567467286481915,0.11237125597046344,0.10981077454864949,0.03147469219438181
huawei-mate9+p03_3_2+150cm,huawei-mate9,p03,150cm,16000,1.455,INSUFFICIENT_DATA,0.0,0.01870560056609758,5000.0,17.764724731445312,-45.501258850097656,0.32057205288361235,0.13587999608278628,0.10346163821839305,0.09699657333724092,0.09076665278318273,0.09334387888407765,0.08558245805947451,0.029956235730674564
huawei-mate9+p03_3_2+300cm,huawei-mate9,p03,300cm,16000,1.455,INSUFFICIENT_DATA,0.0,0.0170313823633107,5000.0,16.976295471191406,-47.951515197753906,0.2876734148696675,0.1339587659447686,0.10062949624672751,0.09850238670182321,0.1046563888600656,0.10940213554004227,0.09545138642725721,0.030954882329757773
huawei-mate9+p03_3_2+30cm,huawei-mate9,p03,30cm,16000,1.35,INSUFFICIENT_DATA,0.0,0.02364661153369004,6000.0,14.923179626464844,-30.309471130371094,0.6745519229369809,0.18920254308632384,0.08649217012369796,0.01859665110397162,0.00928486906623219,0.006059126974254315,0.005574404107601423,0.0011449834204816719
huawei-mate9+p03_3_3+100cm,huawei-mate9,p03,100cm,16000,1.245,INSUFFICIENT_DATA,0.0,0.0211406036893666,5000.0,19.289260864257812,-47.98965835571289,0.19493030448875642,0.1298167589603164,0.11135669768033701,0.11497217465374375,0.11583621357529202,0.12334486391627109,0.11058939236004613,0.03978401795190019
huawei-mate9+p03_3_3+10cm,huawei-mate9,p03,10cm,16000,1.077,INSUFFICIENT_DATA,0.0,0.018087169526570315,5000.0,10.183296203613281,-44.86865997314453,0.29096269244559386,0.14070450052498776,0.1381303746236638,0.09840048357312356,0.09758126338995754,0.102091675689109,0.0941491342990958,0.024491552113528357
huawei-mate9+p03_3_3+150cm,huawei-mate9,p03,150cm,16000,1.175,INSUFFICIENT_DATA,0.0,0.01064220479693816,7000.0,21.430213928222656,-46.50688171386719,0.17755011579867272,0.13616323044227568,0.10687675762331342,0.10947748372244268,0.11032252673347752,0.12275244275643322,0.09938931560939014,0.05019062936379222
huawei-mate9+p03_3_3+200cm,huawei-mate9,p03,200cm,16000,1.245,INSUFFICIENT_DATA,0.0,0.009989343881847574,7000.0,25.1710205078125,-46.7213134765625,0.11856152474468816,0.11940131730259912,0.10209167922417965,0.10958257222684559,0.1092741348303165,0.121535880179083,0.11202241102019096,0.0808915663251091
huawei-mate9+p03_3_3+300cm,huawei-mate9,p03,300cm,16000,1.175,INSUFFICIENT_DATA,0.0,0.017507398932364464,7000.0,16.08287811279297,-48.684173583984375,0.20929679889953923,0.13161868767096258,0.11172328772975501,0.11566659026054155,0.11860284814684899,0.11693796381022242,0.11413157073135853,0.03898697847308402
huawei-mate9+p03_3_3+30cm,huawei-mate9,p03,30cm,16000,1.077,INSUFFICIENT_DATA,0.0,0.10547850548429367,5000.0,16.996849060058594,-42.5637092590332,0.34185872442593646,0.15401856041056092,0.14254101615784903,0.08163452399752996,0.08067960002532656,0.08470502202605211,0.07478354445393498,0.019441127682484027
huawei-mate9+p03_3_3+60cm,huawei-mate9,p03,60cm,16000,1.175,INSUFFICIENT_DATA,0.0,0.01684243796223425,5000.0,17.91602325439453,-45.71654510498047,0.16595694597006935,0.13451572369828654,0.1312929458142725,0.12456392379301777,0.12434342322055654,0.13489150729022958,0.11285985449932187,0.033433744087831736
huawei-mate9+p03_3_4+100cm,huawei-mate9,p03,100cm,16000,1.105,INSUFFICIENT_DATA,0.0,0.019158278925301885,5000.0,18.56513214111328,-48.01193618774414,0.18891265651605574,0.12724928598159635,0.1176855435963896,0.10926391336256808,0.12100018053465848,0.12249939951480111,0.11282732865196803,0.04159133156958396
huawei-mate9+p03_3_4+10cm,huawei-mate9,p03,10cm,16000,1.105,INSUFFICIENT_DATA,0.0,0.019903605192570815,5000.0,18.24700164794922,-45.74821853637695,0.18824548086809126,0.1368021544678359,0.12143349645792888,0.12089683804083229,0.12118335242173721,0.12824999048752997,0.11050484768836649,0.03480092592463359
huawei-mate9+p03_3_4+150cm,huawei-mate9,p03,150cm,16000,0.929,INSUFFICIENT_DATA,0.0,0.012543610539338213,7000.0,22.424827575683594,-46.22428894042969,0.19926632382206896,0.12956006516486457,0.10711496924835286,0.10766257876371856,0.10499591952413333,0.11005824764357801,0.10915682125599822,0.056722672758549225
huawei-mate9+p03_3_4+200cm,huawei-mate9,p03,200cm,16000,1.105,INSUFFICIENT_DATA,0.0,0.013954504870579927,5000.0,18.001449584960938,-47.146968841552734,0.1972236440607229,0.1335137533361326,0.11763612083106198,0.11838050460941266,0.11099898093056124,0.122222704787095,0.1084253018478916,0.041623972951086996
huawei-mate9+p03_3_4+300cm,huawei-mate9,p03,300cm,16000,1.105,INSUFFICIENT_DATA,0.0,0.01932986231893951,5000.0,22.06383514404297,-48.41600799560547,0.19512687569896053,0.12923891267906654,0.10939848384789888,0.10705248534307013,0.1151677080928105,0.13178573678093677,0.10919365223920695,0.03894450133005782
huawei-mate9+p03_3_4+30cm,huawei-mate9,p03,30cm,16000,1.105,INSUFFICIENT_DATA,0.0,0.09615603420375128,5000.0,16.95038604736328,-43.987632751464844,0.24617055257502674,0.13905750230034455,0.13426167269141326,0.10838538529224387,0.10386023874645173,0.11576120514021619,0.09537007719635306,0.028023385074134224
huawei-mate9+p03_3_5+10cm,huawei-mate9,p03,10cm,16000,1.315,INSUFFICIENT_DATA,0.0,0.015878492318071848,5000.0,15.656486511230469,-45.35236740112305,0.1833431682914433,0.1441006049396197,0.11794186364817442,0.12283147480311452,0.12131853139277773,0.12700894611686347,0.11529794752453108,0.03345387636111997
huawei-mate9+p03_3_5+150cm,huawei-mate9,p03,150cm,16000,1.315,INSUFFICIENT_DATA,0.0,0.010937168236042938,7000.0,19.439544677734375,-46.0037841796875,0.25727653071029494,0.13140445130875422,0.1062405641762657,0.09618500603062924,0.10222812099293392,0.10766802523308201,0.09691782699347444,0.046588506941338266
huawei-mate9+p03_3_5+200cm,huawei-mate9,p03,200cm,16000,1.298,INSUFFICIENT_DATA,0.0,0.010611876068305003,7000.0,22.191680908203125,-46.310001373291016,0.19832279919783585,0.12456368598329819,0.09873114805379286,0.10274626005957758,0.10989038966748117,0.11403695204182294,0.11065153930159334,0.05976521657543663
huawei-mate9+p03_3_5+30cm,huawei-mate9,p03,30cm,16000,1.315,INSUFFICIENT_DATA,0.0,0.009903918623193318,6000.0,13.53265380859375,-30.650985717773438,0.6787474129942895,0.1926166065255934,0.0829373951302968,0.017132335952638213,0.009085797133658964,0.006342815741710864,0.005565117865008453,0.0013130818598285046
huawei-mate9+p03_4_1+100cm,huawei-mate9,p03,100cm,16000,1.387,INSUFFICIENT_DATA,0.0,0.014492173146460266,5000.0,19.526016235351562,-47.725162506103516,0.22105415473655404,0.1291367704031559,0.10680215224508438,0.11009269150415564,0.1123446568863477,0.12426931505693302,0.10095111257906116,0.035342418894547444
huawei-mate9+p03_4_1+10cm,huawei-mate9,p03,10cm,16000,1.403,INSUFFICIENT_DATA,0.0,0.020419748550193496,5000.0,16.093772888183594,-45.70066452026367,0.17099583734936835,0.14005675819751118,0.13127242464452993,0.12370132233025355,0.12350158240240988,0.12685767903699982,0.11012518949028688,0.03653629840244246
huawei-mate9+p03_4_1+200cm,huawei-mate9,p03,200cm,16000,1.387,INSUFFICIENT_DATA,0.0,0.01348002303592657,5000.0,18.95123291015625,-47.19664001464844,0.1557345475659063,0.12713879888223115,0.12268090354968056,0.11567837534505529,0.12221156449771431,0.12347197328275131,0.11324650243949871,0.048509797444536526
huawei-mate9+p03_4_1+30cm,huawei-mate9,p03,30cm,16000,1.403,INSUFFICIENT_DATA,0.0,0.07467562633225241,5000.0,13.984222412109375,-37.945838928222656,0.5075517929111532,0.22144392358280968,0.12347663440691392,0.04443575192077916,0.03218530237420246,0.02560718697029614,0.02552641882288367,0.006741897240627969
huawei-mate9+p03_4_1+60cm,huawei-mate9,p03,60cm,16000,1.387,INSUFFICIENT_DATA,0.0,0.01802264881191654,5000.0,16.304214477539062,-45.50563049316406,0.1878898263348193,0.14005483595471113,0.12353489116002606,0.11984154144414584,0.11590681256770437,0.1258307423822967,0.11387740514475563,0.037304547011170426
huawei-mate9+p03_4_2+100cm,huawei-mate9,p03,100cm,16000,1.333,INSUFFICIENT_DATA,0.0,0.018320162087453944,5000.0,18.854148864746094,-47.91371154785156,0.18599590564720422,0.13394430005453173,0.11372846829180107,0.10798383879209876,0.11971422800423431,0.12321549363905115,0.11289815378530287,0.04239532053517988
huawei-mate9+p03_4_2+10cm,huawei-mate9,p03,10cm,16000,1.368,INSUFFICIENT_DATA,0.0,0.018228865975767755,5000.0,15.749855041503906,-45.69087219238281,0.18573127572895262,0.13919048622793906,0.1308262258437726,0.12136872896579301,0.12149932644471788,0.12281431206969441,0.1085206186110261,0.03479899945307383
huawei-mate9+p03_4_2+150cm,huawei-mate9,p03,150cm,16000,1.333,INSUFFICIENT_DATA,0.0,0.010467183813291986,7000.0,21.462852478027344,-45.89958572387695,0.2782601235902763,0.11826524393819333,0.11462133958867575,0.09401055707588511,0.09512278066292451,0.0970571219769678,0.09039990561495902,0.04422459262889164
huawei-mate9+p03_4_2+300cm,huawei-mate9,p03,300cm,16000,1.333,INSUFFICIENT_DATA,0.0,0.01637210946018401,5000.0,19.907363891601562,-48.004127502441406,0.265120574300745,0.12192588770328557,0.09877439331874177,0.09573278771320894,0.10602182568969264,0.11755040716954165,0.09743026480094374,0.03507279286345717
huawei-mate9+p03_4_2+60cm,huawei-mate9,p03,60cm,16000,1.333,INSUFFICIENT_DATA,0.0,0.018922433082093994,7000.0,15.22906494140625,-45.495643615722656,0.18152035578604467,0.14039976511623908,0.12774701178552708,0.1264312909312375,0.11934960340262327,0.1280932945503731,0.1067000432428876,0.03682592811579301
huawei-mate9+p03_4_3+100cm,huawei-mate9,p03,100cm,16000,0.982,INSUFFICIENT_DATA,0.0,0.02318312509317669,5000.0,19.510574340820312,-47.862205505371094,0.21273561818789752,0.12369658749257974,0.11361618236028186,0.10772267676099706,0.11641061157140488,0.1259633551995021,0.10383686667748386,0.038570748411005475
huawei-mate9+p03_4_3+10cm,huawei-mate9,p03,10cm,16000,0.982,INSUFFICIENT_DATA,0.0,0.01773123439008322,5000.0,14.144248962402344,-45.44499969482422,0.22018088718764237,0.13930576515142273,0.12828875691968794,0.10854007741229295,0.11390105855742132,0.11846935681522475,0.11741330933317644,0.032326979026146736
huawei-mate9+p03_4_3+150cm,huawei-mate9,p03,150cm,16000,0.982,INSUFFICIENT_DATA,0.0,0.012159573767225897,7000.0,24.332855224609375,-46.008968353271484,0.27066882767625466,0.1251251815685428,0.0991993682653857,0.10349140873048204,0.09465433591221181,0.08780513748169771,0.10630462268982271,0.051219442939302785
huawei-mate9+p03_4_3+60cm,huawei-mate9,p03,60cm,16000,0.982,INSUFFICIENT_DATA,0.0,0.015404620253789659,5000.0,16.477508544921875,-45.482540130615234,0.19139352629172643,0.14452817597001402,0.12455398940743104,0.1258065863800282,0.11678970780122176,0.12245969864672061,0.10541148798373008,0.0336756996243105
huawei-mate9+p03_4_4+100cm,huawei-mate9,p03,100cm,16000,1.228,INSUFFICIENT_DATA,0.0,0.018551940928399555,5000.0,19.740882873535156,-47.44905471801758,0.23933136646238443,0.13569078447939467,0.11493947152328357,0.10342567517397226,0.10851612426197126,0.1089026380630729,0.09950753098097971,0.03680978168041398
huawei-mate9+p03_4_4+10cm,huawei-mate9,p03,10cm,16000,1.245,INSUFFICIENT_DATA,0.0,0.019284331963412105,5000.0,13.680740356445312,-45.28563690185547,0.23757600584325844,0.12842991020559488,0.13391104146605406,0.11218754751559704,0.11735749291915439,0.11321067263517288,0.10109980021657398,0.0325937477660197
huawei-mate9+p03_4_4+150cm,huawei-mate9,p03,150cm,16000,1.245,INSUFFICIENT_DATA,0.0,0.014910113985834781,7000.0,19.98998260498047,-45.6971321105957,0.2742267005530987,0.1346570416716004,0.10550722591883456,0.09586607702483158,0.09363927362653864,0.09899773690900904,0.09640215618854643,0.04542745112338404
huawei-mate9+p03_4_4+30cm,huawei-mate9,p03,30cm,16000,1.245,INSUFFICIENT_DATA,0.0,0.044916151990601526,5000.0,14.340438842773438,-32.92463684082031,0.716673694038137,0.1334418215553543,0.07791531151981594,0.019976401288432182,0.015186256060803741,0.011747529090474511,0.011769450499150316,0.0026738129716650564
huawei-mate9+p03_4_4+60cm,huawei-mate9,p03,60cm,16000,1.228,INSUFFICIENT_DATA,0.0,0.014637996852631171,5000.0,16.363800048828125,-45.44464874267578,0.1839023879291714,0.14722888219714012,0.12203322749030333,0.12089124784347687,0.11847337150244983,0.12701926185631768,0.10898490085682878,0.03506049552512594
huawei-mate9+p03_4_5+100cm,huawei-mate9,p03,100cm,16000,1.28,INSUFFICIENT_DATA,0.0,0.018844882897835452,5000.0,18.589797973632812,-47.350006103515625,0.21794325624917615,0.13487455198785303,0.11190129211684154,0.11013732798779614,0.1139247926549219,0.1177034855332893,0.10143447492464969,0.036261285974857754
huawei-mate9+p03_4_5+10cm,huawei-mate9,p03,10cm,16000,1.175,INSUFFICIENT_DATA,0.0,0.022706610473019063,5000.0,16.831466674804688,-45.6620979309082,0.18393606275054208,0.13476893608084575,0.12708026708056624,0.11988736424741558,0.12129266952494755,0.1310825328892544,0.10932756165681798,0.036492644986170455
huawei-mate9+p03_4_5+200cm,huawei-mate9,p03,200cm,16000,1.183,INSUFFICIENT_DATA,0.0,0.013149710658538384,7000.0,19.47187042236328,-45.892356872558594,0.31594011305105174,0.12661808621626675,0.09686222139223888,0.09490610457558982,0.09169920171655369,0.08890092468109666,0.09410201909510553,0.04332767356230969
huawei-mate9+p03_4_5+300cm,huawei-mate9,p03,300cm,16000,1.28,INSUFFICIENT_DATA,0.0,0.016881566237182552,5000.0,19.14936065673828,-48.04903030395508,0.269872364191417,0.1264873566430785,0.09589901667811945,0.09726960656166427,0.10707178414086452,0.11476223384276725,0.09964195450284269,0.03526498179153273
huawei-mate9+p03_4_5+30cm,huawei-mate9,p03,30cm,16000,1.183,INSUFFICIENT_DATA,0.0,0.04708817378512703,6000.0,14.161270141601562,-30.195161819458008,0.7051390853471348,0.1795747111203477,0.06776818472949829,0.0174900073452037,0.009060679817673108,0.006261515671506803,0.0049553764900287095,0.0012228792162269357
huawei-mate9+p03_4_5+60cm,huawei-mate9,p03,60cm,16000,1.183,INSUFFICIENT_DATA,0.0,0.016883982150480904,5000.0,16.55517578125,-43.184654235839844,0.3291794651778244,0.15901548989858152,0.11570412941036229,0.09281736522667781,0.08847267650904014,0.08476343540330508,0.07705751051706518,0.025308898401471446
huawei-mate9+p03_5_1+10cm,huawei-mate9,p03,10cm,16000,1.754,INSUFFICIENT_DATA,0.0,0.019748362569176045,5000.0,15.742271423339844,-45.74317932128906,0.18938740920444505,0.13629527599214256,0.128113603164649,0.11890822724877131,0.11881206445465282,0.12726237570354024,0.11192128038596454,0.03416372377323975
huawei-mate9+p03_5_1+300cm,huawei-mate9,p03,300cm,16000,1.701,INSUFFICIENT_DATA,0.0,0.016344922161885093,5000.0,20.63587188720703,-47.57627487182617,0.2568779716786096,0.12668198928770516,0.09877476179739735,0.09725403241826608,0.10851815293557723,0.11383614220722123,0.09602543261732543,0.035831038829246285
huawei-mate9+p03_5_1+30cm,huawei-mate9,p03,30cm,16000,1.701,INSUFFICIENT_DATA,0.0,0.026253408926037412,6000.0,13.730491638183594,-35.833370208740234,0.5884417558398742,0.17425148573861665,0.13167280144997057,0.03257170419973447,0.02382852847148925,0.01802819309116496,0.01633934264291329,0.004418359286869001
huawei-mate9+p03_5_1+60cm,huawei-mate9,p03,60cm,16000,1.754,INSUFFICIENT_DATA,0.0,0.01697534739564814,7000.0,14.264404296875,-44.47352981567383,0.2978480353738288,0.1515588218399667,0.12161237854955939,0.10128101312082742,0.09768099665177465,0.09405635002167856,0.08657886925905538,0.026660001273052073
huawei-mate9+p03_5_2+100cm,huawei-mate9,p03,100cm,16000,1.613,INSUFFICIENT_DATA,0.0,0.032847218682346295,5000.0,19.00678253173828,-47.314735412597656,0.23546223237188457,0.12993149995417994,0.1123867750813572,0.10680954146676146,0.1103270759934105,0.11900235672425985,0.09868237467636226,0.034951044396804146
huawei-mate9+p03_5_2+150cm,huawei-mate9,p03,150cm,16000,1.596,INSUFFICIENT_DATA,0.0,0.007865812612302545,5000.0,19.207473754882812,-45.67026138305664,0.28772323438076575,0.1392577848942623,0.1079022622749089,0.0991966598542439,0.0981313571579437,0.10193337502857146,0.08954760496423156,0.03223793639878643
huawei-mate9+p03_5_2+200cm,huawei-mate9,p03,200cm,16000,1.613,INSUFFICIENT_DATA,0.0,0.010652347029460149,7000.0,22.463287353515625,-46.14362335205078,0.21771699752211118,0.12533822560900873,0.1020891545185674,0.10069953804239888,0.1029749233189324,0.10678906712341575,0.1024477618685053,0.05941882579770525
huawei-mate9+p03_5_2+300cm,huawei-mate9,p03,300cm,16000,1.613,INSUFFICIENT_DATA,0.0,0.023871405948518755,5000.0,15.725883483886719,-48.10597229003906,0.2585448405961397,0.13263335085234246,0.10054395295109939,0.09993616134698503,0.11768794661865131,0.11222906193172341,0.10761588132272396,0.03502975028261855
huawei-mate9+p03_5_2+30cm,huawei-mate9,p03,30cm,16000,1.596,INSUFFICIENT_DATA,0.0,0.020694103637161388,6000.0,13.777275085449219,-35.685264587402344,0.5779187120844916,0.18057398011876127,0.13279080923793754,0.03411526106904593,0.024552544064922275,0.017924775578664207,0.015986150478453393,0.003967042424129666
huawei-mate9+p03_5_3+10cm,huawei-mate9,p03,10cm,16000,1.754,INSUFFICIENT_DATA,0.0,0.01372816715344727,5000.0,14.47747802734375,-44.97165298461914,0.27037674177237503,0.14341756782253307,0.12889995292361048,0.09776813850180271,0.10318047247829161,0.10501462320898626,0.09694748254723223,0.028049954912427472
huawei-mate9+p03_5_3+200cm,huawei-mate9,p03,200cm,16000,1.491,INSUFFICIENT_DATA,0.0,0.009320010149206087,7000.0,20.093528747558594,-45.84246063232422,0.2530178962263351,0.1337426737243881,0.10294190358973868,0.09881498925169335,0.10209991925856152,0.0950607860101624,0.10534832929184772,0.04636821549715803
huawei-mate9+p03_5_3+30cm,huawei-mate9,p03,30cm,16000,1.491,INSUFFICIENT_DATA,0.0,0.027480623024605556,6000.0,15.07135009765625,-32.558773040771484,0.6454097872526458,0.1872425729147944,0.09946124992238649,0.02527449808393887,0.014926443975636977,0.009179986078584647,0.007851405976841397,0.0018872129359718247
huawei-mate9+p03_5_4+150cm,huawei-mate9,p03,150cm,16000,1.42,INSUFFICIENT_DATA,0.0,0.010995013103572211,5000.0,20.250038146972656,-46.36836624145508,0.2032876184761023,0.13151707259933845,0.1062166602343934,0.0972255559249042,0.10673727850303484,0.1177765008216552,0.10513281162533447,0.04901190796684094
huawei-mate9+p03_5_4+200cm,huawei-mate9,p03,200cm,16000,1.42,INSUFFICIENT_DATA,0.0,0.011538018270483405,7000.0,23.883277893066406,-46.453208923339844,0.15249324985307183,0.12243963833818584,0.09690278209118304,0.11121265845498915,0.10462723235358808,0.11534885686373483,0.10051092552642965,0.07317895762697767
huawei-mate9+p03_5_4+300cm,huawei-mate9,p03,300cm,16000,1.456,INSUFFICIENT_DATA,0.0,0.01954616695674236,5000.0,21.264854431152344,-47.830814361572266,0.1985677094348864,0.1251511310969669,0.1010439741425054,0.0980939634396174,0.11871637957578379,0.13277251052614283,0.1002741364707987,0.041104679686655474
huawei-mate9+p03_5_4+60cm,huawei-mate9,p03,60cm,16000,1.42,INSUFFICIENT_DATA,0.0,0.01615892249583429,5000.0,15.968376159667969,-45.59233856201172,0.16562697179651056,0.13809001813122856,0.1277719694057474,0.12285466057996748,0.1266468383145134,0.1281702901717843,0.11699623681322385,0.03627591028364323
huawei-mate9+p03_6_1+10cm,huawei-mate9,p03,10cm,16000,1.42,INSUFFICIENT_DATA,0.0,0.018761257742960762,5000.0,15.712379455566406,-45.73443603515625,0.1826851024969748,0.13863561385895184,0.12188860442565157,0.12276568653552723,0.12536039137813765,0.12145710954927488,0.11569824408152321,0.03636570851040978
huawei-mate9+p03_6_1+200cm,huawei-mate9,p03,200cm,16000,1.438,INSUFFICIENT_DATA,0.0,0.010682891150207189,7000.0,22.662498474121094,-46.1823616027832,0.19044863433644202,0.13168312738954743,0.09886734035852049,0.1027251025242568,0.10373056679958385,0.1112328181426248,0.09847369256436486,0.0612507314218537
huawei-mate9+p03_6_1+300cm,huawei-mate9,p03,300cm,16000,1.42,INSUFFICIENT_DATA,0.0,0.026600641071974282,5000.0,21.037330627441406,-47.78260040283203,0.24417962828529974,0.12746125285695453,0.09946570430807579,0.09385557274273483,0.10956872551332819,0.12103576194889605,0.10198340774952318,0.03731578853939272
huawei-mate9+p03_6_1+30cm,huawei-mate9,p03,30cm,16000,1.42,INSUFFICIENT_DATA,0.0,0.02990047555419093,5000.0,14.329452514648438,-37.90862274169922,0.5626748666991376,0.16299392640965313,0.13285516945662962,0.03653139080809069,0.03225202260217672,0.027266305484671825,0.024808173453589155,0.006522398588165776
huawei-mate9+p03_6_1+60cm,huawei-mate9,p03,60cm,16000,1.508,INSUFFICIENT_DATA,0.0,0.018400564832144715,7000.0,16.023468017578125,-44.9940185546875,0.22766904335446342,0.14135723280261386,0.13108892383488252,0.10998210565320336,0.11562600823252439,0.11141690839173697,0.09922912769861524,0.031880305729949966
huawei-mate9+p03_6_2+100cm,huawei-mate9,p03,100cm,16000,1.578,INSUFFICIENT_DATA,0.0,0.017207196788075176,5000.0,18.753692626953125,-47.878623962402344,0.189931916850877,0.1312830222971516,0.11295173526351512,0.10957418364858934,0.12020143441755263,0.1306351634737821,0.1086585807754532,0.03967255233926589
huawei-mate9+p03_6_2+10cm,huawei-mate9,p03,10cm,16000,1.438,INSUFFICIENT_DATA,0.0,0.017318474863659214,5000.0,15.623184204101562,-45.7163200378418,0.18804048071692114,0.13473740462940126,0.13094405644424006,0.12085756240574953,0.11918617434376245,0.1258313319581221,0.10877478925177313,0.03666935450328853
huawei-mate9+p03_6_2+150cm,huawei-mate9,p03,150cm,16000,1.263,INSUFFICIENT_DATA,0.0,0.01281972773649842,5000.0,17.805877685546875,-45.377803802490234,0.3391500736211529,0.13983775000314339,0.10442528972778312,0.09449866610506058,0.08966496440957213,0.08741658291874572,0.08547125103037839,0.02454397108430716
huawei-mate9+p03_6_2+200cm,huawei-mate9,p03,200cm,16000,1.438,INSUFFICIENT_DATA,0.0,0.011016810067938669,7000.0,22.30834197998047,-46.6938362121582,0.16198929888232072,0.12846537493863233,0.10554702442801295,0.10860069551282343,0.11321883355455852,0.11283178172090207,0.10729232267146827,0.06641494005358739
huawei-mate9+p03_6_2+30cm,huawei-mate9,p03,30cm,16000,1.263,INSUFFICIENT_DATA,0.0,0.018878563574763196,6000.0,14.182846069335938,-35.170257568359375,0.6300725650337488,0.1600280925611264,0.11840861502697685,0.02773795607813986,0.021677920541837755,0.01461635851702156,0.01321278157246176,0.0031488709399260266
huawei-mate9+p03_6_2+60cm,huawei-mate9,p03,60cm,16000,1.578,INSUFFICIENT_DATA,0.0,0.011788637754134437,5000.0,16.243728637695312,-45.49033737182617,0.190159565945734,0.14496825320720472,0.1311598266254841,0.11821494097790042,0.11992454864577697,0.12315548572208042,0.1051427407116879,0.03390425496521234
huawei-mate9+p03_6_3+100cm,huawei-mate9,p03,100cm,16000,1.841,INSUFFICIENT_DATA,0.0,0.02580512041898565,5000.0,18.767051696777344,-47.837974548339844,0.19527558280806873,0.12934607279358476,0.11104247016959067,0.11333594825378646,0.11818645194053524,0.12822489895229627,0.1099341123091984,0.03946675596866666
huawei-mate9+p03_6_3+10cm,huawei-mate9,p03,10cm,16000,1.789,INSUFFICIENT_DATA,0.0,0.017964271497589123,5000.0,15.731941223144531,-45.41164779663086,0.19792125121010462,0.13757214410792282,0.12737502157331815,0.11889329507892642,0.12053846014086475,0.12416043593481277,0.10829310060111512,0.031369762838361064
huawei-mate9+p03_6_3+200cm,huawei-mate9,p03,200cm,16000,1.719,INSUFFICIENT_DATA,0.0,0.01220350204321205,7000.0,20.03044891357422,-46.29062271118164,0.2218667961748701,0.12901672879117573,0.10435419180220411,0.10448494040592038,0.10309233962396164,0.11213868997983488,0.10197428897199652,0.04919902693031267
huawei-mate9+p03_6_3+300cm,huawei-mate9,p03,300cm,16000,1.841,INSUFFICIENT_DATA,0.0,0.014993930297607344,5000.0,18.00372314453125,-48.15740203857422,0.2898904291195357,0.12222832926618755,0.10378101584639896,0.09777449572549353,0.10814518386993498,0.11287843760410778,0.09891021155280137,0.031417453575989324
huawei-mate9+p03_6_3+30cm,huawei-mate9,p03,30cm,16000,1.789,INSUFFICIENT_DATA,0.0,0.025784282397774434,6000.0,12.752220153808594,-30.16025733947754,0.6823560170160714,0.19264208041558012,0.07688631755647565,0.016684887141206597,0.01097656649805176,0.006917771212409298,0.00525119610999879,0.001139162970038248
huawei-mate9+p03_6_3+60cm,huawei-mate9,p03,60cm,16000,1.841,INSUFFICIENT_DATA,0.0,0.013663916354275564,5000.0,14.079963684082031,-44.67262268066406,0.26245766900695355,0.15534499853632985,0.12361688607638283,0.10426124430051678,0.10131878495758541,0.10354551374449576,0.09586761916096836,0.02780806643429048
huawei-mate9+p03_6_4+100cm,huawei-mate9,p03,100cm,16000,1.42,INSUFFICIENT_DATA,0.0,0.019609957074036722,5000.0,19.526443481445312,-48.09463882446289,0.17927068709442456,0.12878614473067598,0.11142901656238566,0.1084079458748476,0.12183645531437375,0.13320996324846393,0.10714024914011061,0.03998279565750838
huawei-mate9+p03_6_4+10cm,huawei-mate9,p03,10cm,16000,1.42,INSUFFICIENT_DATA,0.0,0.018811346247685757,5000.0,14.824760437011719,-45.391204833984375,0.22985521420015365,0.14148412970974553,0.12748978006028522,0.1124586365153017,0.11326484940620794,0.10840595492668305,0.10761951199848711,0.030780531135829254
huawei-mate9+p03_6_4+150cm,huawei-mate9,p03,150cm,16000,1.456,INSUFFICIENT_DATA,0.0,0.010097535385894222,5000.0,20.50916290283203,-46.26371765136719,0.23560287250558914,0.13625830292767882,0.11400131560400475,0.10360037010948976,0.10526701787407156,0.11174605396116402,0.09591732770579763,0.035646342037511734
huawei-mate9+p03_6_4+200cm,huawei-mate9,p03,200cm,16000,1.42,INSUFFICIENT_DATA,0.0,0.012176289206599366,7000.0,23.38306427001953,-46.38304901123047,0.1715579835100579,0.11996527508083331,0.10140967491339777,0.10158999337851049,0.10587030280625628,0.11339249817159744,0.10771806410192454,0.07116871082975434
huawei-mate9+p03_6_4+300cm,huawei-mate9,p03,300cm,16000,1.456,INSUFFICIENT_DATA,0.0,0.01719071003292545,5000.0,16.65631103515625,-48.39360046386719,0.23676270986045034,0.13098656300156558,0.10545628608680924,0.1147659870767864,0.11039441808896364,0.11800962935550918,0.10791830923706705,0.035353683954820456
huawei-mate9+p03_6_4+60cm,huawei-mate9,p03,60cm,16000,1.42,INSUFFICIENT_DATA,0.0,0.01728560126495344,5000.0,15.32135009765625,-45.67501449584961,0.16982412546585537,0.1363293523838612,0.1300522945359141,0.11797976938803492,0.12649284818650058,0.12821219280523888,0.11805229362482758,0.03619426977046507
huawei-mate9+p04_1_1+150cm,huawei-mate9,p04,150cm,16000,0.705,INSUFFICIENT_DATA,0.0,0.014588628336475267,5000.0,20.560279846191406,-47.6615104675293,0.12631195421483155,0.15314890403758355,0.12013828033252438,0.1274248413564181,0.12208009096947788,0.13569168649090363,0.1061725376279256,0.03557822979977466
huawei-mate9+p04_1_1+200cm,huawei-mate9,p04,200cm,16000,0.705,INSUFFICIENT_DATA,0.0,0.007772707549350734,7000.0,26.994796752929688,-46.61753845214844,0.0990896509499406,0.11769268836759256,0.0954772259306959,0.11373733397011454,0.10378184869862721,0.12642554587328764,0.10689343068865503,0.08942699695569654
huawei-mate9+p04_1_1+60cm,huawei-mate9,p04,60cm,16000,0.779,INSUFFICIENT_DATA,0.0,0.034787146737705714,5000.0,16.5714111328125,-45.525390625,0.1997236835449857,0.1412520057136739,0.12206496921078998,0.11587564292854662,0.12248771853505802,0.12041980012020156,0.10863645280792353,0.03376295415792144
huawei-mate9+p04_1_2+10cm,huawei-mate9,p04,10cm,16000,0.963,INSUFFICIENT_DATA,0.0,0.01680902217603874,5000.0,16.060707092285156,-44.77165603637695,0.25645962292515956,0.14371455194181126,0.13159729836178224,0.10666231859350887,0.10240280130632255,0.10707219386620799,0.09648676629413666,0.026868781796086188
huawei-mate9+p04_1_2+200cm,huawei-mate9,p04,200cm,16000,0.963,INSUFFICIENT_DATA,0.0,0.013164460160570367,7000.0,24.00836181640625,-47.066837310791016,0.12176360217435539,0.1211272861571139,0.11488372171218605,0.11819739726363758,0.10997009389590051,0.1296330593439096,0.10585761138593576,0.06485428704998358
huawei-mate9+p04_1_2+30cm,huawei-mate9,p04,30cm,16000,1.027,INSUFFICIENT_DATA,0.0,0.04587012355368698,5000.0,14.324417114257812,-28.22718048095703,0.653333343344378,0.24329731873137647,0.06524635523725864,0.01348457347909697,0.008337478862640463,0.005168295502648743,0.0042114546100958826,0.0009654166224200608
huawei-mate9+p04_1_3+10cm,huawei-mate9,p04,10cm,16000,1.517,INSUFFICIENT_DATA,0.0,0.023313514113798534,5000.0,14.392410278320312,-45.585269927978516,0.20300955767734594,0.13282209847196735,0.12593827359092166,0.11777984512361597,0.12157818483702805,0.11950312578079374,0.10833141459527126,0.037551379006651
huawei-mate9+p04_1_3+150cm,huawei-mate9,p04,150cm,16000,1.517,INSUFFICIENT_DATA,0.0,0.010543055455285031,5000.0,20.849380493164062,-45.998043060302734,0.2715370057089031,0.1292450210462328,0.10545091028389299,0.09528403010826961,0.0977676171683723,0.11295725647369548,0.09148481826947409,0.03225034704779854
huawei-mate9+p04_1_3+200cm,huawei-mate9,p04,200cm,16000,1.291,INSUFFICIENT_DATA,0.0,0.011840688583723929,7000.0,21.588729858398438,-47.02840805053711,0.14960419266427383,0.12818215567970626,0.11024692392927504,0.1176973411591429,0.11283304293486092,0.12789312310488707,0.10624887056904007,0.05502989574350571
huawei-mate9+p04_1_3+300cm,huawei-mate9,p04,300cm,16000,1.291,INSUFFICIENT_DATA,0.0,0.020659589304039314,5000.0,20.396957397460938,-47.9512825012207,0.23038285813311626,0.12720743559066125,0.09662609213456651,0.0979354332742606,0.11377745470705122,0.12101393061601158,0.09894607559504615,0.04331568375260969
huawei-mate9+p04_1_3+30cm,huawei-mate9,p04,30cm,16000,1.434,INSUFFICIENT_DATA,0.0,0.03176643489167618,5000.0,14.2923583984375,-36.40665054321289,0.5948005455898908,0.19087694306274725,0.11146014017487438,0.03110972380482907,0.022890403570261637,0.018835286880415227,0.01709250074253125,0.004394819325429415
huawei-mate9+p04_1_3+60cm,huawei-mate9,p04,60cm,16000,1.291,INSUFFICIENT_DATA,0.0,0.017385486148673423,5000.0,15.046043395996094,-41.987449645996094,0.4442772465193382,0.16509060808603573,0.11165423300075143,0.07171701541437443,0.0620368640920663,0.05743967048943906,0.05235400206895007,0.01607560315913321
huawei-mate9+p04_1_4+100cm,huawei-mate9,p04,100cm,16000,1.783,INSUFFICIENT_DATA,0.0,0.02344332261709765,5000.0,17.82538604736328,-47.61756134033203,0.21868388701265556,0.1315782474943919,0.11768953563711987,0.10304222896704258,0.11373980762914689,0.11982143416086094,0.10643502546817901,0.03716461188655248
huawei-mate9+p04_1_4+10cm,huawei-mate9,p04,10cm,16000,1.783,INSUFFICIENT_DATA,0.0,0.01867856902294715,5000.0,14.847869873046875,-44.98992156982422,0.25250405654905045,0.1439684481152401,0.12854486417356184,0.10693074628454143,0.10523284957436484,0.10754849350138554,0.09873102930504424,0.028872487889509045
huawei-mate9+p04_1_4+150cm,huawei-mate9,p04,150cm,16000,1.66,INSUFFICIENT_DATA,0.0,0.010689272868398766,5000.0,19.14398193359375,-45.34758758544922,0.3276896367338861,0.12992165071658318,0.10077096197362367,0.08534295901483879,0.098181117197072,0.09119091413959682,0.08216170167265895,0.032096270092431246
huawei-mate9+p04_1_4+200cm,huawei-mate9,p04,200cm,16000,1.681,INSUFFICIENT_DATA,0.0,0.009102837219511396,7000.0,21.809432983398438,-46.43168640136719,0.1783430078575039,0.13040690649327402,0.10358219586555202,0.10748467652466617,0.10670426836304787,0.11365460858233219,0.11014240028533194,0.06301007382453824
huawei-mate9+p04_1_4+60cm,huawei-mate9,p04,60cm,16000,1.66,INSUFFICIENT_DATA,0.0,0.012913723886427916,5000.0,16.0413818359375,-44.39902877807617,0.25722793696848606,0.14641623074968785,0.13341431507198578,0.10133192906847284,0.10373070371288297,0.10652703656693978,0.09549841583112773,0.0263983787513443
huawei-mate9+p04_1_5+100cm,huawei-mate9,p04,100cm,16000,1.373,INSUFFICIENT_DATA,0.0,0.02038247031937894,5000.0,19.417823791503906,-47.9127311706543,0.18691521448070264,0.13394985269039414,0.11795766864246783,0.112915940936422,0.11536126454571842,0.12445477317460897,0.11024680951362992,0.04102578782593835
huawei-mate9+p04_1_5+10cm,huawei-mate9,p04,10cm,16000,1.616,INSUFFICIENT_DATA,0.0,0.022586765714886232,5000.0,15.775932312011719,-45.93870544433594,0.1713774302237221,0.13350611145176353,0.1266285187996388,0.12855893509576727,0.12529029545242953,0.12326018596769753,0.1184470467871143,0.035166322603301055
huawei-mate9+p04_1_5+200cm,huawei-mate9,p04,200cm,16000,1.373,INSUFFICIENT_DATA,0.0,0.010264802689085738,7000.0,22.799049377441406,-46.95297622680664,0.15392189087379685,0.12612378231721813,0.11360837586503632,0.11088553611651512,0.11338244128188743,0.11388772575673957,0.11410994698622513,0.06628930546461047
huawei-mate9+p04_1_5+300cm,huawei-mate9,p04,300cm,16000,1.783,INSUFFICIENT_DATA,0.0,0.019581528594396186,5000.0,18.89104461669922,-48.09980773925781,0.23714154068468993,0.12014120814931256,0.10511703577946249,0.10450071612995189,0.11551162974399769,0.12592049726831003,0.10380144325648695,0.03363863998664844
huawei-mate9+p04_1_5+30cm,huawei-mate9,p04,30cm,16000,1.616,INSUFFICIENT_DATA,0.0,0.04065614499049801,5000.0,14.24224853515625,-39.91742706298828,0.48356997296748444,0.15518894124415766,0.1493283426579508,0.049814846575923354,0.049600211820058866,0.04666361423053668,0.04273969661998007,0.010953433730449744
huawei-mate9+p04_2_1+100cm,huawei-mate9,p04,100cm,16000,1.502,INSUFFICIENT_DATA,0.0,0.023306622314802662,5000.0,18.93450164794922,-47.92926025390625,0.1958875543987473,0.13658654529827785,0.11107563692695398,0.10997169228931998,0.1137368010299588,0.1270895283261039,0.11053610728416496,0.0405310820901576
huawei-mate9+p04_2_1+150cm,huawei-mate9,p04,150cm,16000,1.332,INSUFFICIENT_DATA,0.0,0.012694038371300356,5000.0,20.045394897460938,-46.775856018066406,0.18133902959278583,0.1383185579108154,0.11284705474583868,0.10458872199781655,0.11593758442635799,0.1249624602194784,0.10273584114791398,0.04320774058336164
huawei-mate9+p04_2_1+200cm,huawei-mate9,p04,200cm,16000,1.502,INSUFFICIENT_DATA,0.0,0.011453773051493329,7000.0,23.600074768066406,-46.51210403442383,0.14994915204806253,0.13118401848496017,0.09928128280017474,0.10724295353689296,0.1072254994229303,0.10708148067382518,0.11411862761888525,0.07565893544780974
huawei-mate9+p04_2_1+30cm,huawei-mate9,p04,30cm,16000,1.332,INSUFFICIENT_DATA,0.0,0.05753186380773632,5000.0,15.935173034667969,-33.69438552856445,0.4300981845570519,0.15726877320071098,0.1462038170961316,0.061153644286315666,0.06082437491552964,0.05633567432096032,0.056511036967938764,0.015318592341341175
huawei-mate9+p04_2_2+100cm,huawei-mate9,p04,100cm,16000,1.662,INSUFFICIENT_DATA,0.0,0.03153829159831604,5000.0,18.101402282714844,-47.68096923828125,0.22761842820043218,0.13483307107501724,0.1094286561933484,0.10383416441347232,0.11601504112519642,0.11924284261736112,0.09862597049587163,0.03793267690732317
huawei-mate9+p04_2_2+10cm,huawei-mate9,p04,10cm,16000,1.712,INSUFFICIENT_DATA,0.0,0.019385001267582497,7000.0,14.543411254882812,-45.45439147949219,0.21109792125558693,0.13759465734918355,0.13091342901099468,0.11362075007489342,0.11516816813135926,0.11825766485704463,0.1056637854772918,0.034409957161122946
huawei-mate9+p04_2_2+150cm,huawei-mate9,p04,150cm,16000,1.712,INSUFFICIENT_DATA,0.0,0.010289793933368008,5000.0,19.109695434570312,-45.7686653137207,0.298851771358805,0.1416971306328285,0.10175639186160168,0.08867845288413181,0.09554710646350822,0.10105681361465046,0.08377350806037086,0.031016883845127987
huawei-mate9+p04_2_2+200cm,huawei-mate9,p04,200cm,16000,1.712,INSUFFICIENT_DATA,0.0,0.012295336246963396,7000.0,21.041397094726562,-46.53678512573242,0.21033374413986627,0.12526984312506412,0.10872650201979114,0.10112250704065169,0.10360947597804979,0.10543296395761548,0.10854636539521331,0.060605332503689165
huawei-mate9+p04_2_2+300cm,huawei-mate9,p04,300cm,16000,1.712,INSUFFICIENT_DATA,0.0,0.03009426626515257,5000.0,16.69342803955078,-48.24524688720703,0.2567804192417727,0.13151723188524442,0.10310542617681921,0.1058376006228481,0.11189974252938517,0.11558923943895995,0.10456951349192127,0.03277596743964176
huawei-mate9+p04_2_2+30cm,huawei-mate9,p04,30cm,16000,1.662,INSUFFICIENT_DATA,0.0,0.016323421931770336,5000.0,13.381561279296875,-34.895320892333984,0.6311326024604629,0.1587717047964127,0.1145964764626902,0.03018918631655275,0.01986624983925312,0.01492494499109925,0.01295697153440177,0.003314113593514493
huawei-mate9+p04_2_2+60cm,huawei-mate9,p04,60cm,16000,1.662,INSUFFICIENT_DATA,0.0,0.01620033360335439,5000.0,14.293228149414062,-43.32493209838867,0.4313158061670773,0.1433827268992774,0.10533338881463636,0.0724959239654648,0.07304147343018917,0.06997859837280186,0.06465612410234134,0.01994415253679773
huawei-mate9+p04_2_3+10cm,huawei-mate9,p04,10cm,16000,1.722,INSUFFICIENT_DATA,0.0,0.017710880666148704,5000.0,14.832595825195312,-45.1302375793457,0.24411877891595557,0.1461993006017146,0.12390305136793467,0.10723029394475053,0.10623826643065018,0.10821768448061617,0.10168296444864613,0.030145534795903914
huawei-mate9+p04_2_3+200cm,huawei-mate9,p04,200cm,16000,2.152,INSUFFICIENT_DATA,0.0,0.010342260751237408,7000.0,21.399978637695312,-46.82973861694336,0.13236579662822168,0.122374393012596,0.10726826929211891,0.11775755742997245,0.1135218957209779,0.12357279929344142,0.1103700363463694,0.06282743611941316
huawei-mate9+p04_2_3+300cm,huawei-mate9,p04,300cm,16000,2.152,INSUFFICIENT_DATA,0.0,0.01911361627015165,5000.0,19.864486694335938,-48.341064453125,0.18398316394924297,0.12688966994633863,0.10888824497559482,0.11150250953841315,0.11815332706178956,0.13346415050864058,0.10258274364388886,0.03880201767130754
huawei-mate9+p04_2_3+60cm,huawei-mate9,p04,60cm,16000,2.152,INSUFFICIENT_DATA,0.0,0.015380128659071747,5000.0,15.1806640625,-43.847251892089844,0.25519132583408677,0.1425548132672158,0.12797874892420827,0.10831742078715034,0.10433457957508363,0.10488582917297197,0.09640303627244827,0.029165064359311973
huawei-mate9+p04_2_4+100cm,huawei-mate9,p04,100cm,16000,1.66,INSUFFICIENT_DATA,0.0,0.021525538401076894,5000.0,20.56529998779297,-47.95783233642578,0.1876413089522685,0.12299236469850615,0.11485701165307495,0.11364650586879485,0.11894652431531727,0.13221050869813636,0.1064964762669011,0.042684446882914125
huawei-mate9+p04_2_4+10cm,huawei-mate9,p04,10cm,16000,1.66,INSUFFICIENT_DATA,0.0,0.020461698444926374,5000.0,16.313514709472656,-45.76746368408203,0.19027029962119527,0.13242130253282874,0.1262765997434617,0.12022873812351885,0.12553763368324722,0.12220831822658514,0.11019022306944674,0.034513558317030554
huawei-mate9+p04_2_4+150cm,huawei-mate9,p04,150cm,16000,1.824,INSUFFICIENT_DATA,0.0,0.010393856492722866,5000.0,18.325790405273438,-47.19171142578125,0.19446432562661373,0.14488386020524172,0.11762118451668921,0.1131073220930516,0.11573220136095527,0.12421568969880012,0.10267726784677453,0.03265335666879657
huawei-mate9+p04_2_4+200cm,huawei-mate9,p04,200cm,16000,1.66,INSUFFICIENT_DATA,0.0,0.011981693954445427,7000.0,19.560333251953125,-47.06261444091797,0.1638326983876536,0.12345700822403304,0.11661548884084873,0.11750803250767108,0.11595684925682356,0.12630712715875847,0.10640322212590773,0.05065121787224117
huawei-mate9+p04_2_4+300cm,huawei-mate9,p04,300cm,16000,1.824,INSUFFICIENT_DATA,0.0,0.022590745789743433,5000.0,18.48467254638672,-48.4412956237793,0.19662184127176763,0.1310437868534865,0.11247613270209744,0.112004247708272,0.1176476221135436,0.12385564547228484,0.10648005030761235,0.03595218170065263
huawei-mate9+p04_2_4+60cm,huawei-mate9,p04,60cm,16000,1.824,INSUFFICIENT_DATA,0.0,0.017917406435047467,5000.0,15.011871337890625,-44.39570617675781,0.31892184318596367,0.14304292652896025,0.11828533125152806,0.09025194212013674,0.09721475503262499,0.0935905410627931,0.08365679893314618,0.027132411878413643
huawei-mate9+p04_2_5+100cm,huawei-mate9,p04,100cm,16000,1.455,INSUFFICIENT_DATA,0.0,0.02005645175182156,5000.0,18.49457550048828,-47.61043930053711,0.2458633869584274,0.12276465921010035,0.1054682757285288,0.1012275399064116,0.11159921891902773,0.12227236120994264,0.10243357957247708,0.035104036563364686
huawei-mate9+p04_2_5+150cm,huawei-mate9,p04,150cm,16000,1.681,INSUFFICIENT_DATA,0.0,0.011219955496308222,5000.0,17.90283966064453,-46.18651580810547,0.3007145086402055,0.13894765964125036,0.11089856208426248,0.10088678856462933,0.0935717335720641,0.0985095369573242,0.08685799754807534,0.026438729202293006
huawei-mate9+p04_2_5+200cm,huawei-mate9,p04,200cm,16000,1.455,INSUFFICIENT_DATA,0.0,0.012585640002943507,7000.0,20.471710205078125,-46.77836608886719,0.15802009185886703,0.12572765820512516,0.11450947096212616,0.11543396214239365,0.11624452845288222,0.12133670723872145,0.10928273268059735,0.05452428316449422
huawei-mate9+p04_2_5+300cm,huawei-mate9,p04,300cm,16000,1.455,INSUFFICIENT_DATA,0.0,0.021250545383138586,5000.0,18.68500518798828,-48.399322509765625,0.23577262761049594,0.12754455017025246,0.10459971384612643,0.10528158355679582,0.11808516330117282,0.12021816165650039,0.10588679118724936,0.03394733867259938
huawei-mate9+p04_2_5+60cm,huawei-mate9,p04,60cm,16000,1.455,INSUFFICIENT_DATA,0.0,0.015313711322798868,5000.0,15.848136901855469,-45.56430435180664,0.17438360011491405,0.1367428473363907,0.13000019051638229,0.12774571095600085,0.12058497496710593,0.1254049517713696,0.1145606425109306,0.0344954484579702
huawei-mate9+p04_3_1+100cm,huawei-mate9,p04,100cm,16000,1.541,INSUFFICIENT_DATA,0.0,0.02043402619504686,5000.0,17.979644775390625,-47.62443161010742,0.2119561706851607,0.1280292423289703,0.1119583657764391,0.10677677098507651,0.11671926356257233,0.12031281815905956,0.1103340185304374,0.03919517623860362
huawei-mate9+p04_3_1+150cm,huawei-mate9,p04,150cm,16000,1.541,INSUFFICIENT_DATA,0.0,0.010544707068653174,5000.0,19.67133331298828,-46.31995391845703,0.22909676005289056,0.13847027071642834,0.10496058541395609,0.10582732054933926,0.1074055284064804,0.11206514104711926,0.09710452770938974,0.04019827027851827
huawei-mate9+p04_3_1+300cm,huawei-mate9,p04,300cm,16000,1.517,INSUFFICIENT_DATA,0.0,0.0176550580692269,5000.0,19.870223999023438,-48.36951446533203,0.18744818174495234,0.12302166762063121,0.10565999615266093,0.10418122940323137,0.1283657735715938,0.13267933486236833,0.1080185097418909,0.040069053687740004
huawei-mate9+p04_3_1+60cm,huawei-mate9,p04,60cm,16000,1.681,INSUFFICIENT_DATA,0.0,0.01600361262907529,5000.0,15.804306030273438,-44.28314208984375,0.24503679141836784,0.1387290834279759,0.12863296516823108,0.1120413452866449,0.10504288442462889,0.11187025822806815,0.09705089709950264,0.030059637729162474
huawei-mate9+p04_3_2+100cm,huawei-mate9,p04,100cm,16000,1.68,INSUFFICIENT_DATA,0.0,0.018957282855097946,5000.0,19.257949829101562,-47.965736389160156,0.18350774406324605,0.12373909010086008,0.10925113964478102,0.11467204284878076,0.11949032608460174,0.1332659473267241,0.11018254396517557,0.04211107286261278
huawei-mate9+p04_3_2+150cm,huawei-mate9,p04,150cm,16000,1.988,INSUFFICIENT_DATA,0.0,0.010359421645376942,5000.0,20.303123474121094,-45.521846771240234,0.31119315119284147,0.14731873036774154,0.103015291361415,0.08622941449954317,0.08946868805419798,0.09188902135548904,0.07676424616251645,0.033543828035289616
huawei-mate9+p04_3_2+200cm,huawei-mate9,p04,200cm,16000,1.988,INSUFFICIENT_DATA,0.0,0.012349392877196275,7000.0,22.55316162109375,-46.304786682128906,0.19323669740116053,0.12932233389220252,0.10043190523895493,0.10530917084676307,0.10127683190211516,0.10491814246218828,0.1030569013163966,0.06903806566232883
huawei-mate9+p04_3_2+300cm,huawei-mate9,p04,300cm,16000,1.988,INSUFFICIENT_DATA,0.0,0.02067799945343983,7000.0,18.3619384765625,-48.20673370361328,0.21063447298986532,0.13185110658188195,0.10996054261659596,0.10478542203182542,0.11132814461529095,0.11740128817174772,0.1086075373036607,0.04420547436922115
huawei-mate9+p04_3_2+30cm,huawei-mate9,p04,30cm,16000,1.68,INSUFFICIENT_DATA,0.0,0.03066588309472876,5000.0,14.627685546875,-34.32561111450195,0.6255742507939901,0.15599331470149447,0.11692463232913634,0.03491039078381293,0.02076572744513815,0.01591465833674667,0.013147505724585642,0.0036088069544337026
huawei-mate9+p04_3_3+100cm,huawei-mate9,p04,100cm,16000,1.633,INSUFFICIENT_DATA,0.0,0.01598800996797971,5000.0,19.010711669921875,-47.73799133300781,0.19487304871179292,0.1331208889521362,0.11973033337345128,0.11219147923897278,0.11611064919727052,0.12430183178398681,0.10680565499573255,0.036936667158150804
huawei-mate9+p04_3_3+10cm,huawei-mate9,p04,10cm,16000,1.421,INSUFFICIENT_DATA,0.0,0.02992102443866964,5000.0,17.107208251953125,-45.71805953979492,0.19203551309200048,0.12953813785956306,0.12180992548443773,0.12418232418770976,0.12336343536578319,0.12734199003805036,0.10905551198395445,0.03267909646203112
huawei-mate9+p04_3_3+150cm,huawei-mate9,p04,150cm,16000,1.633,INSUFFICIENT_DATA,0.0,0.011112605273461343,5000.0,19.689002990722656,-46.46202850341797,0.23621324100361532,0.14231095963666626,0.10361608417681101,0.10133229390569878,0.1046946237107306,0.11306014083696551,0.09002353912205714,0.038094691166791095
huawei-mate9+p04_3_3+30cm,huawei-mate9,p04,30cm,16000,1.455,INSUFFICIENT_DATA,0.0,0.024552622073103186,5000.0,14.426101684570312,-33.99703598022461,0.5223886103947204,0.22728064826357053,0.12087865780934237,0.046047103313217035,0.02956633050593041,0.019540602048505544,0.01643501900985632,0.004077475958314183
huawei-mate9+p04_3_3+60cm,huawei-mate9,p04,60cm,16000,1.633,INSUFFICIENT_DATA,0.0,0.01631815606849875,5000.0,16.11280059814453,-45.6025390625,0.15977849848879083,0.13678337859768083,0.13158450116574452,0.12037161530783441,0.12746842373802314,0.1326569090026641,0.1153908808252909,0.037685492062657984
huawei-mate9+p04_3_4+10cm,huawei-mate9,p04,10cm,16000,0.705,INSUFFICIENT_DATA,0.0,0.0252858329214202,5000.0,17.715713500976562,-45.83690643310547,0.17249676409734635,0.13788116386977428,0.12130662469330515,0.12765130796001634,0.12208870632150313,0.12803395612301283,0.11114938569732145,0.035249326197598276
huawei-mate9+p04_3_4+150cm,huawei-mate9,p04,150cm,16000,0.82,INSUFFICIENT_DATA,0.0,0.013412810639539896,5000.0,19.64472198486328,-46.883384704589844,0.19131751224973906,0.1550841255863921,0.1179449730018043,0.11267288003152788,0.10650338349449498,0.12466039538963126,0.09903584918819602,0.04084755772003666
huawei-mate9+p04_3_4+200cm,huawei-mate9,p04,200cm,16000,0.705,INSUFFICIENT_DATA,0.0,0.010887751752835163,7000.0,26.23303985595703,-46.37656784057617,0.15667897788935428,0.12868952911991502,0.09908941854506977,0.10529035849092083,0.11006195541229308,0.11097747838743899,0.1022290010995103,0.07443773623301785
huawei-mate9+p04_3_4+300cm,huawei-mate9,p04,300cm,16000,0.705,INSUFFICIENT_DATA,0.0,0.02058764787658852,7000.0,20.94037628173828,-47.913047790527344,0.21484936221912734,0.13285024269003598,0.11119436290755401,0.10375018229994834,0.10948884007433657,0.11398551640861904,0.11233593116309942,0.04005326195477424
huawei-mate9+p04_3_4+30cm,huawei-mate9,p04,30cm,16000,0.705,INSUFFICIENT_DATA,0.0,0.008930227750395217,7000.0,14.718559265136719,-32.05675506591797,0.5349803700727362,0.24641318187449288,0.12702400105351103,0.04498055395442693,0.020313287624942927,0.009608552350660885,0.007534086464335854,0.0018217775011871952
huawei-mate9+p04_3_5+100cm,huawei-mate9,p04,100cm,16000,1.496,INSUFFICIENT_DATA,0.0,0.013821627684142917,5000.0,18.555450439453125,-48.06267547607422,0.18116505111253212,0.1327722257030933,0.1187664179756238,0.1104268245280031,0.11806422630422767,0.12946951650988567,0.110901281361018,0.0392426332491661
huawei-mate9+p04_3_5+200cm,huawei-mate9,p04,200cm,16000,1.64,INSUFFICIENT_DATA,0.0,0.008846887354770775,7000.0,22.705322265625,-46.53618240356445,0.15942251592208334,0.12115092808309565,0.10252353253100623,0.11662765324604299,0.10862193130064318,0.11478267199230144,0.10709040393457053,0.06413338450051405
huawei-mate9+p04_3_5+300cm,huawei-mate9,p04,300cm,16000,1.496,INSUFFICIENT_DATA,0.0,0.01711974401939565,5000.0,14.876533508300781,-48.45453643798828,0.24846073090922194,0.12608527509705805,0.10580779155912487,0.10798092129675185,0.11883049694652317,0.11183913633010234,0.1122323646643488,0.0313104371774496
huawei-mate9+p04_3_5+30cm,huawei-mate9,p04,30cm,16000,1.496,INSUFFICIENT_DATA,0.0,0.020443559205555725,5000.0,14.993370056152344,-37.43836975097656,0.5672842244634837,0.16172393131926274,0.13494250722662737,0.036544545605843394,0.030265676564909368,0.025449161471386834,0.022895225883151123,0.006004351046422951
huawei-mate9+p04_4_1+100cm,huawei-mate9,p04,100cm,16000,1.332,INSUFFICIENT_DATA,0.0,0.02323756324164852,5000.0,18.021240234375,-47.33849334716797,0.25283214553585454,0.1285199325518576,0.10469169259647684,0.10498564959478121,0.11041410808384647,0.1112688072084154,0.10577962329275999,0.03499913391123651
huawei-mate9+p04_4_1+10cm,huawei-mate9,p04,10cm,16000,1.332,INSUFFICIENT_DATA,0.0,0.011613766762854983,7000.0,11.585884094238281,-43.40141296386719,0.389342321914876,0.13702040967814458,0.13880738728071476,0.08240768343507408,0.07181000578061253,0.07281793107680294,0.06739179958306507,0.018775864757374
huawei-mate9+p04_4_1+150cm,huawei-mate9,p04,150cm,16000,1.502,INSUFFICIENT_DATA,0.0,0.0093669686825231,7000.0,20.09241485595703,-46.040565490722656,0.24853877948371364,0.1354976159146941,0.10861548565899315,0.10101480159824411,0.10317397808044233,0.11099827244191564,0.08662901928214597,0.03762566626570883
huawei-mate9+p04_4_1+30cm,huawei-mate9,p04,30cm,16000,1.502,INSUFFICIENT_DATA,0.0,0.02362252774452521,5000.0,13.983840942382812,-32.89866638183594,0.5635481683170198,0.17613608945806433,0.13248275651982014,0.039959758118607906,0.027166927147228407,0.020787135066192185,0.01907528475834807,0.004792551892279749
huawei-mate9+p04_4_2+10cm,huawei-mate9,p04,10cm,16000,2.091,INSUFFICIENT_DATA,0.0,0.01829371679290919,5000.0,15.513763427734375,-45.438697814941406,0.21465519752531723,0.14254329591877757,0.12988999369782256,0.11023817004023984,0.11486153260511844,0.11507486200831539,0.10515562261783655,0.03231651293006418
huawei-mate9+p04_4_2+150cm,huawei-mate9,p04,150cm,16000,1.599,INSUFFICIENT_DATA,0.0,0.010636340059931504,7000.0,22.199920654296875,-46.806983947753906,0.16297332973217593,0.12435887549321231,0.10315695726232861,0.10289863292020658,0.10739212680596102,0.12295557901937038,0.10882487315902792,0.060485643411021965
huawei-mate9+p04_4_2+60cm,huawei-mate9,p04,60cm,16000,2.091,INSUFFICIENT_DATA,0.0,0.014586282205597342,5000.0,14.950576782226562,-44.25213623046875,0.1917460084377138,0.14294948010979375,0.12467899095891549,0.11996197566393099,0.11876919003275001,0.12020382291676439,0.11332324083352086,0.033595698752603174
huawei-mate9+p04_4_3+100cm,huawei-mate9,p04,100cm,16000,0.922,INSUFFICIENT_DATA,0.0,0.017652901193410276,5000.0,18.92565155029297,-47.54545593261719,0.26052498920152856,0.13929546868539863,0.1083369989199708,0.09994955748399843,0.10003899677079327,0.11568237087810282,0.09757124853786571,0.036870603479341416
huawei-mate9+p04_4_3+10cm,huawei-mate9,p04,10cm,16000,1.027,INSUFFICIENT_DATA,0.0,0.014472121429744618,5000.0,17.294967651367188,-45.77814483642578,0.16142758492227333,0.13815352157578092,0.12110031552455701,0.12854855045615762,0.12762836146645032,0.1275361881930126,0.1214004613856486,0.035273300248534784
huawei-mate9+p04_4_3+200cm,huawei-mate9,p04,200cm,16000,1.027,INSUFFICIENT_DATA,0.0,0.009579311648844131,7000.0,24.797012329101562,-46.71167755126953,0.12643838946765637,0.12595688700088206,0.10052572914661555,0.10987770116462994,0.11152283094534397,0.11963754522182446,0.10648528450162931,0.07381356096778573
huawei-mate9+p04_4_3+300cm,huawei-mate9,p04,300cm,16000,0.922,INSUFFICIENT_DATA,0.0,0.015476866077980505,7000.0,20.745315551757812,-47.91136169433594,0.2539072686421776,0.12537418631596506,0.10120412405594945,0.09927731919154738,0.10517792214691336,0.1091408734702745,0.10664407550341681,0.0431883975093357
huawei-mate9+p04_4_3+60cm,huawei-mate9,p04,60cm,16000,0.963,INSUFFICIENT_DATA,0.0,0.016647580804339774,5000.0,15.926116943359375,-44.99067306518555,0.23005758765635284,0.1450203808287217,0.13428085686762128,0.10454530294456318,0.11124255313568528,0.11086793122663813,0.10380661478112346,0.030252103075758176
huawei-mate9+p04_4_4+10cm,huawei-mate9,p04,10cm,16000,1.681,INSUFFICIENT_DATA,0.0,0.015323856332177805,5000.0,16.27289581298828,-45.15065002441406,0.25454284846657965,0.14471903178039647,0.12623156858703555,0.10314899221416676,0.10640493198633542,0.10529642141416144,0.09672231706737287,0.029111037792508385
huawei-mate9+p04_4_4+200cm,huawei-mate9,p04,200cm,16000,1.681,INSUFFICIENT_DATA,0.0,0.011883848157388471,7000.0,21.875274658203125,-46.53263854980469,0.16386135341861635,0.12583131431698075,0.11278677096991957,0.11057651993834175,0.10993163319901103,0.1175743710863324,0.10365405006625965,0.05971422195079771
huawei-mate9+p04_4_4+60cm,huawei-mate9,p04,60cm,16000,1.681,INSUFFICIENT_DATA,0.0,0.014116706600518973,5000.0,15.736488342285156,-44.80537414550781,0.2326488869341544,0.14644797628840722,0.13470830195495856,0.11280099999983924,0.10346091214284821,0.1126195610253548,0.09630893559905539,0.0313109774130019
huawei-mate9+p04_4_5+100cm,huawei-mate9,p04,100cm,16000,1.394,INSUFFICIENT_DATA,0.0,0.015774705184255042,5000.0,18.93317413330078,-47.88608932495117,0.18597303329304873,0.13114254485935425,0.11522473453815787,0.11378527529425563,0.12277202601870256,0.12754954455047057,0.10741396744102473,0.03810878042260094
huawei-mate9+p04_4_5+150cm,huawei-mate9,p04,150cm,16000,1.517,INSUFFICIENT_DATA,0.0,0.01036798641182631,5000.0,19.031532287597656,-47.036190032958984,0.17319676165924636,0.13701805208859386,0.11963320661719047,0.114414766935774,0.11321169942839275,0.12186367921552325,0.1030424277977196,0.046121915296794096
huawei-mate9+p04_4_5+200cm,huawei-mate9,p04,200cm,16000,1.496,INSUFFICIENT_DATA,0.0,0.01071644381580306,7000.0,23.36804962158203,-46.59251403808594,0.14560679143051564,0.12944004719917637,0.11032044190092864,0.11126579720452823,0.10557137220612128,0.10988758143452731,0.11004035255082138,0.07192874613110177
huawei-mate9+p04_4_5+300cm,huawei-mate9,p04,300cm,16000,1.517,INSUFFICIENT_DATA,0.0,0.01713176672275904,7000.0,20.857444763183594,-48.134063720703125,0.1861548832572604,0.12861592454597906,0.10303218687262411,0.10681231356161106,0.11142174347398952,0.1251330061513657,0.10585105880374523,0.052613291961973445
huawei-mate9+p04_4_5+30cm,huawei-mate9,p04,30cm,16000,1.394,INSUFFICIENT_DATA,0.0,0.0886453579155282,5000.0,14.985031127929688,-43.004154205322266,0.24490182991719042,0.1425373359811079,0.1370518069634683,0.10688981168207592,0.10560853428018589,0.11006999242565957,0.10030681717643863,0.02677603482465703
huawei-mate9+p04_4_5+60cm,huawei-mate9,p04,60cm,16000,1.517,INSUFFICIENT_DATA,0.0,0.018007746481335393,5000.0,17.35546875,-45.66078186035156,0.16476179177777045,0.13733237285315425,0.12232723670697959,0.12730827003415135,0.11960493890424981,0.13273703233083758,0.11908865139731362,0.03814838010569916
huawei-mate9+p04_5_1+10cm,huawei-mate9,p04,10cm,16000,2.747,INSUFFICIENT_DATA,0.0,0.015508095876572887,5000.0,14.607795715332031,-44.70734405517578,0.27912245937847335,0.13508373243071128,0.13325572713914718,0.10338457637738539,0.10006497457353829,0.10085406825375012,0.09268808210246805,0.027026476757959574
huawei-mate9+p04_5_1+150cm,huawei-mate9,p04,150cm,16000,2.747,INSUFFICIENT_DATA,0.0,0.009057213307926368,7000.0,20.547637939453125,-45.45297622680664,0.31740629517886376,0.1253536827368735,0.09811381337122049,0.09144145235353539,0.08551925089691449,0.08937429867333278,0.08232719651890819,0.04562251655515489
huawei-mate9+p04_5_1+300cm,huawei-mate9,p04,300cm,16000,2.599,INSUFFICIENT_DATA,0.0,0.012846647165129751,5000.0,18.183700561523438,-47.73316192626953,0.26711625167630526,0.12909177018851778,0.09387053235066622,0.09452211473099785,0.1007040292295877,0.11333678668488384,0.10166010536044989,0.039118584872982747
huawei-mate9+p04_5_2+100cm,huawei-mate9,p04,100cm,16000,2.111,INSUFFICIENT_DATA,0.0,0.01633239985014821,5000.0,18.323715209960938,-47.58022689819336,0.20420033495567486,0.13503033396146094,0.11179312531389746,0.10912841922867977,0.11371928883663868,0.11912891057602995,0.10435230247421767,0.04036124524114286
huawei-mate9+p04_5_2+10cm,huawei-mate9,p04,10cm,16000,2.111,INSUFFICIENT_DATA,0.0,0.019589485424972356,5000.0,15.758049011230469,-45.84965133666992,0.17945189189223837,0.13640190959877682,0.12723405408476365,0.12098174912786645,0.1227568447161115,0.1261449428858512,0.11371971151636082,0.036341716889051516
huawei-mate9+p04_5_2+300cm,huawei-mate9,p04,300cm,16000,2.152,INSUFFICIENT_DATA,0.0,0.016009572396884206,5000.0,16.056427001953125,-48.09822082519531,0.25801859936893584,0.13389889584885742,0.10655004029279128,0.10585357522210732,0.1092542033632385,0.11179750160057898,0.10005477526877926,0.032859149500352416
huawei-mate9+p04_5_2+30cm,huawei-mate9,p04,30cm,16000,2.111,INSUFFICIENT_DATA,0.0,0.024312857120095656,5000.0,14.462448120117188,-34.0122184753418,0.5650562241296853,0.15219792215843664,0.14693820086286433,0.03242013138491118,0.03317307783885303,0.025076917294980218,0.024124119625770196,0.006248837398425338
huawei-mate9+p04_5_2+60cm,huawei-mate9,p04,60cm,16000,1.845,INSUFFICIENT_DATA,0.0,0.016437904188057656,5000.0,15.538818359375,-43.4229850769043,0.18666470218992368,0.13701935006255292,0.13007058754687362,0.1223746698817953,0.11823689929460075,0.12630244183081996,0.111246150441473,0.033338917864319584
huawei-mate9+p04_5_3+10cm,huawei-mate9,p04,10cm,16000,2.214,INSUFFICIENT_DATA,0.0,0.019982608939459315,5000.0,15.046554565429688,-45.6658935546875,0.1883546036141792,0.1405618472313153,0.12468406717147991,0.11790065205519396,0.12011318676881262,0.12467671286243756,0.11190324337792282,0.03585791205327719
huawei-mate9+p04_5_3+200cm,huawei-mate9,p04,200cm,16000,2.214,INSUFFICIENT_DATA,0.0,0.009377308069601343,7000.0,21.05249786376953,-45.93817138671875,0.2864192235897028,0.13272732930740072,0.09712145774445353,0.09617355307401876,0.09222609826294824,0.08766685430925822,0.09336244752387027,0.05063355828538188
huawei-mate9+p04_5_3+300cm,huawei-mate9,p04,300cm,16000,2.214,INSUFFICIENT_DATA,0.0,0.013769599520987207,5000.0,19.46778106689453,-47.779808044433594,0.270777407547689,0.1280133834338799,0.09431202724744062,0.09094053234158427,0.10358611852460871,0.10938033479181343,0.09606780505604486,0.04072613595890748
huawei-mate9+p04_5_3+30cm,huawei-mate9,p04,30cm,16000,2.214,INSUFFICIENT_DATA,0.0,0.014036860123314331,6000.0,14.246223449707031,-28.756175994873047,0.665823667442085,0.20645576781204972,0.07835973681447521,0.01371346945727859,0.01270569275849651,0.0068373550562841005,0.005530695474740584,0.0012844870154550183
huawei-mate9+p04_5_3+60cm,huawei-mate9,p04,60cm,16000,2.214,INSUFFICIENT_DATA,0.0,0.013724847564769957,5000.0,15.003982543945312,-45.1128044128418,0.19523936524360808,0.1416026897889361,0.1298515192779152,0.11660000361193684,0.11730394080312226,0.12432695398247665,0.10760360902941088,0.03440303354275943
huawei-mate9+p04_5_4+150cm,huawei-mate9,p04,150cm,16000,2.009,INSUFFICIENT_DATA,0.0,0.010941803206684645,7000.0,22.125381469726562,-46.73594665527344,0.1654520410109839,0.12385545663609204,0.10873087599007822,0.10714923896434486,0.10884142391171749,0.11542689158212985,0.10581248337531156,0.06561128890148757
huawei-mate9+p04_5_4+200cm,huawei-mate9,p04,200cm,16000,2.152,INSUFFICIENT_DATA,0.0,0.011870369522987175,7000.0,22.551132202148438,-46.091575622558594,0.1999283522968452,0.13001690711712957,0.09827849875043003,0.1015329796141157,0.09755472464880192,0.09946094735899881,0.10488625642192749,0.06861895033475753
huawei-mate9+p04_5_4+30cm,huawei-mate9,p04,30cm,16000,2.009,INSUFFICIENT_DATA,0.0,0.04324390284930708,5000.0,14.795509338378906,-38.09379577636719,0.5402322524510942,0.1535751600806343,0.1440482281266977,0.03769847740133425,0.040503892792774006,0.03188365864202354,0.029777325046307975,0.008127060148007802
huawei-mate9+p04_5_4+60cm,huawei-mate9,p04,60cm,16000,2.009,INSUFFICIENT_DATA,0.0,0.013731345620809058,5000.0,15.656227111816406,-45.459739685058594,0.17934281542344674,0.1376644525797426,0.12504513525099042,0.12151492434477278,0.12657054686979793,0.12506216206429274,0.11379407395405443,0.03507468322599292
huawei-mate9+p04_6_1+150cm,huawei-mate9,p04,150cm,16000,2.23,INSUFFICIENT_DATA,0.0,0.01118596504984157,7000.0,21.60858917236328,-44.87161636352539,0.312154501936102,0.15068015951346972,0.10944359763876726,0.08715079995198237,0.07724230741324165,0.07579339031747755,0.07806661982796245,0.04430610513342119
huawei-mate9+p04_6_1+200cm,huawei-mate9,p04,200cm,16000,2.0,INSUFFICIENT_DATA,0.0,0.010483081494186749,7000.0,22.919876098632812,-46.40255355834961,0.15031402755234335,0.12832198874270656,0.10281298136245527,0.10715274849610774,0.10623866202199923,0.10527281343149966,0.10987501425482223,0.08138445374008473
huawei-mate9+p04_6_1+60cm,huawei-mate9,p04,60cm,16000,2.0,INSUFFICIENT_DATA,0.0,0.016140454699233003,5000.0,15.360496520996094,-45.60132598876953,0.16997103041216202,0.1413572772170639,0.12879872722758517,0.12097115065132162,0.1262099596595293,0.12643846210400347,0.11163185208488174,0.0383432685303554
huawei-mate9+p04_6_2+100cm,huawei-mate9,p04,100cm,16000,1.742,INSUFFICIENT_DATA,0.0,0.026714601549948955,5000.0,18.59026336669922,-46.65869140625,0.3940143733062197,0.10172230353789619,0.09310620281375127,0.0835600569151756,0.08463722508650584,0.09202035272657752,0.0775759817215012,0.029734313037701892
huawei-mate9+p04_6_2+200cm,huawei-mate9,p04,200cm,16000,1.742,INSUFFICIENT_DATA,0.0,0.009058458006305068,7000.0,21.565673828125,-46.31355285644531,0.22727797497472868,0.12146183819396565,0.10068802919210251,0.10120429958759207,0.09925769259944459,0.10400427866713685,0.10236647280558997,0.060787671726851886
huawei-mate9+p04_6_2+300cm,huawei-mate9,p04,300cm,16000,2.275,INSUFFICIENT_DATA,0.0,0.023547317174585206,5000.0,19.983184814453125,-48.12913513183594,0.2384630384990009,0.11943983471764584,0.0998036527724601,0.09887561858061122,0.10882270203011803,0.12312998965147927,0.10088038071329247,0.041186164942602535
huawei-mate9+p04_6_2+30cm,huawei-mate9,p04,30cm,16000,1.742,INSUFFICIENT_DATA,0.0,0.02190377224626478,5000.0,14.039093017578125,-30.94713592529297,0.8072432531658458,0.10997813391577486,0.0454858663607394,0.010100209586479525,0.007766087256146733,0.00515733491753125,0.0051811284219369855,0.0012731585827803493
huawei-mate9+p04_6_2+60cm,huawei-mate9,p04,60cm,16000,1.947,INSUFFICIENT_DATA,0.0,0.01174490695615997,5000.0,15.249298095703125,-41.364959716796875,0.5095701365778733,0.14781703666166313,0.0864612082002282,0.0584015239683975,0.0575082778833106,0.05595327889832966,0.05057416625060469,0.015324111750143497
huawei-mate9+p04_6_3+200cm,huawei-mate9,p04,200cm,16000,2.296,INSUFFICIENT_DATA,0.0,0.008545580992932268,7000.0,21.29462432861328,-45.38128662109375,0.2995838130110421,0.12910511664850577,0.08869031706758694,0.08658820425508518,0.08801967114232633,0.09351700434729444,0.08795770108702812,0.051164219244520026
huawei-mate9+p04_6_3+30cm,huawei-mate9,p04,30cm,16000,2.296,INSUFFICIENT_DATA,0.0,0.021704557993368474,5000.0,12.919486999511719,-30.55925178527832,0.6269738850602322,0.2069823339888538,0.10521789769315708,0.022699246210488713,0.013327143659336998,0.008475273416002021,0.00688628860321445,0.0015117924581514153
huawei-mate9+p04_6_4+150cm,huawei-mate9,p04,150cm,16000,2.091,INSUFFICIENT_DATA,0.0,0.008711163100915582,7000.0,21.7420654296875,-46.491722106933594,0.17546054196268865,0.1278189698395284,0.10713603881338274,0.1105424308029592,0.10768787388641328,0.1111335625346222,0.10599231188181615,0.06060610996223068
huawei-mate9+p04_6_4+200cm,huawei-mate9,p04,200cm,16000,2.009,INSUFFICIENT_DATA,0.0,0.009723744952309769,7000.0,22.221893310546875,-46.49066925048828,0.14300271171567422,0.12460023742744579,0.10267088685316299,0.11039741115356112,0.10800558483197627,0.11580689702291394,0.11058521410683933,0.07413871847686836
huawei-mate9+p04_6_4+300cm,huawei-mate9,p04,300cm,16000,2.091,INSUFFICIENT_DATA,0.0,0.02058474205604181,7000.0,20.204307556152344,-48.05961608886719,0.20015702545864256,0.13030213744096672,0.09681919789288825,0.10241812522428971,0.1080595895053371,0.12400388310407622,0.10557325597796438,0.050771333494882956
huawei-mate9+p04_6_4+30cm,huawei-mate9,p04,30cm,16000,2.152,INSUFFICIENT_DATA,0.0,0.0319301789052527,5000.0,13.857192993164062,-32.92051696777344,0.6220015169990378,0.15097525219695898,0.12233110155710933,0.02668722668933368,0.02429450132933542,0.019753382195525273,0.017514015704957128,0.004433683220304151
huawei-mate9+p04_6_4+60cm,huawei-mate9,p04,60cm,16000,2.091,INSUFFICIENT_DATA,0.0,0.015978386284017872,5000.0,15.177085876464844,-45.62498092651367,0.1644028230133926,0.1378001341518164,0.12674222207810099,0.1256361717623053,0.12725507499093755,0.12669417787542236,0.11506437062115064,0.03802961537851536
huawei-mate9+p05_1_1+100cm,huawei-mate9,p05,100cm,16000,1.336,INSUFFICIENT_DATA,0.0,0.021624648538930848,5000.0,19.151161193847656,-48.28082275390625,0.17916913344502497,0.12657312477810315,0.11121197913473733,0.11233030465950986,0.11873409728318328,0.13450943963849016,0.1095325594599509,0.041522633904162866
huawei-mate9+p05_1_1+150cm,huawei-mate9,p05,150cm,16000,1.336,INSUFFICIENT_DATA,0.0,0.010888567725517845,7000.0,23.062271118164062,-47.20216369628906,0.10714408460617438,0.1083625693976264,0.10862017249053352,0.11163369120184735,0.11302083473340384,0.13806112147658348,0.11136598504534696,0.06940330137602173
huawei-mate9+p05_1_1+300cm,huawei-mate9,p05,300cm,16000,1.09,INSUFFICIENT_DATA,0.0,0.024742216126410064,7000.0,21.56909942626953,-48.37212371826172,0.16654649575752756,0.12316919644113415,0.10881030506313044,0.10549598938351741,0.1147370206542043,0.12988134396861342,0.1106597826673064,0.05226575712980556
huawei-mate9+p05_1_1+30cm,huawei-mate9,p05,30cm,16000,1.512,INSUFFICIENT_DATA,0.0,0.040641275398450916,5000.0,15.610801696777344,-43.614036560058594,0.2339933532952204,0.1402659926903619,0.1298982266482577,0.11176935153418294,0.11182667647079354,0.11245768923957329,0.10124463195149805,0.02961883302812952
huawei-mate9+p05_1_2+100cm,huawei-mate9,p05,100cm,16000,1.046,INSUFFICIENT_DATA,0.0,0.0187608478171549,5000.0,19.277931213378906,-47.943626403808594,0.2129546304387817,0.1247405896632614,0.10718696053713198,0.10703678884734767,0.1236234608107673,0.12201287773267872,0.10786539578344508,0.037907305536168924
huawei-mate9+p05_1_2+10cm,huawei-mate9,p05,10cm,16000,1.046,INSUFFICIENT_DATA,0.0,0.01598859944355574,5000.0,14.461540222167969,-45.80516052246094,0.18520784469814797,0.14140444548128872,0.12733836927363734,0.12083562977686796,0.12256197708946868,0.12517693790357676,0.114437751662373,0.033544796863890905
huawei-mate9+p05_1_2+150cm,huawei-mate9,p05,150cm,16000,1.226,INSUFFICIENT_DATA,0.0,0.009906661273797,7000.0,22.637123107910156,-46.85177230834961,0.1690361682370023,0.11874224479337298,0.10739584264034316,0.10721318616154801,0.10655395071091019,0.1179915284011201,0.10639764311282313,0.06311023037817698
huawei-mate9+p05_1_2+30cm,huawei-mate9,p05,30cm,16000,1.226,INSUFFICIENT_DATA,0.0,0.039016574422695315,5000.0,14.895553588867188,-38.632591247558594,0.5573115243985355,0.16419345124574644,0.13193630989815427,0.03544330535744463,0.03279750495600194,0.02930327720901989,0.02633966012666612,0.007422297899535569
huawei-mate9+p05_1_2+60cm,huawei-mate9,p05,60cm,16000,1.345,INSUFFICIENT_DATA,0.0,0.012109172335186068,7000.0,14.89202880859375,-41.917945861816406,0.5696754065209825,0.10835575081827717,0.08013319583336957,0.05348904738621118,0.05632276329933671,0.05284708046062089,0.04719676295910718,0.015395453322438264
huawei-mate9+p05_1_3+100cm,huawei-mate9,p05,100cm,16000,1.151,INSUFFICIENT_DATA,0.0,0.01419702460885751,5000.0,18.298690795898438,-47.770530700683594,0.22243266509147935,0.1304064202497278,0.12041814339807358,0.10640703652106763,0.11086695582385851,0.12011991565124043,0.1072589812928383,0.036182195855719475
huawei-mate9+p05_1_3+150cm,huawei-mate9,p05,150cm,16000,1.255,INSUFFICIENT_DATA,0.0,0.012101340458841705,5000.0,20.232032775878906,-46.688865661621094,0.19857805875769804,0.13244958845711566,0.10689656749894166,0.09705084031788613,0.11340670809914398,0.11921373726517946,0.10219740441073501,0.04881928823833065
huawei-mate9+p05_1_3+200cm,huawei-mate9,p05,200cm,16000,1.151,INSUFFICIENT_DATA,0.0,0.008509139011378375,7000.0,22.966476440429688,-46.454769134521484,0.15971984588124213,0.12045995740493855,0.09634108499927932,0.10641908724918045,0.10767010945731519,0.11563766410620133,0.10920190701923607,0.06967793972286732
huawei-mate9+p05_1_3+30cm,huawei-mate9,p05,30cm,16000,1.255,INSUFFICIENT_DATA,0.0,0.01784903469056747,6000.0,15.513404846191406,-32.67285919189453,0.6973133544019223,0.1345444134652319,0.09420098361114458,0.018996172656980673,0.01715658387287065,0.011496187302304076,0.01068751464808454,0.0024067509256412646
huawei-mate9+p05_1_4+100cm,huawei-mate9,p05,100cm,16000,2.361,INSUFFICIENT_DATA,0.0,0.017802625719871526,5000.0,18.65485382080078,-47.92162322998047,0.20274505542885796,0.12594044605502241,0.11195957632421193,0.11045413611255174,0.1194699100003019,0.12644762129053758,0.10973214645733372,0.03865430811915711
huawei-mate9+p05_1_4+10cm,huawei-mate9,p05,10cm,16000,2.361,INSUFFICIENT_DATA,0.0,0.019756102913591634,5000.0,14.31988525390625,-45.851409912109375,0.17733268329113452,0.13864249638072476,0.1263359211811145,0.12136914148984176,0.13040967292180694,0.12762861705064,0.11555990563179389,0.034685015816631484
huawei-mate9+p05_1_4+300cm,huawei-mate9,p05,300cm,16000,1.48,INSUFFICIENT_DATA,0.0,0.03394330470210614,5000.0,20.46893310546875,-48.38394546508789,0.2572308942902572,0.1154590342454747,0.09991903612856125,0.09593177472540745,0.11638548743443272,0.11454597822116823,0.09980686127640082,0.0383662947134427
huawei-mate9+p05_1_5+100cm,huawei-mate9,p05,100cm,16000,1.345,INSUFFICIENT_DATA,0.0,0.013422501160816662,5000.0,17.57036590576172,-47.861106872558594,0.2184544408976211,0.12718080716204766,0.11939346650720625,0.1054927104630793,0.11366829613095175,0.12234146097849556,0.10681702441282045,0.03901957850695635
huawei-mate9+p05_1_5+10cm,huawei-mate9,p05,10cm,16000,1.345,INSUFFICIENT_DATA,0.0,0.019434369808470266,5000.0,15.283981323242188,-45.721832275390625,0.1843717852535689,0.14016927112364255,0.12498463948702714,0.11685328575334854,0.12941337762739868,0.12516967234545598,0.11301991106261963,0.03383005428383675
huawei-mate9+p05_1_5+150cm,huawei-mate9,p05,150cm,16000,1.345,INSUFFICIENT_DATA,0.0,0.012860766894246027,5000.0,21.32787322998047,-46.86701965332031,0.1850452214497362,0.1291143272131675,0.10527926020154905,0.11121839034558023,0.10905419013290893,0.1300756234449699,0.09572781902229255,0.04624319809523843
huawei-mate9+p05_1_5+200cm,huawei-mate9,p05,200cm,16000,1.569,INSUFFICIENT_DATA,0.0,0.017340838504782005,7000.0,22.066543579101562,-47.10163879394531,0.17735701940961526,0.12383263673333302,0.12055536932873234,0.11521385629205487,0.11628981681849071,0.10801073608473744,0.11582631508227184,0.05586647660644851
huawei-mate9+p05_1_5+300cm,huawei-mate9,p05,300cm,16000,1.285,INSUFFICIENT_DATA,0.0,0.034117071865338376,5000.0,19.688980102539062,-48.246734619140625,0.25352854384484613,0.11637231025114557,0.10202794837270207,0.09290611168907087,0.1152900863547356,0.11542846560282828,0.10057404729470755,0.040428352684449644
huawei-mate9+p05_1_5+30cm,huawei-mate9,p05,30cm,16000,1.285,INSUFFICIENT_DATA,0.0,0.07754567641447502,5000.0,15.167091369628906,-37.06270217895508,0.5641663554375919,0.16127898913371325,0.15148343935076594,0.029451527335832558,0.029808335641961056,0.024049459531961866,0.022293466459278287,0.005493276339919759
huawei-mate9+p05_1_5+60cm,huawei-mate9,p05,60cm,16000,1.569,INSUFFICIENT_DATA,0.0,0.019075425475011103,5000.0,15.114913940429688,-45.52192687988281,0.18676689842600191,0.13722577724644844,0.12900941147156092,0.11689135410631556,0.12788555007743838,0.12400045565048495,0.11071591622927758,0.0361199636156497
huawei-mate9+p05_2_1+200cm,huawei-mate9,p05,200cm,16000,1.315,INSUFFICIENT_DATA,0.0,0.010736441609738728,7000.0,23.752471923828125,-46.640342712402344,0.14711163538876054,0.12039794555119011,0.09942647041998974,0.10461752621597396,0.10380982944323112,0.11138131013780528,0.11070326833988328,0.0818650859948757
huawei-mate9+p05_2_1+300cm,huawei-mate9,p05,300cm,16000,1.45,INSUFFICIENT_DATA,0.0,0.0304591345235856,5000.0,19.472488403320312,-48.02815246582031,0.27681369063788913,0.11919063160966016,0.09419928293448028,0.09726476867126513,0.1117037420811342,0.11218910282230103,0.09970314486800666,0.03439513458142786
huawei-mate9+p05_2_2+100cm,huawei-mate9,p05,100cm,16000,1.39,INSUFFICIENT_DATA,0.0,0.018101770741238164,5000.0,19.782737731933594,-47.95143127441406,0.18430731378178142,0.12985901084416823,0.11623819368517889,0.11317694740287512,0.12688986455743947,0.12776289051621514,0.11177260843265299,0.03852848394427222
huawei-mate9+p05_2_2+10cm,huawei-mate9,p05,10cm,16000,1.39,INSUFFICIENT_DATA,0.0,0.01683566290595553,5000.0,15.962295532226562,-45.8012809753418,0.17145880053068116,0.1354434407472887,0.13170892045552673,0.11937057655560497,0.12258448763124714,0.13146797990332984,0.11621946598839905,0.03619216385498519
huawei-mate9+p05_2_2+150cm,huawei-mate9,p05,150cm,16000,1.375,INSUFFICIENT_DATA,0.0,0.01605478274957582,5000.0,21.427154541015625,-46.86381530761719,0.1650645161542998,0.11820971872066033,0.10448416786764976,0.10799209053793883,0.11531781854723021,0.13476752981069823,0.10464829794108098,0.0528194893368761
huawei-mate9+p05_2_2+60cm,huawei-mate9,p05,60cm,16000,1.375,INSUFFICIENT_DATA,0.0,0.02665491124341052,5000.0,15.065628051757812,-43.142887115478516,0.41817904260275574,0.1302452966247268,0.11528214711832713,0.0793386827003011,0.07791338209865636,0.07440957800704383,0.06554400975618592,0.018872695992257042
huawei-mate9+p05_2_3+100cm,huawei-mate9,p05,100cm,16000,1.151,INSUFFICIENT_DATA,0.0,0.022816097304398028,5000.0,18.561866760253906,-47.457420349121094,0.2574911450240281,0.1377719645447988,0.10420242124712092,0.10409031823307732,0.10329370112002048,0.11384141880158269,0.10466500789936684,0.03504992117838558
huawei-mate9+p05_2_3+10cm,huawei-mate9,p05,10cm,16000,1.39,INSUFFICIENT_DATA,0.0,0.015186583428360175,5000.0,16.47315216064453,-45.827754974365234,0.18409721779243918,0.13978038917861954,0.1289707459242819,0.11728190435889867,0.12316153527994618,0.12638069756479264,0.11452984750160176,0.03466975315339048
huawei-mate9+p05_2_3+200cm,huawei-mate9,p05,200cm,16000,1.39,INSUFFICIENT_DATA,0.0,0.018623747799734514,7000.0,23.164779663085938,-46.45820617675781,0.20161061337099268,0.11415996391647287,0.10671050492224998,0.10533955604602471,0.10171484594852134,0.10142379747321084,0.11043381004281147,0.06711043349351362
huawei-mate9+p05_2_3+30cm,huawei-mate9,p05,30cm,16000,1.39,INSUFFICIENT_DATA,0.0,0.0532946020043691,6000.0,14.021820068359375,-31.860780715942383,0.7134633766713666,0.1585171636564118,0.06704327343373723,0.018272607598551417,0.014011121776067397,0.008995198667709673,0.008087361428773497,0.0017696891848809125
huawei-mate9+p05_2_3+60cm,huawei-mate9,p05,60cm,16000,1.151,INSUFFICIENT_DATA,0.0,0.02496341331802518,5000.0,15.472450256347656,-43.338565826416016,0.42287719949965924,0.12899855124777893,0.10157150849961362,0.08270184679146639,0.07760564974075408,0.0761691416928594,0.0685423585501311,0.020273778233066798
huawei-mate9+p05_2_4+100cm,huawei-mate9,p05,100cm,16000,1.41,INSUFFICIENT_DATA,0.0,0.019580556611737236,5000.0,17.769752502441406,-47.3216552734375,0.27379179172760937,0.12050626337294412,0.10717343359704945,0.10053699760389931,0.10092222436693861,0.11623106357219706,0.0993633946235059,0.03636604456196149
huawei-mate9+p05_2_4+10cm,huawei-mate9,p05,10cm,16000,1.497,INSUFFICIENT_DATA,0.0,0.01979739253949419,5000.0,15.583633422851562,-45.77704620361328,0.17689803032110588,0.13131000693758008,0.12895144890366886,0.12438570460066416,0.1267222263728059,0.12465344418543092,0.1135002673195861,0.03527618676074991
huawei-mate9+p05_2_4+60cm,huawei-mate9,p05,60cm,16000,1.497,INSUFFICIENT_DATA,0.0,0.01768597074555743,5000.0,15.702949523925781,-44.40250778198242,0.31733544169224653,0.13063616096562525,0.12454304453552364,0.0961334383337793,0.09438874465827676,0.09533580093855161,0.08614856161664859,0.028037287590041152
huawei-mate9+p05_2_5+10cm,huawei-mate9,p05,10cm,16000,1.212,INSUFFICIENT_DATA,0.0,0.015685338587905807,5000.0,15.944190979003906,-45.8161506652832,0.17665930288717777,0.14349461377557654,0.12454661382778742,0.12798276290130028,0.12160453717820667,0.12253359302277844,0.11343993373271288,0.03409539706325199
huawei-mate9+p05_2_5+150cm,huawei-mate9,p05,150cm,16000,1.764,INSUFFICIENT_DATA,0.0,0.011745101165849554,5000.0,20.15882110595703,-46.3767204284668,0.24532692140016374,0.12580881161254784,0.1066497155665214,0.09451182189680976,0.10420611308399672,0.11034825280194172,0.09027733947579551,0.04488494755924947
huawei-mate9+p05_2_5+200cm,huawei-mate9,p05,200cm,16000,1.212,INSUFFICIENT_DATA,0.0,0.01477125624544414,7000.0,22.62939453125,-46.03119659423828,0.22858680943707976,0.11299511557714967,0.09945423004767313,0.0949807770526421,0.09758983813162296,0.10277499437965684,0.09889850468788057,0.06551529655731304
huawei-mate9+p05_2_5+30cm,huawei-mate9,p05,30cm,16000,1.764,INSUFFICIENT_DATA,0.0,0.03181292675563461,5000.0,14.793052673339844,-28.960268020629883,0.8050654110596228,0.11290070068792706,0.04186421635933067,0.011249320172364996,0.007749457238369206,0.006219096964267842,0.005459455951295241,0.001245948637827507
huawei-mate9+p05_2_5+60cm,huawei-mate9,p05,60cm,16000,1.764,INSUFFICIENT_DATA,0.0,0.017984405595985117,5000.0,15.28082275390625,-41.78662872314453,0.5588577299469645,0.1142925421036425,0.07658563350727561,0.05888668940601737,0.05493525955340876,0.05404330774358788,0.04871699826830137,0.014659526974942697
huawei-mate9+p05_3_1+100cm,huawei-mate9,p05,100cm,16000,1.502,INSUFFICIENT_DATA,0.0,0.016037283035003888,5000.0,18.034828186035156,-47.83154296875,0.20200603376358972,0.13775702525374103,0.119041243153672,0.11143116875190283,0.11312291939841061,0.12157010303254219,0.10620788212111562,0.039883229547723685
huawei-mate9+p05_3_1+150cm,huawei-mate9,p05,150cm,16000,1.345,INSUFFICIENT_DATA,0.0,0.01419824521349995,5000.0,20.07111358642578,-47.15232467651367,0.18931279153643896,0.1333783596128003,0.11311564263496532,0.11150557181941144,0.12036539174936749,0.12893140269877917,0.10193402108878093,0.037171832726875374
huawei-mate9+p05_3_2+100cm,huawei-mate9,p05,100cm,16000,1.405,INSUFFICIENT_DATA,0.0,0.02214639516122778,5000.0,17.263015747070312,-47.7067985534668,0.2090878262068779,0.12895494617281517,0.1148140177924937,0.11019452574766735,0.11861040044059175,0.12702186786921763,0.10229278201568122,0.04060133428804319
huawei-mate9+p05_3_2+10cm,huawei-mate9,p05,10cm,16000,1.211,INSUFFICIENT_DATA,0.0,0.016700751104665193,7000.0,13.656761169433594,-45.72553253173828,0.19990338508546673,0.1383662612053886,0.128570302663703,0.1173017436465269,0.1272213714755045,0.11854264465889086,0.11149885944151888,0.03486545084022449
huawei-mate9+p05_3_2+200cm,huawei-mate9,p05,200cm,16000,1.405,INSUFFICIENT_DATA,0.0,0.012658613231436548,7000.0,22.344131469726562,-45.97166061401367,0.24039362849398072,0.12058502835675938,0.09838739995402698,0.09444914555483382,0.09997572141314646,0.09609527877273759,0.10219889107132799,0.06059750087640659
huawei-mate9+p05_3_2+300cm,huawei-mate9,p05,300cm,16000,1.211,INSUFFICIENT_DATA,0.0,0.03090629163200906,5000.0,16.249855041503906,-47.687583923339844,0.358139556170656,0.11365242388533378,0.09214771380126988,0.08862264803739914,0.1021970370751816,0.09739999146191444,0.08966321821092964,0.02887900074261186
huawei-mate9+p05_3_2+30cm,huawei-mate9,p05,30cm,16000,1.42,INSUFFICIENT_DATA,0.0,0.04516227909879492,6000.0,14.539474487304688,-26.480730056762695,0.8453582414101505,0.09454628857860244,0.0339655617151238,0.00850711597713715,0.004873061193616807,0.0028239178202549503,0.0024429266191882885,0.0005258262337579559
huawei-mate9+p05_3_3+10cm,huawei-mate9,p05,10cm,16000,1.181,INSUFFICIENT_DATA,0.0,0.016096462369924753,5000.0,15.232070922851562,-45.81751251220703,0.18544472986860197,0.1415002211727324,0.12566810121298766,0.12537764430728532,0.1191681317842634,0.12499180585051758,0.11117409526158861,0.03481160243757685
huawei-mate9+p05_3_3+150cm,huawei-mate9,p05,150cm,16000,1.181,INSUFFICIENT_DATA,0.0,0.013820173498682678,5000.0,21.595497131347656,-46.672359466552734,0.219617715597769,0.12260387289144989,0.1035351303702045,0.09643705885569678,0.11100663792152816,0.11813521389691664,0.09292833817432321,0.04816118798883045
huawei-mate9+p05_3_3+300cm,huawei-mate9,p05,300cm,16000,1.181,INSUFFICIENT_DATA,0.0,0.02085699784876562,5000.0,19.210853576660156,-47.977447509765625,0.293252725897092,0.1152175490448793,0.102708977994231,0.09363170728094912,0.10729987661606168,0.10757607418744654,0.09270594202739182,0.03764273188113701
huawei-mate9+p05_3_3+30cm,huawei-mate9,p05,30cm,16000,1.181,INSUFFICIENT_DATA,0.0,0.03321910310790392,5000.0,13.784194946289062,-35.46578598022461,0.5737463266564836,0.16835019687427644,0.1284668060336339,0.04642303693456235,0.027690786445771703,0.02087256888192121,0.01505109079221481,0.004071842167329542
huawei-mate9+p05_3_4+10cm,huawei-mate9,p05,10cm,16000,1.512,INSUFFICIENT_DATA,0.0,0.02123403208432443,5000.0,15.725738525390625,-45.768333435058594,0.175263647503253,0.13706136694242735,0.12324552820179734,0.12607970879686559,0.12194251556081906,0.12642883986098508,0.11862435411558651,0.0366621729864712
huawei-mate9+p05_3_4+150cm,huawei-mate9,p05,150cm,16000,1.512,INSUFFICIENT_DATA,0.0,0.01066431621117606,7000.0,22.30225372314453,-46.931427001953125,0.1691359531084815,0.10966988930620453,0.10300227522939927,0.10795062816224182,0.10345643406278343,0.12144475367600573,0.10965973587349946,0.06641460695712846
huawei-mate9+p05_3_4+200cm,huawei-mate9,p05,200cm,16000,1.336,INSUFFICIENT_DATA,0.0,0.010961346373511647,7000.0,23.040061950683594,-46.75140380859375,0.1302369642815859,0.12047383385258396,0.10513340425887165,0.11467037716204981,0.09973255180538405,0.11093849107041552,0.1140362347430078,0.08312314323025752
huawei-mate9+p05_3_4+30cm,huawei-mate9,p05,30cm,16000,1.336,INSUFFICIENT_DATA,0.0,0.09239830760847646,5000.0,15.300064086914062,-39.946685791015625,0.24316759393730908,0.14516475355896002,0.12478856564141885,0.10624936560081916,0.11120816950302075,0.11099654494120556,0.10131831484583412,0.028488907319629303
huawei-mate9+p05_3_4+60cm,huawei-mate9,p05,60cm,16000,1.336,INSUFFICIENT_DATA,0.0,0.01266466797432685,5000.0,15.738357543945312,-44.78107452392578,0.22370399460752233,0.1501085979283333,0.13079834143048355,0.11295794707069838,0.11131677802309628,0.10958588452730714,0.10177459531751279,0.029936037625744007
huawei-mate9+p05_3_5+100cm,huawei-mate9,p05,100cm,16000,1.481,INSUFFICIENT_DATA,0.0,0.017949813864642835,5000.0,18.811248779296875,-45.817840576171875,0.49210591497185635,0.09780370381581932,0.06973713839790312,0.06858473179498754,0.07354872773676548,0.07608289942599296,0.06601611007677953,0.02366548352502472
huawei-mate9+p05_3_5+10cm,huawei-mate9,p05,10cm,16000,1.481,INSUFFICIENT_DATA,0.0,0.01723087960913176,5000.0,14.996726989746094,-45.81531524658203,0.192458640952044,0.1379279156851359,0.13040442020410464,0.11999429562101122,0.12335456186547203,0.12588382386350652,0.11147987640329445,0.03137698632064366
huawei-mate9+p05_3_5+150cm,huawei-mate9,p05,150cm,16000,1.181,INSUFFICIENT_DATA,0.0,0.011424718838487601,5000.0,19.35204315185547,-46.20677947998047,0.27232089361405526,0.12937484416646494,0.1107801131133507,0.09873181085165365,0.09861604510890165,0.11485734373971995,0.09283463372779419,0.03620857318396481
huawei-mate9+p05_3_5+30cm,huawei-mate9,p05,30cm,16000,1.481,INSUFFICIENT_DATA,0.0,0.02721362848272838,5000.0,14.804275512695312,-33.105445861816406,0.8035221744919171,0.09064151655515652,0.04962633803546653,0.014064470632745173,0.011794043507035043,0.008941803959134027,0.007905580683413491,0.002068174150267521
huawei-mate9+p05_4_1+150cm,huawei-mate9,p05,150cm,16000,1.45,INSUFFICIENT_DATA,0.0,0.013537805158027964,5000.0,18.118682861328125,-47.075950622558594,0.20921840982592468,0.13666930747197747,0.10897729677660122,0.1101721455451463,0.11045741982661791,0.12235692720697088,0.10696767104518584,0.038021371983182256
huawei-mate9+p05_4_1+200cm,huawei-mate9,p05,200cm,16000,1.322,INSUFFICIENT_DATA,0.0,0.011704396068476747,7000.0,22.88665008544922,-46.2607536315918,0.21288534491725672,0.11449992949750018,0.09739862453753319,0.0967416308597343,0.1004896318066989,0.10584084190288476,0.10066747451717616,0.06612630067885089
huawei-mate9+p05_4_1+300cm,huawei-mate9,p05,300cm,16000,1.322,INSUFFICIENT_DATA,0.0,0.02609306612107366,7000.0,19.534507751464844,-47.96112823486328,0.27469807133907453,0.11531334594548683,0.09453186722071785,0.09482917251021555,0.11035285695915172,0.11067898298263634,0.09832947760999897,0.04103898124812182
huawei-mate9+p05_4_1+30cm,huawei-mate9,p05,30cm,16000,1.45,INSUFFICIENT_DATA,0.0,0.0271617119450672,5000.0,15.390846252441406,-32.75506591796875,0.7904242997509895,0.10281003491943569,0.05209323915423596,0.013463559115492676,0.011452493713709818,0.00994988920019938,0.008714019355081407,0.0022501336449097555
huawei-mate9+p05_4_1+60cm,huawei-mate9,p05,60cm,16000,1.322,INSUFFICIENT_DATA,0.0,0.01705000979950497,5000.0,14.704261779785156,-43.55570983886719,0.34756567563653323,0.1481879857429134,0.12722826975421858,0.08890695817429722,0.08569555069644155,0.08093277766026673,0.07494907981900012,0.023394229266653306
huawei-mate9+p05_4_2+100cm,huawei-mate9,p05,100cm,16000,1.42,INSUFFICIENT_DATA,0.0,0.016270252889191174,5000.0,18.82592010498047,-47.86701583862305,0.2143062624783824,0.12308915489747949,0.11848312219658019,0.10629486750646146,0.11857229182107175,0.1183533244679792,0.10920574996548198,0.03705964094481743
huawei-mate9+p05_4_2+10cm,huawei-mate9,p05,10cm,16000,1.24,INSUFFICIENT_DATA,0.0,0.01879993264864935,5000.0,14.913887023925781,-45.732810974121094,0.1879936825615207,0.13980676687718196,0.13239481317373167,0.11925423693126143,0.11748351307689577,0.12465216747396227,0.11162766598903702,0.03432498330917741
huawei-mate9+p05_4_2+150cm,huawei-mate9,p05,150cm,16000,1.42,INSUFFICIENT_DATA,0.0,0.012742022981493017,5000.0,15.457496643066406,-47.3377571105957,0.21275613678795305,0.1339096634326984,0.11711327124089317,0.12312783938038513,0.11201887134433942,0.12214234043781697,0.10862468480584042,0.03138413690261373
huawei-mate9+p05_4_2+200cm,huawei-mate9,p05,200cm,16000,1.42,INSUFFICIENT_DATA,0.0,0.013262065948271753,7000.0,21.694549560546875,-47.02436828613281,0.1725161280308571,0.12510900072938522,0.1071988018736921,0.11863999056214951,0.10935537370947337,0.12450921879765865,0.09942471180697743,0.049985077564860786
huawei-mate9+p05_4_2+30cm,huawei-mate9,p05,30cm,16000,1.42,INSUFFICIENT_DATA,0.0,0.02298758549694696,5000.0,14.037300109863281,-35.282684326171875,0.6622268836603402,0.14544055515561266,0.1020993714255182,0.026480211213194278,0.020045907431506926,0.015796555421787338,0.013108781387329054,0.0033095678430130294
huawei-mate9+p05_4_3+150cm,huawei-mate9,p05,150cm,16000,1.046,INSUFFICIENT_DATA,0.0,0.01080896040228039,5000.0,19.92577362060547,-45.74778747558594,0.2861458842036991,0.13812755121474513,0.1030493443416711,0.09570941063358804,0.09750305449096926,0.10940715604517702,0.08309698617732132,0.03331877766613724
huawei-mate9+p05_4_3+200cm,huawei-mate9,p05,200cm,16000,1.345,INSUFFICIENT_DATA,0.0,0.010261796899711777,7000.0,23.80229949951172,-46.462158203125,0.14022257575940916,0.11770673324081353,0.09932317449398374,0.10954953851815916,0.10449659675278938,0.11632581937352406,0.10360415406553992,0.07936457037281727
huawei-mate9+p05_4_3+300cm,huawei-mate9,p05,300cm,16000,1.345,INSUFFICIENT_DATA,0.0,0.023950632603828466,5000.0,20.78484344482422,-47.982208251953125,0.25207889135751504,0.11751491243109984,0.09796081343446521,0.0943432932210384,0.1080490398486952,0.11501807853592128,0.09745752380054522,0.04513043335348502
huawei-mate9+p05_4_4+10cm,huawei-mate9,p05,10cm,16000,1.764,INSUFFICIENT_DATA,0.0,0.01712506091725176,5000.0,15.148658752441406,-45.85880661010742,0.1869517059888275,0.13550730289942087,0.13408097377991926,0.12104610724927388,0.12364886268070663,0.12200615241935943,0.11422488568398044,0.03246319760884729
huawei-mate9+p05_4_4+200cm,huawei-mate9,p05,200cm,16000,1.212,INSUFFICIENT_DATA,0.0,0.012569808137402614,7000.0,23.896697998046875,-46.24382781982422,0.18463386976828183,0.1241897322724298,0.09213713580914588,0.1020883220196426,0.10149148826383393,0.11249178581866776,0.10429828368303296,0.07017761321566235
huawei-mate9+p05_4_4+60cm,huawei-mate9,p05,60cm,16000,1.212,INSUFFICIENT_DATA,0.0,0.019881532574528533,5000.0,16.55896759033203,-42.84722137451172,0.3598263676377776,0.14765336961861653,0.1186895663390442,0.08396299683412425,0.08448990356110585,0.0823911545991208,0.07423130933852434,0.023659065502778506
huawei-mate9+p05_4_5+100cm,huawei-mate9,p05,100cm,16000,1.42,INSUFFICIENT_DATA,0.0,0.013783207063476433,5000.0,17.23133087158203,-47.754966735839844,0.21719551243703167,0.13338982275200234,0.11333309929673718,0.11029898605041957,0.11726435976009833,0.11869746447360512,0.1044250467985066,0.0398602226827435
huawei-mate9+p05_4_5+10cm,huawei-mate9,p05,10cm,16000,1.326,INSUFFICIENT_DATA,0.0,0.016435302812786726,5000.0,15.607002258300781,-45.80900573730469,0.1670470377534029,0.14141001015261626,0.1289024206761798,0.12473038198585783,0.12409637381915783,0.1288221844411293,0.1112561873905349,0.03643756375840265
huawei-mate9+p05_4_5+150cm,huawei-mate9,p05,150cm,16000,1.326,INSUFFICIENT_DATA,0.0,0.010371686538688108,5000.0,19.223548889160156,-46.76287841796875,0.22755291696833196,0.1439864600353509,0.1097972822548429,0.10436570079842307,0.11200691258371208,0.12057856605722671,0.09910094398067534,0.03179910818499832
huawei-mate9+p05_4_5+200cm,huawei-mate9,p05,200cm,16000,1.42,INSUFFICIENT_DATA,0.0,0.009034409226949681,7000.0,21.107994079589844,-46.35504150390625,0.23125758090031903,0.12508418253404202,0.09800562562896498,0.09739597265594818,0.10144132223092243,0.11659538954764247,0.0949706563782523,0.04908154067041967
huawei-mate9+p05_4_5+300cm,huawei-mate9,p05,300cm,16000,1.39,INSUFFICIENT_DATA,0.0,0.023688662901779445,5000.0,19.703018188476562,-47.25347137451172,0.37072966552775094,0.11425261781634535,0.08388106309935578,0.07963263133556008,0.09014118805939587,0.09870563567768041,0.08262633142560204,0.030607367575367007
huawei-mate9+p05_4_5+30cm,huawei-mate9,p05,30cm,16000,1.42,INSUFFICIENT_DATA,0.0,0.015966854654543026,5000.0,12.801551818847656,-32.97561264038086,0.7215817004656421,0.15246809936620015,0.06671204742488912,0.018995343703029483,0.011771025230946931,0.009328490170835924,0.007830692496798372,0.001984967076057982
huawei-mate9+p05_4_5+60cm,huawei-mate9,p05,60cm,16000,1.326,INSUFFICIENT_DATA,0.0,0.006626377036141291,5000.0,14.71673583984375,-40.35847091674805,0.582540908559149,0.14448367295284786,0.07253257846742522,0.04998284123908115,0.045999401622980086,0.04410427261095772,0.03616501935829453,0.011055551612502499
huawei-mate9+p05_5_1+10cm,huawei-mate9,p05,10cm,16000,2.092,INSUFFICIENT_DATA,0.0,0.01695584796020519,5000.0,15.468132019042969,-45.83318328857422,0.17956539184308867,0.13459869561768,0.13148343368896998,0.12282843190022733,0.12241588311186251,0.1265226206547972,0.11324112308997303,0.03413181408140863
huawei-mate9+p05_5_1+200cm,huawei-mate9,p05,200cm,16000,2.092,INSUFFICIENT_DATA,0.0,0.012052307718774247,7000.0,20.056747436523438,-46.249725341796875,0.233194690081424,0.12301396537495843,0.10007702678927077,0.1001269542545398,0.10231270860665397,0.11556439416068322,0.09874158766757914,0.04922362838271828
huawei-mate9+p05_5_1+300cm,huawei-mate9,p05,300cm,16000,2.152,INSUFFICIENT_DATA,0.0,0.019473179958787428,5000.0,17.500396728515625,-47.92485809326172,0.3110725418071079,0.12069684027442652,0.09399362986811846,0.09142135706530966,0.10649091700251334,0.10593965814618486,0.09550568179133748,0.03290230138381805
huawei-mate9+p05_5_1+30cm,huawei-mate9,p05,30cm,16000,2.427,INSUFFICIENT_DATA,0.0,0.014619743481656209,6000.0,14.367660522460938,-29.60115623474121,0.7308690782961136,0.16285264853848394,0.06098227602004308,0.015523082911501052,0.008971428133098583,0.005461655559370467,0.004556108520686343,0.001031787288518106
huawei-mate9+p05_5_1+60cm,huawei-mate9,p05,60cm,16000,2.152,INSUFFICIENT_DATA,0.0,0.021199180491332775,5000.0,14.812477111816406,-44.716609954833984,0.26474153248407956,0.14594456209871035,0.12761270220167936,0.10250293143047688,0.1068513710274041,0.1028881158490044,0.09300105845010227,0.029273917892972425
huawei-mate9+p05_5_2+10cm,huawei-mate9,p05,10cm,16000,1.465,INSUFFICIENT_DATA,0.0,0.017846929174955017,5000.0,15.262413024902344,-45.67716979980469,0.19788612142330467,0.1371089039656091,0.13544049731159527,0.1145113345917582,0.11918905376670155,0.1170544442650159,0.11245589080050773,0.03355120731801686
huawei-mate9+p05_5_2+200cm,huawei-mate9,p05,200cm,16000,2.481,INSUFFICIENT_DATA,0.0,0.015313769535243072,7000.0,22.797958374023438,-46.44837951660156,0.19458203443720803,0.11583609581058031,0.10062496054263355,0.10367543131718295,0.10413082888421935,0.10371720669026079,0.10801043149619685,0.07114608141142151
huawei-mate9+p05_5_2+300cm,huawei-mate9,p05,300cm,16000,2.481,INSUFFICIENT_DATA,0.0,0.02864464968038759,5000.0,18.09355926513672,-48.26613998413086,0.24719608119348113,0.1221473895045764,0.10542515726115205,0.09559133282200906,0.11670886126189914,0.115346152780316,0.10463145062734341,0.03876635884448384
huawei-mate9+p05_5_2+30cm,huawei-mate9,p05,30cm,16000,1.48,INSUFFICIENT_DATA,0.0,0.014966600549950412,6000.0,13.983489990234375,-27.833288192749023,0.809990217547419,0.12159109180504774,0.03792683485418353,0.009815847249671996,0.005335897155203546,0.0037693314060931265,0.0030748747019881534,0.0007380050452230027
huawei-mate9+p05_5_2+60cm,huawei-mate9,p05,60cm,16000,1.465,INSUFFICIENT_DATA,0.0,0.007525681171066546,5000.0,14.599189758300781,-41.32862091064453,0.5491918979436626,0.12851527867311066,0.0837748869069499,0.056979663965940605,0.053424871358041894,0.05030900001154515,0.044655928034366243,0.01299127744119306
huawei-mate9+p05_5_3+300cm,huawei-mate9,p05,300cm,16000,1.584,INSUFFICIENT_DATA,0.0,0.017867311595654682,7000.0,16.936538696289062,-47.438941955566406,0.38602592463718505,0.11125513572092138,0.0868668364726633,0.07984724746601317,0.09240046877481473,0.09044784211418685,0.0916277264636371,0.028946475349702256
huawei-mate9+p05_5_3+30cm,huawei-mate9,p05,30cm,16000,1.629,INSUFFICIENT_DATA,0.0,0.046796377786928446,6000.0,14.869010925292969,-32.0162353515625,0.6646948156324209,0.15882027791389247,0.10395529571714217,0.022224904491357826,0.016775616736092094,0.011407886154516255,0.00976029402145637,0.002346174642821735
huawei-mate9+p05_5_3+60cm,huawei-mate9,p05,60cm,16000,1.584,INSUFFICIENT_DATA,0.0,0.013569207174892744,5000.0,14.918365478515625,-42.15598678588867,0.5192385074924842,0.13249692375635821,0.08413327356071039,0.06256674904985039,0.06068695177454201,0.05425507924996375,0.05381578906981491,0.015433589990741277
huawei-mate9+p05_5_4+10cm,huawei-mate9,p05,10cm,16000,1.524,INSUFFICIENT_DATA,0.0,0.01567404910452576,5000.0,15.133102416992188,-45.46512985229492,0.21497129940579454,0.13380233059678795,0.1371054759198346,0.10799487533674325,0.11565213785899899,0.1219745435066876,0.10762196268951404,0.032792523717047606
huawei-mate9+p05_5_4+30cm,huawei-mate9,p05,30cm,16000,1.569,INSUFFICIENT_DATA,0.0,0.02936458711984522,6000.0,13.969337463378906,-32.841888427734375,0.7840668674643593,0.10454086821038748,0.05760760665464954,0.013255388716240159,0.011454213606510937,0.008436172245327745,0.007863889772210222,0.001976113518755571
huawei-mate9+p05_6_1+100cm,huawei-mate9,p05,100cm,16000,1.659,INSUFFICIENT_DATA,0.0,0.048956181244372836,5000.0,17.92790985107422,-47.2413330078125,0.2720774915594148,0.13484869498237873,0.10839744030353585,0.09690927896253865,0.09993311904543849,0.11150537382511576,0.09709339070550971,0.03527253816522027
huawei-mate9+p05_6_1+30cm,huawei-mate9,p05,30cm,16000,1.659,INSUFFICIENT_DATA,0.0,0.04690188001871014,5000.0,14.019027709960938,-34.44259262084961,0.7218690161871458,0.12207751801489222,0.07655945814213312,0.019185622453029204,0.01696223661780633,0.014567217887180765,0.013192002220656564,0.0033813340307485232
huawei-mate9+p05_6_1+60cm,huawei-mate9,p05,60cm,16000,1.671,INSUFFICIENT_DATA,0.0,0.01626208213887034,5000.0,14.898658752441406,-41.886993408203125,0.5550079747828305,0.10900255335540988,0.08685991974408133,0.05543872866388192,0.05623407662005601,0.05314374481016263,0.050376376253868656,0.014939197910560177
huawei-mate9+p05_6_2+100cm,huawei-mate9,p05,100cm,16000,1.764,INSUFFICIENT_DATA,0.0,0.014147110171497498,5000.0,18.945404052734375,-47.70243835449219,0.21119672804067077,0.13496778927179137,0.11241122185357205,0.1132097485616162,0.1154284197124089,0.12308986458252952,0.10604188711587863,0.03647434189340568
huawei-mate9+p05_6_2+10cm,huawei-mate9,p05,10cm,16000,1.606,INSUFFICIENT_DATA,0.0,0.01849397639530038,5000.0,14.383453369140625,-45.59606170654297,0.19961183894893256,0.13681636049066775,0.12472395281606466,0.11474970725558538,0.12284737326045814,0.12429803486148203,0.11355926795279024,0.032656110424811965
huawei-mate9+p05_6_2+200cm,huawei-mate9,p05,200cm,16000,1.764,INSUFFICIENT_DATA,0.0,0.012874086851280374,7000.0,21.0802001953125,-45.0875244140625,0.37109185408139145,0.10569656894403705,0.08635631539705196,0.08251397045810614,0.08276385183675204,0.08570437253356189,0.07810274614331693,0.04155504554309438
huawei-mate9+p05_6_2+300cm,huawei-mate9,p05,300cm,16000,1.764,INSUFFICIENT_DATA,0.0,0.018913013434459544,5000.0,17.089195251464844,-47.483402252197266,0.3808007681906963,0.10404657079476193,0.09116146274376773,0.07928986533873024,0.09459327120979831,0.09338090603823432,0.08678579748045456,0.03151398592575996
huawei-mate9+p05_6_2+30cm,huawei-mate9,p05,30cm,16000,1.764,INSUFFICIENT_DATA,0.0,0.034084712639485114,6000.0,15.626930236816406,-30.16505241394043,0.7635074492305467,0.11419292103096199,0.07044909011343946,0.01326756884319544,0.01094293533985396,0.006629725216484419,0.006047674241208084,0.0014316260809400295
huawei-mate9+p05_6_3+100cm,huawei-mate9,p05,100cm,16000,1.943,INSUFFICIENT_DATA,0.0,0.018141407584183415,5000.0,18.662757873535156,-47.97288513183594,0.19754965728118515,0.12887962898802907,0.1149732279741913,0.11071041276388278,0.1159252803734045,0.12779834400915063,0.10579213880879831,0.04007198995720546
huawei-mate9+p05_6_3+10cm,huawei-mate9,p05,10cm,16000,2.077,INSUFFICIENT_DATA,0.0,0.01760543789317136,5000.0,14.658378601074219,-45.637054443359375,0.1889082015795642,0.13516260830199417,0.13423892355697384,0.12115882087371066,0.12457947755271727,0.12114234205542997,0.11048723765802472,0.03314635648488029
huawei-mate9+p05_6_3+150cm,huawei-mate9,p05,150cm,16000,2.033,INSUFFICIENT_DATA,0.0,0.011545182878327495,7000.0,20.297821044921875,-46.52290725708008,0.21728879327805037,0.11442395759638802,0.10329201438277819,0.09988786133932405,0.11106205326787244,0.11226816192665007,0.1053188119087307,0.05303657933421413
huawei-mate9+p05_6_3+300cm,huawei-mate9,p05,300cm,16000,2.033,INSUFFICIENT_DATA,0.0,0.0198676121126242,5000.0,20.430831909179688,-48.18798065185547,0.27077830408755255,0.11869002928430664,0.10108362093052453,0.0908636641060161,0.11092055871853979,0.11171811453637456,0.10383369733821192,0.036571722879170314
huawei-mate9+p05_6_3+30cm,huawei-mate9,p05,30cm,16000,2.077,INSUFFICIENT_DATA,0.0,0.03815479087232221,6000.0,15.144142150878906,-34.717742919921875,0.6127713099829981,0.1751649565756897,0.11889981929464823,0.025419433276577755,0.022106089605231805,0.01614925253682443,0.014557082749823716,0.0033196947737484227
huawei-mate9+p05_6_3+60cm,huawei-mate9,p05,60cm,16000,1.943,INSUFFICIENT_DATA,0.0,0.01842720584770597,5000.0,15.804595947265625,-44.99632263183594,0.23499052805246978,0.142914324411341,0.12733890696812022,0.11025506619281338,0.11031794797917066,0.10935885652767191,0.10013097323867134,0.03135089444742829
huawei-mate9+p05_6_4+10cm,huawei-mate9,p05,10cm,16000,1.569,INSUFFICIENT_DATA,0.0,0.018503982190022594,5000.0,14.846023559570312,-45.73072052001953,0.18898837048084144,0.13530627460952072,0.12847788301369703,0.1185839539956805,0.12744583878867657,0.12379050597616467,0.11359933301761829,0.0335180059912439
huawei-mate9+p05_6_4+150cm,huawei-mate9,p05,150cm,16000,1.524,INSUFFICIENT_DATA,0.0,0.011301200679818758,5000.0,18.419578552246094,-46.614013671875,0.27138209813454445,0.13802937864778275,0.111979013158639,0.10150093306756425,0.10410701023824394,0.10644796938349334,0.09078617136245255,0.02969193475887219
huawei-mate9+p05_6_4+200cm,huawei-mate9,p05,200cm,16000,1.524,INSUFFICIENT_DATA,0.0,0.017297536672028376,5000.0,20.65667724609375,-46.686893463134766,0.18316050654660826,0.12401897566797623,0.10183312252710812,0.1110359014842145,0.10775649840184706,0.12114656810080543,0.10461013317248509,0.05267003083024801
huawei-mate9+p05_6_4+300cm,huawei-mate9,p05,300cm,16000,1.524,INSUFFICIENT_DATA,0.0,0.023207526078972057,5000.0,20.408370971679688,-48.165931701660156,0.2748708254728373,0.11011813924616465,0.09769461750357168,0.09449902609899903,0.10911328430678682,0.1182685081496749,0.09814392680230095,0.04034694385918679
huawei-nova2+p00_1_1+100cm,huawei-nova2,p00,100cm,16000,1.398,INSUFFICIENT_DATA,0.0,0.2430144625520237,7000.0,25.946014404296875,-60.061119079589844,0.733908917010221,0.06425305877633518,0.06140748595124283,0.020524089859978147,0.0280044876485402,0.011789553647188566,0.028094830818602912,0.019210204147332936
huawei-nova2+p00_1_1+10cm,huawei-nova2,p00,10cm,16000,1.398,INSUFFICIENT_DATA,0.0,0.09844885116005958,7000.0,36.52313995361328,-56.687198638916016,0.2836445118174909,0.019738782654200024,0.007167708057971342,0.052804748756005146,0.2720531201608664,0.00595722163795344,0.029203055351039016,0.050300866917479696
huawei-nova2+p00_1_1+150cm,huawei-nova2,p00,150cm,16000,1.398,INSUFFICIENT_DATA,0.0,0.2131991907134691,4281.25,11.821754455566406,-60.89155578613281,0.7792527693862003,0.060892313843197626,0.027274990554318493,0.032769648566711336,0.05441005971071278,0.008726198836639255,0.007966264459022215,0.0022231188484084776
huawei-nova2+p00_1_1+200cm,huawei-nova2,p00,200cm,16000,1.052,INSUFFICIENT_DATA,0.0,0.2889873674041929,7000.0,10.102767944335938,-56.729576110839844,0.8771122307406157,0.03950193385252366,0.023678232627127614,0.016579340202459384,0.01994017923913589,0.00818295136161652,0.006474320413245007,0.001430384367737364
huawei-nova2+p00_1_1+300cm,huawei-nova2,p00,300cm,16000,1.106,INSUFFICIENT_DATA,0.0,0.1314717190254903,5976.5625,12.042678833007812,-57.947662353515625,0.7530544168028125,0.08346213126858448,0.05639925441403402,0.07739954833969877,0.012948203968656459,0.007585852310532527,0.006422031115240869,0.0011263000040302594
huawei-nova2+p00_1_1+30cm,huawei-nova2,p00,30cm,16000,1.398,INSUFFICIENT_DATA,0.0,0.0747260890945865,7000.0,26.649581909179688,-58.102108001708984,0.2687933522666733,0.025129250850126357,0.014396212854071106,0.06455329719747586,0.3161937173428892,0.008086456277256912,0.015685917574937064,0.011205165169799495
huawei-nova2+p00_1_1+60cm,huawei-nova2,p00,60cm,16000,1.398,INSUFFICIENT_DATA,0.0,0.13568789549324567,7000.0,32.34107971191406,-59.72408676147461,0.5111954311431478,0.040963954996638165,0.03482746218791951,0.03542282753805577,0.1413489428539864,0.01045528452838817,0.030654541594497396,0.03809269749891121
huawei-nova2+p00_1_2+100cm,huawei-nova2,p00,100cm,16000,1.389,INSUFFICIENT_DATA,0.0,0.06442405948516632,7000.0,16.530670166015625,-55.15534210205078,0.8683105458949841,0.02710190584413287,0.020113745672921804,0.017930030272966746,0.024071742173284807,0.008290491665440831,0.017164102652672663,0.009023531216418012
huawei-nova2+p00_1_2+10cm,huawei-nova2,p00,10cm,16000,1.389,INSUFFICIENT_DATA,0.0,0.09494744143127919,7000.0,35.272544860839844,-56.60050964355469,0.3500762718763991,0.021578724376638915,0.0082491279015742,0.050470199492126534,0.23912391228678817,0.006229794176730217,0.034772884437387575,0.0459784350254158
huawei-nova2+p00_1_2+150cm,huawei-nova2,p00,150cm,16000,1.256,INSUFFICIENT_DATA,0.0,0.0017454209341387296,6242.1875,27.708702087402344,-40.534854888916016,0.02135378822475491,0.9331371561192668,0.012310074669165557,0.029123537273971836,0.0007441578039954198,0.0005733175479280029,0.0024878902812721457,0.00014486517078636445
huawei-nova2+p00_1_2+200cm,huawei-nova2,p00,200cm,16000,1.158,INSUFFICIENT_DATA,0.0,0.13660652936319762,4968.75,10.340927124023438,-59.49165344238281,0.8077951035460008,0.05524825770563273,0.027827755067290662,0.03450550027381385,0.03639411531802157,0.013081290485743698,0.013540285362645302,0.004616241328252722
huawei-nova2+p00_1_2+300cm,huawei-nova2,p00,300cm,16000,1.389,INSUFFICIENT_DATA,0.0,0.11347489392815688,4601.5625,8.448097229003906,-52.32423782348633,0.7767878595953891,0.16252376564029508,0.03735332528552568,0.013318463757889844,0.004332681316807636,0.0019837693089119848,0.0018034290201121117,0.0003573235447466933
huawei-nova2+p00_1_2+60cm,huawei-nova2,p00,60cm,16000,1.158,INSUFFICIENT_DATA,0.0,0.06739955849793693,7000.0,27.19061279296875,-55.53697204589844,0.7876687255824518,0.030128810307477345,0.01340907619782795,0.02218253202274187,0.0625513560192654,0.006197265363526316,0.01637001507644715,0.01015538945525956
huawei-nova2+p00_1_3+100cm,huawei-nova2,p00,100cm,16000,1.235,INSUFFICIENT_DATA,0.0,0.005464337218604723,6914.0625,28.414390563964844,-41.534515380859375,0.15229004104600125,0.01753139636131749,0.004975625548182124,0.7963918410026398,0.003516639028555377,0.0015236929504803868,0.017815975957854918,0.005205077682319109
huawei-nova2+p00_1_3+10cm,huawei-nova2,p00,10cm,16000,1.338,INSUFFICIENT_DATA,0.0,0.06579580035182657,7000.0,33.16596221923828,-56.172061920166016,0.36597769199542135,0.023994068598640797,0.009574295243837074,0.05368193172361234,0.23629678053483255,0.009645026056976496,0.03396402265197674,0.03930889119362899
huawei-nova2+p00_1_3+150cm,huawei-nova2,p00,150cm,16000,1.235,INSUFFICIENT_DATA,0.0,0.06978660502442652,4570.3125,12.789932250976562,-57.829505920410156,0.7632844518738928,0.050420318484851394,0.023449765142274606,0.049099441347366005,0.061261980414899435,0.014907047745138948,0.015106431677239867,0.005559193889510701
huawei-nova2+p00_1_3+300cm,huawei-nova2,p00,300cm,16000,1.441,INSUFFICIENT_DATA,0.0,0.07345162639259659,5578.125,34.90382385253906,-41.678497314453125,0.47152837326218,0.3737192133844742,0.10384459917718812,0.018960553390850284,0.0029799553875996033,0.025890698175467228,0.0010131607834135503,0.0004352002872367324
huawei-nova2+p00_1_3+30cm,huawei-nova2,p00,30cm,16000,1.338,INSUFFICIENT_DATA,0.0,0.070256712805046,7000.0,21.21656036376953,-53.40757369995117,0.7158497510261892,0.04216770814803014,0.017155801985054953,0.031239651665330423,0.08684928625389324,0.01157200958913822,0.020236779726859767,0.00960239597433853
huawei-nova2+p00_1_3+60cm,huawei-nova2,p00,60cm,16000,1.235,INSUFFICIENT_DATA,0.0,0.012506306396959396,6914.0625,25.135108947753906,-44.508995056152344,0.33737788827829207,0.012401342480067976,0.005509460010302644,0.6208746501258156,0.007449409034389195,0.0017146874313918282,0.007582406016443157,0.003219676922738783
huawei-nova2+p00_1_4+100cm,huawei-nova2,p00,100cm,16000,1.68,INSUFFICIENT_DATA,0.0,0.4464966412816565,6203.125,12.952255249023438,-38.450382232666016,0.9088094688867536,0.041867129285162195,0.02189623151755107,0.010048906161704481,0.006306056264562358,0.004014800423049656,0.0048937294848231125,0.001092452942541991
huawei-nova2+p00_1_4+10cm,huawei-nova2,p00,10cm,16000,1.724,INSUFFICIENT_DATA,0.0,0.05213061289541936,7000.0,29.940765380859375,-50.82349395751953,0.8233696595370885,0.019360358618293293,0.0055398497545353365,0.021333482246604994,0.055798036096079244,0.005259274986660835,0.012246219628569763,0.009871747652097664
huawei-nova2+p00_1_5+100cm,huawei-nova2,p00,100cm,16000,1.286,INSUFFICIENT_DATA,0.0,0.020255682063927145,4250.0,14.320747375488281,-50.73479461669922,0.9030804459433647,0.028654065261939123,0.01669494347537959,0.012225660731064101,0.01574696962211817,0.005985432374319544,0.009541785094243459,0.004008942929103048
huawei-nova2+p00_1_5+10cm,huawei-nova2,p00,10cm,16000,1.672,INSUFFICIENT_DATA,0.0,0.060380836476231034,7000.0,31.21246337890625,-53.72875213623047,0.6295445021708952,0.023207171287854458,0.010105960878185088,0.035573235800519326,0.1290537047042729,0.006314383906790386,0.022305535767030305,0.0223649468416622
huawei-nova2+p00_1_5+200cm,huawei-nova2,p00,200cm,16000,1.775,INSUFFICIENT_DATA,0.0,0.07879857076534685,4210.9375,10.175796508789062,-56.848365783691406,0.8554318205578898,0.046306741213402926,0.030958590152003623,0.0228463426957926,0.021899219187213877,0.008657620196997156,0.007075802837295357,0.0020700359740665887
huawei-nova2+p00_1_5+300cm,huawei-nova2,p00,300cm,16000,1.672,INSUFFICIENT_DATA,0.0,0.16318892373621544,4296.875,11.541145324707031,-59.75113296508789,0.869244032021865,0.05830357490624992,0.026623489935722472,0.016101008777567323,0.01313385119648097,0.007095895541753535,0.005477888548398401,0.0014060037764363458
huawei-nova2+p00_1_5+30cm,huawei-nova2,p00,30cm,16000,1.286,INSUFFICIENT_DATA,0.0,0.06476797883954534,7000.0,19.962501525878906,-53.67430114746094,0.680093004428492,0.028859627633766954,0.019219209100654274,0.03236544612740547,0.106509591037692,0.012325498993602002,0.02713990763322672,0.010660705602251712
huawei-nova2+p00_1_5+60cm,huawei-nova2,p00,60cm,16000,1.286,INSUFFICIENT_DATA,0.0,0.09061965204196248,7000.0,19.3013916015625,-49.52325439453125,0.8929171124313887,0.028380825771721074,0.015905361551774716,0.013663798451046186,0.02011685888891549,0.005071499700791393,0.008936759485461012,0.003956109305186666
huawei-nova2+p00_2_1+100cm,huawei-nova2,p00,100cm,16000,1.492,INSUFFICIENT_DATA,0.0,0.0364617583181863,7000.0,16.700958251953125,-53.5562858581543,0.7532256002939586,0.110504548702216,0.049295167484170524,0.021565714297543517,0.020344429908705785,0.010101569034457364,0.01632533236281318,0.008105278001178018
huawei-nova2+p00_2_1+10cm,huawei-nova2,p00,10cm,16000,1.492,INSUFFICIENT_DATA,0.0,0.08449996091200336,7000.0,33.918853759765625,-56.438655853271484,0.3195338179987115,0.03638901660884642,0.013299435574437891,0.053891892066070146,0.2421861133419056,0.010333963505567818,0.03783013506615539,0.045150786620204435
huawei-nova2+p00_2_1+200cm,huawei-nova2,p00,200cm,16000,1.389,INSUFFICIENT_DATA,0.0,0.48134849780021544,4523.4375,15.214630126953125,-51.27159881591797,0.8465683382463336,0.05876979428742903,0.03534179979463309,0.021863458223843144,0.019106897672609063,0.006654793079363559,0.0050308286648669655,0.0013221873782084629
huawei-nova2+p00_2_1+30cm,huawei-nova2,p00,30cm,16000,1.492,INSUFFICIENT_DATA,0.0,0.0748632288817094,7000.0,22.25385284423828,-56.17290115356445,0.40602818933338913,0.0549972371903698,0.02898146418041673,0.055504264844005786,0.20264229353732477,0.018959357021490108,0.039167116734831565,0.023214574183448328
huawei-nova2+p00_2_1+60cm,huawei-nova2,p00,60cm,16000,1.389,INSUFFICIENT_DATA,0.0,0.05907352010708995,7000.0,22.3118896484375,-52.742713928222656,0.8268075230001329,0.03817406317718712,0.026242562216583883,0.021365221221590822,0.03484715789032747,0.0073862322146778635,0.014457137101194877,0.007425581227602593
huawei-nova2+p00_2_2+100cm,huawei-nova2,p00,100cm,16000,1.415,INSUFFICIENT_DATA,0.0,0.03326952960916883,4281.25,12.530960083007812,-51.71600341796875,0.8601722832519524,0.02620650225070103,0.042788306063876604,0.019512599010270568,0.019171446649030005,0.009499717417046753,0.013284360636145468,0.00507173643953018
huawei-nova2+p00_2_2+10cm,huawei-nova2,p00,10cm,16000,1.466,INSUFFICIENT_DATA,0.0,0.1357775027099819,7000.0,27.866661071777344,-50.89982604980469,0.5525878059473365,0.10902997537628238,0.06598155835787639,0.09348085372524031,0.08132981002766222,0.009525894424374593,0.013893362738913534,0.011842438291567732
huawei-nova2+p00_2_2+200cm,huawei-nova2,p00,200cm,16000,1.466,INSUFFICIENT_DATA,0.0,0.16705116873070933,4281.25,11.28363037109375,-59.21525573730469,0.80117456210529,0.05150388552950641,0.03268000952550869,0.03510656503077297,0.036453894175034224,0.01777489925067371,0.012796585899863853,0.004226016961594591
huawei-nova2+p00_2_2+300cm,huawei-nova2,p00,300cm,16000,1.415,INSUFFICIENT_DATA,0.0,0.21885677437979098,4273.4375,12.476211547851562,-60.05609130859375,0.8707215636972269,0.05378297186875353,0.025795964481481744,0.01743716181128004,0.014866010729390478,0.007095603911891033,0.006129076192631602,0.001424334027914209
huawei-nova2+p00_2_3+100cm,huawei-nova2,p00,100cm,16000,1.363,INSUFFICIENT_DATA,0.0,0.023860304648353245,7000.0,14.576736450195312,-51.68147277832031,0.8995239048518647,0.02543320909888472,0.016414553078323037,0.012861002227983568,0.015101346122414362,0.007303620171327016,0.012786134199193604,0.004727706653681468
huawei-nova2+p00_2_3+10cm,huawei-nova2,p00,10cm,16000,1.363,INSUFFICIENT_DATA,0.0,0.0780332000133129,7000.0,29.16260528564453,-50.82658386230469,0.6236388369581407,0.13818852979446897,0.02639290957771884,0.036774138889621596,0.07767919988085932,0.005903111069286133,0.012088805419897344,0.011408780899929322
huawei-nova2+p00_2_3+150cm,huawei-nova2,p00,150cm,16000,1.389,INSUFFICIENT_DATA,0.0,0.1206305016233759,4796.875,10.3468017578125,-58.072349548339844,0.7559105760729221,0.04954058118841521,0.027183769212322833,0.045005913783546465,0.06020222228596448,0.016881342146508996,0.017238692554822976,0.005426970173723491
huawei-nova2+p00_2_3+30cm,huawei-nova2,p00,30cm,16000,1.389,INSUFFICIENT_DATA,0.0,0.010810135410768218,5703.125,27.80339813232422,-48.44806671142578,0.19595186874972914,0.046202097456849035,0.6334470973264198,0.01434046282836415,0.03389467989894925,0.03898145249085673,0.006455314887522372,0.003518864831305024
huawei-nova2+p00_2_4+10cm,huawei-nova2,p00,10cm,16000,1.698,INSUFFICIENT_DATA,0.0,0.06860582495422486,7000.0,34.70228576660156,-55.992828369140625,0.4338709442744561,0.018143592758289452,0.0076590502939328405,0.04785163336901993,0.2095815924776761,0.0062603070916165335,0.03199179469983621,0.0365838188171478
huawei-nova2+p00_2_4+200cm,huawei-nova2,p00,200cm,16000,1.698,INSUFFICIENT_DATA,0.0,0.15403587121441598,4218.75,10.159576416015625,-59.198699951171875,0.8021879678403563,0.05205922934581213,0.024743785540948443,0.03672629848910866,0.044564661568995606,0.01320284864989767,0.011292821996585347,0.003797909110356235
huawei-nova2+p00_2_4+300cm,huawei-nova2,p00,300cm,16000,1.698,INSUFFICIENT_DATA,0.0,0.19262319426810373,4882.8125,9.052726745605469,-60.30146789550781,0.8713096832118276,0.05741206593979653,0.024748426127735416,0.01563419417004088,0.012732250526108001,0.007442084596357725,0.006811024360326157,0.0017882189097927208
huawei-nova2+p00_2_5+100cm,huawei-nova2,p00,100cm,16000,1.389,INSUFFICIENT_DATA,0.0,0.017372199799240796,4250.0,12.697486877441406,-49.363365173339844,0.9205958566126319,0.028899561568957507,0.008498778795350376,0.009517322020315912,0.01256536537751879,0.0049676045126027055,0.00788052269630439,0.003381506546816492
huawei-nova2+p00_2_5+200cm,huawei-nova2,p00,200cm,16000,1.441,INSUFFICIENT_DATA,0.0,0.08546242543420425,4218.75,10.832351684570312,-58.37229919433594,0.8111658230958952,0.052278741800539846,0.02755511929849649,0.03143097671787269,0.03433461067255634,0.015970743282209012,0.014931925885732273,0.0043363083133550655
huawei-nova2+p00_2_5+30cm,huawei-nova2,p00,30cm,16000,1.389,INSUFFICIENT_DATA,0.0,0.039804676337915346,7000.0,20.802154541015625,-52.327354431152344,0.7707378701983367,0.026131196365328225,0.008708358186763845,0.022809549053947487,0.07767642431967256,0.008558121525362674,0.017330101511040957,0.008911553558456494
huawei-nova2+p00_3_1+100cm,huawei-nova2,p00,100cm,16000,1.621,INSUFFICIENT_DATA,0.0,0.05452127232527372,7000.0,15.597030639648438,-52.889610290527344,0.8959423158617715,0.032173120211235515,0.012536690785986033,0.012946984145392063,0.015526893407516043,0.006982171188942304,0.012312222809159019,0.005813769229680984
huawei-nova2+p00_3_1+200cm,huawei-nova2,p00,200cm,16000,1.492,INSUFFICIENT_DATA,0.0,0.115780718406495,6843.75,7.7206268310546875,-59.52323913574219,0.7923409864640316,0.06239271763762629,0.027965564185080238,0.03389982215387084,0.035539569973332345,0.017129368137406654,0.015607185761869608,0.0059605635644500565
huawei-nova2+p00_3_1+300cm,huawei-nova2,p00,300cm,16000,1.415,INSUFFICIENT_DATA,0.0,0.16705574810568471,4335.9375,13.654983520507812,-60.36609649658203,0.8492146375200812,0.06486562358716899,0.024281846121078476,0.019644801921742797,0.021026291728061853,0.008228123778580202,0.0070238430302943505,0.0016826905518435632
huawei-nova2+p00_3_1+30cm,huawei-nova2,p00,30cm,16000,1.621,INSUFFICIENT_DATA,0.0,0.041555065584932264,7000.0,23.92687225341797,-55.55299758911133,0.5183426787547504,0.02989422891851624,0.011298688716695463,0.04402389829286049,0.18817143592463426,0.010505829082234555,0.024782855726593955,0.014585360044580319
huawei-nova2+p00_3_1+60cm,huawei-nova2,p00,60cm,16000,1.415,INSUFFICIENT_DATA,0.0,0.023267205287324916,7000.0,22.72020721435547,-50.18482208251953,0.9024697564175533,0.023253161533126645,0.008585547098842154,0.011001285769962676,0.021427472813368056,0.005544968903383212,0.009445254081424133,0.005079888242877191
huawei-nova2+p00_3_2+10cm,huawei-nova2,p00,10cm,16000,1.26,INSUFFICIENT_DATA,0.0,0.09087772447339397,7000.0,32.17761993408203,-56.10435104370117,0.42318774131385734,0.031272867126452164,0.00818290020428193,0.04727270394192551,0.2115576209880624,0.01093853209232927,0.03457282715820798,0.03188860599580922
huawei-nova2+p00_3_2+150cm,huawei-nova2,p00,150cm,16000,1.209,INSUFFICIENT_DATA,0.0,0.08621581245348006,6843.75,7.415435791015625,-56.95235824584961,0.6592434195809718,0.09002460999004559,0.028246709230038063,0.04517705488287118,0.08063398670814693,0.02480927974106882,0.02365790575544842,0.006835417937193905
huawei-nova2+p00_3_2+200cm,huawei-nova2,p00,200cm,16000,1.26,INSUFFICIENT_DATA,0.0,0.1082289909331302,4304.6875,9.822601318359375,-57.77588653564453,0.7727355754909121,0.07798594851258342,0.026376542774796927,0.03296202730856873,0.03447851634285966,0.01981551950042643,0.018224063333481824,0.0066561513783541405
huawei-nova2+p00_3_2+30cm,huawei-nova2,p00,30cm,16000,1.26,INSUFFICIENT_DATA,0.0,0.05597818846935372,7000.0,20.070632934570312,-53.22356414794922,0.6867096616452663,0.05071710512815972,0.01753009904520321,0.029211442187834447,0.09156093301951287,0.01603283363683831,0.02725295099723686,0.011587481078511519
huawei-nova2+p00_3_2+60cm,huawei-nova2,p00,60cm,16000,1.441,INSUFFICIENT_DATA,0.0,0.02641325851408525,7000.0,20.347923278808594,-49.8896598815918,0.8675826119271369,0.0509555643126697,0.011759981161298911,0.01221475994332604,0.021300012431355132,0.006724872129183737,0.010372325338416125,0.005745235623711845
huawei-nova2+p00_3_3+100cm,huawei-nova2,p00,100cm,16000,0.7,INSUFFICIENT_DATA,0.0,0.014646659551867327,4242.1875,14.289405822753906,-49.844390869140625,0.8466729906692618,0.06895948279224791,0.028414077816418876,0.01425578627656352,0.014470668292245916,0.007458674523224785,0.009613297905395286,0.003820797785095653
huawei-nova2+p00_3_3+10cm,huawei-nova2,p00,10cm,16000,0.926,INSUFFICIENT_DATA,0.0,0.08914003361826138,7000.0,32.65319061279297,-56.02532958984375,0.4252205231608812,0.023563064255595904,0.008412119411135024,0.04662449113739576,0.20621711183988176,0.009570180102327177,0.04142061193323133,0.03820146067889765
huawei-nova2+p00_3_3+150cm,huawei-nova2,p00,150cm,16000,0.926,INSUFFICIENT_DATA,0.0,0.11746389479694466,7000.0,10.433708190917969,-56.61975860595703,0.6807031567691464,0.055351842218629925,0.03837678292342282,0.04272528585415872,0.0886834810894214,0.016011848364175803,0.01710757400260869,0.00718346898458718
huawei-nova2+p00_3_3+300cm,huawei-nova2,p00,300cm,16000,1.08,INSUFFICIENT_DATA,0.0,0.1515698922394996,4687.5,10.756019592285156,-60.129425048828125,0.8495191244426225,0.06967409667079147,0.02891126725145111,0.016976000124821505,0.013718870842969771,0.00907923261965689,0.007347825337982442,0.001907490112378047
huawei-nova2+p00_3_3+30cm,huawei-nova2,p00,30cm,16000,0.7,INSUFFICIENT_DATA,0.0,0.056756480063809255,7000.0,20.51629638671875,-52.57853698730469,0.7205587972485162,0.053513580216349,0.024284059616092785,0.025854323096694533,0.07665402930176542,0.01258043227929451,0.02044164152970617,0.009577951376657314
huawei-nova2+p00_3_3+60cm,huawei-nova2,p00,60cm,16000,0.926,INSUFFICIENT_DATA,0.0,0.01415962441980254,7000.0,23.08283233642578,-49.18666458129883,0.8809899676988969,0.03766287238167722,0.022332404610888385,0.012261885133451823,0.0181370469718153,0.005561280111776347,0.007986333142449936,0.0040331827109678755
huawei-nova2+p00_3_4+100cm,huawei-nova2,p00,100cm,16000,1.052,INSUFFICIENT_DATA,0.0,0.10703444344010979,7000.0,16.394195556640625,-54.348846435546875,0.6844085524781417,0.09329821330443189,0.10953523452988317,0.016938167550697655,0.02344402847899988,0.010536357904096743,0.02457903119918141,0.009064951824835488
huawei-nova2+p00_3_4+10cm,huawei-nova2,p00,10cm,16000,1.106,INSUFFICIENT_DATA,0.0,0.08668443325521363,7000.0,36.287506103515625,-56.864784240722656,0.2816752794166344,0.023285904231485226,0.007724361108257238,0.05340130640537604,0.27200779814563103,0.006996942885158233,0.03015067917997178,0.048576288198247046
huawei-nova2+p00_3_4+300cm,huawei-nova2,p00,300cm,16000,1.106,INSUFFICIENT_DATA,0.0,0.30295004421617727,7000.0,8.904670715332031,-60.62397766113281,0.8814117661859813,0.059205417909142376,0.025329758059499403,0.011115537699985162,0.008067343804371338,0.006209765874549593,0.005651186799864621,0.001595286262004421
huawei-nova2+p00_3_4+30cm,huawei-nova2,p00,30cm,16000,1.106,INSUFFICIENT_DATA,0.0,0.06791693937925146,7000.0,28.041000366210938,-57.13194274902344,0.30144121599185053,0.04667993583791528,0.027498401720423754,0.060724384407633614,0.2625122488442178,0.01458890593380281,0.03372148185983354,0.021751234995921645
huawei-nova2+p00_3_5+10cm,huawei-nova2,p00,10cm,16000,1.044,INSUFFICIENT_DATA,0.0,0.07535505352772,7000.0,29.042991638183594,-53.600547790527344,0.661939532733517,0.019714785426980953,0.005409681275124747,0.029298796492535088,0.1225863892929413,0.007795917365270432,0.028222460289952095,0.015779750408861405
huawei-nova2+p00_3_5+150cm,huawei-nova2,p00,150cm,16000,1.072,INSUFFICIENT_DATA,0.0,0.0891003165286298,4265.625,12.444557189941406,-56.63694381713867,0.7319149083625336,0.038900716989715825,0.025785712513242482,0.0423496515692096,0.0801460080584061,0.017348219292272267,0.016853774485782826,0.006309863744463325
huawei-nova2+p00_3_5+200cm,huawei-nova2,p00,200cm,16000,1.069,INSUFFICIENT_DATA,0.0,0.13271432676129008,4218.75,10.956253051757812,-58.42333984375,0.7840234804936356,0.05797574619671843,0.029404214372167014,0.03697805656117327,0.04313918320463941,0.01581385340154425,0.015909515620601618,0.006567152542836336
huawei-nova2+p00_3_5+30cm,huawei-nova2,p00,30cm,16000,1.072,INSUFFICIENT_DATA,0.0,0.0380596414966168,7000.0,20.75738525390625,-52.08842849731445,0.7772549049836361,0.03592640585949291,0.01373073986412165,0.019897768358399976,0.06569256413502564,0.009903612486263242,0.02027964027643515,0.008297485742537894
huawei-nova2+p00_3_5+60cm,huawei-nova2,p00,60cm,16000,1.069,INSUFFICIENT_DATA,0.0,0.020272228120178547,7000.0,17.082672119140625,-49.227561950683594,0.8882838786362818,0.0332677112340319,0.01664930384608599,0.012162401877312747,0.019226181486834606,0.00629911708539521,0.008711423282911964,0.004451611092566261
huawei-nova2+p00_4_1+100cm,huawei-nova2,p00,100cm,16000,1.595,INSUFFICIENT_DATA,0.0,0.0494463918993711,4250.0,15.779998779296875,-53.70475769042969,0.787150415204041,0.07404111446669476,0.0556983410110415,0.020142798423146337,0.021211401244491283,0.010194522851062706,0.015222011256719181,0.006845022580442608
huawei-nova2+p00_4_1+10cm,huawei-nova2,p00,10cm,16000,1.595,INSUFFICIENT_DATA,0.0,0.09526714181257913,7000.0,34.520843505859375,-56.58393478393555,0.3172081647942494,0.02221546304166805,0.008449876458165738,0.05248274454518269,0.25514892752539536,0.007335307477520347,0.04203341675016546,0.04246036082545725
huawei-nova2+p00_4_1+300cm,huawei-nova2,p00,300cm,16000,1.389,INSUFFICIENT_DATA,0.0,0.3473887467890442,7000.0,8.02197265625,-60.659908294677734,0.877578543481894,0.060719818658100465,0.025548352371523742,0.011870356909262698,0.008502136383821713,0.006338913323035988,0.0062068737052404606,0.0014583103841980375
huawei-nova2+p00_4_1+30cm,huawei-nova2,p00,30cm,16000,1.389,INSUFFICIENT_DATA,0.0,0.052008988112782324,7000.0,25.471786499023438,-56.25056838989258,0.4820306078004036,0.04349295094044321,0.019108605376544848,0.045615402646154636,0.182308177125081,0.01323018185688619,0.04005806407478495,0.019435216848798814
huawei-nova2+p00_4_2+100cm,huawei-nova2,p00,100cm,16000,1.176,INSUFFICIENT_DATA,0.0,0.04063753089219202,4210.9375,11.040016174316406,-51.90089416503906,0.7483607840260761,0.08468717399993597,0.09723691005788371,0.016411207370199302,0.017278255958343404,0.009966077586700916,0.01439724788578394,0.0061884339980670675
huawei-nova2+p00_4_2+150cm,huawei-nova2,p00,150cm,16000,1.143,INSUFFICIENT_DATA,0.0,0.14625831382627763,6929.6875,9.822311401367188,-57.59712219238281,0.5628507442454996,0.05128691201883384,0.0491865511175618,0.055236132771784345,0.14173298381197214,0.018219292787227243,0.017509975085005115,0.004830495403685028
huawei-nova2+p00_4_2+200cm,huawei-nova2,p00,200cm,16000,1.143,INSUFFICIENT_DATA,0.0,0.11571671279040223,5765.625,9.226112365722656,-59.740447998046875,0.7271675814908511,0.067649660330414,0.07110367611158659,0.042169753633850934,0.04100893734320747,0.02001165435363279,0.017867166616570306,0.0040108260694803385
huawei-nova2+p00_4_2+300cm,huawei-nova2,p00,300cm,16000,1.011,INSUFFICIENT_DATA,0.0,0.2523725990765401,7000.0,8.036575317382812,-60.483482360839844,0.8551983151311028,0.06927072630160026,0.03297509928427924,0.014647483008213292,0.010740576902352349,0.0075404547469994886,0.005906743132686098,0.0012884685669984357
huawei-nova2+p00_4_2+60cm,huawei-nova2,p00,60cm,16000,1.011,INSUFFICIENT_DATA,0.0,0.04001851259642555,7000.0,23.791580200195312,-52.22333908081055,0.7220560686947642,0.06402196638417042,0.09802800097121432,0.02134282767693603,0.03408693376472363,0.011336459108248636,0.017159041629069442,0.008288910669227132
huawei-nova2+p00_4_3+100cm,huawei-nova2,p00,100cm,16000,1.389,INSUFFICIENT_DATA,0.0,0.052442763646641286,7000.0,18.010665893554688,-53.31945037841797,0.8989895690689235,0.021714016240713795,0.015744837843390373,0.013079648630885232,0.017271079844142046,0.006498252663171489,0.013565145721569076,0.007082707708285419
huawei-nova2+p00_4_3+10cm,huawei-nova2,p00,10cm,16000,1.389,INSUFFICIENT_DATA,0.0,0.08842192580359688,7000.0,35.7884521484375,-56.32804870605469,0.39282426413944127,0.019211684053474606,0.0066692622377187245,0.04583935623740918,0.22229074572747543,0.00522458710500936,0.03227834601680897,0.04479387674179994
huawei-nova2+p00_4_3+150cm,huawei-nova2,p00,150cm,16000,1.389,INSUFFICIENT_DATA,0.0,0.10732749946314901,4507.8125,10.603042602539062,-57.981475830078125,0.5871256354146943,0.034389527457846826,0.02110460329471325,0.055533128956716866,0.15748497880731088,0.013884957367824677,0.013257653967186245,0.0036545195728549143
huawei-nova2+p00_4_3+60cm,huawei-nova2,p00,60cm,16000,1.256,INSUFFICIENT_DATA,0.0,0.030676699994094156,7000.0,24.6622314453125,-51.45824432373047,0.9052440804093386,0.013961204945984206,0.008454294458394875,0.011902930453591571,0.025281763823023485,0.004339726520425944,0.008892786653074773,0.005298523137427985
huawei-nova2+p00_4_4+100cm,huawei-nova2,p00,100cm,16000,1.441,INSUFFICIENT_DATA,0.0,0.015979536601266418,4250.0,13.273338317871094,-49.8157844543457,0.924720190095079,0.025393921882387517,0.007497322167232866,0.009120624678291544,0.012790161614854816,0.004913131852265278,0.0073133240470730715,0.003838700049289528
huawei-nova2+p00_4_4+10cm,huawei-nova2,p00,10cm,16000,1.209,INSUFFICIENT_DATA,0.0,0.07155858884938382,7000.0,30.015899658203125,-52.29681396484375,0.7545461411984908,0.021787346261800015,0.005116707878568988,0.02367991528672535,0.08297478253359918,0.006330005786608969,0.017278274603520542,0.012783812447079502
huawei-nova2+p00_4_4+150cm,huawei-nova2,p00,150cm,16000,1.389,INSUFFICIENT_DATA,0.0,0.09509318802975608,4296.875,11.932464599609375,-56.20078659057617,0.7213305327545567,0.03928314948339262,0.021249083550849448,0.04164678121583944,0.0859376595309254,0.01992887018913968,0.017949264921045135,0.007160113770537533
huawei-nova2+p00_4_4+200cm,huawei-nova2,p00,200cm,16000,1.209,INSUFFICIENT_DATA,0.0,0.10150317218805985,4273.4375,11.186630249023438,-57.75959014892578,0.8385397907284846,0.04548043817786826,0.020056211086682818,0.027134095848076363,0.031225296111973288,0.0140218794524427,0.013669911232694225,0.004260486642452991
huawei-nova2+p00_4_4+300cm,huawei-nova2,p00,300cm,16000,1.389,INSUFFICIENT_DATA,0.0,0.18800900813212168,4320.3125,12.926498413085938,-59.366554260253906,0.8627780793657367,0.057854907124111274,0.02449329770334029,0.018685676746512572,0.0175459606797664,0.007921633492839114,0.005780467697619047,0.0014639859870386235
huawei-nova2+p00_4_4+30cm,huawei-nova2,p00,30cm,16000,1.209,INSUFFICIENT_DATA,0.0,0.05059972785414516,7000.0,20.78583526611328,-51.08607482910156,0.8208634414756178,0.029892576530965134,0.006992899617365498,0.016487279117415942,0.05671236944890447,0.0065768030123952775,0.013803262911440009,0.006208379205634516
huawei-nova2+p00_4_4+60cm,huawei-nova2,p00,60cm,16000,1.441,INSUFFICIENT_DATA,0.0,0.023680345096238033,7000.0,23.090789794921875,-48.768516540527344,0.9238512689608045,0.02205532401882474,0.005801697314198808,0.008777572249674228,0.015723657668661253,0.003848031442545141,0.006139685337351049,0.0036125972757644325
huawei-nova2+p00_4_5+100cm,huawei-nova2,p00,100cm,16000,1.119,INSUFFICIENT_DATA,0.0,0.02172789451312304,4296.875,13.735061645507812,-51.156288146972656,0.8851905279222565,0.024717685812423063,0.03339656391343584,0.014572921886045961,0.01450806654630108,0.007420695074004701,0.0122198341796282,0.004251290780945115
huawei-nova2+p00_4_5+10cm,huawei-nova2,p00,10cm,16000,1.119,INSUFFICIENT_DATA,0.0,0.10515465989709227,7000.0,34.252655029296875,-56.31953811645508,0.4139666118881986,0.021299664553995727,0.008505130342818707,0.04525265648806191,0.21158277093318603,0.010630164233903483,0.04393058411532173,0.03779106668617116
huawei-nova2+p00_4_5+30cm,huawei-nova2,p00,30cm,16000,1.119,INSUFFICIENT_DATA,0.0,0.060858901887441905,7000.0,23.711868286132812,-55.065704345703125,0.586932619850849,0.038499290519580454,0.027568301250994555,0.038212820465027886,0.1360328384993811,0.01491219837030598,0.03558497363065584,0.014105657024549124
huawei-nova2+p00_4_5+60cm,huawei-nova2,p00,60cm,16000,1.028,INSUFFICIENT_DATA,0.0,0.030117667723981396,7000.0,23.060386657714844,-50.33612823486328,0.8578403748054378,0.02659961553872642,0.04014814036201668,0.015423212743882054,0.023212683179681486,0.006545576790370496,0.01152257996958651,0.004770605751917681
huawei-nova2+p00_5_1+10cm,huawei-nova2,p00,10cm,16000,2.664,INSUFFICIENT_DATA,0.0,0.06648729645362857,7000.0,32.21453857421875,-56.43292236328125,0.3415540467112008,0.031102975146926875,0.013984698005822718,0.05433077182141573,0.22995333205229412,0.010107643697056365,0.048565769116834405,0.04252179332606266
huawei-nova2+p00_5_1+150cm,huawei-nova2,p00,150cm,16000,1.768,INSUFFICIENT_DATA,0.0,0.21537858617111655,4210.9375,10.334579467773438,-57.127803802490234,0.6173417675523682,0.05939062101406832,0.04903421907337209,0.04813748269729786,0.10786152777303869,0.0226202184240461,0.023509646283026733,0.006704582852953698
huawei-nova2+p00_5_1+200cm,huawei-nova2,p00,200cm,16000,1.768,INSUFFICIENT_DATA,0.0,0.10152519884120552,5875.0,11.231613159179688,-59.38697052001953,0.7065418776904089,0.0667028844627175,0.06435954621704416,0.04597822068014158,0.05246579782736438,0.0227614881864982,0.020717834719714272,0.005575094071051307
huawei-nova2+p00_5_1+30cm,huawei-nova2,p00,30cm,16000,1.768,INSUFFICIENT_DATA,0.0,0.036790035692765864,7000.0,21.897689819335938,-55.0755729675293,0.5210616362984464,0.03905347066896285,0.03624674555265502,0.04383738779448578,0.16496741189172862,0.015006917558426076,0.03644892863589569,0.013791305238743966
huawei-nova2+p00_5_1+60cm,huawei-nova2,p00,60cm,16000,2.664,INSUFFICIENT_DATA,0.0,0.044839371840907,7000.0,18.485855102539062,-51.012481689453125,0.8086719339615961,0.03834900471136192,0.056540200263563205,0.020262180171027776,0.02907900016227722,0.007691159174485943,0.013853881647578973,0.0056500992478749614
huawei-nova2+p00_5_2+100cm,huawei-nova2,p00,100cm,16000,1.628,INSUFFICIENT_DATA,0.0,0.013717857554464818,4289.0625,16.544906616210938,-48.48492431640625,0.8911774502692218,0.04189768492446681,0.026757009419825548,0.010445989442759948,0.011032903697864109,0.004969595000040772,0.006613003597215523,0.0032935085756780978
huawei-nova2+p00_5_2+10cm,huawei-nova2,p00,10cm,16000,1.414,INSUFFICIENT_DATA,0.0,0.08385061232777549,7000.0,30.60340118408203,-54.512996673583984,0.6239003614577978,0.014862509584214142,0.007368795109524327,0.03582952935239716,0.12949230012029228,0.008508198977778712,0.040068010500638164,0.022451614233658178
huawei-nova2+p00_5_2+150cm,huawei-nova2,p00,150cm,16000,1.414,INSUFFICIENT_DATA,0.0,0.10718266109349811,4296.875,15.288032531738281,-55.98515319824219,0.7262280947788542,0.043726675501679434,0.04017159829180259,0.03985200977001146,0.06642252515387367,0.020212568183129654,0.024540710589843657,0.007021767179484505
huawei-nova2+p00_5_2+200cm,huawei-nova2,p00,200cm,16000,1.628,INSUFFICIENT_DATA,0.0,0.12462151791135156,4562.5,9.880386352539062,-57.390228271484375,0.805716330012807,0.05796201427802608,0.03542855670733686,0.031306598654811287,0.03095051310830089,0.013793926916795226,0.01402523854188398,0.004527074149361993
huawei-nova2+p00_5_2+60cm,huawei-nova2,p00,60cm,16000,1.628,INSUFFICIENT_DATA,0.0,0.020595580316774123,7000.0,18.219985961914062,-47.417659759521484,0.9141087584509962,0.027433855908781994,0.01833485611689501,0.008716691134224174,0.012784995619647419,0.003563056395469859,0.005863064546398219,0.0024870314279091424
huawei-nova2+p00_5_3+100cm,huawei-nova2,p00,100cm,16000,1.422,INSUFFICIENT_DATA,0.0,0.0182111628517355,4234.375,14.563858032226562,-49.88500213623047,0.8435950280434346,0.03159438612240105,0.06494100541789047,0.01538291647971042,0.015182738860544729,0.007417403607506721,0.013171238920114882,0.004434371160017576
huawei-nova2+p00_5_3+150cm,huawei-nova2,p00,150cm,16000,1.496,INSUFFICIENT_DATA,0.0,0.09482748196417197,4265.625,9.446563720703125,-56.77436828613281,0.6701851114142783,0.05387254768041295,0.04514139829876565,0.048320490529560764,0.08663655918035484,0.020268177759184918,0.02161270034521867,0.00626390696453765
huawei-nova2+p00_5_3+200cm,huawei-nova2,p00,200cm,16000,1.496,INSUFFICIENT_DATA,0.0,0.11765554707946915,4250.0,6.67327880859375,-58.62333679199219,0.7653999312342319,0.05718211764520376,0.05030331067267725,0.03910239923287868,0.039422629289025214,0.017776564683825876,0.01779116059873547,0.004823459703502275
huawei-nova2+p00_5_3+30cm,huawei-nova2,p00,30cm,16000,1.496,INSUFFICIENT_DATA,0.0,0.05319983763965756,7000.0,18.902793884277344,-53.7303581237793,0.6342271510844625,0.039599473779787224,0.032221797718716846,0.035704961025777915,0.11243036146538692,0.015106466192981562,0.03419317393068413,0.01405374587925585
huawei-nova2+p00_5_3+60cm,huawei-nova2,p00,60cm,16000,1.422,INSUFFICIENT_DATA,0.0,0.029542082648964213,7000.0,17.318695068359375,-49.22328567504883,0.8384626186557256,0.03386300370594615,0.057901436116497486,0.017085441990791733,0.020746712623675025,0.0064278176854122605,0.011387266186734508,0.003936265682038481
huawei-nova2+p00_5_4+100cm,huawei-nova2,p00,100cm,16000,1.241,INSUFFICIENT_DATA,0.0,0.05334092959804422,6953.125,14.758102416992188,-53.22731399536133,0.8905679737374528,0.026149136757900177,0.014530414637765386,0.01576324702238094,0.018844753027513778,0.007201468322918326,0.014337844122911655,0.006026059788766788
huawei-nova2+p00_5_4+10cm,huawei-nova2,p00,10cm,16000,1.282,INSUFFICIENT_DATA,0.0,0.0585788353366921,7000.0,35.02234649658203,-56.62530517578125,0.3668681253638541,0.021489104708227305,0.00712570789827395,0.051041994128094056,0.23372519457323684,0.006114022697647538,0.03643637364902003,0.04192148857727816
huawei-nova2+p00_5_4+150cm,huawei-nova2,p00,150cm,16000,1.282,INSUFFICIENT_DATA,0.0,0.1760976080042918,5000.0,9.951751708984375,-57.32009506225586,0.6261259779095303,0.033431061731678424,0.01912818477545749,0.05429569655728044,0.13948985174380513,0.014203028096765258,0.014424855027070246,0.004820180860699003
huawei-nova2+p00_5_4+200cm,huawei-nova2,p00,200cm,16000,1.176,INSUFFICIENT_DATA,0.0,0.17644753742823485,4210.9375,9.378791809082031,-58.20390319824219,0.7935835223890194,0.0567768231862793,0.024926683351205615,0.038379766801173054,0.04627890719890491,0.01298461986537795,0.011606878626925395,0.0040646406026528074
huawei-nova2+p00_5_4+300cm,huawei-nova2,p00,300cm,16000,1.282,INSUFFICIENT_DATA,0.0,0.3935902577804419,7000.0,9.255523681640625,-58.51593017578125,0.9201245525708097,0.03709382445574849,0.015235864903360744,0.009808378011192722,0.00816721295552292,0.0038963370690598235,0.0033753001866420173,0.0008640772454865043
huawei-nova2+p00_5_4+30cm,huawei-nova2,p00,30cm,16000,1.282,INSUFFICIENT_DATA,0.0,0.06817144739590622,7000.0,25.01763153076172,-55.23444747924805,0.5913512298727811,0.019423852322220783,0.008593181522525074,0.039135856256593174,0.16039801503613263,0.00900652742615678,0.022866693112113368,0.015554149907420196
huawei-nova2+p00_5_4+60cm,huawei-nova2,p00,60cm,16000,1.176,INSUFFICIENT_DATA,0.0,0.061193358966909965,7000.0,21.274612426757812,-50.30375671386719,0.8922239352203161,0.03439088846370899,0.009624984533193631,0.013140027141303991,0.020199199581147402,0.00426289789533592,0.008668543278053947,0.004275671118595752
huawei-nova2+p00_6_1+10cm,huawei-nova2,p00,10cm,16000,1.439,INSUFFICIENT_DATA,0.0,0.08886875066870314,7000.0,33.30625915527344,-56.61946105957031,0.33765584244803976,0.025373676419223095,0.0077725409154613375,0.05148921263996162,0.24305526797842084,0.008635572472700078,0.05061910745919013,0.040186879715662704
huawei-nova2+p00_6_1+200cm,huawei-nova2,p00,200cm,16000,1.537,INSUFFICIENT_DATA,0.0,0.15644289475835427,7031.25,10.152694702148438,-59.00957489013672,0.7743941350760897,0.057121130469575815,0.0371995952585647,0.04199266136406127,0.04632727081335414,0.014555713414560962,0.011929566492769437,0.004645490679382474
huawei-nova2+p00_6_1+300cm,huawei-nova2,p00,300cm,16000,1.455,INSUFFICIENT_DATA,0.0,0.3369355452980065,4281.25,15.191627502441406,-58.75008010864258,0.8894565408238269,0.04776533416613879,0.026872143982444485,0.012735547986433556,0.01070642659140596,0.004909029913512409,0.004288194971077683,0.0010493417486819256
huawei-nova2+p00_6_1+30cm,huawei-nova2,p00,30cm,16000,1.439,INSUFFICIENT_DATA,0.0,0.0788365109377994,7000.0,22.084083557128906,-55.79041290283203,0.4903798244426971,0.04330054187860433,0.029833546232382307,0.0469452688707527,0.17755956507234272,0.017173816363216257,0.03454693106094553,0.018252774274194576
huawei-nova2+p00_6_2+10cm,huawei-nova2,p00,10cm,16000,1.485,INSUFFICIENT_DATA,0.0,0.04868287758729337,7000.0,33.000999450683594,-55.291717529296875,0.54045825967785,0.018103905568329894,0.007852339052541442,0.04006803320504336,0.16363252085113283,0.008117145602505448,0.034449496248182956,0.028473704814526386
huawei-nova2+p00_6_2+200cm,huawei-nova2,p00,200cm,16000,1.513,INSUFFICIENT_DATA,0.0,0.09810644393744822,4281.25,10.074920654296875,-57.79640579223633,0.8220628466821397,0.03843498329940998,0.029422256471565916,0.03721144568711519,0.037422421552194766,0.01184666983287866,0.013103840792947867,0.0031990982665094448
huawei-nova2+p00_6_2+30cm,huawei-nova2,p00,30cm,16000,1.513,INSUFFICIENT_DATA,0.0,0.0625122353665597,7000.0,20.928985595703125,-51.83265686035156,0.7961450411540791,0.02233613056804065,0.013519452185207753,0.019964864777117595,0.06714958945542861,0.008747082602308413,0.014536246292928294,0.0071630700513678055
huawei-nova2+p00_6_2+60cm,huawei-nova2,p00,60cm,16000,1.513,INSUFFICIENT_DATA,0.0,0.023948285168852234,7000.0,23.907882690429688,-48.522064208984375,0.940795583368828,0.008960731516509012,0.009532649900744511,0.007935687918446418,0.01385310702138751,0.0028475177796858514,0.0053279672095357744,0.0029954940455317407
huawei-nova2+p00_6_3+150cm,huawei-nova2,p00,150cm,16000,1.784,INSUFFICIENT_DATA,0.0,0.03647494398570687,4281.25,16.689849853515625,-55.63718795776367,0.764196989637145,0.029277979532947314,0.020532390851708344,0.037972950104541284,0.07526788438547748,0.012185582069811853,0.012522477806688486,0.005334538677155815
huawei-nova2+p00_6_3+300cm,huawei-nova2,p00,300cm,16000,1.784,INSUFFICIENT_DATA,0.0,0.3381016225650487,4281.25,13.413543701171875,-57.857574462890625,0.9079344174423867,0.04047061289545906,0.016835129921282315,0.0119226820884276,0.010774430088194103,0.005618689575886308,0.003784383807226042,0.0009786559389537966
huawei-nova2+p00_6_3+30cm,huawei-nova2,p00,30cm,16000,2.129,INSUFFICIENT_DATA,0.0,0.030288612555744644,7000.0,21.22271728515625,-50.13373947143555,0.8507720446131664,0.025535731864542388,0.009496752861424106,0.015339383513631325,0.04520240581923059,0.005803244338795916,0.010049810218874524,0.004940957408115945
huawei-nova2+p00_6_4+100cm,huawei-nova2,p00,100cm,16000,1.282,INSUFFICIENT_DATA,0.0,0.0519002926874387,7000.0,17.586746215820312,-51.4244270324707,0.914576396719322,0.025230437147847343,0.010735738440852656,0.011494370673252319,0.012332429613951012,0.005743954474460185,0.009647311622640462,0.005154154496082377
huawei-nova2+p00_6_4+10cm,huawei-nova2,p00,10cm,16000,1.241,INSUFFICIENT_DATA,0.0,0.05812471294664477,7000.0,35.18272399902344,-56.69500732421875,0.36004398498127327,0.027125722094058287,0.00905080476035539,0.04959045897982677,0.22864762779276285,0.007314346122378142,0.039499863036329345,0.045718964146690334
huawei-nova2+p00_6_4+30cm,huawei-nova2,p00,30cm,16000,1.176,INSUFFICIENT_DATA,0.0,0.0759164621813891,7000.0,22.107177734375,-53.55789566040039,0.7042270244836148,0.025800900241124337,0.010706335298998938,0.03014262446395416,0.10751035286338403,0.007340239682601319,0.01951546869743024,0.01017085302048941
huawei-nova2+p01_1_1+100cm,huawei-nova2,p01,100cm,16000,0.688,INSUFFICIENT_DATA,0.0,0.08176739357197918,7000.0,24.251670837402344,-58.44384765625,0.8437011344425005,0.034366247376238016,0.021061411288721993,0.016859032217412837,0.02553674807567497,0.008973535196892677,0.019589102898601378,0.012558340549936016
huawei-nova2+p01_1_1+10cm,huawei-nova2,p01,10cm,16000,0.766,INSUFFICIENT_DATA,0.0,0.07256239489177631,7000.0,37.362770080566406,-57.001739501953125,0.2710333927925227,0.024421157048373617,0.01507765383547619,0.06272730744307412,0.26023330486895385,0.006920642696378657,0.030569489000666087,0.054319985767055545
huawei-nova2+p01_1_1+150cm,huawei-nova2,p01,150cm,16000,0.766,INSUFFICIENT_DATA,0.0,0.14670447036428147,5000.0,16.03711700439453,-58.079105377197266,0.5370355939515677,0.03283290334880861,0.01912176048528345,0.05521898195076263,0.18242276407071556,0.016356526193967713,0.01434554028837688,0.0036696220245631787
huawei-nova2+p01_1_1+200cm,huawei-nova2,p01,200cm,16000,0.704,INSUFFICIENT_DATA,0.0,0.1629693935089954,4101.5625,12.060188293457031,-60.3327522277832,0.7364064393692503,0.06202865058304514,0.03141716108813978,0.04898005386203038,0.06852805390309652,0.016552546618034732,0.01189726865156074,0.003261966733524471
huawei-nova2+p01_1_1+60cm,huawei-nova2,p01,60cm,16000,0.766,INSUFFICIENT_DATA,0.0,0.07340654396440262,7000.0,30.145042419433594,-55.483299255371094,0.7855551712738297,0.03719796096457891,0.015635189490053537,0.018738964881742787,0.05133760724698222,0.008839057970420736,0.01753336801229807,0.01698702320367922
huawei-nova2+p01_1_2+150cm,huawei-nova2,p01,150cm,16000,0.688,INSUFFICIENT_DATA,0.0,0.19259519055731306,4125.0,13.026634216308594,-57.725067138671875,0.6054273501230568,0.036461467488582984,0.02526256946322238,0.06271322213425747,0.13800654552395583,0.020697735990601547,0.020120202412241134,0.0061097390243451625
huawei-nova2+p01_1_2+200cm,huawei-nova2,p01,200cm,16000,0.782,INSUFFICIENT_DATA,0.0,0.1875338013218617,4125.0,13.609329223632812,-59.89028549194336,0.759876688320962,0.04820996372346229,0.026424734503782913,0.0503782035646286,0.06891092213246842,0.012800011388793529,0.011383232732893423,0.003010599669894123
huawei-nova2+p01_1_2+300cm,huawei-nova2,p01,300cm,16000,0.688,INSUFFICIENT_DATA,0.0,0.5276511691995494,7000.0,9.799156188964844,-58.27572250366211,0.9323125334868012,0.03393589860521614,0.013849235403479283,0.006221775760101916,0.0047806556981466915,0.003465754513974812,0.0033754334970944053,0.0008100031450870096
huawei-nova2+p01_1_2+30cm,huawei-nova2,p01,30cm,16000,0.657,INSUFFICIENT_DATA,0.0,0.05988079439436167,7000.0,24.983848571777344,-55.572242736816406,0.5548773909865893,0.019037071653038105,0.009681140859595034,0.043686029880253725,0.17918329886672132,0.008781805441908559,0.024276912851937796,0.0127015652093037
huawei-nova2+p01_1_2+60cm,huawei-nova2,p01,60cm,16000,0.688,INSUFFICIENT_DATA,0.0,0.05989324148616879,7000.0,26.6578369140625,-53.82954025268555,0.837734511164308,0.022967412603426534,0.01241357331785336,0.020182289977155366,0.04511306431224392,0.007392768066434777,0.015907786486562724,0.008455417017657129
huawei-nova2+p01_1_3+200cm,huawei-nova2,p01,200cm,16000,1.001,INSUFFICIENT_DATA,0.0,0.20039593844285192,4117.1875,8.484703063964844,-58.0244026184082,0.7897852160570124,0.04358418998823067,0.026422522730387508,0.04142487283825623,0.051838012979014615,0.014122773022516613,0.013539728980791156,0.004663594253103902
huawei-nova2+p01_1_3+300cm,huawei-nova2,p01,300cm,16000,1.001,INSUFFICIENT_DATA,0.0,0.4678441880608086,7000.0,7.8892059326171875,-58.96274948120117,0.9010150238306673,0.047202986390711646,0.019950758218057522,0.010422204447844625,0.00838956135990697,0.005650340916558143,0.004653509928878905,0.0012365815765029505
huawei-nova2+p01_1_3+30cm,huawei-nova2,p01,30cm,16000,0.985,INSUFFICIENT_DATA,0.0,0.07265071586594511,7000.0,26.323883056640625,-53.95634078979492,0.6615963765037257,0.025174936070889362,0.012273644040595819,0.03121556340106656,0.12365001725191405,0.008515776129085278,0.02285340476296355,0.012978519998089156
huawei-nova2+p01_1_3+60cm,huawei-nova2,p01,60cm,16000,1.001,INSUFFICIENT_DATA,0.0,0.05173373365441316,7000.0,23.273948669433594,-49.781883239746094,0.9054985215386762,0.02691277673514268,0.01259500199702801,0.009271972675668707,0.019508708103062867,0.003915494179677339,0.007163893952038893,0.0033845402222683328
huawei-nova2+p01_1_4+100cm,huawei-nova2,p01,100cm,16000,1.486,INSUFFICIENT_DATA,0.0,0.03364240931447022,4125.0,16.148353576660156,-51.497222900390625,0.9201184130156211,0.02183763110574861,0.010702218319814409,0.0098874302853913,0.01415169401892799,0.004782022899634698,0.008924829826976882,0.004106677828593078
huawei-nova2+p01_1_4+10cm,huawei-nova2,p01,10cm,16000,1.345,INSUFFICIENT_DATA,0.0,0.057258609003737394,7000.0,35.817527770996094,-56.5761604309082,0.3418491219566144,0.021854037756776898,0.00751013492738341,0.05157661846286562,0.2444923653662097,0.006816811643970964,0.0395199767738827,0.043037670739629386
huawei-nova2+p01_1_4+150cm,huawei-nova2,p01,150cm,16000,1.345,INSUFFICIENT_DATA,0.0,0.11785987306733464,4117.1875,15.024162292480469,-58.32520294189453,0.589561833858046,0.03662627185154771,0.02788774305094715,0.06662112799784935,0.1473074463663199,0.018336675257658145,0.020233026445870644,0.007404316480902629
huawei-nova2+p01_1_4+300cm,huawei-nova2,p01,300cm,16000,1.345,INSUFFICIENT_DATA,0.0,0.5225182064380998,4117.1875,12.530189514160156,-58.37498474121094,0.9215753127628542,0.03594516325998044,0.014938671290607124,0.009747683337697306,0.008546048377814263,0.0038249115211548175,0.003530984713920684,0.0008700834725013201
huawei-nova2+p01_1_4+30cm,huawei-nova2,p01,30cm,16000,1.345,INSUFFICIENT_DATA,0.0,0.049448586112328316,7000.0,26.039703369140625,-54.10080337524414,0.6818833578481353,0.01377725945065553,0.0079697495445807,0.03150427010560869,0.1234035040964932,0.005559498093800047,0.021076811631401477,0.013232214285692344
huawei-nova2+p01_1_4+60cm,huawei-nova2,p01,60cm,16000,1.251,INSUFFICIENT_DATA,0.0,0.06853517105785677,7000.0,24.073135375976562,-50.577537536621094,0.9107484529515282,0.013650338006873618,0.010559983723645992,0.01060012221583523,0.022501775441848074,0.0038470627446133047,0.008479428830397094,0.005280410443698397
huawei-nova2+p01_1_5+10cm,huawei-nova2,p01,10cm,16000,0.985,INSUFFICIENT_DATA,0.0,0.09952813661970278,7000.0,37.34406280517578,-56.52116775512695,0.3199500386966345,0.027946285978967082,0.008125531044453455,0.050460267002896256,0.24884968748131278,0.006361538185124096,0.03922436909062408,0.04533318030794778
huawei-nova2+p01_1_5+300cm,huawei-nova2,p01,300cm,16000,1.157,INSUFFICIENT_DATA,0.0,0.4874213237547865,4226.5625,8.76812744140625,-58.2362060546875,0.920048737605336,0.0406248605315926,0.015185951199002772,0.007866388457874372,0.0061790328911513525,0.004351150391628904,0.0037106955989178953,0.0009585165170392108
huawei-nova2+p01_1_5+30cm,huawei-nova2,p01,30cm,16000,1.157,INSUFFICIENT_DATA,0.0,0.08092149494581546,7000.0,25.177001953125,-55.16452407836914,0.5698252470911991,0.028585096832632786,0.012559060584369145,0.038204130321413544,0.1617517763449103,0.008895505492005892,0.029013248967654174,0.01706870447297706
huawei-nova2+p01_2_1+100cm,huawei-nova2,p01,100cm,16000,1.157,INSUFFICIENT_DATA,0.0,0.08210396517195906,7000.0,18.05669403076172,-53.49747085571289,0.8530145568505213,0.062972850075754,0.014345031917826758,0.012990118030773134,0.01979778210573852,0.007289289549170604,0.014594420769442023,0.007310090922457829
huawei-nova2+p01_2_1+10cm,huawei-nova2,p01,10cm,16000,1.157,INSUFFICIENT_DATA,0.0,0.09632537285707848,7000.0,35.92603302001953,-56.87017059326172,0.28900571106620926,0.02694305931571469,0.007598950754279403,0.05286124426500522,0.2655703097911632,0.007232598794986915,0.030306266267795635,0.0488973164331864
huawei-nova2+p01_2_1+300cm,huawei-nova2,p01,300cm,16000,1.11,INSUFFICIENT_DATA,0.0,0.5098502566840775,4406.25,6.8904266357421875,-58.099369049072266,0.9249007894289929,0.036474956161056935,0.01584852422662212,0.007449695506855088,0.006057328407417429,0.003967090940755921,0.0034579186859132285,0.00088443950320394
huawei-nova2+p01_2_1+60cm,huawei-nova2,p01,60cm,16000,1.157,INSUFFICIENT_DATA,0.0,0.04804536513658076,7000.0,24.82036590576172,-51.24433898925781,0.8591532620531962,0.03840454683033489,0.018727696971974173,0.012871061090221734,0.028921653421253198,0.0052792660059435255,0.00994300992511655,0.006167854886952843
huawei-nova2+p01_2_2+100cm,huawei-nova2,p01,100cm,16000,1.392,INSUFFICIENT_DATA,0.0,0.032685563149278306,4406.25,13.906654357910156,-50.07215881347656,0.9253797163392666,0.026822897184023843,0.007644426670263671,0.00858139000982722,0.012139338121641937,0.004186577538937048,0.007409941328581415,0.003126641724967585
huawei-nova2+p01_2_2+10cm,huawei-nova2,p01,10cm,16000,1.22,INSUFFICIENT_DATA,0.0,0.042560907760523035,7000.0,31.916603088378906,-56.14643859863281,0.41039231495805034,0.026506340241084815,0.009455590238237629,0.053373648382933535,0.21162004151686664,0.010067834357766509,0.043245166934721614,0.032796162471297095
huawei-nova2+p01_2_2+150cm,huawei-nova2,p01,150cm,16000,1.392,INSUFFICIENT_DATA,0.0,0.10923803947053294,4101.5625,9.415206909179688,-57.797576904296875,0.6304255903253976,0.04775384209089971,0.024642252038809695,0.05477807567661887,0.11728860702583166,0.023219661007886045,0.02754429046590219,0.008471931005232464
huawei-nova2+p01_2_2+200cm,huawei-nova2,p01,200cm,16000,1.22,INSUFFICIENT_DATA,0.0,0.1243116720607199,4210.9375,10.412559509277344,-58.77849197387695,0.7720115364626569,0.05219108725174906,0.03189827887178395,0.04051429320199439,0.05167762597372481,0.0185236386916436,0.01681980619117566,0.004514209216805161
huawei-nova2+p01_2_2+300cm,huawei-nova2,p01,300cm,16000,1.313,INSUFFICIENT_DATA,0.0,0.4948659937236362,4101.5625,8.174324035644531,-58.407936096191406,0.9088754251586681,0.0402872310377382,0.01813592323098656,0.011166478378779416,0.009748763040736685,0.005226161849180064,0.003726875095294666,0.0010991196275640946
huawei-nova2+p01_2_2+30cm,huawei-nova2,p01,30cm,16000,1.313,INSUFFICIENT_DATA,0.0,0.07126537827986536,7000.0,22.405311584472656,-52.25593948364258,0.7723764923322111,0.035970425743059246,0.010020472964193918,0.02020203958948392,0.07469665720499231,0.0068389145132808655,0.014273282227867633,0.007053022409769551
huawei-nova2+p01_2_2+60cm,huawei-nova2,p01,60cm,16000,1.392,INSUFFICIENT_DATA,0.0,0.03663126727174863,7000.0,20.3916015625,-49.282447814941406,0.9055338414173735,0.030866312732379598,0.006941613577648158,0.009448211838055642,0.019731383045962392,0.003857444810096402,0.007581769003786324,0.0037387433829631383
huawei-nova2+p01_2_3+100cm,huawei-nova2,p01,100cm,16000,0.995,INSUFFICIENT_DATA,0.0,0.0743499961011925,7000.0,14.2913818359375,-51.51041030883789,0.8732301105488423,0.06417697327650568,0.011431365944005649,0.010934156767116879,0.01548703578360511,0.005253907499596691,0.00982379929376479,0.003688464102330212
huawei-nova2+p01_2_3+10cm,huawei-nova2,p01,10cm,16000,0.995,INSUFFICIENT_DATA,0.0,0.058098989772120024,7000.0,34.620765686035156,-56.71379852294922,0.31749100252268786,0.048367243352615726,0.00999142870864999,0.050716556593819635,0.24474278893073514,0.009761585069465175,0.03979054128427967,0.03997648834326435
huawei-nova2+p01_2_3+150cm,huawei-nova2,p01,150cm,16000,1.282,INSUFFICIENT_DATA,0.0,0.1434793019343856,4101.5625,10.768165588378906,-58.12255859375,0.5760529825261386,0.04817340450350933,0.02490760321772299,0.061618356715799384,0.1479460131622667,0.017973855593293057,0.020021592101595004,0.007230360111822027
huawei-nova2+p01_2_3+200cm,huawei-nova2,p01,200cm,16000,1.282,INSUFFICIENT_DATA,0.0,0.13978252089852722,4101.5625,11.102973937988281,-59.34395217895508,0.7339034505975164,0.058440719220139284,0.02707787223328545,0.054805575372851884,0.07071117678174461,0.016769430016853815,0.013294886339506436,0.004163754679735622
huawei-nova2+p01_2_3+30cm,huawei-nova2,p01,30cm,16000,0.995,INSUFFICIENT_DATA,0.0,0.05151945783673501,7000.0,24.579368591308594,-54.25480651855469,0.6260469263806895,0.05880608356379946,0.01335506254007609,0.033712293122945935,0.11726362234909848,0.009553047588155445,0.029836719219713176,0.016590791130932547
huawei-nova2+p01_2_3+60cm,huawei-nova2,p01,60cm,16000,1.282,INSUFFICIENT_DATA,0.0,0.0661221325139113,7000.0,25.11956787109375,-51.642032623291016,0.8629071284102152,0.041900200664016105,0.009850546563606073,0.013410412946030051,0.0290443849788332,0.00448434322431908,0.01034703222254274,0.00685903692261458
huawei-nova2+p01_2_4+100cm,huawei-nova2,p01,100cm,16000,0.949,INSUFFICIENT_DATA,0.0,0.05392122124394595,6953.125,15.820785522460938,-52.818260192871094,0.9109186447879549,0.014737694774511874,0.015343619706346522,0.012521979371089086,0.017769248581417485,0.00586184648180217,0.011074602985791005,0.004515360344432643
huawei-nova2+p01_2_4+10cm,huawei-nova2,p01,10cm,16000,1.079,INSUFFICIENT_DATA,0.0,0.099724681694426,7000.0,34.43525695800781,-56.428611755371094,0.3429078234833245,0.02115758460427858,0.006617676051778267,0.05198611093422021,0.25135287849359395,0.006243880277035143,0.0376983958481969,0.03603474471397926
huawei-nova2+p01_2_4+150cm,huawei-nova2,p01,150cm,16000,1.11,INSUFFICIENT_DATA,0.0,0.08534142634307909,7000.0,8.755912780761719,-58.36693572998047,0.5801662137494599,0.046988054813016183,0.033475865862599596,0.06078036397002455,0.13419846668730248,0.026216380673302907,0.028431850786118224,0.009617484592095516
huawei-nova2+p01_2_4+200cm,huawei-nova2,p01,200cm,16000,1.079,INSUFFICIENT_DATA,0.0,0.19619145330004015,7000.0,10.258834838867188,-59.04026412963867,0.7448239699873227,0.046383356127683316,0.031244712882114604,0.05329275532457848,0.06510002870357538,0.019643450291735542,0.017490408888931063,0.005655552099657553
huawei-nova2+p01_2_4+300cm,huawei-nova2,p01,300cm,16000,1.079,INSUFFICIENT_DATA,0.0,0.5392517163778042,7000.0,8.218589782714844,-58.10976028442383,0.9307964184807465,0.035507424753841464,0.013445665579394545,0.006266956711527276,0.005445017977773798,0.0037519194316531085,0.002925443547853681,0.0007854127722511443
huawei-nova2+p01_2_4+30cm,huawei-nova2,p01,30cm,16000,0.949,INSUFFICIENT_DATA,0.0,0.05353377585191506,7000.0,25.791839599609375,-54.615455627441406,0.6312554001553805,0.016087893797924947,0.00970388572029203,0.03796968324382337,0.14064667826026628,0.00928007862906256,0.02701455079674401,0.01657526340610373
huawei-nova2+p01_2_4+60cm,huawei-nova2,p01,60cm,16000,1.11,INSUFFICIENT_DATA,0.0,0.038754478927043465,7000.0,23.503074645996094,-50.308685302734375,0.9080510980756114,0.018989891772281553,0.0089187214455724,0.010571091433081312,0.0222899861236481,0.0044116355892501935,0.008327661524847494,0.0041348270576250104
huawei-nova2+p01_2_5+100cm,huawei-nova2,p01,100cm,16000,1.016,INSUFFICIENT_DATA,0.0,0.03836008677462971,7000.0,14.730056762695312,-50.629737854003906,0.9044929056378356,0.04376316099907008,0.0074537148087706825,0.007947469387349946,0.013217467022726255,0.005186612922663954,0.008325072305893638,0.0035882810357708086
huawei-nova2+p01_2_5+10cm,huawei-nova2,p01,10cm,16000,1.016,INSUFFICIENT_DATA,0.0,0.0687707564459415,7000.0,31.99529266357422,-55.37918472290039,0.46101482778977393,0.05300277858466939,0.009950749121981796,0.04552624612204701,0.1819044393707204,0.01104449766006498,0.03521488943235035,0.027628244147883577
huawei-nova2+p01_2_5+150cm,huawei-nova2,p01,150cm,16000,1.079,INSUFFICIENT_DATA,0.0,0.10106788945591859,7000.0,8.648529052734375,-58.232337951660156,0.5812272737329253,0.06100883482710742,0.029397781283844637,0.0632755430494701,0.13478253068537266,0.02394687850087742,0.025950295658848755,0.009966614956580324
huawei-nova2+p01_2_5+200cm,huawei-nova2,p01,200cm,16000,1.079,INSUFFICIENT_DATA,0.0,0.1562115047866686,4109.375,12.828018188476562,-59.15716552734375,0.7125783663611158,0.0656772678143522,0.02910609927803227,0.052754636375075714,0.07734819517943416,0.01759657001276362,0.015295574226911579,0.005116378940000459
huawei-nova2+p01_2_5+300cm,huawei-nova2,p01,300cm,16000,1.016,INSUFFICIENT_DATA,0.0,0.47161682106191527,4468.75,11.223609924316406,-58.04399108886719,0.9044730832480296,0.0459614609408323,0.015858078875056286,0.010542394392439102,0.009780625785503354,0.005597514098632403,0.004273421730594662,0.0010408071674126947
huawei-nova2+p01_2_5+30cm,huawei-nova2,p01,30cm,16000,1.016,INSUFFICIENT_DATA,0.0,0.06414968474629086,7000.0,23.27831268310547,-53.58075714111328,0.6897352701334943,0.03934421336098514,0.010478770623168182,0.029441137668559436,0.10356768616351289,0.009776926530897739,0.023045121579253598,0.012382317969087394
huawei-nova2+p01_2_5+60cm,huawei-nova2,p01,60cm,16000,1.016,INSUFFICIENT_DATA,0.0,0.030767999203899186,7000.0,20.365211486816406,-49.209129333496094,0.9031352326057273,0.03739622243713398,0.0074902061371999685,0.009547286682281995,0.0172119352544325,0.00370127832251515,0.006875808284919086,0.0034728521465373706
huawei-nova2+p01_3_1+100cm,huawei-nova2,p01,100cm,16000,1.157,INSUFFICIENT_DATA,0.0,0.04011457817350583,7000.0,14.54571533203125,-51.247257232666016,0.9236021393818238,0.020822346624325458,0.007387039402192815,0.011273505881817298,0.014422579665996249,0.00495227525686112,0.008301413064338412,0.0037893176537271123
huawei-nova2+p01_3_1+150cm,huawei-nova2,p01,150cm,16000,1.157,INSUFFICIENT_DATA,0.0,0.1257912752484662,6757.8125,11.41058349609375,-58.1614875793457,0.5995136616830438,0.041632901734642035,0.025779809935932218,0.06551841899293025,0.13444690697930567,0.022052153474470027,0.023800770032959252,0.009184924324059176
huawei-nova2+p01_3_1+200cm,huawei-nova2,p01,200cm,16000,1.063,INSUFFICIENT_DATA,0.0,0.15594408635181972,4093.75,10.382080078125,-59.033897399902344,0.7529846213094956,0.04648431148706256,0.026322041304771504,0.051878770068175054,0.06515384053158689,0.017784928515262335,0.01713992567153457,0.005094918251294278
huawei-nova2+p01_3_1+300cm,huawei-nova2,p01,300cm,16000,1.157,INSUFFICIENT_DATA,0.0,0.6648278253567866,4273.4375,8.139717102050781,-55.787147521972656,0.9537516746181017,0.02183218318271286,0.00925807000288122,0.004927398171922055,0.004238688811987657,0.002672566434156012,0.0020472104432306326,0.0005523119250568999
huawei-nova2+p01_3_1+30cm,huawei-nova2,p01,30cm,16000,1.11,INSUFFICIENT_DATA,0.0,0.07616244210024493,7000.0,26.200149536132812,-53.1727409362793,0.7218302974563705,0.018404428467407828,0.006623957951927722,0.02716876204680301,0.1046523295832464,0.005863030442887394,0.017413809698736474,0.012120764597396933
huawei-nova2+p01_3_1+60cm,huawei-nova2,p01,60cm,16000,1.063,INSUFFICIENT_DATA,0.0,0.03914843665478248,7000.0,19.900245666503906,-49.95886993408203,0.909357944512012,0.02549464005474437,0.006081173378698919,0.009978105146642604,0.02121991667091081,0.004071338267448407,0.007346061515638694,0.0038750457751556703
huawei-nova2+p01_3_2+150cm,huawei-nova2,p01,150cm,16000,1.173,INSUFFICIENT_DATA,0.0,0.12622236182937438,4531.25,12.200057983398438,-57.76881790161133,0.6120399813294449,0.06034026355692192,0.02833441104418097,0.05456436712247424,0.1130116225302774,0.028344250157494713,0.03066566845197873,0.011198188237953838
huawei-nova2+p01_3_2+200cm,huawei-nova2,p01,200cm,16000,1.173,INSUFFICIENT_DATA,0.0,0.17473199251665378,4109.375,10.899749755859375,-57.988075256347656,0.7850990829206418,0.05833063747425759,0.024467795947134465,0.03428662112723907,0.041089841759442566,0.020969211714936115,0.019239048751261055,0.005690993855355995
huawei-nova2+p01_3_2+300cm,huawei-nova2,p01,300cm,16000,0.954,INSUFFICIENT_DATA,0.0,0.5041359415119341,4523.4375,8.791267395019531,-57.435970306396484,0.9203341666510293,0.03532829902639161,0.0162634783289348,0.00876429136603323,0.008366341892768985,0.004878811922203815,0.003536489299220974,0.0008279874815420665
huawei-nova2+p01_3_3+100cm,huawei-nova2,p01,100cm,16000,0.97,INSUFFICIENT_DATA,0.0,0.05315203863582046,7000.0,23.153717041015625,-52.574405670166016,0.9193439598784543,0.02077409441014218,0.009897721179751282,0.009771626951038533,0.015006337988583016,0.004269644035906666,0.009018945559700155,0.0050811507568534016
huawei-nova2+p01_3_3+150cm,huawei-nova2,p01,150cm,16000,0.97,INSUFFICIENT_DATA,0.0,0.13760630482866879,4125.0,12.660888671875,-57.89606475830078,0.6095181453851526,0.039104828974649716,0.023161426607541467,0.05944725372445099,0.14568121068354434,0.012881377099331825,0.014694577972522957,0.0058316892450441474
huawei-nova2+p01_3_3+30cm,huawei-nova2,p01,30cm,16000,0.798,INSUFFICIENT_DATA,0.0,0.06269578204709365,7000.0,27.39824676513672,-54.208377838134766,0.6644562108697977,0.035796492012035566,0.010144858070838765,0.03020948415639281,0.11796986779078146,0.007073353238192485,0.023095694806673714,0.01455517448275784
huawei-nova2+p01_3_3+60cm,huawei-nova2,p01,60cm,16000,0.858,INSUFFICIENT_DATA,0.0,0.07618457825212994,7000.0,27.06884765625,-51.728050231933594,0.8944288730260066,0.018207644487138522,0.006627038628153001,0.012036402949102552,0.028197141787210445,0.004484178806642562,0.008477521180853004,0.006537795525725273
huawei-nova2+p01_3_4+10cm,huawei-nova2,p01,10cm,16000,0.704,INSUFFICIENT_DATA,0.0,0.07704870690046879,7000.0,38.546722412109375,-56.311729431152344,0.34322619065665777,0.022857579231789906,0.0066601035546146525,0.05080219299796444,0.24592145174656235,0.0065768621616643635,0.027508513833069265,0.043913688210016955
huawei-nova2+p01_3_5+10cm,huawei-nova2,p01,10cm,16000,1.298,INSUFFICIENT_DATA,0.0,0.05782721270943202,7000.0,32.681175231933594,-56.25310516357422,0.37466341492074556,0.04289971152730173,0.008317900646986606,0.050220640158119986,0.22521059140409372,0.00891811683298512,0.041232093849950295,0.03179885815827109
huawei-nova2+p01_3_5+200cm,huawei-nova2,p01,200cm,16000,1.11,INSUFFICIENT_DATA,0.0,0.20946045328559504,4109.375,16.33831787109375,-59.127357482910156,0.7517037841379071,0.05194830334997848,0.028858300708566813,0.04601852948546777,0.06458902935189448,0.01713558507052297,0.014712304535264346,0.005031383328782685
huawei-nova2+p01_3_5+30cm,huawei-nova2,p01,30cm,16000,1.298,INSUFFICIENT_DATA,0.0,0.041262771807271156,7000.0,25.617919921875,-53.5039176940918,0.7083030608768235,0.025843431049454,0.009165319057413066,0.029288390979677902,0.10437664593742085,0.0072909767237422304,0.01903547333838963,0.011062612300162438
huawei-nova2+p01_3_5+60cm,huawei-nova2,p01,60cm,16000,1.298,INSUFFICIENT_DATA,0.0,0.022548112420649802,7000.0,24.773406982421875,-50.38243865966797,0.8962454146615539,0.03248758406940997,0.006639172704047403,0.010230035655470497,0.022793364074016043,0.0040519066805290065,0.0073041560127313524,0.004997101964836485
huawei-nova2+p01_4_1+100cm,huawei-nova2,p01,100cm,16000,1.157,INSUFFICIENT_DATA,0.0,0.07256325099772211,7000.0,16.531463623046875,-53.57966995239258,0.8564182321787196,0.06170316202117367,0.015141654587476988,0.013225185959189614,0.017998379876663202,0.007242598591480908,0.01394962365576847,0.007182535508367492
huawei-nova2+p01_4_1+10cm,huawei-nova2,p01,10cm,16000,1.157,INSUFFICIENT_DATA,0.0,0.08912275829181253,7000.0,38.16572570800781,-56.67997360229492,0.3109581819833185,0.033813550776714,0.00827587129380947,0.05075487648876521,0.2513931441938426,0.007697630191903819,0.02873923576014608,0.04826079165990931
huawei-nova2+p01_4_1+150cm,huawei-nova2,p01,150cm,16000,1.157,INSUFFICIENT_DATA,0.0,0.07326831389776514,6437.5,9.044715881347656,-58.35694122314453,0.5384990409435998,0.052653935458969035,0.03439070326013421,0.06420305356681925,0.16146516673686323,0.01956949521206255,0.02197727917195884,0.007637026228004406
huawei-nova2+p01_4_1+200cm,huawei-nova2,p01,200cm,16000,1.157,INSUFFICIENT_DATA,0.0,0.16553578257243365,4101.5625,11.690223693847656,-58.831016540527344,0.7604102411152199,0.04835516501292601,0.03916487590663494,0.04353176157513148,0.05885697471448333,0.01509804037364969,0.012633942286745789,0.003976273041001272
huawei-nova2+p01_4_1+300cm,huawei-nova2,p01,300cm,16000,1.157,INSUFFICIENT_DATA,0.0,0.5658033206259611,4117.1875,7.407142639160156,-57.005943298339844,0.93910893355185,0.030564501315770827,0.011697475329241805,0.005791569384742686,0.005191683727435598,0.00331494923293474,0.002790391341840481,0.0006838519039706438
huawei-nova2+p01_4_1+30cm,huawei-nova2,p01,30cm,16000,1.157,INSUFFICIENT_DATA,0.0,0.1005279836194111,7000.0,25.680503845214844,-54.81949234008789,0.5749853189221638,0.032559190668996034,0.010793822464738303,0.037784443783177156,0.1613539958188187,0.009730391762652967,0.02337300195674616,0.014343663454266175
huawei-nova2+p01_4_1+60cm,huawei-nova2,p01,60cm,16000,1.157,INSUFFICIENT_DATA,0.0,0.04297106338118281,7000.0,25.384071350097656,-51.39733123779297,0.8526284534576877,0.04005656194295234,0.01971130833745731,0.013292696960369764,0.030202168785669326,0.005123204440511304,0.010246919946525202,0.0067440432765283114
huawei-nova2+p01_4_2+10cm,huawei-nova2,p01,10cm,16000,1.22,INSUFFICIENT_DATA,0.0,0.2137053544244443,7000.0,35.49126434326172,-55.92427062988281,0.4437576253337299,0.01903294966763288,0.006740354862238191,0.04443475630765351,0.208409321200623,0.005687249919174884,0.024708125980223667,0.03559299615668563
huawei-nova2+p01_4_2+200cm,huawei-nova2,p01,200cm,16000,1.141,INSUFFICIENT_DATA,0.0,0.16247773688430364,4093.75,9.744338989257812,-58.65154266357422,0.7792248146015247,0.0438539679262305,0.03823564244825297,0.044372123728271866,0.05149581260007559,0.012834081466583887,0.012666079086942377,0.003690537192324591
huawei-nova2+p01_4_2+30cm,huawei-nova2,p01,30cm,16000,1.095,INSUFFICIENT_DATA,0.0,0.08447979016395202,7000.0,25.400436401367188,-54.81618881225586,0.5992702555986598,0.02907321920831554,0.02057282852330177,0.03646573222939436,0.1480383498599884,0.00954139346932068,0.021787146431684296,0.01357534326941858
huawei-nova2+p01_4_2+60cm,huawei-nova2,p01,60cm,16000,1.22,INSUFFICIENT_DATA,0.0,0.051638001679741974,7000.0,26.086273193359375,-52.235107421875,0.8596307836382505,0.02512427135503589,0.020721602315608385,0.013074324340705478,0.03229157283329187,0.005142920661034298,0.010827739856542406,0.00780816645100729
huawei-nova2+p01_4_3+100cm,huawei-nova2,p01,100cm,16000,0.688,INSUFFICIENT_DATA,0.0,0.03401699456286192,7000.0,19.982757568359375,-52.053951263427734,0.9128935953470534,0.028059844467834653,0.010610377621244324,0.009713164523276103,0.014296306585990334,0.005315847027857764,0.00840520424284725,0.004892032468311081
huawei-nova2+p01_4_4+10cm,huawei-nova2,p01,10cm,16000,1.079,INSUFFICIENT_DATA,0.0,0.12998862341022382,7000.0,35.10730743408203,-56.39689636230469,0.36253740465816464,0.03624265704929352,0.008397238515736528,0.04762729554034232,0.2333167937694817,0.006555552158822394,0.03405511543173954,0.03705701497744152
huawei-nova2+p01_4_4+150cm,huawei-nova2,p01,150cm,16000,1.016,INSUFFICIENT_DATA,0.0,0.1256247957221303,4109.375,12.29510498046875,-57.85273742675781,0.6169303596897165,0.06281052201306948,0.03100887743863176,0.055049830753936234,0.11016152686126174,0.025626830143443073,0.027658032890944886,0.010572816604774063
huawei-nova2+p01_4_4+200cm,huawei-nova2,p01,200cm,16000,1.016,INSUFFICIENT_DATA,0.0,0.21253284645678922,4101.5625,14.360626220703125,-58.345703125,0.7931022768351308,0.048102131703269685,0.023468744697234107,0.036699658397617206,0.050347076790427,0.016094127269523945,0.012524201207702937,0.0037788561933464276
huawei-nova2+p01_4_4+300cm,huawei-nova2,p01,300cm,16000,1.016,INSUFFICIENT_DATA,0.0,0.49897698323329487,4234.375,11.179153442382812,-57.952877044677734,0.9232282927992475,0.036575440354552395,0.014037226611083965,0.008509140598821642,0.007185340871000392,0.004592602251414826,0.003575245955094161,0.000801547214921608
huawei-nova2+p01_4_4+30cm,huawei-nova2,p01,30cm,16000,1.016,INSUFFICIENT_DATA,0.0,0.2748247129677205,7000.0,24.363853454589844,-53.251766204833984,0.7287009568601824,0.0287872317811559,0.007568689059321217,0.02492320002272329,0.09371470091282035,0.00842264662136165,0.021044632666323376,0.010897957345060808
huawei-nova2+p01_4_4+60cm,huawei-nova2,p01,60cm,16000,1.016,INSUFFICIENT_DATA,0.0,0.03928053229012621,7000.0,22.920013427734375,-50.08479690551758,0.897277362387753,0.03409190279963757,0.006991461602261575,0.010587399217727273,0.02090245422378075,0.003987779772707167,0.0077154977664987,0.004588715580077834
huawei-nova2+p01_4_5+100cm,huawei-nova2,p01,100cm,16000,0.955,INSUFFICIENT_DATA,0.0,0.03689951470009552,7000.0,25.532989501953125,-53.60649108886719,0.8992009514466186,0.029147737170807007,0.012054369182994839,0.011865789689441401,0.015296347657930498,0.006121339327569093,0.01041235437426115,0.0074057638728709544
huawei-nova2+p01_4_5+10cm,huawei-nova2,p01,10cm,16000,0.917,INSUFFICIENT_DATA,0.0,0.08133439954627832,7000.0,36.159339904785156,-56.379642486572266,0.39380604640050054,0.02326628788627818,0.007039146601044344,0.04940201380027036,0.2249861070930325,0.008314948542686836,0.030298755833536264,0.038292921701927524
huawei-nova2+p01_4_5+30cm,huawei-nova2,p01,30cm,16000,0.917,INSUFFICIENT_DATA,0.0,0.11251657601344686,7000.0,26.642189025878906,-54.799964904785156,0.622582932805667,0.021448160757918108,0.012731449509960337,0.0356501975336459,0.1429642304083323,0.009636735884165137,0.023093885261988065,0.013081835613000033
huawei-nova2+p01_4_5+60cm,huawei-nova2,p01,60cm,16000,0.917,INSUFFICIENT_DATA,0.0,0.05615263430089054,7000.0,27.331680297851562,-51.30817794799805,0.8731409409964541,0.027061175278523447,0.021513243681311866,0.012434164422856595,0.025140455846023108,0.005515627630714439,0.011738868775450217,0.00661446811866427
huawei-nova2+p01_5_1+100cm,huawei-nova2,p01,100cm,16000,1.611,INSUFFICIENT_DATA,0.0,0.032337446704181524,7000.0,14.994873046875,-50.655242919921875,0.910981186734907,0.02545400141262852,0.015901555141503057,0.010183093835705552,0.013808408262140765,0.005810560347025001,0.00945461037680931,0.003946260372947931
huawei-nova2+p01_5_1+10cm,huawei-nova2,p01,10cm,16000,1.611,INSUFFICIENT_DATA,0.0,0.09846801722390079,7000.0,29.42070770263672,-55.743896484375,0.4720974082486302,0.03243482924310465,0.010288661648914595,0.045934761925643296,0.18367439551821615,0.013693580253183811,0.04273869457872158,0.027638202784494786
huawei-nova2+p01_5_1+200cm,huawei-nova2,p01,200cm,16000,1.798,INSUFFICIENT_DATA,0.0,0.23564432781415823,4101.5625,9.966461181640625,-58.53187942504883,0.7808695151750907,0.044488671032402144,0.030860701728239234,0.038078303650481184,0.05406338619460115,0.01638442649863274,0.014418505992484926,0.004167587656795526
huawei-nova2+p01_5_1+300cm,huawei-nova2,p01,300cm,16000,1.611,INSUFFICIENT_DATA,0.0,0.4595151290187906,4570.3125,8.540130615234375,-57.93426513671875,0.9207705776798557,0.036729025673976776,0.015542253999940907,0.009122178117832556,0.007830373372229959,0.0041860730160162415,0.003419907745412287,0.0008369002142211491
huawei-nova2+p01_5_1+30cm,huawei-nova2,p01,30cm,16000,1.611,INSUFFICIENT_DATA,0.0,0.07627112455206356,7000.0,22.35260772705078,-53.73406982421875,0.671107458492858,0.035451415713857404,0.014226391901378857,0.03052624929502427,0.11245519883858063,0.01189830545147095,0.023810815114389015,0.012821318534571696
huawei-nova2+p01_5_1+60cm,huawei-nova2,p01,60cm,16000,1.579,INSUFFICIENT_DATA,0.0,0.04796613415008515,7000.0,22.58831787109375,-51.617225646972656,0.8801870337073782,0.020787844869630142,0.013106408715354888,0.013665076164737965,0.02923206999230241,0.0061549699335253895,0.011540276092698391,0.0061342818030143765
huawei-nova2+p01_5_2+200cm,huawei-nova2,p01,200cm,16000,1.282,INSUFFICIENT_DATA,0.0,0.21795790566060683,4101.5625,13.676406860351562,-58.013771057128906,0.7874483990533293,0.04939332828446339,0.02771125886524389,0.03519031867732719,0.0494569388972966,0.017185467704542642,0.016782779248159536,0.004363853623112295
huawei-nova2+p01_5_2+30cm,huawei-nova2,p01,30cm,16000,1.267,INSUFFICIENT_DATA,0.0,0.11456666145930988,7000.0,25.099441528320312,-52.07664489746094,0.7696726524631657,0.026605595667560114,0.008897820223937983,0.022828496330669645,0.07767312739997527,0.0071685165389563,0.015850932387830665,0.009597316547737244
huawei-nova2+p01_5_3+10cm,huawei-nova2,p01,10cm,16000,1.814,INSUFFICIENT_DATA,0.0,0.06436208765806967,7000.0,30.572975158691406,-56.01222229003906,0.4184102395529616,0.035277797074562404,0.011050397963557945,0.048595770006982064,0.20519943933317839,0.01180685076549497,0.045211018422526505,0.030023147518177327
huawei-nova2+p01_5_3+150cm,huawei-nova2,p01,150cm,16000,1.517,INSUFFICIENT_DATA,0.0,0.16654266230861098,4570.3125,9.175445556640625,-56.228858947753906,0.6766852686233183,0.05839006150782494,0.03072822473314601,0.04396011490045075,0.0846093823860613,0.0232866338078963,0.025163829821760898,0.009938118665204691
huawei-nova2+p01_5_3+200cm,huawei-nova2,p01,200cm,16000,1.517,INSUFFICIENT_DATA,0.0,0.14845874066508385,4109.375,8.856185913085938,-58.43196105957031,0.7632325650772097,0.05846694819720967,0.035576043094978756,0.03480068695495595,0.047798574376639216,0.021685006136843477,0.019905311605494004,0.006995244797323542
huawei-nova2+p01_5_3+300cm,huawei-nova2,p01,300cm,16000,1.814,INSUFFICIENT_DATA,0.0,0.5100617572512065,4546.875,8.495231628417969,-58.060665130615234,0.9220519267479081,0.03705877005682257,0.015438804845855296,0.008338260006414177,0.007044152634039558,0.004312391641488707,0.003571765703511221,0.0009605557667342915
huawei-nova2+p01_5_4+100cm,huawei-nova2,p01,100cm,16000,1.225,INSUFFICIENT_DATA,0.0,0.05802186795637817,7000.0,21.97081756591797,-53.075042724609375,0.8977664217295124,0.027353995242895075,0.015153129295734855,0.012503718208945365,0.015874007173959023,0.006748221940844565,0.012982751510992483,0.005494689068035648
huawei-nova2+p01_5_4+10cm,huawei-nova2,p01,10cm,16000,1.37,INSUFFICIENT_DATA,0.0,0.060077960413704196,7000.0,35.39668273925781,-57.08217239379883,0.26575066190100854,0.022863016935204223,0.007657246280698437,0.05617038928156499,0.277648907059894,0.006585948960485654,0.03572389808585927,0.04759168450716321
huawei-nova2+p01_5_4+30cm,huawei-nova2,p01,30cm,16000,1.37,INSUFFICIENT_DATA,0.0,0.09072041238769209,7000.0,24.08667755126953,-55.83266830444336,0.5375943320309563,0.02019821288090749,0.010017183136092187,0.0408012837596751,0.18459785217226124,0.007864833794298325,0.027518028765696083,0.015491797863581184
huawei-nova2+p01_6_1+100cm,huawei-nova2,p01,100cm,16000,1.407,INSUFFICIENT_DATA,0.0,0.026544270746968118,7000.0,17.762832641601562,-51.802734375,0.9009198407518185,0.03223578427273603,0.019858104700595347,0.009879068494777588,0.012913990105496806,0.005521286165916956,0.009519255359998766,0.004246415865349675
huawei-nova2+p01_6_1+150cm,huawei-nova2,p01,150cm,16000,1.235,INSUFFICIENT_DATA,0.0,0.13031780575439827,7000.0,11.8699951171875,-57.988548278808594,0.5671434087223224,0.04782254287954361,0.02874606668654906,0.06312870828085067,0.1500705880488687,0.019597299544476546,0.022811534076065416,0.008526211513792039
huawei-nova2+p01_6_1+200cm,huawei-nova2,p01,200cm,16000,1.235,INSUFFICIENT_DATA,0.0,0.2306517080405434,4117.1875,12.009605407714844,-59.29096603393555,0.7796413661004583,0.05057354095867297,0.029475960920249844,0.0437865938935363,0.054741112029710486,0.013527543203525385,0.011545502975299519,0.0035343345468410053
huawei-nova2+p01_6_1+30cm,huawei-nova2,p01,30cm,16000,1.235,INSUFFICIENT_DATA,0.0,0.060080164797335966,7000.0,24.299560546875,-54.49878692626953,0.654544764878418,0.028831424226242238,0.014373360360351426,0.031052171125016688,0.12520289595928852,0.008282458158792326,0.02282582762797299,0.011985327543908561
huawei-nova2+p01_6_2+10cm,huawei-nova2,p01,10cm,16000,1.704,INSUFFICIENT_DATA,0.0,0.04591941836295603,7000.0,32.277305603027344,-56.38240051269531,0.3490123150970869,0.021812655644118942,0.007735574137243526,0.05439658542921007,0.24586924011240463,0.008580527405533212,0.03687541936404919,0.038814995758663554
huawei-nova2+p01_6_2+300cm,huawei-nova2,p01,300cm,16000,1.36,INSUFFICIENT_DATA,0.0,0.44954624454077824,7000.0,8.484230041503906,-58.296302795410156,0.9220943159441007,0.03535575344858603,0.015782448259734363,0.009153925727758007,0.007510800381604329,0.00424063437678186,0.003771477231079241,0.0008983949183128723
huawei-nova2+p01_6_2+60cm,huawei-nova2,p01,60cm,16000,1.251,INSUFFICIENT_DATA,0.0,0.03033034516266254,7000.0,22.29888916015625,-50.00114059448242,0.9082321990869963,0.019010232824923295,0.009472293497150995,0.010572126990954148,0.022543235178959394,0.003923073335480764,0.007708576888184496,0.004266472221043326
huawei-nova2+p01_6_3+100cm,huawei-nova2,p01,100cm,16000,1.548,INSUFFICIENT_DATA,0.0,0.02220428430220297,7000.0,15.412651062011719,-50.88829040527344,0.9046830352007326,0.03318499257931619,0.017074835496894713,0.009975811396187384,0.013725622269480174,0.005124183253146454,0.00799876764339462,0.003963206034356376
huawei-nova2+p01_6_3+150cm,huawei-nova2,p01,150cm,16000,1.548,INSUFFICIENT_DATA,0.0,0.12382466526056317,4125.0,12.255996704101562,-57.683658599853516,0.6356915245375084,0.04320422538292183,0.029634094205338024,0.054625459391637154,0.1193295072726164,0.018119784609245456,0.02411420785191938,0.007989835827971723
huawei-nova2+p01_6_3+200cm,huawei-nova2,p01,200cm,16000,1.442,INSUFFICIENT_DATA,0.0,0.2038048988705356,4117.1875,9.968040466308594,-58.47605895996094,0.7721812327451256,0.04503738577190734,0.040111050278571383,0.041402851925183,0.05605617670240097,0.014499884580067296,0.012488281638142005,0.004078454747051358
huawei-nova2+p01_6_3+300cm,huawei-nova2,p01,300cm,16000,1.548,INSUFFICIENT_DATA,0.0,0.4798983289431733,4242.1875,8.341476440429688,-57.63702392578125,0.9277856966786862,0.034288791417834294,0.013799243481769386,0.00820127123858605,0.006774881351205405,0.0040025410769375675,0.003359590557531333,0.000845976191902028
huawei-nova2+p01_6_3+30cm,huawei-nova2,p01,30cm,16000,1.626,INSUFFICIENT_DATA,0.0,0.0646490361845592,7000.0,22.878875732421875,-54.15263748168945,0.6476004451814822,0.02415398975811852,0.012813737933062244,0.035013701214173736,0.1326446644268553,0.008242596666500306,0.021763464230759103,0.01168806768907458
huawei-nova2+p01_6_3+60cm,huawei-nova2,p01,60cm,16000,1.442,INSUFFICIENT_DATA,0.0,0.037764282713072486,7000.0,21.818145751953125,-50.06803894042969,0.8819695192686033,0.02570035636702506,0.024249907888464338,0.011086984301110658,0.02277497248206147,0.0050507085068540935,0.010299841453567684,0.004960730119973818
huawei-nova2+p01_6_4+100cm,huawei-nova2,p01,100cm,16000,1.225,INSUFFICIENT_DATA,0.0,0.027733257703793174,7000.0,16.122283935546875,-52.44320297241211,0.9043106391670396,0.026001150125940016,0.013641725118026944,0.01161558939522322,0.015295004761285749,0.007164416873033079,0.012280863636816143,0.004600537719741996
huawei-nova2+p01_6_4+10cm,huawei-nova2,p01,10cm,16000,1.267,INSUFFICIENT_DATA,0.0,0.08604963474343856,7000.0,34.522605895996094,-56.557350158691406,0.3155933780202918,0.020512989369198164,0.007587516889722419,0.05417855476303961,0.2648149906742357,0.007592252256347017,0.03587399168892344,0.03874593787244854
huawei-nova2+p01_6_4+150cm,huawei-nova2,p01,150cm,16000,1.37,INSUFFICIENT_DATA,0.0,0.09929028691315167,4125.0,13.171112060546875,-58.36471939086914,0.5402817933139958,0.042515878773586445,0.02800722657558411,0.0713255633151332,0.1675699265147315,0.019041392709878518,0.02120491699385871,0.007272856409871777
huawei-nova2+p01_6_4+200cm,huawei-nova2,p01,200cm,16000,1.225,INSUFFICIENT_DATA,0.0,0.19390311518142497,4648.4375,10.32550048828125,-58.602882385253906,0.7643583953030625,0.04421230370871922,0.024631679853746872,0.04596091804064773,0.06883659025793928,0.014221849134942293,0.013193244531795087,0.004070516519611236
huawei-nova2+p01_6_4+300cm,huawei-nova2,p01,300cm,16000,1.267,INSUFFICIENT_DATA,0.0,0.4981379520186425,4117.1875,9.610816955566406,-58.04844284057617,0.9226224976954753,0.036997026780558,0.016152266716928293,0.008213395664980649,0.006325335240810702,0.004423429151465699,0.0035202858967070803,0.0008775275753345566
huawei-nova2+p01_6_4+60cm,huawei-nova2,p01,60cm,16000,1.267,INSUFFICIENT_DATA,0.0,0.04178180321115931,7000.0,21.404983520507812,-50.86006546020508,0.9000571834740884,0.02284953415410327,0.007239777696949378,0.01208861829221581,0.02414400821964645,0.0047035683542776905,0.009504725757083863,0.005041064358000369
huawei-nova2+p02_1_1+10cm,huawei-nova2,p02,10cm,16000,0.563,INSUFFICIENT_DATA,0.0,0.04418909751471486,7000.0,43.84687805175781,-57.09343719482422,0.22073402640692844,0.02150131262794245,0.006845860833209057,0.0570528095736726,0.29890946990662415,0.005068074672809507,0.01903763078794529,0.05697707593231457
huawei-nova2+p02_1_1+150cm,huawei-nova2,p02,150cm,16000,0.615,INSUFFICIENT_DATA,0.0,0.19510834873271013,7000.0,15.10089111328125,-56.744239807128906,0.6778424067666089,0.02253048130444145,0.014496639906191669,0.036268519335775455,0.12959994260296254,0.007616725550121304,0.006660223394074364,0.002890861668402052
huawei-nova2+p02_1_1+200cm,huawei-nova2,p02,200cm,16000,0.563,INSUFFICIENT_DATA,0.0,0.18686664879246095,4085.9375,13.966018676757812,-60.34292221069336,0.7803517599559049,0.05287731416013736,0.028483689238359644,0.03843687117183179,0.05700741446506698,0.011878851209926393,0.009198144576124589,0.0022002709944414344
huawei-nova2+p02_1_1+30cm,huawei-nova2,p02,30cm,16000,0.571,INSUFFICIENT_DATA,0.0,0.15413004537149436,7000.0,32.721160888671875,-57.673583984375,0.3376316957226796,0.015769925068289257,0.009352966953684308,0.05850054154506643,0.28912576826761555,0.004381336394882444,0.010993298095282971,0.012267020567600784
huawei-nova2+p02_1_1+60cm,huawei-nova2,p02,60cm,16000,0.615,INSUFFICIENT_DATA,0.0,0.27213142554040204,7000.0,38.558860778808594,-59.15470504760742,0.5880218352857337,0.026119984736448307,0.020215147920341195,0.02588184462966963,0.11513616394320471,0.005143108231853374,0.02056819348638801,0.04755297764584741
huawei-nova2+p02_1_2+10cm,huawei-nova2,p02,10cm,16000,0.747,INSUFFICIENT_DATA,0.0,0.07608279701648481,7000.0,39.87440490722656,-57.101966857910156,0.2394700623098067,0.020730570348859976,0.007471640685867267,0.05639818898964706,0.2867387262936893,0.00511858044456152,0.020914192491733454,0.05778156606853162
huawei-nova2+p02_1_2+30cm,huawei-nova2,p02,30cm,16000,0.747,INSUFFICIENT_DATA,0.0,0.0795067089727914,7000.0,30.36742401123047,-57.85274124145508,0.278475025275987,0.020074388441764894,0.011714796466177377,0.06298443538508348,0.3065862674436688,0.007854359340787697,0.021873828485789802,0.016430386894937594
huawei-nova2+p02_1_2+60cm,huawei-nova2,p02,60cm,16000,0.622,INSUFFICIENT_DATA,0.0,0.19203314129743326,7000.0,37.804412841796875,-58.80915069580078,0.5697902571357518,0.03431183782108624,0.018153075577003654,0.03317868153010145,0.12789795100530107,0.006531600808927728,0.025520775594116887,0.04153660893491848
huawei-nova2+p02_1_3+100cm,huawei-nova2,p02,100cm,16000,0.85,INSUFFICIENT_DATA,0.0,0.1145157673165507,7000.0,21.9642333984375,-55.79570770263672,0.853571436596095,0.045649342567991004,0.02001399740655654,0.014426950856299735,0.02166391078471259,0.00790331354022376,0.013532338037767058,0.008580053192560121
huawei-nova2+p02_1_3+150cm,huawei-nova2,p02,150cm,16000,0.978,INSUFFICIENT_DATA,0.0,0.05577231061333478,4125.0,13.696586608886719,-59.22250747680664,0.4436740962297724,0.04883227209059076,0.0351880123324692,0.08301838088989923,0.20373206605730965,0.023427650497877057,0.024153935475131342,0.008241967216603523
huawei-nova2+p02_1_3+300cm,huawei-nova2,p02,300cm,16000,0.978,INSUFFICIENT_DATA,0.0,0.34650464498295047,7000.0,9.250602722167969,-59.5572509765625,0.9065428988656472,0.04789734850863827,0.020157504809368766,0.007798291080592414,0.005855310833812113,0.0049815729551790765,0.004575885077255291,0.0010363402157432626
huawei-nova2+p02_1_3+60cm,huawei-nova2,p02,60cm,16000,0.847,INSUFFICIENT_DATA,0.0,0.07739256446088744,7000.0,29.801071166992188,-55.321739196777344,0.7920158854074881,0.028461553045439673,0.013204610942993841,0.019235928179801572,0.05496086622803559,0.006391724710285872,0.016753067966732583,0.01728622472544084
huawei-nova2+p02_1_4+100cm,huawei-nova2,p02,100cm,16000,1.073,INSUFFICIENT_DATA,0.0,0.05076735436796234,7000.0,16.366180419921875,-53.50859832763672,0.8707099390620945,0.03734889926804714,0.02038781726186102,0.01670290571670715,0.020897872772684588,0.008144497700873042,0.013468524130018951,0.005696117325628663
huawei-nova2+p02_1_4+200cm,huawei-nova2,p02,200cm,16000,1.047,INSUFFICIENT_DATA,0.0,0.13372965583071594,4398.4375,12.552864074707031,-58.66355514526367,0.761370809601082,0.055183004191709926,0.03393946341756361,0.043758419369214645,0.053459913332645506,0.018297985821355067,0.018021283635309596,0.004875550456622238
huawei-nova2+p02_1_4+300cm,huawei-nova2,p02,300cm,16000,1.073,INSUFFICIENT_DATA,0.0,0.2716894075948547,4265.625,12.278511047363281,-59.46235275268555,0.8883525354019678,0.050688980202425744,0.021476338093496024,0.013770797234930745,0.011999621642424536,0.005923951649480355,0.004794339633608435,0.0012435695910247482
huawei-nova2+p02_1_4+30cm,huawei-nova2,p02,30cm,16000,1.073,INSUFFICIENT_DATA,0.0,0.10011367017307345,7000.0,23.432281494140625,-55.37746810913086,0.5234966536325812,0.039844386677331076,0.014178450311520777,0.040756059447353714,0.1754530609805705,0.011450940807237207,0.03099690513969382,0.016637348423039742
huawei-nova2+p02_1_4+60cm,huawei-nova2,p02,60cm,16000,1.047,INSUFFICIENT_DATA,0.0,0.04738938273022705,7000.0,25.72223663330078,-51.1973991394043,0.8648621550824536,0.038929210183889014,0.016066119332418662,0.01396882188755554,0.02653789683814501,0.0061207699008220965,0.009826278661180571,0.00612355192569722
huawei-nova2+p02_1_5+200cm,huawei-nova2,p02,200cm,16000,0.969,INSUFFICIENT_DATA,0.0,0.29253489055412407,4085.9375,12.477287292480469,-58.41020965576172,0.7742423802172445,0.04638346858418249,0.03261983031026643,0.04241135904953294,0.06442729275835549,0.008963175376753764,0.007722820851223568,0.0021158961608532686
huawei-nova2+p02_1_5+300cm,huawei-nova2,p02,300cm,16000,1.004,INSUFFICIENT_DATA,0.0,0.17033306847563665,4117.1875,9.306144714355469,-60.93565368652344,0.8596457408475502,0.06520145606728912,0.03273934183589739,0.013759791062586617,0.01154827518625942,0.006992492939004798,0.006249932313464601,0.0016694258824743458
huawei-nova2+p02_1_5+60cm,huawei-nova2,p02,60cm,16000,1.004,INSUFFICIENT_DATA,0.0,0.08397398188803099,7000.0,29.346847534179688,-54.628292083740234,0.6859056299841967,0.05073182278785018,0.10424654301291363,0.021546954828613244,0.0539900658989659,0.006992437839969488,0.019446549421357658,0.01277578276890249
huawei-nova2+p02_2_1+100cm,huawei-nova2,p02,100cm,16000,1.099,INSUFFICIENT_DATA,0.0,0.0977602266700325,7000.0,20.35931396484375,-55.180023193359375,0.6202311030213966,0.2472969681648962,0.0330069408602189,0.01591646686363914,0.022910849970815175,0.01447414444580443,0.021636826451884174,0.009892894808116781
huawei-nova2+p02_2_1+200cm,huawei-nova2,p02,200cm,16000,0.883,INSUFFICIENT_DATA,0.0,0.18920945146315468,4101.5625,11.697341918945312,-59.496742248535156,0.7344629558878448,0.06370414596415795,0.03101778346539742,0.04872007575002942,0.06758031845656101,0.015437282813740086,0.012895283219173407,0.0042432290584638625
huawei-nova2+p02_2_1+300cm,huawei-nova2,p02,300cm,16000,0.883,INSUFFICIENT_DATA,0.0,0.36825186222090683,7000.0,9.167266845703125,-58.91159439086914,0.907438887581533,0.05009356734769126,0.019853673789697796,0.007538597776335605,0.00569351297065005,0.0039033195304804323,0.0037270569569130088,0.0009024595145821747
huawei-nova2+p02_2_1+30cm,huawei-nova2,p02,30cm,16000,0.883,INSUFFICIENT_DATA,0.0,0.12080437396348173,7000.0,27.317955017089844,-56.973960876464844,0.39730984224718985,0.03201632867198368,0.01122845509180252,0.05165571321251309,0.2359881246495024,0.01345828050259104,0.03393596450284024,0.019639280801205847
huawei-nova2+p02_2_1+60cm,huawei-nova2,p02,60cm,16000,0.883,INSUFFICIENT_DATA,0.0,0.09336942234657572,7000.0,25.06897735595703,-54.795310974121094,0.7237339879700503,0.09416667706507319,0.01848526851508322,0.021034860379858068,0.05639251159924689,0.009211987545807595,0.019838548126177042,0.013067439296183586
huawei-nova2+p02_2_2+100cm,huawei-nova2,p02,100cm,16000,1.307,INSUFFICIENT_DATA,0.0,0.07632627036427356,7000.0,16.855140686035156,-54.49714660644531,0.8330289248694934,0.050313752427652736,0.037539481085180154,0.014549999439636882,0.02150091175905955,0.008477730658498078,0.016906800149655368,0.007488169469658223
huawei-nova2+p02_2_2+10cm,huawei-nova2,p02,10cm,16000,1.385,INSUFFICIENT_DATA,0.0,0.11939759570090412,7000.0,37.58477020263672,-56.548980712890625,0.3080193830789928,0.020974135775645268,0.00659459566074648,0.05114845722214531,0.2590140207607055,0.0061172374768876875,0.028978585065043007,0.05009394216564304
huawei-nova2+p02_2_2+150cm,huawei-nova2,p02,150cm,16000,1.307,INSUFFICIENT_DATA,0.0,0.13554641324025576,6031.25,7.092506408691406,-58.33277893066406,0.5329373522025879,0.06461762935559318,0.0452312217130478,0.06137694992668475,0.14246398967232873,0.024579249141438924,0.029340026737189703,0.008757429049456037
huawei-nova2+p02_2_2+60cm,huawei-nova2,p02,60cm,16000,1.385,INSUFFICIENT_DATA,0.0,0.05371530640362701,7000.0,26.38457489013672,-52.74151611328125,0.8102737705285948,0.04005820972126203,0.03302068709114975,0.016032461165387372,0.040122461197080954,0.006590169826229695,0.014314563051275977,0.009119377763067238
huawei-nova2+p02_2_3+100cm,huawei-nova2,p02,100cm,16000,1.117,INSUFFICIENT_DATA,0.0,0.21790299841366664,7000.0,20.939895629882812,-56.77277374267578,0.8132367073475112,0.0427475524354451,0.0430367962601174,0.016871485671107852,0.02534809198756588,0.008779149325642109,0.02217180482107189,0.011962702588910702
huawei-nova2+p02_2_3+10cm,huawei-nova2,p02,10cm,16000,1.29,INSUFFICIENT_DATA,0.0,0.04666639694959245,7000.0,38.019569396972656,-56.976036071777344,0.2049879343192964,0.02166934401003917,0.007320439397677915,0.05886017551632698,0.3050933985172361,0.005308972729282737,0.023728680143580826,0.056860748643883935
huawei-nova2+p02_2_3+150cm,huawei-nova2,p02,150cm,16000,1.29,INSUFFICIENT_DATA,0.0,0.08776605095482008,4250.0,10.277702331542969,-58.72333526611328,0.5137778768483862,0.053934098518093894,0.03937552241232141,0.07075822905990015,0.16446139219763858,0.0219268650787089,0.02347487458863674,0.007728993526642851
huawei-nova2+p02_2_3+300cm,huawei-nova2,p02,300cm,16000,1.235,INSUFFICIENT_DATA,0.0,0.3034038946231778,7000.0,6.7330474853515625,-59.751808166503906,0.8912584196653034,0.05702184767259966,0.02178786375705787,0.009695730665006893,0.007450693051966376,0.005305281159100598,0.004785772621213045,0.0012917786562562973
huawei-nova2+p02_2_3+30cm,huawei-nova2,p02,30cm,16000,1.117,INSUFFICIENT_DATA,0.0,0.11492124935293821,7000.0,25.523117065429688,-56.78371047973633,0.3303026336744668,0.027561211086900295,0.012368967820399781,0.05715296426796391,0.2710938518227835,0.007916647637491754,0.03562157507543726,0.021341592923273502
huawei-nova2+p02_2_4+100cm,huawei-nova2,p02,100cm,16000,1.056,INSUFFICIENT_DATA,0.0,0.12925361142986633,7000.0,22.088409423828125,-54.171607971191406,0.8896657618293684,0.025368742437066143,0.014584691349445624,0.014689621241050712,0.01945428006741338,0.007136032172502116,0.013231786709949749,0.006325107374872052
huawei-nova2+p02_2_4+10cm,huawei-nova2,p02,10cm,16000,0.9,INSUFFICIENT_DATA,0.0,0.05691160433379008,7000.0,38.54535675048828,-56.87904739379883,0.263480261486224,0.019103903788199324,0.007514031720905723,0.05400146930032967,0.28025626079692545,0.004486022910628804,0.030043866889444236,0.05295801084632165
huawei-nova2+p02_2_4+200cm,huawei-nova2,p02,200cm,16000,1.056,INSUFFICIENT_DATA,0.0,0.22700573710941707,4093.75,12.744598388671875,-58.90113830566406,0.7506543369659079,0.046836091845075166,0.027159838487443324,0.05390575281409691,0.06859487871920392,0.015299038439459445,0.013534272871900151,0.004201896339953127
huawei-nova2+p02_2_4+300cm,huawei-nova2,p02,300cm,16000,1.021,INSUFFICIENT_DATA,0.0,0.2995005864745208,5398.4375,6.6721649169921875,-59.80217742919922,0.8901232660440309,0.05762169992123499,0.020386240993965885,0.010478641116154168,0.008737952507385923,0.005367458170701745,0.0047196952208712365,0.0012641140681989517
huawei-nova2+p02_2_4+30cm,huawei-nova2,p02,30cm,16000,1.056,INSUFFICIENT_DATA,0.0,0.131130149969902,7000.0,26.011947631835938,-55.846458435058594,0.4663409171866931,0.020203166519064397,0.01052020075037838,0.04971844733735482,0.2131623279897401,0.008884056382729887,0.030065426580836392,0.021926258770459627
huawei-nova2+p02_2_5+100cm,huawei-nova2,p02,100cm,16000,0.805,INSUFFICIENT_DATA,0.0,0.16060737884231108,7000.0,21.108787536621094,-55.161949157714844,0.8040283278070888,0.07110261230570733,0.027782801066472906,0.0182266397602041,0.02879820397593735,0.009900352681523642,0.01709233341729429,0.008684446687805025
huawei-nova2+p02_2_5+200cm,huawei-nova2,p02,200cm,16000,0.969,INSUFFICIENT_DATA,0.0,0.1427788903691512,4101.5625,7.655731201171875,-58.775638580322266,0.7375740677321246,0.06390513661738736,0.030722663096009836,0.04666654953554975,0.06309849631572134,0.01711692805455866,0.01610786680589125,0.005770941528815535
huawei-nova2+p02_2_5+300cm,huawei-nova2,p02,300cm,16000,0.805,INSUFFICIENT_DATA,0.0,0.33978283753327143,4109.375,9.591156005859375,-59.703792572021484,0.8962701711469765,0.05395631012195575,0.022090537507621,0.009131909029805785,0.006959713688267308,0.004665412716393862,0.0048954917412607326,0.0011202381517809127
huawei-nova2+p02_3_1+10cm,huawei-nova2,p02,10cm,16000,1.128,INSUFFICIENT_DATA,0.0,0.11387616448630149,7000.0,37.182640075683594,-55.66393280029297,0.37045178277834234,0.018594975627870134,0.005772543746859164,0.04694844296524282,0.23972406633832488,0.0045992717367115965,0.024632352541576447,0.0425174203456547
huawei-nova2+p02_3_1+150cm,huawei-nova2,p02,150cm,16000,1.128,INSUFFICIENT_DATA,0.0,0.19718327635530356,7000.0,7.245033264160156,-58.117671966552734,0.599996198141485,0.055852483559473476,0.027946859432373437,0.06685406738913463,0.12859380254515299,0.021564120030064957,0.02230005315148048,0.0073898708594543824
huawei-nova2+p02_3_1+200cm,huawei-nova2,p02,200cm,16000,1.29,INSUFFICIENT_DATA,0.0,0.2274597853432785,4085.9375,10.670654296875,-59.186180114746094,0.7759723086455418,0.05518200365073084,0.02554269246035786,0.04329431572482627,0.05558999676497018,0.012967140134310854,0.01255362007212154,0.003743568534160032
huawei-nova2+p02_3_1+300cm,huawei-nova2,p02,300cm,16000,1.128,INSUFFICIENT_DATA,0.0,0.26361759461533846,7000.0,8.111122131347656,-59.864051818847656,0.8941310456004647,0.05306117159488747,0.021318650034815208,0.010746173230097848,0.008143884450203793,0.005670036915759182,0.004623355767180769,0.0012346762126858046
huawei-nova2+p02_3_1+30cm,huawei-nova2,p02,30cm,16000,1.29,INSUFFICIENT_DATA,0.0,0.10991714650254387,7000.0,23.576271057128906,-55.22987747192383,0.6040626679500398,0.01981312031017427,0.009096171319485336,0.03566955923592237,0.15784491552281413,0.007498538086589328,0.020372323557288307,0.01241973147883368
huawei-nova2+p02_3_1+60cm,huawei-nova2,p02,60cm,16000,1.261,INSUFFICIENT_DATA,0.0,0.07167279301604826,7000.0,27.463836669921875,-53.738182067871094,0.848249187080201,0.025339859052966186,0.010352789172486306,0.014654810139946899,0.04126493464568458,0.005233962196118199,0.012678424555076086,0.009522493916645221
huawei-nova2+p02_3_2+100cm,huawei-nova2,p02,100cm,16000,1.238,INSUFFICIENT_DATA,0.0,0.036261329750489145,7000.0,18.237953186035156,-52.52814865112305,0.8949892998736583,0.040203405933082796,0.014067066560560967,0.009025987361747933,0.014406208523297144,0.005754627288592775,0.009562141344569564,0.004750502977228595
huawei-nova2+p02_3_2+150cm,huawei-nova2,p02,150cm,16000,1.212,INSUFFICIENT_DATA,0.0,0.06605419248116669,4125.0,9.596237182617188,-57.92885208129883,0.5889866116952075,0.07827948841467215,0.031845788672979145,0.05888358198792659,0.11278403278602353,0.028466165659027567,0.03227962449305734,0.010779888712686633
huawei-nova2+p02_3_2+300cm,huawei-nova2,p02,300cm,16000,1.212,INSUFFICIENT_DATA,0.0,0.3083439938097653,4125.0,9.970840454101562,-59.20439910888672,0.8937308087434566,0.0511491957976769,0.018993110936618374,0.012272613874813083,0.010399525621840702,0.005780206215195979,0.0045120419448049275,0.0012110462890965346
huawei-nova2+p02_3_2+60cm,huawei-nova2,p02,60cm,16000,1.212,INSUFFICIENT_DATA,0.0,0.02698179488181485,7000.0,24.00843048095703,-49.91896057128906,0.877269119750333,0.04022016666996644,0.012834065566543582,0.010634592205056177,0.02257038375027618,0.0047007643640244404,0.008233332069649945,0.005697918319308586
huawei-nova2+p02_3_3+10cm,huawei-nova2,p02,10cm,16000,0.603,INSUFFICIENT_DATA,0.0,0.07055168364760862,7000.0,41.283660888671875,-56.99993133544922,0.2556400339864338,0.022430264316999758,0.006879344094270017,0.05524281691189369,0.2872377625441207,0.005502912653601809,0.018008630471230816,0.05086687526255261
huawei-nova2+p02_3_3+150cm,huawei-nova2,p02,150cm,16000,0.737,INSUFFICIENT_DATA,0.0,0.06262059812660013,4117.1875,9.670730590820312,-58.85442352294922,0.49872691575461686,0.09797348079621476,0.04848034470899832,0.07460843595224449,0.13485798896501208,0.03326564439191493,0.03331601776134912,0.011448840669230017
huawei-nova2+p02_3_3+300cm,huawei-nova2,p02,300cm,16000,0.603,INSUFFICIENT_DATA,0.0,0.33638298902782876,7000.0,11.279502868652344,-59.35357666015625,0.9078431738929139,0.04742075104383416,0.019967563193271858,0.0076492358077725215,0.005721173573055128,0.0047145502682948955,0.004283420418807605,0.0011463406468195498
huawei-nova2+p02_3_4+100cm,huawei-nova2,p02,100cm,16000,0.615,INSUFFICIENT_DATA,0.0,0.17208692211391455,7000.0,30.139694213867188,-62.20777130126953,0.7454875336665974,0.05296573510562124,0.05186549956564901,0.016998086109484552,0.03279690786664494,0.009840291655364283,0.019119551638562285,0.01977612665957725
huawei-nova2+p02_3_4+10cm,huawei-nova2,p02,10cm,16000,0.563,INSUFFICIENT_DATA,0.0,0.07920168502290709,7000.0,43.26158142089844,-56.909122467041016,0.25439782754243934,0.021473976457624215,0.007545370445118858,0.05569616850514432,0.2858835333246304,0.004545036688930015,0.018345568047684425,0.05113091778484543
huawei-nova2+p02_3_4+200cm,huawei-nova2,p02,200cm,16000,0.563,INSUFFICIENT_DATA,0.0,0.1742286944502906,4085.9375,12.198028564453125,-59.678592681884766,0.749030752991411,0.07705167591984231,0.03410089747859627,0.038856926910278054,0.05081331686685328,0.018119714008967135,0.01332184255497805,0.00411692865466429
huawei-nova2+p02_3_4+30cm,huawei-nova2,p02,30cm,16000,0.571,INSUFFICIENT_DATA,0.0,0.07586819658142585,7000.0,32.200836181640625,-57.331424713134766,0.30221981908712847,0.018231692159994647,0.010985722515388789,0.05950761871086144,0.3063630813193027,0.0054794427782944325,0.01645572179508317,0.013640368098399675
huawei-nova2+p02_3_4+60cm,huawei-nova2,p02,60cm,16000,0.571,INSUFFICIENT_DATA,0.0,0.17499468021345324,7000.0,39.646095275878906,-57.60295104980469,0.5347982527125241,0.033054168854075555,0.024311383417392734,0.030102601360189513,0.12087664405576978,0.006775343785436582,0.03264753327203498,0.05782226944757141
huawei-nova2+p02_3_5+100cm,huawei-nova2,p02,100cm,16000,0.935,INSUFFICIENT_DATA,0.0,0.05064308017303286,7000.0,20.13775634765625,-52.17750549316406,0.8330690667543469,0.07304874374552514,0.03488803205571459,0.010149883569518802,0.014688205126206805,0.00650239300596426,0.011190244352250793,0.005120477192510593
huawei-nova2+p02_3_5+10cm,huawei-nova2,p02,10cm,16000,0.935,INSUFFICIENT_DATA,0.0,0.0711990783202998,7000.0,42.322601318359375,-57.21107864379883,0.2248176458188437,0.021430732290190598,0.007619532754115088,0.05610730857834913,0.28939221233341295,0.004889065796451647,0.021780784871329575,0.06235210801018808
huawei-nova2+p02_3_5+150cm,huawei-nova2,p02,150cm,16000,0.935,INSUFFICIENT_DATA,0.0,0.06776774122040143,6773.4375,10.011146545410156,-58.53901290893555,0.5161796916355909,0.10436953311268354,0.06092326675365516,0.0701245333579486,0.10746783804025517,0.037481802462553934,0.044249715917713935,0.016224573772140673
huawei-nova2+p02_3_5+300cm,huawei-nova2,p02,300cm,16000,0.935,INSUFFICIENT_DATA,0.0,0.2515915742067849,4523.4375,9.136482238769531,-60.16863250732422,0.8703955385711335,0.06699778365749938,0.026720983742279214,0.01120781734626039,0.009175638335419121,0.006505904389705671,0.0056418821412361955,0.0013477439936703936
huawei-nova2+p02_3_5+30cm,huawei-nova2,p02,30cm,16000,0.935,INSUFFICIENT_DATA,0.0,0.08247879339191787,7000.0,23.855972290039062,-54.30247497558594,0.5992212006425118,0.05836656170416018,0.022623645033564756,0.03361825536959659,0.13114799405791452,0.012288479991637158,0.023264274372917365,0.013793863799220946
huawei-nova2+p02_3_5+60cm,huawei-nova2,p02,60cm,16000,0.935,INSUFFICIENT_DATA,0.0,0.05569037293118574,7000.0,28.139793395996094,-51.79126739501953,0.8389776074935887,0.04943864320447173,0.02266028645447799,0.011984798624959749,0.02853146638242018,0.006024789938275393,0.01027847952376734,0.008049138280454974
huawei-nova2+p02_4_1+100cm,huawei-nova2,p02,100cm,16000,1.099,INSUFFICIENT_DATA,0.0,0.11492300611306534,7000.0,19.064247131347656,-53.813941955566406,0.6436826821656505,0.2440888500464169,0.030438320611282252,0.015049965216081913,0.01903888102973813,0.010816129706445955,0.0173527406540326,0.007888288348029578
huawei-nova2+p02_4_1+10cm,huawei-nova2,p02,10cm,16000,1.099,INSUFFICIENT_DATA,0.0,0.06536946202787591,7000.0,38.48963928222656,-56.996124267578125,0.23664142330081636,0.029314889142415788,0.007516111485671532,0.05594748414597375,0.28399980943720343,0.007800784110698813,0.0281504447303531,0.055565701468437666
huawei-nova2+p02_4_1+30cm,huawei-nova2,p02,30cm,16000,1.039,INSUFFICIENT_DATA,0.0,0.08840140134768851,7000.0,24.9833984375,-56.714454650878906,0.40081133227921867,0.05200882658686433,0.016411880366374625,0.049685831737724055,0.22826579677184788,0.013114926845183797,0.030118011905372943,0.018302207686562905
huawei-nova2+p02_4_1+60cm,huawei-nova2,p02,60cm,16000,0.883,INSUFFICIENT_DATA,0.0,0.08558498866742346,7000.0,29.345252990722656,-53.525543212890625,0.7535119081200726,0.10795486255749855,0.01707079499964765,0.015633739290439874,0.03536028798238022,0.009091765105349491,0.01623512741191083,0.014331289938650784
huawei-nova2+p02_4_2+10cm,huawei-nova2,p02,10cm,16000,1.229,INSUFFICIENT_DATA,0.0,0.07245212851802138,7000.0,37.74835205078125,-57.17150115966797,0.24490041042617766,0.023259302899701455,0.008816018062058019,0.05474581135471167,0.27600083528908403,0.0062117353066228065,0.03017440524105746,0.06078927675353572
huawei-nova2+p02_4_2+150cm,huawei-nova2,p02,150cm,16000,1.229,INSUFFICIENT_DATA,0.0,0.06598202528617425,7000.0,10.435028076171875,-58.5380859375,0.4494277083061935,0.05133648630746877,0.057894761209042835,0.06792467639381553,0.191915122598661,0.02043251633562117,0.021859881268629144,0.007367732434072966
huawei-nova2+p02_4_2+200cm,huawei-nova2,p02,200cm,16000,1.229,INSUFFICIENT_DATA,0.0,0.21480301653236875,4093.75,11.234016418457031,-59.22018051147461,0.7381696918799757,0.05546819155434292,0.06399084067001097,0.042336457545303796,0.05417079470707078,0.012260128603678219,0.012864057378871589,0.003527374057966009
huawei-nova2+p02_4_2+300cm,huawei-nova2,p02,300cm,16000,1.24,INSUFFICIENT_DATA,0.0,0.2958526157642647,4507.8125,8.681739807128906,-59.88620376586914,0.8781703003341929,0.06005341811329465,0.028858436614319628,0.010780319139285195,0.008551607632842859,0.005708823794467945,0.004954339880062907,0.0013358210052614543
huawei-nova2+p02_4_2+30cm,huawei-nova2,p02,30cm,16000,1.151,INSUFFICIENT_DATA,0.0,0.10576916982530658,7000.0,25.141937255859375,-57.076377868652344,0.37478874019893693,0.031505376416345016,0.047573539355514886,0.04931922817267018,0.23907717223992017,0.009256275506903427,0.03039790305069565,0.017432522244890447
huawei-nova2+p02_4_2+60cm,huawei-nova2,p02,60cm,16000,1.229,INSUFFICIENT_DATA,0.0,0.09786898809791958,7000.0,30.81695556640625,-55.59476852416992,0.7049077021380047,0.03217472256995753,0.04938697634928512,0.023386100769225118,0.07152970742286847,0.006619694018742176,0.022587177465303726,0.020494583660052655
huawei-nova2+p02_4_3+100cm,huawei-nova2,p02,100cm,16000,0.649,INSUFFICIENT_DATA,0.0,0.09682161800833772,7000.0,24.364151000976562,-57.363037109375,0.7988225008983535,0.07991168203008091,0.02639839765251399,0.01619868219140721,0.025227983342805585,0.009184773201530261,0.01574269767820788,0.007783059303043423
huawei-nova2+p02_4_3+150cm,huawei-nova2,p02,150cm,16000,0.622,INSUFFICIENT_DATA,0.0,0.09278159276099228,4117.1875,12.058235168457031,-59.27785873413086,0.5383822248012744,0.06095765735482158,0.03207057688019199,0.07519426633002795,0.15339732930003494,0.024666188585845832,0.023147972174174372,0.008225166292889538
huawei-nova2+p02_4_3+300cm,huawei-nova2,p02,300cm,16000,0.747,INSUFFICIENT_DATA,0.0,0.3735951137005102,7000.0,9.807357788085938,-59.375816345214844,0.9126413380162516,0.0444529023378323,0.01946142446743548,0.007411375348856932,0.00512870536041121,0.004292468252539428,0.004283281199354767,0.0010823944079859744
huawei-nova2+p02_4_3+60cm,huawei-nova2,p02,60cm,16000,0.649,INSUFFICIENT_DATA,0.0,0.12887187142756856,7000.0,32.259361267089844,-55.84288024902344,0.7196513847186767,0.06054829440923593,0.01772763069951242,0.02265076925890256,0.07224283478511419,0.00699992793358293,0.015259996636094172,0.01661913935440168
huawei-nova2+p02_4_4+100cm,huawei-nova2,p02,100cm,16000,0.969,INSUFFICIENT_DATA,0.0,0.09897703999144591,7000.0,19.409759521484375,-53.085662841796875,0.8983542474164299,0.037648707186814144,0.011722707042965427,0.00986114925992304,0.014998628578734094,0.005386068436707253,0.009731573840135255,0.004959495559975266
huawei-nova2+p02_4_4+10cm,huawei-nova2,p02,10cm,16000,0.805,INSUFFICIENT_DATA,0.0,0.08218835262132056,7000.0,39.420143127441406,-56.990570068359375,0.27764656271050675,0.01949312796148335,0.007352144064183055,0.053548718945484575,0.2748103778711564,0.0053495401768912714,0.020261485421208845,0.05304362225277292
huawei-nova2+p02_4_4+150cm,huawei-nova2,p02,150cm,16000,0.805,INSUFFICIENT_DATA,0.0,0.05548112700363077,7046.875,8.197601318359375,-58.8499755859375,0.546987351873319,0.10346708197926827,0.05255396969017305,0.0716050158905967,0.10128005137479508,0.03754475022389309,0.043439299218664955,0.014523889116754587
huawei-nova2+p02_4_4+200cm,huawei-nova2,p02,200cm,16000,0.805,INSUFFICIENT_DATA,0.0,0.1413898816560794,4093.75,11.490455627441406,-58.962547302246094,0.6878604703282917,0.07512136100239022,0.035491790900706414,0.05548529339871558,0.0765292081890936,0.020105275986155483,0.01752200726556873,0.005115810216351056
huawei-nova2+p02_4_4+300cm,huawei-nova2,p02,300cm,16000,1.0,INSUFFICIENT_DATA,0.0,0.24748032942800924,4226.5625,8.451042175292969,-57.79740905761719,0.9324505662511682,0.0347773269256166,0.013130070269898897,0.006057988988604448,0.005171565124734922,0.0035997208244126304,0.0030909273877860405,0.0007381550330119415
huawei-nova2+p02_4_4+60cm,huawei-nova2,p02,60cm,16000,0.969,INSUFFICIENT_DATA,0.0,0.08644853784070396,7000.0,27.884597778320312,-52.25099563598633,0.8562942646093618,0.03859721702853052,0.010669642653968636,0.012956849975240823,0.03156420850167082,0.0044087356295151375,0.011118573901028758,0.00846062650561061
huawei-nova2+p02_4_5+10cm,huawei-nova2,p02,10cm,16000,0.952,INSUFFICIENT_DATA,0.0,0.07143107565792407,7000.0,38.01306915283203,-57.03369903564453,0.2678544148177063,0.028351235719198904,0.008451287969122485,0.053771331350564264,0.2722086536555585,0.007278780468732985,0.025529591729909446,0.05199165931027357
huawei-nova2+p02_4_5+30cm,huawei-nova2,p02,30cm,16000,1.039,INSUFFICIENT_DATA,0.0,0.08601827235369797,7000.0,28.40930938720703,-56.87846374511719,0.4050259440424469,0.041128449049037265,0.012228457966309881,0.0495146946189166,0.23589826977689796,0.007686022260345909,0.02369273815242769,0.018799638629176506
huawei-nova2+p02_4_5+60cm,huawei-nova2,p02,60cm,16000,0.952,INSUFFICIENT_DATA,0.0,0.09892219506824422,7000.0,29.390228271484375,-54.268375396728516,0.8055575658269309,0.04042362024209637,0.01118684940173649,0.01792377786490667,0.04821917555279441,0.005878270348618658,0.01343878301738716,0.013071047002624344
huawei-nova2+p02_5_1+100cm,huawei-nova2,p02,100cm,16000,1.372,INSUFFICIENT_DATA,0.0,0.08772886313524725,7000.0,17.959144592285156,-53.59987258911133,0.7816579126345274,0.10279431472027706,0.044820041071760616,0.013454184120064498,0.018129963911368858,0.008791592472170815,0.015603991188328016,0.007520868001435435
huawei-nova2+p02_5_1+10cm,huawei-nova2,p02,10cm,16000,1.645,INSUFFICIENT_DATA,0.0,0.06372051410387346,7000.0,33.941749572753906,-57.052921295166016,0.28122697514636275,0.02494647255507314,0.00901296624956885,0.051711093122303375,0.26162174621929946,0.010804975201460867,0.044940126034195504,0.05122102298927457
huawei-nova2+p02_5_1+200cm,huawei-nova2,p02,200cm,16000,1.532,INSUFFICIENT_DATA,0.0,0.14820035468089213,4101.5625,11.203781127929688,-59.416236877441406,0.6610889042813352,0.0944323378770201,0.05600830199565124,0.05403319114498685,0.07001606459059152,0.01819915846144384,0.018194150165882595,0.005283056190420407
huawei-nova2+p02_5_1+30cm,huawei-nova2,p02,30cm,16000,1.532,INSUFFICIENT_DATA,0.0,0.11021646416978163,7000.0,22.740463256835938,-55.5024528503418,0.4921239055392697,0.053761299997833335,0.02778760577479675,0.04225823367867136,0.17552546848376416,0.015602683374391187,0.033011525025102184,0.01836907776407326
huawei-nova2+p02_5_1+60cm,huawei-nova2,p02,60cm,16000,1.372,INSUFFICIENT_DATA,0.0,0.26012064185596856,7000.0,24.320091247558594,-51.09113311767578,0.8370208075986955,0.05748665427766237,0.02289541534940693,0.011796904707729533,0.027192665813794974,0.006536737231537361,0.010881654584171542,0.006476252416590295
huawei-nova2+p02_5_2+100cm,huawei-nova2,p02,100cm,16000,1.333,INSUFFICIENT_DATA,0.0,0.0782421807798417,7000.0,18.41192626953125,-54.7758903503418,0.8102504830824371,0.09365196669968028,0.018564528091626346,0.014608333926330878,0.019902999506232692,0.008622911389634112,0.013812567946455577,0.006960263233911875
huawei-nova2+p02_5_2+10cm,huawei-nova2,p02,10cm,16000,1.219,INSUFFICIENT_DATA,0.0,0.056202322811580344,7000.0,38.82366943359375,-57.05824279785156,0.22640859440052905,0.023464895729175147,0.00707635016770605,0.057065532738283534,0.2935529856228992,0.005656981008561105,0.027552942009956945,0.05461554401501635
huawei-nova2+p02_5_2+150cm,huawei-nova2,p02,150cm,16000,1.219,INSUFFICIENT_DATA,0.0,0.056019648765472815,4117.1875,12.825523376464844,-58.677757263183594,0.470182104299994,0.10773618096935776,0.037632128819136905,0.07822639792125864,0.1541382614656538,0.0262886059854142,0.027822534901134247,0.010336418464438538
huawei-nova2+p02_5_2+200cm,huawei-nova2,p02,200cm,16000,1.219,INSUFFICIENT_DATA,0.0,0.1443087302426115,4117.1875,10.723312377929688,-59.89524841308594,0.6906398906597093,0.09480311161216176,0.03621004463299147,0.053035533551425165,0.06673931367092079,0.017520142681735268,0.01680058084670804,0.005049962741561833
huawei-nova2+p02_5_2+300cm,huawei-nova2,p02,300cm,16000,1.219,INSUFFICIENT_DATA,0.0,0.1452459374595154,4914.0625,6.21673583984375,-61.2400016784668,0.8354144897451565,0.0871632423204267,0.031173706283172068,0.015460614646907732,0.011811920829125619,0.008041543196502623,0.0067322851431566005,0.001740372682103586
huawei-nova2+p02_5_2+30cm,huawei-nova2,p02,30cm,16000,1.219,INSUFFICIENT_DATA,0.0,0.08577682465763596,7000.0,23.60723876953125,-56.40949630737305,0.4389510558855177,0.04785980079265916,0.013383704134241376,0.047070315142004826,0.21490540791431867,0.010852976785051292,0.028477463288584186,0.01576973630335405
huawei-nova2+p02_5_2+60cm,huawei-nova2,p02,60cm,16000,1.333,INSUFFICIENT_DATA,0.0,0.07303753623167514,7000.0,27.819725036621094,-53.72285842895508,0.7700923651991373,0.08290557695494437,0.014277790615702767,0.01670745192794427,0.03954286366710294,0.007324017618909456,0.01660028882519434,0.012998491464491885
huawei-nova2+p02_5_3+100cm,huawei-nova2,p02,100cm,16000,1.177,INSUFFICIENT_DATA,0.0,0.08010851984079934,7000.0,17.147552490234375,-54.29895782470703,0.7493811827514526,0.08362425540859432,0.07926887006488657,0.015410238477898278,0.024815418189205952,0.010846522016331912,0.01894521666916629,0.007792211246817725
huawei-nova2+p02_5_3+10cm,huawei-nova2,p02,10cm,16000,1.177,INSUFFICIENT_DATA,0.0,0.08141755314846087,7000.0,35.183921813964844,-56.88121032714844,0.28409074736615164,0.023028724744438494,0.007605902849289858,0.05296610496810606,0.264645235371986,0.00702171041481267,0.04373316772314235,0.04804857313513397
huawei-nova2+p02_5_3+150cm,huawei-nova2,p02,150cm,16000,1.316,INSUFFICIENT_DATA,0.0,0.10832795723097928,4375.0,8.318817138671875,-58.55229187011719,0.48277825744836017,0.07802376837864017,0.051819690198237976,0.07093303118549159,0.1562359022883677,0.027389790434862917,0.030220866486013152,0.009546060417547521
huawei-nova2+p02_5_3+300cm,huawei-nova2,p02,300cm,16000,1.177,INSUFFICIENT_DATA,0.0,0.29566380078787724,7000.0,8.458023071289062,-60.326866149902344,0.8788534959003621,0.05889953654846518,0.026386162416396543,0.011671125527680066,0.009369369897172937,0.00645123429848969,0.00515298209373474,0.0014915216057090773
huawei-nova2+p02_5_3+30cm,huawei-nova2,p02,30cm,16000,1.264,INSUFFICIENT_DATA,0.0,0.09425960843584394,7000.0,23.64270782470703,-56.417572021484375,0.41600315238743574,0.03348764246549599,0.03536346105893552,0.04888464873282719,0.22040678951232637,0.012899711342073447,0.03565396814884874,0.016317949813672593
huawei-nova2+p02_5_4+100cm,huawei-nova2,p02,100cm,16000,1.237,INSUFFICIENT_DATA,0.0,0.12966044778650473,7000.0,20.433670043945312,-56.57400131225586,0.7726956827260334,0.06983725168343159,0.03951535111893409,0.01998919501189313,0.02828457702433987,0.010653518737071392,0.0279878080409268,0.015212945861361137
huawei-nova2+p02_5_4+200cm,huawei-nova2,p02,200cm,16000,1.186,INSUFFICIENT_DATA,0.0,0.29138073140591,4093.75,14.751739501953125,-58.98090744018555,0.7475081620063571,0.050276534326573495,0.02293796050826604,0.05195732622335107,0.07514140705223626,0.010984834180949954,0.01064962572293821,0.0029165678682213547
huawei-nova2+p02_5_4+300cm,huawei-nova2,p02,300cm,16000,1.126,INSUFFICIENT_DATA,0.0,0.1405034538807781,4523.4375,9.541168212890625,-60.98633575439453,0.8529246241085388,0.07730817024733938,0.028225492771300657,0.012562686396096135,0.010672497153865777,0.00783118547602813,0.0067068792769430004,0.0015835458158244696
huawei-nova2+p02_5_4+30cm,huawei-nova2,p02,30cm,16000,1.126,INSUFFICIENT_DATA,0.0,0.0655693887230201,7000.0,25.56090545654297,-55.88047790527344,0.43075107185808004,0.05577388706715017,0.016837563276836193,0.04663154493095822,0.21242037506648612,0.00964353127346286,0.03028480494881955,0.01804411235580746
huawei-nova2+p02_5_4+60cm,huawei-nova2,p02,60cm,16000,1.126,INSUFFICIENT_DATA,0.0,0.06402549699759223,7000.0,28.155059814453125,-53.39751434326172,0.7929123468526906,0.04558476643421108,0.02140973046319235,0.01838590576578151,0.046473475856101946,0.006852727331572722,0.017093829486833582,0.012303030961495987
huawei-nova2+p02_6_1+150cm,huawei-nova2,p02,150cm,16000,1.223,INSUFFICIENT_DATA,0.0,0.1282526360533346,5000.0,8.607200622558594,-57.059017181396484,0.5361861453922209,0.07225920901811556,0.04232375586361793,0.05569078849661633,0.14720089502477052,0.018253203427648725,0.02086742210546481,0.006654983961410996
huawei-nova2+p02_6_1+300cm,huawei-nova2,p02,300cm,16000,1.229,INSUFFICIENT_DATA,0.0,0.23169778649589226,7000.0,10.392967224121094,-60.508094787597656,0.8701163740099507,0.06428025348024269,0.028693912540814496,0.011334277771173861,0.009628601026256461,0.007068417796870583,0.005442695103390655,0.0015632353219041972
huawei-nova2+p02_6_2+10cm,huawei-nova2,p02,10cm,16000,1.013,INSUFFICIENT_DATA,0.0,0.048620442613114115,7000.0,38.357025146484375,-57.15906524658203,0.24333179440777464,0.021532904171178344,0.007757819726136882,0.0554512742162392,0.2840135614695434,0.005344401807321022,0.026146553873126227,0.05685276957141643
huawei-nova2+p02_6_2+60cm,huawei-nova2,p02,60cm,16000,1.013,INSUFFICIENT_DATA,0.0,0.07968338108043298,7000.0,28.81676483154297,-55.46092987060547,0.725094325052356,0.04624686537153576,0.04663215834791303,0.022808515570525854,0.061201776771432306,0.00856306207676651,0.020682111209440395,0.016260406925829723
huawei-nova2+p02_6_3+10cm,huawei-nova2,p02,10cm,16000,2.302,INSUFFICIENT_DATA,0.0,0.07085669785642013,7000.0,35.050193786621094,-57.01930236816406,0.2614584831698396,0.024658987896025525,0.00808830683957174,0.05386592503558288,0.27118198645163993,0.0074658843083000425,0.034557028412568386,0.0566777230638661
huawei-nova2+p02_6_3+200cm,huawei-nova2,p02,200cm,16000,1.731,INSUFFICIENT_DATA,0.0,0.15040610332339713,4664.0625,9.028724670410156,-59.41417694091797,0.7348029647506635,0.057676347452612436,0.041106301855544196,0.048818668600844724,0.06612861518922324,0.014424211753188037,0.013814687768804046,0.004297199682854277
huawei-nova2+p02_6_3+30cm,huawei-nova2,p02,30cm,16000,1.446,INSUFFICIENT_DATA,0.0,0.0766042171212229,7000.0,23.380203247070312,-55.935142517089844,0.42256122646393074,0.05731766011205147,0.03538767290019817,0.047095459989420094,0.20213001580846685,0.01736650454831284,0.031994248565466635,0.019773128392957546
huawei-nova2+p02_6_4+100cm,huawei-nova2,p02,100cm,16000,1.126,INSUFFICIENT_DATA,0.0,0.23222349642256446,7000.0,25.446060180664062,-56.51719665527344,0.7865960179798467,0.04928039985161417,0.051035535758979914,0.018288315994719348,0.02424790645264131,0.010171939937233044,0.02911467735306228,0.01495473800744295
huawei-nova2+p02_6_4+10cm,huawei-nova2,p02,10cm,16000,1.237,INSUFFICIENT_DATA,0.0,0.07450953308197962,7000.0,38.04876708984375,-57.045257568359375,0.26633533531779097,0.021340647159971415,0.007177479270201158,0.05305401219448401,0.27397741013574844,0.005485241100653385,0.02673996792810411,0.056318956742591963
huawei-nova2+p02_6_4+200cm,huawei-nova2,p02,200cm,16000,1.126,INSUFFICIENT_DATA,0.0,0.15158426457278912,4093.75,14.826957702636719,-59.631317138671875,0.7057158443463627,0.06467604648484429,0.029528085472448732,0.055479909111310004,0.08359958678163301,0.014472507946163223,0.01345280274819488,0.003757536759146208
huawei-nova2+p02_6_4+300cm,huawei-nova2,p02,300cm,16000,1.237,INSUFFICIENT_DATA,0.0,0.32008378525293707,7000.0,7.6034393310546875,-59.640892028808594,0.8998591109648105,0.05109898239007192,0.02074212864333111,0.008897197473887251,0.0071972578246377785,0.005372287311440676,0.004461676998100011,0.0011211707683044525
huawei-nova2+p02_6_4+60cm,huawei-nova2,p02,60cm,16000,1.186,INSUFFICIENT_DATA,0.0,0.13169178650996946,7000.0,29.37708282470703,-55.540672302246094,0.7118481200483554,0.039276239538833455,0.026444897361895224,0.026261781560812228,0.07381274354572322,0.008334701635768986,0.027158639793569063,0.021561508398489436
huawei-nova2+p03_1_1+10cm,huawei-nova2,p03,10cm,16000,1.105,INSUFFICIENT_DATA,0.0,0.10685128786271017,7000.0,38.52715301513672,-56.817237854003906,0.3070300012610048,0.022227558621079706,0.00837477037071178,0.051488226568170654,0.2594175017249394,0.00610413504571202,0.02101685229534005,0.05133768975277172
huawei-nova2+p03_1_1+150cm,huawei-nova2,p03,150cm,16000,0.929,INSUFFICIENT_DATA,0.0,0.15059628249934978,5000.0,14.191146850585938,-57.744781494140625,0.5637452409711406,0.04108184632048173,0.022215046564576454,0.04962103739149429,0.16601972582291272,0.014116340735219097,0.01227554808614888,0.004874058130154354
huawei-nova2+p03_1_1+30cm,huawei-nova2,p03,30cm,16000,1.105,INSUFFICIENT_DATA,0.0,0.10361060964731093,7000.0,28.971115112304688,-57.94969177246094,0.2778888791687763,0.017330678516167826,0.01092708638393101,0.06351815952614874,0.3227435921929172,0.004759449118095132,0.009199533854954773,0.00894195424371531
huawei-nova2+p03_1_2+100cm,huawei-nova2,p03,100cm,16000,0.982,INSUFFICIENT_DATA,0.0,0.23283018254603463,7046.875,25.668975830078125,-60.74056625366211,0.7730903740073813,0.04533528063706945,0.043990631272050384,0.016785869766614246,0.03407348976900839,0.008436696956049011,0.02063272765520647,0.018572899841481055
huawei-nova2+p03_1_2+150cm,huawei-nova2,p03,150cm,16000,0.982,INSUFFICIENT_DATA,0.0,0.16634596185570252,4281.25,9.478042602539062,-57.916175842285156,0.6086709301264688,0.051366655408137396,0.024997684111341078,0.056342061195120884,0.13101483536179406,0.018501746609058133,0.018630037550054192,0.006441793118678175
huawei-nova2+p03_1_2+300cm,huawei-nova2,p03,300cm,16000,0.982,INSUFFICIENT_DATA,0.0,0.23666738268896384,4437.5,9.187667846679688,-59.734474182128906,0.8759228430643877,0.065471621352549,0.023660879941670713,0.011003132688669417,0.008881229119822925,0.006594958332389609,0.00538825288924387,0.0014139161817927487
huawei-nova2+p03_1_2+30cm,huawei-nova2,p03,30cm,16000,0.982,INSUFFICIENT_DATA,0.0,0.10380624463826811,7000.0,30.029800415039062,-57.38348388671875,0.33253570049939457,0.026303504987661833,0.010353589736698754,0.05797256600286393,0.27908019913507803,0.008089923848731466,0.019152020078956652,0.016308272880032636
huawei-nova2+p03_1_2+60cm,huawei-nova2,p03,60cm,16000,1.228,INSUFFICIENT_DATA,0.0,0.1462500698551029,7000.0,33.84495544433594,-59.05670928955078,0.5488185908149584,0.051415501209282705,0.0224080415784356,0.0315151659697046,0.12572490245113313,0.008581811483014876,0.02684130543154763,0.03958823356354747
huawei-nova2+p03_1_3+200cm,huawei-nova2,p03,200cm,16000,1.315,INSUFFICIENT_DATA,0.0,0.17927076307161888,4132.8125,9.208213806152344,-59.06380081176758,0.7804277585145943,0.05744699756388016,0.02479132156424779,0.039893092913023294,0.04825245111075577,0.015938833487852692,0.015750936518326736,0.003960512335199454
huawei-nova2+p03_1_3+300cm,huawei-nova2,p03,300cm,16000,1.315,INSUFFICIENT_DATA,0.0,0.26097904341683703,4390.625,9.769416809082031,-59.5567741394043,0.8805118655319214,0.056513720931961095,0.02054419061831075,0.014226181377575723,0.012916435920490452,0.006855616903142231,0.00493424415684633,0.0012882121483138967
huawei-nova2+p03_1_3+60cm,huawei-nova2,p03,60cm,16000,1.35,INSUFFICIENT_DATA,0.0,0.052308616629074677,7000.0,31.679153442382812,-54.38505554199219,0.818000466547556,0.0352744041061759,0.009303854226295018,0.014748459024652659,0.043552039825791276,0.004894896012823331,0.01294963551657584,0.015173477748719966
huawei-nova2+p03_1_4+100cm,huawei-nova2,p03,100cm,16000,1.385,INSUFFICIENT_DATA,0.0,0.051877547106692984,7000.0,21.710205078125,-52.827640533447266,0.9105639338449524,0.024187810564749244,0.011033029863176787,0.011522740136698056,0.015115564070108738,0.005412754411873554,0.009781599744689614,0.005567574271636253
huawei-nova2+p03_1_4+10cm,huawei-nova2,p03,10cm,16000,1.385,INSUFFICIENT_DATA,0.0,0.14704481839389674,7000.0,35.84623718261719,-56.5361442565918,0.391782534625052,0.0234851240859068,0.00705046587839548,0.045183312746951844,0.22270876390845581,0.006878213908179793,0.030701617802382047,0.0447022182936613
huawei-nova2+p03_1_4+150cm,huawei-nova2,p03,150cm,16000,1.385,INSUFFICIENT_DATA,0.0,0.19180984237951443,4539.0625,14.072006225585938,-57.75614929199219,0.7018838007949629,0.04595550364079163,0.021925052190419705,0.05285533666571995,0.08877991413933994,0.019316796922320092,0.022662546421974863,0.008191037313858611
huawei-nova2+p03_1_4+200cm,huawei-nova2,p03,200cm,16000,1.473,INSUFFICIENT_DATA,0.0,0.14662148628269395,4671.875,11.434600830078125,-59.09747314453125,0.7768631147829812,0.051819140026563675,0.02661234553699359,0.04206934116704544,0.052165682453658484,0.017646353804953396,0.01612657398783369,0.004408763801148541
huawei-nova2+p03_1_4+60cm,huawei-nova2,p03,60cm,16000,1.385,INSUFFICIENT_DATA,0.0,0.0708254342436913,7000.0,28.48406219482422,-52.41510009765625,0.8727066541664408,0.020853049399652678,0.009503048986891836,0.014979873572825517,0.032916777831596064,0.005335838672697839,0.010444763124816727,0.008063621779852917
huawei-nova2+p03_1_5+100cm,huawei-nova2,p03,100cm,16000,1.35,INSUFFICIENT_DATA,0.0,0.21278666030200233,7000.0,21.373153686523438,-56.7303466796875,0.8665422775156989,0.026318428879374394,0.022415081954950775,0.014438692462514781,0.022466650700815667,0.006720488738673547,0.014754082181143475,0.009359832007552278
huawei-nova2+p03_1_5+10cm,huawei-nova2,p03,10cm,16000,1.233,INSUFFICIENT_DATA,0.0,0.08778282601722688,7000.0,38.11278533935547,-56.77146530151367,0.2805789713905037,0.021036697108900552,0.006816530526800195,0.05370004426584832,0.2707972153672814,0.004962482076942753,0.024928415694218976,0.05269905549724928
huawei-nova2+p03_1_5+150cm,huawei-nova2,p03,150cm,16000,1.233,INSUFFICIENT_DATA,0.0,0.14617276735073326,4117.1875,10.520095825195312,-57.910888671875,0.5991232478939393,0.06355215387514489,0.029134150429027974,0.05953396668561843,0.12681648957166322,0.02040048255682524,0.02297546818983474,0.007992856061225474
huawei-nova2+p03_1_5+200cm,huawei-nova2,p03,200cm,16000,1.35,INSUFFICIENT_DATA,0.0,0.16609550704639856,4109.375,13.938194274902344,-59.33216857910156,0.7562064320341911,0.06651790712344526,0.024858702564292554,0.04350195182017935,0.06015496794665349,0.013697378716042721,0.012490315075578984,0.004238304973634136
huawei-nova2+p03_1_5+30cm,huawei-nova2,p03,30cm,16000,1.35,INSUFFICIENT_DATA,0.0,0.16490513488029135,7000.0,29.75109100341797,-57.11870193481445,0.3660739577809365,0.017119752458307453,0.01001277163748296,0.05543005720845832,0.27015361287205397,0.006396153637186242,0.019302768441287674,0.018080924299875026
huawei-nova2+p03_1_5+60cm,huawei-nova2,p03,60cm,16000,1.233,INSUFFICIENT_DATA,0.0,0.10444072143876117,7000.0,31.42432403564453,-56.786109924316406,0.6900888552865151,0.023740620048869555,0.017930192621423546,0.028077774118755634,0.09465712791505737,0.006938608589347352,0.02140374739562257,0.024036434479953912
huawei-nova2+p03_2_1+10cm,huawei-nova2,p03,10cm,16000,1.4,INSUFFICIENT_DATA,0.0,0.08198567893578457,7000.0,39.644309997558594,-56.97345733642578,0.26991450018504853,0.02150927704247562,0.007163574236816111,0.05230108207782798,0.2694322013091537,0.004814755203073335,0.021158767159380726,0.060648994986187
huawei-nova2+p03_2_1+150cm,huawei-nova2,p03,150cm,16000,1.403,INSUFFICIENT_DATA,0.0,0.1619154249818207,7000.0,10.562728881835938,-57.878807067871094,0.6075164840603122,0.04780506932563503,0.026114472938732328,0.05184225624257701,0.13317278514859235,0.01778400556071704,0.020831942583953558,0.007043707225080445
huawei-nova2+p03_2_1+300cm,huawei-nova2,p03,300cm,16000,1.387,INSUFFICIENT_DATA,0.0,0.3156958002343732,7000.0,8.380767822265625,-59.41962814331055,0.8982484627594288,0.0499254349228516,0.020667400448871408,0.010514847340437707,0.00870169271680875,0.004983483753606662,0.004277545252384789,0.0010323461625499964
huawei-nova2+p03_2_1+30cm,huawei-nova2,p03,30cm,16000,1.4,INSUFFICIENT_DATA,0.0,0.11248860839072856,7000.0,27.340316772460938,-57.11077880859375,0.3516036272298658,0.04514247059008513,0.012107755955883339,0.055237256102637515,0.2590824055221392,0.009886743052608796,0.024805127706329866,0.016576540450148836
huawei-nova2+p03_2_1+60cm,huawei-nova2,p03,60cm,16000,1.4,INSUFFICIENT_DATA,0.0,0.1171535747649753,7000.0,30.007293701171875,-55.93437957763672,0.6510354933301091,0.12008319746941683,0.016904490331250674,0.02441858574127949,0.0725404186318143,0.008513059452170972,0.019686653016400355,0.018442151994156785
huawei-nova2+p03_2_2+200cm,huawei-nova2,p03,200cm,16000,1.438,INSUFFICIENT_DATA,0.0,0.18772816864475847,4046.875,13.733848571777344,-59.361534118652344,0.7253229444443895,0.0620854675612058,0.03172012865714307,0.04955422088951103,0.0702798447963635,0.018799876973466908,0.016739309084585048,0.0044604999723390215
huawei-nova2+p03_2_2+300cm,huawei-nova2,p03,300cm,16000,1.438,INSUFFICIENT_DATA,0.0,0.26114193197366065,7000.0,8.3154296875,-59.89589309692383,0.885244623492105,0.057093180897684316,0.02248872221569778,0.011392697765834901,0.010223212839207102,0.005785160324814286,0.0048767405101741235,0.0013009914588044396
huawei-nova2+p03_2_2+60cm,huawei-nova2,p03,60cm,16000,1.613,INSUFFICIENT_DATA,0.0,0.05121263628890734,7000.0,28.458038330078125,-52.821937561035156,0.84707963496735,0.029805441597627026,0.010395224058272416,0.013459756164252872,0.037772099308590726,0.005084901648838348,0.011699087480766613,0.011151605121656485
huawei-nova2+p03_2_3+10cm,huawei-nova2,p03,10cm,16000,1.403,INSUFFICIENT_DATA,0.0,0.04518584971073148,7000.0,38.05564880371094,-57.30206298828125,0.2507829380915095,0.02705337449481899,0.007831563039408672,0.05589278030072586,0.27976072683470776,0.006811946476222806,0.025218270236057917,0.05436277371536877
huawei-nova2+p03_2_3+150cm,huawei-nova2,p03,150cm,16000,1.277,INSUFFICIENT_DATA,0.0,0.21699725686215748,4656.25,9.339591979980469,-57.35954284667969,0.6487035607102926,0.05878684576668883,0.022809991152717517,0.050409676940003915,0.11314866661055069,0.016868279903497617,0.01686475485311293,0.00659641552407022
huawei-nova2+p03_2_3+30cm,huawei-nova2,p03,30cm,16000,1.277,INSUFFICIENT_DATA,0.0,0.11060524936174995,7000.0,27.874305725097656,-57.41281509399414,0.3489748849060474,0.019252336352946472,0.009818757085757013,0.05740406817448255,0.27556131418935126,0.007049109317981763,0.02356464383017003,0.016148163139248474
huawei-nova2+p03_2_3+60cm,huawei-nova2,p03,60cm,16000,1.403,INSUFFICIENT_DATA,0.0,0.10868989652975992,7000.0,29.599044799804688,-55.806373596191406,0.7201751830319719,0.06390095841759626,0.017665491298286883,0.021552987388424073,0.0669436207546946,0.007699791797931873,0.018817684908695974,0.019421934624413856
huawei-nova2+p03_2_4+100cm,huawei-nova2,p03,100cm,16000,1.561,INSUFFICIENT_DATA,0.0,0.154616199245742,7000.0,23.72894287109375,-56.70869827270508,0.8551939330457202,0.03737214591109633,0.017767917930729852,0.015113084258078852,0.024173102424586104,0.0075074753506801165,0.014818514132311502,0.010958764852777627
huawei-nova2+p03_2_4+200cm,huawei-nova2,p03,200cm,16000,1.298,INSUFFICIENT_DATA,0.0,0.24417946962649156,4117.1875,10.793869018554688,-59.298675537109375,0.7723555487828546,0.055142950917685354,0.02823575133024019,0.04201884737916831,0.055819640272612533,0.015609610732082684,0.012264971742851157,0.003814459342335424
huawei-nova2+p03_2_4+300cm,huawei-nova2,p03,300cm,16000,1.298,INSUFFICIENT_DATA,0.0,0.25339975534669024,7000.0,8.880119323730469,-59.848876953125,0.8955579996384729,0.05098432913872127,0.02067608547675463,0.01136675287002205,0.008396629888909256,0.005375938179545919,0.004894169065533723,0.0012007289247866796
huawei-nova2+p03_2_4+30cm,huawei-nova2,p03,30cm,16000,1.701,INSUFFICIENT_DATA,0.0,0.06890414953162684,7000.0,26.374588012695312,-56.680946350097656,0.4324108707731075,0.016836052039579597,0.008983393002129475,0.05297475755783097,0.23767432888940881,0.006691280347820344,0.023374067907270167,0.016714755053520287
huawei-nova2+p03_2_4+60cm,huawei-nova2,p03,60cm,16000,1.561,INSUFFICIENT_DATA,0.0,0.08299294812050548,7000.0,29.99066162109375,-55.200469970703125,0.7808718497637638,0.03309797343729677,0.01301268866710676,0.020890912040315363,0.05852938129718217,0.0057956696226607275,0.016280096952818124,0.016545895669115223
huawei-nova2+p03_2_5+100cm,huawei-nova2,p03,100cm,16000,1.07,INSUFFICIENT_DATA,0.0,0.22241161932187165,7000.0,27.206588745117188,-58.89789581298828,0.7781112559320459,0.04507750968486227,0.037020512274200494,0.018019869428623207,0.03113282097052284,0.008445250447032288,0.024803188429006185,0.022133615192854925
huawei-nova2+p03_2_5+10cm,huawei-nova2,p03,10cm,16000,1.228,INSUFFICIENT_DATA,0.0,0.06787090420620226,7000.0,37.99108123779297,-57.08673858642578,0.25646305673313774,0.023387520132419626,0.007829549655794998,0.05502790347999546,0.2791169631826375,0.006303693708699939,0.023120484510625143,0.05533909413059796
huawei-nova2+p03_2_5+150cm,huawei-nova2,p03,150cm,16000,1.07,INSUFFICIENT_DATA,0.0,0.1449298561765171,7078.125,10.606071472167969,-57.54228973388672,0.627878625858273,0.06823193607544036,0.02985281445129692,0.05386470034886364,0.107089529763967,0.025252149087838398,0.027454677937123525,0.009099602824370986
huawei-nova2+p03_2_5+200cm,huawei-nova2,p03,200cm,16000,1.07,INSUFFICIENT_DATA,0.0,0.22873676178143332,4101.5625,12.186004638671875,-58.022491455078125,0.7692863592352613,0.07501593947556585,0.024730365985119445,0.0354726295770829,0.047861768586292486,0.015873652395422027,0.013885968936089007,0.005480666259715868
huawei-nova2+p03_2_5+30cm,huawei-nova2,p03,30cm,16000,1.07,INSUFFICIENT_DATA,0.0,0.0957132725864373,7000.0,27.912139892578125,-57.010528564453125,0.38318076926240935,0.019161929074160117,0.00949699568585921,0.0542325660104037,0.2591467229189461,0.00705344016230091,0.023542186094923798,0.017279497816325373
huawei-nova2+p03_3_1+100cm,huawei-nova2,p03,100cm,16000,1.438,INSUFFICIENT_DATA,0.0,0.09964273404819482,7000.0,24.617660522460938,-56.085811614990234,0.8934924809905856,0.021807010095033975,0.015209072553132497,0.01203998963719323,0.017635727631048564,0.005257332517767597,0.012254464939452458,0.009356149846421906
huawei-nova2+p03_3_1+200cm,huawei-nova2,p03,200cm,16000,1.438,INSUFFICIENT_DATA,0.0,0.21967994575156155,4046.875,9.472305297851562,-59.02686309814453,0.8021943209461662,0.05141729660242259,0.025190216282410027,0.03612201642335288,0.04331722834470032,0.014225570051805253,0.013870231651609726,0.003407150386612497
huawei-nova2+p03_3_1+300cm,huawei-nova2,p03,300cm,16000,1.432,INSUFFICIENT_DATA,0.0,0.3401558422825882,7000.0,7.5493621826171875,-59.686668395996094,0.8889794167014812,0.055006065848392405,0.02090909580413809,0.011070392354604172,0.009501463196649284,0.006155281645741986,0.005204837506000216,0.0012936386603196867
huawei-nova2+p03_3_1+30cm,huawei-nova2,p03,30cm,16000,1.344,INSUFFICIENT_DATA,0.0,0.10573287766845492,7000.0,25.141555786132812,-55.687557220458984,0.5375351074676371,0.02174712382373302,0.008466776210924721,0.04287253384651864,0.18737995188166173,0.007895244039717827,0.021950713095335393,0.013471026969512679
huawei-nova2+p03_3_2+100cm,huawei-nova2,p03,100cm,16000,1.455,INSUFFICIENT_DATA,0.0,0.08809133382579659,7000.0,22.92877197265625,-53.64192199707031,0.891610305858707,0.04141320380799202,0.011787422674912456,0.009523740597573589,0.014483784226645851,0.006045382029431265,0.01054087492288343,0.0061769957308166245
huawei-nova2+p03_3_2+10cm,huawei-nova2,p03,10cm,16000,1.35,INSUFFICIENT_DATA,0.0,0.09744655862720823,7000.0,34.90702819824219,-55.98424530029297,0.4316182510817499,0.032710685338028275,0.008053059000928994,0.04307855401448228,0.19922943320227815,0.007699945051173359,0.026424005326132205,0.042903752553743346
huawei-nova2+p03_3_2+150cm,huawei-nova2,p03,150cm,16000,1.35,INSUFFICIENT_DATA,0.0,0.07296262835263538,6921.875,8.827796936035156,-57.453311920166016,0.6002486352593756,0.07178869242635326,0.03223733187166827,0.0576115889518765,0.11392664574455756,0.02400633393454221,0.02763947258759842,0.01005125397447488
huawei-nova2+p03_3_2+200cm,huawei-nova2,p03,200cm,16000,1.35,INSUFFICIENT_DATA,0.0,0.176250502441843,4125.0,9.576568603515625,-58.139652252197266,0.794433726898187,0.06503763191009548,0.025366411832029277,0.030434733630054396,0.038761966355799496,0.016609048202367013,0.01591549256531552,0.004673146640435223
huawei-nova2+p03_3_2+300cm,huawei-nova2,p03,300cm,16000,1.385,INSUFFICIENT_DATA,0.0,0.25467938371508925,7000.0,7.081489562988281,-59.753692626953125,0.8830119543942353,0.05816712113993406,0.02132331440538661,0.01250284563533543,0.010231149599816686,0.006575029546103489,0.0051916231624673055,0.00127017835023919
huawei-nova2+p03_3_2+60cm,huawei-nova2,p03,60cm,16000,1.385,INSUFFICIENT_DATA,0.0,0.04962503842652733,7000.0,28.295013427734375,-52.45835876464844,0.8577477018993404,0.03741615948486748,0.009307093296484359,0.01177997471552556,0.029004415276246805,0.005268067497201791,0.011529854057164541,0.0107436817790732
huawei-nova2+p03_3_3+100cm,huawei-nova2,p03,100cm,16000,1.077,INSUFFICIENT_DATA,0.0,0.276510667766292,7000.0,31.02252197265625,-57.01551055908203,0.8103935871668716,0.035473179780116854,0.03425752848148398,0.012733240330025274,0.02191856184266663,0.006691571710192878,0.01762113987287967,0.023117251581084783
huawei-nova2+p03_3_3+10cm,huawei-nova2,p03,10cm,16000,1.245,INSUFFICIENT_DATA,0.0,0.06599952692776305,7000.0,39.205284118652344,-56.95452117919922,0.25675675793271435,0.021431290330960306,0.007255194644658376,0.05506924428179395,0.27932696507723886,0.0051436914727770715,0.02131925612671874,0.05787486677799982
huawei-nova2+p03_3_3+150cm,huawei-nova2,p03,150cm,16000,1.077,INSUFFICIENT_DATA,0.0,0.14021750208414693,7000.0,10.88360595703125,-57.4101676940918,0.6282254701122235,0.06377189943175127,0.02598754537457252,0.046102014818174365,0.12151463872834967,0.014635766513989252,0.013991894908474106,0.005592623542013315
huawei-nova2+p03_3_3+60cm,huawei-nova2,p03,60cm,16000,1.245,INSUFFICIENT_DATA,0.0,0.6402217490276679,7000.0,36.237281799316406,-54.33184814453125,0.8467411326925773,0.011518134324639249,0.007592968430475915,0.00983724385672226,0.03787964578202616,0.002309308718938436,0.009750900393621939,0.0210017253471139
huawei-nova2+p03_3_4+150cm,huawei-nova2,p03,150cm,16000,1.105,INSUFFICIENT_DATA,0.0,0.18084388178103217,4625.0,12.024505615234375,-57.633243560791016,0.549541014855519,0.09346250296223702,0.03333520524453238,0.05241455815626073,0.13348326419330053,0.018747060161931093,0.017332278933185615,0.006670715958191413
huawei-nova2+p03_3_4+200cm,huawei-nova2,p03,200cm,16000,1.105,INSUFFICIENT_DATA,0.0,0.2682119184484022,4046.875,12.463874816894531,-58.71192169189453,0.8059740323721056,0.06809630610376194,0.022915555999627434,0.03005376519237316,0.03656881660323876,0.01214308258073254,0.011607628894063663,0.0031354257853253758
huawei-nova2+p03_3_4+60cm,huawei-nova2,p03,60cm,16000,1.105,INSUFFICIENT_DATA,0.0,0.13487139536441392,7000.0,36.188377380371094,-58.64349365234375,0.5047520789340693,0.031000424948953276,0.024163814707872294,0.03280428676963454,0.13919683256421356,0.007024588150480152,0.028372432346429735,0.05546327648944509
huawei-nova2+p03_3_5+100cm,huawei-nova2,p03,100cm,16000,1.315,INSUFFICIENT_DATA,0.0,0.058261926418575916,7000.0,23.696189880371094,-53.630043029785156,0.8911987982591066,0.04078300891903637,0.011424262741384568,0.00983375563709736,0.015250789812833274,0.005645945008475377,0.010171291338036499,0.0067899270186077875
huawei-nova2+p03_3_5+60cm,huawei-nova2,p03,60cm,16000,1.508,INSUFFICIENT_DATA,0.0,0.04005227543065072,7000.0,29.696327209472656,-52.4788818359375,0.8649186590818151,0.033519866699977814,0.00807973567062328,0.012009252025609412,0.02894503505835392,0.0044736061434907815,0.009879056713313674,0.009894351710923087
huawei-nova2+p03_4_1+10cm,huawei-nova2,p03,10cm,16000,1.4,INSUFFICIENT_DATA,0.0,0.10912552026615964,7000.0,38.60564422607422,-56.73468780517578,0.29747016250240943,0.020208186840072005,0.0064066232069552925,0.05139040284272378,0.26645592623471237,0.0048243882672737775,0.01894816317430134,0.052155452636520806
huawei-nova2+p03_4_1+150cm,huawei-nova2,p03,150cm,16000,1.4,INSUFFICIENT_DATA,0.0,0.13495205470752633,4476.5625,8.519058227539062,-58.50648498535156,0.5451811445218544,0.06401330399358834,0.028418732336680696,0.059688668053785296,0.15022873528848793,0.02286152779846147,0.026718784626000445,0.008609090664301749
huawei-nova2+p03_4_1+200cm,huawei-nova2,p03,200cm,16000,1.4,INSUFFICIENT_DATA,0.0,0.2103479326686219,4046.875,13.315223693847656,-59.141319274902344,0.7608529989534509,0.061932719322620046,0.02639935849010287,0.04310823067126651,0.05896903789335789,0.014780903507193648,0.013143365109828139,0.003353470793347464
huawei-nova2+p03_4_1+60cm,huawei-nova2,p03,60cm,16000,1.387,INSUFFICIENT_DATA,0.0,0.14492177216015398,7000.0,30.248397827148438,-55.18215560913086,0.7355201703133125,0.07448929439582867,0.013187155950321073,0.020172960029437206,0.05658786243203974,0.007804626212923156,0.016852168191949946,0.020060128294023743
huawei-nova2+p03_4_2+100cm,huawei-nova2,p03,100cm,16000,1.253,INSUFFICIENT_DATA,0.0,0.18859219615994094,7000.0,23.000457763671875,-56.317787170410156,0.8407235907757072,0.030724546915791948,0.02869121115373126,0.016592246119696327,0.02427682243587825,0.008167371811611802,0.019226944350176713,0.01231566015234335
huawei-nova2+p03_4_2+150cm,huawei-nova2,p03,150cm,16000,1.368,INSUFFICIENT_DATA,0.0,0.14430824562270902,7000.0,7.8580322265625,-58.15448760986328,0.5709448206195584,0.03702101245724375,0.02615918331664616,0.06407582783723344,0.15509553847855276,0.018742767823117602,0.02228649707788714,0.007442364536976749
huawei-nova2+p03_4_2+200cm,huawei-nova2,p03,200cm,16000,1.333,INSUFFICIENT_DATA,0.0,0.21647185900098706,4046.875,11.448806762695312,-58.99827575683594,0.7543335245300784,0.0430216492708932,0.028563628560089215,0.05101196468616197,0.07059778916785565,0.013449726761763472,0.01170411145852665,0.0038160253027270472
huawei-nova2+p03_4_2+30cm,huawei-nova2,p03,30cm,16000,1.333,INSUFFICIENT_DATA,0.0,0.08541991648103894,7000.0,27.91986846923828,-56.93682861328125,0.4158516899597986,0.015800323391997512,0.010161242711009807,0.05223273329267433,0.24359150792636272,0.006793925146822372,0.02379116502681853,0.017889621273671007
huawei-nova2+p03_4_3+10cm,huawei-nova2,p03,10cm,16000,0.982,INSUFFICIENT_DATA,0.0,0.13464449051888397,7000.0,37.01622009277344,-57.01155090332031,0.3152258516842588,0.026461127900325,0.007456420983759324,0.05056923132797662,0.25670728532579334,0.00738408229721613,0.022539058391398154,0.047948492315713916
huawei-nova2+p03_4_3+150cm,huawei-nova2,p03,150cm,16000,0.982,INSUFFICIENT_DATA,0.0,0.10676250755598704,7000.0,9.2657470703125,-58.50511932373047,0.5193340434491321,0.07270887400109717,0.030091437001144253,0.0689817006122104,0.15459880822996913,0.0233961905468104,0.027445143325539167,0.01056293491771107
huawei-nova2+p03_4_3+300cm,huawei-nova2,p03,300cm,16000,0.982,INSUFFICIENT_DATA,0.0,0.5453966135596828,7000.0,9.597885131835938,-56.10234832763672,0.9464159276682935,0.027882481727554417,0.010003806043631372,0.0049081277211018735,0.003976919667136001,0.003058611158294631,0.0024310593726681326,0.0006224054571075277
huawei-nova2+p03_4_3+30cm,huawei-nova2,p03,30cm,16000,1.228,INSUFFICIENT_DATA,0.0,0.05991372723773608,7000.0,27.563148498535156,-57.262935638427734,0.2923092548866672,0.027440107365445512,0.010994694074243323,0.06101011035067254,0.29844097962944927,0.008434433027255654,0.019519045349111443,0.015885616775844342
huawei-nova2+p03_4_4+10cm,huawei-nova2,p03,10cm,16000,1.228,INSUFFICIENT_DATA,0.0,0.07682692989042962,7000.0,38.88636016845703,-56.30968475341797,0.32195823298179815,0.023858748367016243,0.008011975373226612,0.05085402295668635,0.24548142885660224,0.006219740003797774,0.02546769632197381,0.055377573711289936
huawei-nova2+p03_4_4+300cm,huawei-nova2,p03,300cm,16000,1.228,INSUFFICIENT_DATA,0.0,0.39187930305414914,4132.8125,7.58734130859375,-59.30854797363281,0.8792430933762092,0.06506026191220908,0.02146410938325853,0.011265094895563875,0.009463610099983692,0.005769971085947621,0.0048524300104754465,0.0011485235270423733
huawei-nova2+p03_4_4+30cm,huawei-nova2,p03,30cm,16000,1.245,INSUFFICIENT_DATA,0.0,0.06571270625882253,7000.0,27.60041046142578,-55.91783905029297,0.5087972709905144,0.03250418061038335,0.010246243729309464,0.04323897926679049,0.19371538609550243,0.007659115347021429,0.02119802971388083,0.015363183041855853
huawei-nova2+p03_4_4+60cm,huawei-nova2,p03,60cm,16000,1.228,INSUFFICIENT_DATA,0.0,0.0752806258114629,7000.0,30.118743896484375,-54.82568359375,0.7897004927743659,0.030133870387775315,0.012341402507794174,0.019463445903867973,0.0564598288455552,0.006264033387697451,0.014841852800439478,0.016095538938095982
huawei-nova2+p03_4_5+150cm,huawei-nova2,p03,150cm,16000,1.183,INSUFFICIENT_DATA,0.0,0.2559156504308548,6351.5625,7.8297576904296875,-57.03535079956055,0.6739557373380699,0.038858655564679705,0.02637969422616386,0.05024586046251531,0.1022297862707888,0.019765217382974702,0.021811202411670217,0.008951040460455122
huawei-nova2+p03_4_5+300cm,huawei-nova2,p03,300cm,16000,1.175,INSUFFICIENT_DATA,0.0,0.2655879051697442,7000.0,8.477783203125,-59.83597183227539,0.8754033241283794,0.05902198844457915,0.025722155534701807,0.012724992989344422,0.010611068805590864,0.007760345103251905,0.005716465246329163,0.0012947560852473697
huawei-nova2+p03_4_5+30cm,huawei-nova2,p03,30cm,16000,1.28,INSUFFICIENT_DATA,0.0,0.07634205615885853,7000.0,27.108657836914062,-56.82288360595703,0.3813510299403575,0.022379230973460226,0.011016439887253362,0.05431679237478029,0.25674414292456993,0.008074954692099784,0.025444437123577694,0.017619535614738512
huawei-nova2+p03_5_1+100cm,huawei-nova2,p03,100cm,16000,1.911,INSUFFICIENT_DATA,0.0,0.0658855658671172,7000.0,17.617881774902344,-52.210365295410156,0.8773797080485737,0.05957811556471764,0.013379886364883655,0.009216289444692563,0.013191646580676722,0.006129682692617773,0.010284259501757397,0.005387021720409403
huawei-nova2+p03_5_1+10cm,huawei-nova2,p03,10cm,16000,1.911,INSUFFICIENT_DATA,0.0,0.06646350913571805,7000.0,34.078643798828125,-55.79888916015625,0.3974412911744172,0.04306513267024555,0.01181264758290712,0.045397109251780816,0.2059263427610604,0.009210715868914065,0.03250492687734991,0.04318662516262431
huawei-nova2+p03_5_1+150cm,huawei-nova2,p03,150cm,16000,1.754,INSUFFICIENT_DATA,0.0,0.08730246205302135,7007.8125,8.716407775878906,-58.197837829589844,0.5538145075654198,0.07123119146433378,0.03349451608390603,0.05890132892526626,0.1333198728989318,0.028079261800046773,0.030852496507417837,0.011702231804823443
huawei-nova2+p03_5_1+300cm,huawei-nova2,p03,300cm,16000,1.701,INSUFFICIENT_DATA,0.0,0.46455972702130205,7000.0,7.715484619140625,-58.91687774658203,0.9030390551561321,0.04860653594416667,0.01850921790709277,0.009472946972857946,0.007825484424047685,0.005389935625393432,0.004354126937067341,0.001103573832328364
huawei-nova2+p03_5_1+30cm,huawei-nova2,p03,30cm,16000,1.754,INSUFFICIENT_DATA,0.0,0.058148159487036624,7000.0,25.043731689453125,-56.07661819458008,0.4793876096656912,0.035102227342340156,0.011939571012342996,0.04596547038458927,0.20228403481155022,0.010947950361415548,0.026754731131801587,0.01614164329448986
huawei-nova2+p03_5_1+60cm,huawei-nova2,p03,60cm,16000,1.911,INSUFFICIENT_DATA,0.0,0.04296925498297651,7000.0,24.217788696289062,-51.27325439453125,0.8552150333279627,0.047690567356030576,0.013516982840725895,0.012739428758500402,0.027608953988537493,0.006176662932777255,0.010912993813964553,0.0070593333924518055
huawei-nova2+p03_5_2+10cm,huawei-nova2,p03,10cm,16000,1.613,INSUFFICIENT_DATA,0.0,0.10126201093585706,7000.0,36.945526123046875,-56.36181640625,0.33409211906086167,0.021425394839787202,0.0068880474205873276,0.049472269153313174,0.2465992338977784,0.005386122257597568,0.026473303768566606,0.05158638247334147
huawei-nova2+p03_5_2+200cm,huawei-nova2,p03,200cm,16000,1.561,INSUFFICIENT_DATA,0.0,0.11245642536952008,4257.8125,10.294845581054688,-58.64306640625,0.7382640078182636,0.09791043792849924,0.03370164096390441,0.03714619625723978,0.04314564143048719,0.01707215334057312,0.017898862133641023,0.0046024977088438045
huawei-nova2+p03_5_2+30cm,huawei-nova2,p03,30cm,16000,1.613,INSUFFICIENT_DATA,0.0,0.1102591249371794,7000.0,25.250869750976562,-56.2808837890625,0.44634655506050075,0.047828644632902206,0.01189896344321621,0.04596362224339664,0.2114590720970533,0.01251760963277671,0.026869864867679182,0.016711289190265592
huawei-nova2+p03_5_2+60cm,huawei-nova2,p03,60cm,16000,1.613,INSUFFICIENT_DATA,0.0,0.05780019282512668,7000.0,28.428298950195312,-53.51957702636719,0.7517991144060746,0.10484450192912093,0.012487623789015313,0.017553215442091638,0.04191148166541012,0.007958747408515826,0.014790278236432806,0.013296675701133048
huawei-nova2+p03_5_3+100cm,huawei-nova2,p03,100cm,16000,1.754,INSUFFICIENT_DATA,0.0,0.1278717494441224,7000.0,15.767288208007812,-53.11986541748047,0.8354603012337621,0.08261241051935857,0.016124574786017733,0.013278394012036666,0.01862196049743044,0.008165285849207875,0.011671483128872652,0.005848778224161473
huawei-nova2+p03_5_3+10cm,huawei-nova2,p03,10cm,16000,1.491,INSUFFICIENT_DATA,0.0,0.10415973002517608,7000.0,35.58759307861328,-55.921363830566406,0.3922513483368434,0.019382986046141665,0.006836599418661051,0.04641288811704838,0.22401995791809817,0.007045281953241808,0.030289297123769952,0.04360025920314226
huawei-nova2+p03_5_3+150cm,huawei-nova2,p03,150cm,16000,1.491,INSUFFICIENT_DATA,0.0,0.10877789071137015,4125.0,10.53118896484375,-57.90977096557617,0.5776049317573038,0.08753942639359327,0.0377233093131396,0.05787199380808142,0.11283906697906017,0.02699222431870526,0.029803708264067818,0.011915802792910114
huawei-nova2+p03_5_3+200cm,huawei-nova2,p03,200cm,16000,1.491,INSUFFICIENT_DATA,0.0,0.11284442689274925,4117.1875,10.993324279785156,-58.717247009277344,0.7539049931802616,0.07353962536183241,0.03283139841021853,0.03768826187715476,0.04714110071055047,0.019002888173559846,0.019183375832054768,0.005843644724661904
huawei-nova2+p03_5_3+300cm,huawei-nova2,p03,300cm,16000,1.754,INSUFFICIENT_DATA,0.0,0.7916602782478499,4125.0,8.527351379394531,-53.547855377197266,0.967710406800812,0.015613352130279406,0.006153852907888578,0.003548537290400485,0.0030437836728591373,0.001768421847076507,0.001333745706979789,0.0003260051665467423
huawei-nova2+p03_5_3+30cm,huawei-nova2,p03,30cm,16000,1.526,INSUFFICIENT_DATA,0.0,0.0659543554019921,7000.0,23.54669952392578,-57.12895965576172,0.37237551342979397,0.034971332295123704,0.01316913529743496,0.05436341049340748,0.24860045746154555,0.013478574922426295,0.033167976492719214,0.017567152687004508
huawei-nova2+p03_5_4+100cm,huawei-nova2,p03,100cm,16000,1.42,INSUFFICIENT_DATA,0.0,0.17027237308382903,7000.0,25.69072723388672,-58.46393585205078,0.7989581017191791,0.05304648628055712,0.028164114123477774,0.016950597313028535,0.0286852361969069,0.009344208250955811,0.020673262904235528,0.01943627004607194
huawei-nova2+p03_5_4+200cm,huawei-nova2,p03,200cm,16000,1.42,INSUFFICIENT_DATA,0.0,0.20468700817641866,4101.5625,11.12811279296875,-59.41175079345703,0.7603566011975708,0.07785316357458899,0.025234532214003246,0.03917737294166452,0.05217171481087341,0.014244239705850117,0.012840296686254716,0.003967196982225886
huawei-nova2+p03_5_4+300cm,huawei-nova2,p03,300cm,16000,1.456,INSUFFICIENT_DATA,0.0,0.46295193278374425,4554.6875,7.650787353515625,-58.66756820678711,0.8957101873995806,0.0569128659065757,0.01819724604733503,0.009385958285662598,0.00784695510313754,0.004998747250616663,0.004317647681492683,0.0011465151038110052
huawei-nova2+p03_5_4+30cm,huawei-nova2,p03,30cm,16000,1.42,INSUFFICIENT_DATA,0.0,0.14016685214938293,7000.0,26.549789428710938,-57.327301025390625,0.31692547475736615,0.019567001219635984,0.009716857319613607,0.05990604625836121,0.29373872751255914,0.006174659276712564,0.020392333188909255,0.015097889600608063
huawei-nova2+p03_5_4+60cm,huawei-nova2,p03,60cm,16000,1.456,INSUFFICIENT_DATA,0.0,0.09525977975872658,7000.0,30.996925354003906,-54.91557312011719,0.7168269948323286,0.03491287682239676,0.015711549985013264,0.023720922278713766,0.07774944124374678,0.006846408126943375,0.02158574645030308,0.02445921489334476
huawei-nova2+p03_6_1+200cm,huawei-nova2,p03,200cm,16000,1.438,INSUFFICIENT_DATA,0.0,0.23064537860969073,4046.875,11.735908508300781,-58.9173698425293,0.7830784322982087,0.0635118337753919,0.026521637330644526,0.03784368893872231,0.0485489548817853,0.012517227569099999,0.01165193606884231,0.003802773989322084
huawei-nova2+p03_6_1+300cm,huawei-nova2,p03,300cm,16000,1.508,INSUFFICIENT_DATA,0.0,0.6911199847392319,4640.625,8.777412414550781,-56.19792175292969,0.9509893404671863,0.024243324226871695,0.009263512140978985,0.004927966620913342,0.004191833643202396,0.0027423139206315993,0.0023132405442845565,0.0005729756125756088
huawei-nova2+p03_6_2+100cm,huawei-nova2,p03,100cm,16000,1.578,INSUFFICIENT_DATA,0.0,0.07535058213745428,7000.0,22.06072998046875,-54.806915283203125,0.8589995969746517,0.04624572874571263,0.017696579814474398,0.013560754302770843,0.019745862559134294,0.00799775405958731,0.014067934864085495,0.008876249069827253
huawei-nova2+p03_6_2+10cm,huawei-nova2,p03,10cm,16000,1.578,INSUFFICIENT_DATA,0.0,0.05571505671003267,7000.0,36.569580078125,-56.84821319580078,0.302360203453198,0.023331618314614003,0.007715725643355573,0.052839120472112595,0.25606546834111776,0.006907314434660787,0.027802116577929404,0.05398216437942651
huawei-nova2+p03_6_2+150cm,huawei-nova2,p03,150cm,16000,1.578,INSUFFICIENT_DATA,0.0,0.13230026097585756,4125.0,10.467994689941406,-58.024845123291016,0.6014585414299229,0.04780523244678648,0.023875353498400143,0.059875113277928195,0.13680229246893366,0.019300750625572335,0.02228514380649481,0.007595579965495656
huawei-nova2+p03_6_3+10cm,huawei-nova2,p03,10cm,16000,1.789,INSUFFICIENT_DATA,0.0,0.08937695983920246,7000.0,35.78471374511719,-56.84269332885742,0.3456994023976476,0.0219012839467946,0.007151078622999442,0.04987515480444467,0.24037705717693333,0.006378482746185311,0.029394825901686582,0.04966578606887446
huawei-nova2+p03_6_3+150cm,huawei-nova2,p03,150cm,16000,1.841,INSUFFICIENT_DATA,0.0,0.14148897512457423,4125.0,12.182929992675781,-57.823184967041016,0.6432609299767853,0.04955966938993209,0.02781851168904031,0.05357129346791146,0.1143784099117587,0.018712734609024558,0.022725676947860013,0.008871714970375182
huawei-nova2+p03_6_3+300cm,huawei-nova2,p03,300cm,16000,1.789,INSUFFICIENT_DATA,0.0,0.3183240927215668,4132.8125,11.505836486816406,-59.42316436767578,0.8888503020387912,0.0510241244713054,0.02121059489641023,0.01346581430637419,0.011535321166672422,0.006198588001297967,0.0045829229262993945,0.0013205124064290005
huawei-nova2+p03_6_3+60cm,huawei-nova2,p03,60cm,16000,1.789,INSUFFICIENT_DATA,0.0,0.04180211808927637,7000.0,27.89856719970703,-52.04059600830078,0.8688034548385931,0.03005379795177108,0.012106866121010907,0.01116924484014126,0.030334163085313424,0.005126429998511447,0.009722030621786518,0.008185571890960506
huawei-nova2+p03_6_4+100cm,huawei-nova2,p03,100cm,16000,1.42,INSUFFICIENT_DATA,0.0,0.2058513345380918,7000.0,21.086753845214844,-59.23631286621094,0.8096240113109752,0.040919628532797896,0.03243710785431034,0.01701569376067058,0.03095821695190638,0.008031992339878023,0.01952218217992383,0.015113368095576781
huawei-nova2+p03_6_4+10cm,huawei-nova2,p03,10cm,16000,1.44,INSUFFICIENT_DATA,0.0,0.09913484691283066,7000.0,38.38844299316406,-56.7961540222168,0.2873070665441399,0.021468904352725873,0.0073285968816145545,0.05127616753168346,0.2620502281830399,0.005078367720304046,0.02278677040405681,0.05872773865623972
huawei-nova2+p03_6_4+30cm,huawei-nova2,p03,30cm,16000,1.42,INSUFFICIENT_DATA,0.0,0.0632686386237519,7000.0,30.691200256347656,-57.48992919921875,0.28823517748150074,0.01969263586332772,0.011518932512137437,0.060433583583378955,0.29740054343537076,0.006703296515968148,0.023287872258806127,0.022094728308797298
huawei-nova2+p03_6_4+60cm,huawei-nova2,p03,60cm,16000,1.44,INSUFFICIENT_DATA,0.0,0.12188129491929675,7000.0,29.710617065429688,-56.80332946777344,0.6929695034236545,0.0407153979530458,0.016899592312900943,0.027638280208632814,0.08520080635160297,0.008501955750806912,0.02223520224120367,0.02394767622645194
huawei-nova2+p04_1_1+100cm,huawei-nova2,p04,100cm,16000,0.779,INSUFFICIENT_DATA,0.0,0.11591773924087809,7000.0,21.11443328857422,-56.58598327636719,0.8608429247533532,0.024123087992208313,0.02325083349835881,0.016778563532674345,0.02619494412172354,0.008202599879405527,0.019701844547299067,0.00604696501030983
huawei-nova2+p04_1_1+10cm,huawei-nova2,p04,10cm,16000,0.82,INSUFFICIENT_DATA,0.0,0.08888856589882309,7000.0,38.838829040527344,-56.77991485595703,0.31266426948615095,0.02621646128543752,0.008335223079953633,0.048827591411786914,0.24704292306488898,0.007340222544905055,0.02836247183590917,0.057946707646248874
huawei-nova2+p04_1_1+150cm,huawei-nova2,p04,150cm,16000,0.779,INSUFFICIENT_DATA,0.0,0.11400747804316427,7000.0,19.20648193359375,-58.91978454589844,0.4327865622886926,0.04043598604936831,0.025775442094068738,0.06592833391272775,0.21915976900290204,0.018622022978577686,0.019085901141717963,0.00637424232062583
huawei-nova2+p04_1_1+300cm,huawei-nova2,p04,300cm,16000,0.779,INSUFFICIENT_DATA,0.0,0.22656664540605875,7000.0,7.001625061035156,-60.77165603637695,0.8851746021906524,0.05801608467505378,0.024048908880377685,0.010448216607943863,0.007297433577307704,0.0064804843055146395,0.005226427068797399,0.0015206593197497557
huawei-nova2+p04_1_2+100cm,huawei-nova2,p04,100cm,16000,1.027,INSUFFICIENT_DATA,0.0,0.0459834365988196,7000.0,21.873825073242188,-52.196075439453125,0.9200189119107571,0.03187037095748986,0.009814481530624846,0.006991974564079674,0.011829130823926646,0.004255005887364315,0.0066547524921769996,0.0035233413940394358
huawei-nova2+p04_1_2+150cm,huawei-nova2,p04,150cm,16000,1.027,INSUFFICIENT_DATA,0.0,0.08861236645725527,7000.0,11.097465515136719,-58.92417526245117,0.44670779929819526,0.0399475727186824,0.02296775526420941,0.06446830554067817,0.21968839750612512,0.015537597065065798,0.015781153287524313,0.0053588106009878735
huawei-nova2+p04_1_2+30cm,huawei-nova2,p04,30cm,16000,1.027,INSUFFICIENT_DATA,0.0,0.0722356582163597,7000.0,28.80164337158203,-54.64450454711914,0.5032905185443163,0.0597430892881927,0.01946937293611807,0.04273948286244962,0.18727217252980108,0.005150432166577119,0.00953479879387409,0.00681879702199575
huawei-nova2+p04_1_3+100cm,huawei-nova2,p04,100cm,16000,1.291,INSUFFICIENT_DATA,0.0,0.07407516560557226,7000.0,20.587234497070312,-53.27280044555664,0.8935530175202916,0.05001455953132787,0.01264600881150205,0.006671786671450854,0.011765004231702077,0.004420969282915263,0.008667247906997974,0.004153021597996063
huawei-nova2+p04_1_3+10cm,huawei-nova2,p04,10cm,16000,1.517,INSUFFICIENT_DATA,0.0,0.07179747576373663,7000.0,36.30054473876953,-55.52191925048828,0.45872755763712497,0.022624272592076097,0.006786356803259813,0.043195244454429134,0.19468380107354355,0.006956328823347504,0.024652388763410197,0.040988130339762646
huawei-nova2+p04_1_3+150cm,huawei-nova2,p04,150cm,16000,1.517,INSUFFICIENT_DATA,0.0,0.11329166962001892,4531.25,13.077301025390625,-57.9556884765625,0.5674423790967276,0.04155147410343009,0.021730839624693726,0.05416110477890968,0.16177705859861738,0.016385399044477965,0.0162914064686462,0.005964146357482003
huawei-nova2+p04_1_3+200cm,huawei-nova2,p04,200cm,16000,1.291,INSUFFICIENT_DATA,0.0,0.22643882880428348,4710.9375,11.8865966796875,-59.553688049316406,0.8053246061866673,0.05002402834617085,0.025182733143335603,0.03879125060443683,0.04534289048293375,0.01223018430868804,0.009448568327541393,0.002732747455166266
huawei-nova2+p04_1_3+30cm,huawei-nova2,p04,30cm,16000,1.291,INSUFFICIENT_DATA,0.0,0.08701171393755744,7000.0,29.157615661621094,-57.34886932373047,0.34911210589687564,0.029683788301184923,0.014217789634581004,0.05779386497603564,0.2722353333005855,0.005672917681706859,0.015047112821344107,0.01278956668116346
huawei-nova2+p04_1_4+10cm,huawei-nova2,p04,10cm,16000,1.783,INSUFFICIENT_DATA,0.0,0.06132190246330323,7000.0,35.66551208496094,-56.19460678100586,0.41537479111276354,0.03421883641151042,0.01074344588218195,0.04623582357827544,0.20485468273626564,0.00893889259984311,0.027990517434399727,0.04337390072670294
huawei-nova2+p04_1_4+150cm,huawei-nova2,p04,150cm,16000,1.783,INSUFFICIENT_DATA,0.0,0.09108496764858869,4281.25,15.021926879882812,-57.709205627441406,0.6336692783931839,0.04620777424720897,0.021860204627467468,0.0533413343401572,0.12295718149159401,0.01624969807817385,0.018103608388742504,0.007184931856380333
huawei-nova2+p04_1_4+200cm,huawei-nova2,p04,200cm,16000,1.681,INSUFFICIENT_DATA,0.0,0.18346951883242474,4265.625,10.833282470703125,-58.534759521484375,0.8208214407279052,0.04848536620471428,0.02366513886144083,0.032243832975922954,0.03484179485647748,0.014258877522799916,0.014118818358676776,0.0044241753636149826
huawei-nova2+p04_1_4+30cm,huawei-nova2,p04,30cm,16000,1.66,INSUFFICIENT_DATA,0.0,0.05779488140044252,7000.0,27.23193359375,-55.111572265625,0.5949913426028722,0.027431064980413665,0.010811964174011592,0.036793046299708976,0.16115151575680217,0.006222842496796544,0.014516386126159112,0.010411267128702861
huawei-nova2+p04_1_5+100cm,huawei-nova2,p04,100cm,16000,1.373,INSUFFICIENT_DATA,0.0,0.10835591204634257,7000.0,21.742576599121094,-54.32605743408203,0.8827968305299454,0.04754131887259105,0.014046992769221498,0.01119209090099247,0.014714382337118187,0.006013319972282646,0.009393884589642859,0.005156893912780528
huawei-nova2+p04_1_5+10cm,huawei-nova2,p04,10cm,16000,1.616,INSUFFICIENT_DATA,0.0,0.10801837794233743,7000.0,34.59611511230469,-56.460384368896484,0.363419423653473,0.03248113883283527,0.008744003152884384,0.047595900831101864,0.22871879051079125,0.008112720376900933,0.027894203846138468,0.04636096023545073
huawei-nova2+p04_1_5+150cm,huawei-nova2,p04,150cm,16000,1.616,INSUFFICIENT_DATA,0.0,0.09877628261053029,7000.0,11.909164428710938,-58.53459167480469,0.540284422918138,0.039888988975523586,0.02131389517825077,0.06661363006133933,0.17693701929248815,0.01803728669787356,0.016489562967458012,0.0071142967889885
huawei-nova2+p04_1_5+300cm,huawei-nova2,p04,300cm,16000,1.373,INSUFFICIENT_DATA,0.0,0.30690399433114696,4210.9375,9.279014587402344,-60.110530853271484,0.8782358130254094,0.057730468305734306,0.024013417662298288,0.012819342625870412,0.011645670974560865,0.00652432514801316,0.005613418629228296,0.0014340185034026388
huawei-nova2+p04_1_5+30cm,huawei-nova2,p04,30cm,16000,1.373,INSUFFICIENT_DATA,0.0,0.053254717625130496,7000.0,28.488975524902344,-57.58785629272461,0.3049224376766061,0.019804586617318643,0.010992149053094745,0.060325248363662695,0.29709314399017206,0.00504343063207994,0.021031386079592068,0.01633378271870095
huawei-nova2+p04_1_5+60cm,huawei-nova2,p04,60cm,16000,1.616,INSUFFICIENT_DATA,0.0,0.106927695517492,7000.0,32.94495391845703,-56.6584587097168,0.6498145930719333,0.03317464738744171,0.01915046303915373,0.028698070333283164,0.1023329147971409,0.007207395419225822,0.023043195541991697,0.028787187536928115
huawei-nova2+p04_2_1+100cm,huawei-nova2,p04,100cm,16000,1.472,INSUFFICIENT_DATA,0.0,0.13654860985571127,7000.0,20.71758270263672,-54.75017166137695,0.8832338243438621,0.04248737418047392,0.016313428902504097,0.011310978011107425,0.014442440884140272,0.00689263838849213,0.009863805463949328,0.006303218457472627
huawei-nova2+p04_2_1+10cm,huawei-nova2,p04,10cm,16000,1.472,INSUFFICIENT_DATA,0.0,0.0851331758826065,7000.0,35.778526306152344,-56.83620834350586,0.34840830878787904,0.028289565460981346,0.008232880453301783,0.04883734276459269,0.2388959745707841,0.007572341615854649,0.023200497595110336,0.04910859514883816
huawei-nova2+p04_2_1+150cm,huawei-nova2,p04,150cm,16000,1.502,INSUFFICIENT_DATA,0.0,0.08650600939000408,7000.0,9.282936096191406,-58.23529052734375,0.5440791298600026,0.05224089497373618,0.023927582999903114,0.05763951853791225,0.1611028798479176,0.019288373348468967,0.019742640769420273,0.008095885560008943
huawei-nova2+p04_2_1+300cm,huawei-nova2,p04,300cm,16000,1.332,INSUFFICIENT_DATA,0.0,0.4159481693582913,4570.3125,9.240440368652344,-59.31264877319336,0.8970011212165196,0.05009916941767179,0.01847998832508149,0.011196572320490693,0.010342142031925263,0.005472196160470572,0.004377618369856048,0.0011609178243802407
huawei-nova2+p04_2_1+30cm,huawei-nova2,p04,30cm,16000,1.472,INSUFFICIENT_DATA,0.0,0.06860467361824767,7000.0,28.870033264160156,-57.69230651855469,0.29463310295008893,0.01882353603087613,0.010598962621404813,0.06163838476553169,0.30540250969910476,0.005572303432000012,0.015492281724687175,0.014779860521640535
huawei-nova2+p04_2_1+60cm,huawei-nova2,p04,60cm,16000,1.332,INSUFFICIENT_DATA,0.0,0.08716726677504534,7000.0,34.22859191894531,-55.10627365112305,0.7562530040200034,0.03603566043852724,0.01778267897961519,0.016998619302996124,0.06023920845525712,0.0049832909206878155,0.014587607734951115,0.02269341841001929
huawei-nova2+p04_2_2+100cm,huawei-nova2,p04,100cm,16000,1.662,INSUFFICIENT_DATA,0.0,0.09235291251200331,7000.0,21.23199462890625,-52.59741973876953,0.9089395862893163,0.023579449942603598,0.011498257920161388,0.014140992433454673,0.012683145856259903,0.007840658324558292,0.00988729490135392,0.004741032532395749
huawei-nova2+p04_2_2+150cm,huawei-nova2,p04,150cm,16000,1.662,INSUFFICIENT_DATA,0.0,0.12300676041104028,4226.5625,10.58453369140625,-57.76103591918945,0.5767059960881684,0.0605738446199461,0.02519752194636361,0.056001054959462095,0.14218115050164534,0.0201012092996904,0.019408366149759482,0.008431731313432812
huawei-nova2+p04_2_2+200cm,huawei-nova2,p04,200cm,16000,1.712,INSUFFICIENT_DATA,0.0,0.18220880828791386,7000.0,8.253143310546875,-59.28521728515625,0.7828588095774845,0.05109927163638999,0.02413993684069649,0.041499842742696115,0.05591447805244399,0.013132241256058915,0.012690970730720143,0.0039065226864382924
huawei-nova2+p04_2_2+300cm,huawei-nova2,p04,300cm,16000,1.455,INSUFFICIENT_DATA,0.0,0.5388100223674192,4195.3125,10.600715637207031,-58.19210433959961,0.9151641718133531,0.04061519768807553,0.01458737180301646,0.00959583421532205,0.008321629801968627,0.005092893581842199,0.003950202034550374,0.001072342151317232
huawei-nova2+p04_2_2+30cm,huawei-nova2,p04,30cm,16000,1.662,INSUFFICIENT_DATA,0.0,0.06408750751029198,7000.0,25.210227966308594,-56.22767639160156,0.46872836790996203,0.038168264541303426,0.011479755016953435,0.04593484370522238,0.21100971942684082,0.009936809576286117,0.021268261243241385,0.0128165339806211
huawei-nova2+p04_2_2+60cm,huawei-nova2,p04,60cm,16000,1.455,INSUFFICIENT_DATA,0.0,0.06744755252510462,7000.0,32.04564666748047,-54.093727111816406,0.8179716342051768,0.01801021146486944,0.011156968533431162,0.015464932894479992,0.04861672202951341,0.00541945220325481,0.01420737720090803,0.017361925535180386
huawei-nova2+p04_2_3+150cm,huawei-nova2,p04,150cm,16000,1.722,INSUFFICIENT_DATA,0.0,0.13901803032504756,7000.0,8.246261596679688,-58.10020065307617,0.57070341074362,0.0500212079847839,0.028135587485388157,0.0599341595577475,0.14670536603689197,0.020457690784017095,0.02156921516803376,0.007686724386234345
huawei-nova2+p04_2_3+300cm,huawei-nova2,p04,300cm,16000,1.722,INSUFFICIENT_DATA,0.0,0.45353428660344136,4203.125,8.163093566894531,-59.05202865600586,0.9028888891415708,0.04561990471231079,0.017811207940798775,0.011437477533006876,0.009879821311691723,0.005265841623359125,0.004355497185440266,0.001113381798804253
huawei-nova2+p04_2_3+30cm,huawei-nova2,p04,30cm,16000,1.865,INSUFFICIENT_DATA,0.0,0.0634481392296603,7000.0,27.20655059814453,-57.85260772705078,0.2888663138363595,0.01932586733111569,0.010925810197177843,0.061620304724509474,0.3046695041601338,0.006758367929608071,0.021953280562112477,0.016572603952231413
huawei-nova2+p04_2_3+60cm,huawei-nova2,p04,60cm,16000,1.865,INSUFFICIENT_DATA,0.0,0.10868958305776363,7000.0,31.088417053222656,-56.903228759765625,0.6898993953643225,0.027675214712393214,0.01876688489773508,0.027353067738019026,0.09199353284411711,0.007073101746440416,0.02128339904163138,0.024134622654043376
huawei-nova2+p04_2_4+100cm,huawei-nova2,p04,100cm,16000,1.66,INSUFFICIENT_DATA,0.0,0.09723292400385308,7000.0,20.01818084716797,-56.26716995239258,0.8350714595684329,0.06638898427841561,0.020420576362440178,0.013052556840460685,0.0197853668844133,0.008953480973483178,0.014947209408198044,0.008366828637134895
huawei-nova2+p04_2_4+150cm,huawei-nova2,p04,150cm,16000,1.742,INSUFFICIENT_DATA,0.0,0.1407023471681321,4398.4375,10.233741760253906,-58.28709030151367,0.5377651441729223,0.04662309081852556,0.02144275889084881,0.05654681085140508,0.17453602025328607,0.015484643238056902,0.016002508097649245,0.00539692140723024
huawei-nova2+p04_2_4+300cm,huawei-nova2,p04,300cm,16000,1.66,INSUFFICIENT_DATA,0.0,0.45048908419379746,7000.0,7.889106750488281,-58.73416519165039,0.8953845641115001,0.060002890669817545,0.01923154122577084,0.0077904875079565115,0.006341894098555419,0.004874869853675931,0.004001938949714137,0.0009832661785365462
huawei-nova2+p04_2_4+30cm,huawei-nova2,p04,30cm,16000,1.66,INSUFFICIENT_DATA,0.0,0.07169188562000502,7000.0,26.861251831054688,-57.488521575927734,0.34362542354042963,0.030218775407438246,0.011439655473836033,0.05744815026685353,0.2725326711842854,0.007340525543867763,0.022209698852908022,0.015396841378131972
huawei-nova2+p04_2_4+60cm,huawei-nova2,p04,60cm,16000,1.742,INSUFFICIENT_DATA,0.0,0.14494691600018259,7000.0,32.47437286376953,-57.90961837768555,0.6570379082283373,0.02581037458840596,0.017560947135819533,0.029407419307669665,0.10265923734819994,0.005956738486776661,0.021369714635815253,0.02936276935858101
huawei-nova2+p04_2_5+100cm,huawei-nova2,p04,100cm,16000,1.435,INSUFFICIENT_DATA,0.0,0.08046842749255753,7046.875,20.06659698486328,-57.17265319824219,0.8392401137806865,0.04746317530241807,0.02643214877006698,0.012971871214104437,0.023783242273719182,0.007786894198230337,0.015772658822742234,0.009726543831828178
huawei-nova2+p04_2_5+10cm,huawei-nova2,p04,10cm,16000,1.455,INSUFFICIENT_DATA,0.0,0.0923276525152644,7000.0,37.629417419433594,-56.70506286621094,0.3070165451414606,0.02031906835255324,0.006403810919136405,0.05204803842457229,0.2602699827799913,0.005130760229789769,0.023637281208079598,0.052140934518648874
huawei-nova2+p04_2_5+300cm,huawei-nova2,p04,300cm,16000,1.455,INSUFFICIENT_DATA,0.0,0.47900538442357865,4226.5625,8.959663391113281,-58.75343704223633,0.9120229664840198,0.04221656116790265,0.016309925276842843,0.009315879875764911,0.008351704640069837,0.005033626374192492,0.004204743037072437,0.0009877215536043802
huawei-nova2+p04_2_5+60cm,huawei-nova2,p04,60cm,16000,1.455,INSUFFICIENT_DATA,0.0,0.14099575686715637,7000.0,34.83441162109375,-57.5422477722168,0.5404388470756163,0.026954943257816513,0.022345577271383112,0.032547545467155804,0.13321854387638585,0.006922193892783478,0.025972106144430487,0.04878355613746807
huawei-nova2+p04_3_1+10cm,huawei-nova2,p04,10cm,16000,1.517,INSUFFICIENT_DATA,0.0,0.1175076742008759,7000.0,36.61946105957031,-56.54521560668945,0.3455932949212854,0.02647036606115674,0.009525472602570096,0.04793187290201416,0.2370866738668622,0.006660630812731986,0.024895655493996915,0.051899973857933594
huawei-nova2+p04_3_1+150cm,huawei-nova2,p04,150cm,16000,1.681,INSUFFICIENT_DATA,0.0,0.15364289161446182,7000.0,9.70904541015625,-58.15962219238281,0.5399985860251797,0.05338122358130036,0.02151861871477865,0.05616478751762434,0.1683999465880165,0.0168441886085371,0.01713914298346366,0.005948352578319347
huawei-nova2+p04_3_1+200cm,huawei-nova2,p04,200cm,16000,1.517,INSUFFICIENT_DATA,0.0,0.2440208872009933,4046.875,9.806961059570312,-59.48973083496094,0.7464114132330707,0.05424249645387898,0.023666989017028447,0.049743897441658115,0.07138039055533588,0.014183830962981732,0.012507542402133058,0.0033923632405775637
huawei-nova2+p04_3_1+300cm,huawei-nova2,p04,300cm,16000,1.517,INSUFFICIENT_DATA,0.0,0.4041079187259734,7000.0,7.967613220214844,-59.47349548339844,0.9019032851368723,0.05111547388424289,0.01954934456701155,0.008236629881892258,0.006534156345044035,0.005377185880017896,0.004618660629490552,0.00123781794837185
huawei-nova2+p04_3_1+30cm,huawei-nova2,p04,30cm,16000,1.681,INSUFFICIENT_DATA,0.0,0.07368330394729232,7000.0,27.976837158203125,-57.12042999267578,0.3622231678359783,0.026309096273453,0.010648035029653542,0.05666918892052847,0.2643149249761465,0.008362271730594227,0.020031971260718522,0.017110492539775705
huawei-nova2+p04_3_1+60cm,huawei-nova2,p04,60cm,16000,1.541,INSUFFICIENT_DATA,0.0,0.08156573229496739,7000.0,32.98431396484375,-55.09397506713867,0.7196364123734271,0.025225835132622797,0.014821351060141525,0.02246981358246077,0.07316388512320376,0.0059879664825917694,0.020078547373342862,0.03196701309608504
huawei-nova2+p04_3_2+100cm,huawei-nova2,p04,100cm,16000,1.988,INSUFFICIENT_DATA,0.0,0.06757847668854881,7000.0,25.473594665527344,-54.36712646484375,0.8579752015162049,0.06509049764596829,0.01794280345825311,0.009860895070739381,0.014507006290485796,0.005622639893214935,0.010890881411753114,0.007523692216314054
huawei-nova2+p04_3_2+150cm,huawei-nova2,p04,150cm,16000,1.68,INSUFFICIENT_DATA,0.0,0.11004051027837615,4218.75,8.285697937011719,-57.39194869995117,0.6164444342760608,0.05433590339793509,0.021745622403656118,0.04846403387746149,0.12845511657731837,0.017753380233585404,0.018428063840438824,0.007664983719894384
huawei-nova2+p04_3_2+200cm,huawei-nova2,p04,200cm,16000,1.988,INSUFFICIENT_DATA,0.0,0.19250223918181814,4046.875,10.982925415039062,-59.28342819213867,0.7842764521334096,0.05968616448437899,0.025253672679027214,0.037761510418317865,0.048914583689508025,0.013844484549425594,0.013543375776595876,0.0035178845646501285
huawei-nova2+p04_3_2+30cm,huawei-nova2,p04,30cm,16000,1.865,INSUFFICIENT_DATA,0.0,0.07121203717462857,7000.0,26.30786895751953,-55.53184509277344,0.5273549257421063,0.04226200903438353,0.012814030858145354,0.04154132932303794,0.17918403405731023,0.00868541489733272,0.019901334387410142,0.013583294566856927
huawei-nova2+p04_3_3+10cm,huawei-nova2,p04,10cm,16000,1.421,INSUFFICIENT_DATA,0.0,0.10099625336126612,7000.0,37.533531188964844,-56.765193939208984,0.33445760705384264,0.02533015692986249,0.007532505145825085,0.04872912499282468,0.244140452003181,0.006936230405080397,0.024177556268102703,0.052341079328833987
huawei-nova2+p04_3_3+150cm,huawei-nova2,p04,150cm,16000,1.455,INSUFFICIENT_DATA,0.0,0.09323846349107401,4148.4375,10.47808837890625,-58.3698616027832,0.5369084486868516,0.044499588996235635,0.02096859864412969,0.05598246401024181,0.1767024933499118,0.012808114600648346,0.013985434130284705,0.005982576617610872
huawei-nova2+p04_3_3+200cm,huawei-nova2,p04,200cm,16000,1.421,INSUFFICIENT_DATA,0.0,0.1647714500955785,7070.3125,10.590545654296875,-59.29082489013672,0.7619965829931822,0.07754318517381936,0.032114020140125675,0.03967952996031057,0.04716159880671726,0.01231987418922873,0.012264755126316505,0.004674023682272269
huawei-nova2+p04_3_3+300cm,huawei-nova2,p04,300cm,16000,1.455,INSUFFICIENT_DATA,0.0,0.34352273102266456,4242.1875,12.076873779296875,-59.63454818725586,0.8845223966243092,0.05237913952803358,0.02305459911535739,0.013073995877287803,0.01166509192296873,0.006692257372887487,0.0046453932396729545,0.0013574993600379787
huawei-nova2+p04_3_4+100cm,huawei-nova2,p04,100cm,16000,0.82,INSUFFICIENT_DATA,0.0,0.040020783816290664,7000.0,24.610000610351562,-53.37362289428711,0.7748472638720488,0.09407946032290428,0.04559052970015783,0.015238827960826172,0.015938879257324838,0.009339340706873957,0.011356301246544178,0.005998335903049054
huawei-nova2+p04_3_4+150cm,huawei-nova2,p04,150cm,16000,0.705,INSUFFICIENT_DATA,0.0,0.10834136257410217,6906.25,12.847801208496094,-57.651161193847656,0.5649538294947796,0.06796717837312408,0.04057864763948846,0.05511054502321707,0.12874576945968733,0.026627356502188063,0.02736194619668271,0.008418648346841298
huawei-nova2+p04_3_4+300cm,huawei-nova2,p04,300cm,16000,0.779,INSUFFICIENT_DATA,0.0,0.3610172355659015,7000.0,9.593223571777344,-60.046600341796875,0.8810861389695219,0.06078323138071461,0.022811002735094045,0.0105050915356605,0.008377798661991223,0.006502514563291284,0.005723067242883232,0.0014348257477522271
huawei-nova2+p04_3_4+60cm,huawei-nova2,p04,60cm,16000,0.82,INSUFFICIENT_DATA,0.0,0.052856185489351205,7000.0,33.022666931152344,-54.33637237548828,0.691277477667993,0.08565270342817102,0.05428126552879641,0.018433065785749967,0.045435307084069496,0.0097377975905897,0.01674211708016994,0.014451335009689923
huawei-nova2+p04_3_5+100cm,huawei-nova2,p04,100cm,16000,1.64,INSUFFICIENT_DATA,0.0,0.0807512439496456,7000.0,26.65149688720703,-56.20146942138672,0.8466880561843316,0.046220194867873356,0.022935895487760555,0.014395181793564506,0.019661789763444903,0.007268382288378483,0.014759117973187498,0.011097014789745516
huawei-nova2+p04_3_5+10cm,huawei-nova2,p04,10cm,16000,1.66,INSUFFICIENT_DATA,0.0,0.06503155701987572,7000.0,35.87294006347656,-56.43287658691406,0.34755309715621613,0.03747586533497047,0.010661322686845267,0.04856380314350528,0.23090741078394864,0.009533042596820515,0.027207168372348343,0.048906385508281316
huawei-nova2+p04_3_5+150cm,huawei-nova2,p04,150cm,16000,1.66,INSUFFICIENT_DATA,0.0,0.1226621446015613,4187.5,14.261985778808594,-58.73545837402344,0.5668322892353923,0.046336093324681964,0.023504588682058535,0.05678743884315644,0.1531086796642151,0.020594908111662306,0.02269761993228421,0.007786268351738531
huawei-nova2+p04_3_5+300cm,huawei-nova2,p04,300cm,16000,1.64,INSUFFICIENT_DATA,0.0,0.36381123172172763,4195.3125,12.355049133300781,-59.58707809448242,0.8863025605420645,0.05393538645325783,0.021376639554543764,0.012759206396030273,0.01162570810927626,0.005852393590732142,0.005082551081483768,0.0012190453174253887
huawei-nova2+p04_3_5+30cm,huawei-nova2,p04,30cm,16000,1.64,INSUFFICIENT_DATA,0.0,0.09342557182252184,7000.0,27.143798828125,-56.63605499267578,0.4642889084911996,0.01622285597643342,0.009402909908413524,0.04930763817629071,0.2297835657722289,0.0059976472569032374,0.013930322782113312,0.010642660796604636
huawei-nova2+p04_3_5+60cm,huawei-nova2,p04,60cm,16000,1.64,INSUFFICIENT_DATA,0.0,0.059910144403660374,7000.0,32.74054718017578,-55.57957077026367,0.6661918847672792,0.024340305108862842,0.0167684759829955,0.026493479875702015,0.10190019344706841,0.006172991656419589,0.021288422438357865,0.027772700497690244
huawei-nova2+p04_4_1+100cm,huawei-nova2,p04,100cm,16000,1.472,INSUFFICIENT_DATA,0.0,0.07069765253441865,7000.0,23.532608032226562,-54.892581939697266,0.872677114346501,0.04614829513555208,0.017409467410176484,0.012099443360551727,0.015387701253263938,0.006981397072412622,0.011309462735525931,0.007580936224972452
huawei-nova2+p04_4_1+10cm,huawei-nova2,p04,10cm,16000,1.502,INSUFFICIENT_DATA,0.0,0.07972652672292732,7000.0,36.136634826660156,-56.71870803833008,0.34232892312186186,0.04155272308101487,0.009784978980281628,0.047924428346466326,0.23122966869905764,0.009483393782827558,0.025367645722784927,0.052135286527180934
huawei-nova2+p04_4_1+150cm,huawei-nova2,p04,150cm,16000,1.472,INSUFFICIENT_DATA,0.0,0.12096620014058292,4210.9375,10.963111877441406,-58.092857360839844,0.5906173691334815,0.05560983562814132,0.02385155557239972,0.050100917264264425,0.14172803646403162,0.015977991551976618,0.01632666994365986,0.006604388989786146
huawei-nova2+p04_4_1+60cm,huawei-nova2,p04,60cm,16000,1.502,INSUFFICIENT_DATA,0.0,0.04944184225117721,7000.0,31.644630432128906,-53.51557159423828,0.6666679071552631,0.1430552586073634,0.02203696575434939,0.01833340171014612,0.054149538222932364,0.007393705298708491,0.015480482078937945,0.01553872548766615
huawei-nova2+p04_4_2+10cm,huawei-nova2,p04,10cm,16000,2.029,INSUFFICIENT_DATA,0.0,0.06651386658949149,7000.0,36.60313415527344,-56.724151611328125,0.3071388219549024,0.030236050489407924,0.007839578884612043,0.05144166556209849,0.25034386259440966,0.006542612708190691,0.023578877597764853,0.056201867322344494
huawei-nova2+p04_4_2+150cm,huawei-nova2,p04,150cm,16000,2.091,INSUFFICIENT_DATA,0.0,0.07947045608237922,7000.0,12.379859924316406,-58.787635803222656,0.49271473373966984,0.04092569695543733,0.020364468191350033,0.05648744992037404,0.20110091953954792,0.012732387551730904,0.013778357626624004,0.005868579380359722
huawei-nova2+p04_4_2+200cm,huawei-nova2,p04,200cm,16000,2.029,INSUFFICIENT_DATA,0.0,0.1864955602326657,4046.875,10.821388244628906,-59.5855712890625,0.757708532334562,0.0838669261442415,0.030350957958682718,0.038766226267244165,0.049216046446250696,0.011201988252869709,0.010355458383653239,0.0030310738056402507
huawei-nova2+p04_4_2+30cm,huawei-nova2,p04,30cm,16000,1.599,INSUFFICIENT_DATA,0.0,0.08899150095477107,7000.0,29.420913696289062,-57.842506408691406,0.25183745441763433,0.018515317144565068,0.010706992113734399,0.06570809779106625,0.32546860298601726,0.0051612025855164905,0.014913440306888922,0.014676530020278439
huawei-nova2+p04_4_2+60cm,huawei-nova2,p04,60cm,16000,2.091,INSUFFICIENT_DATA,0.0,0.047582450238962855,7000.0,30.719154357910156,-55.82612991333008,0.754574867340188,0.020900594932140783,0.01768987062762312,0.021529614583373175,0.06685073931504261,0.006478385058286228,0.01906386231062583,0.022939213034472727
huawei-nova2+p04_4_3+10cm,huawei-nova2,p04,10cm,16000,1.027,INSUFFICIENT_DATA,0.0,0.08040029387684909,7000.0,35.335906982421875,-56.126258850097656,0.4174678878527015,0.029565277983006875,0.008673070225308261,0.04547359474226391,0.2070871248009702,0.007676066952068428,0.024046328398262637,0.04646409099238961
huawei-nova2+p04_4_3+150cm,huawei-nova2,p04,150cm,16000,1.027,INSUFFICIENT_DATA,0.0,0.20307733478237597,7000.0,12.810020446777344,-58.11763381958008,0.6048672059407861,0.032340348946656716,0.02023776829462453,0.050037979152413634,0.14962263173850268,0.01266243686328505,0.01570963579373107,0.005958858197915105
huawei-nova2+p04_4_3+200cm,huawei-nova2,p04,200cm,16000,1.027,INSUFFICIENT_DATA,0.0,0.23250870887337552,4046.875,10.717018127441406,-59.59415817260742,0.7898690813779232,0.05234842983082942,0.023680350615355006,0.04019664890211344,0.05443961299431931,0.009853931270855515,0.009617102390883238,0.0028443888986000743
huawei-nova2+p04_4_3+300cm,huawei-nova2,p04,300cm,16000,1.027,INSUFFICIENT_DATA,0.0,0.24631738585239746,4242.1875,13.450897216796875,-60.595458984375,0.8679383855008451,0.06228211813088952,0.025110435004682435,0.015156887744466146,0.014246027076063057,0.006337990238648449,0.005639253085244556,0.0013821179403356212
huawei-nova2+p04_4_3+30cm,huawei-nova2,p04,30cm,16000,0.963,INSUFFICIENT_DATA,0.0,0.07985498161578397,7000.0,31.77887725830078,-57.59834289550781,0.3189344280588852,0.018797254166085135,0.010048245991569208,0.06086523620431638,0.29662551954271277,0.004932300438686018,0.01221259560397975,0.01198198840378231
huawei-nova2+p04_4_4+10cm,huawei-nova2,p04,10cm,16000,1.455,INSUFFICIENT_DATA,0.0,0.2037752051767455,7000.0,37.152313232421875,-55.545570373535156,0.4228609637585875,0.01947209232878898,0.006186662057981162,0.04310237261128425,0.21319644487925704,0.004675930646212548,0.020334507238301196,0.045353843669923455
huawei-nova2+p04_4_4+150cm,huawei-nova2,p04,150cm,16000,1.681,INSUFFICIENT_DATA,0.0,0.1439466586523756,4164.0625,9.821487426757812,-58.00251388549805,0.5931635403113044,0.05019706967383928,0.021729999320640056,0.05321017759794391,0.14131878208431434,0.018366869828688768,0.020251935726333114,0.007108416043108651
huawei-nova2+p04_4_4+200cm,huawei-nova2,p04,200cm,16000,1.455,INSUFFICIENT_DATA,0.0,0.1968425560803211,4046.875,11.079032897949219,-59.19371795654297,0.7671002812230937,0.06005506263695776,0.023978397983650288,0.04408315655395729,0.05826506875160419,0.014065620350253582,0.012943360280268369,0.003699537225598969
huawei-nova2+p04_4_4+300cm,huawei-nova2,p04,300cm,16000,1.681,INSUFFICIENT_DATA,0.0,0.17794813611204718,4203.125,7.701896667480469,-60.53767776489258,0.8603359947166366,0.06651086718175107,0.026749508503889876,0.014409286921854177,0.012971888433812508,0.008197556731485287,0.006550344797572494,0.001682527865646967
huawei-nova2+p04_4_4+30cm,huawei-nova2,p04,30cm,16000,1.681,INSUFFICIENT_DATA,0.0,0.08396792704124408,7000.0,26.793739318847656,-55.56725311279297,0.43645731803864873,0.02220838028657798,0.009345736545786217,0.04962376531132915,0.2376239689579938,0.006714092209227222,0.01736558908309925,0.013083090212653886
huawei-nova2+p04_4_4+60cm,huawei-nova2,p04,60cm,16000,1.455,INSUFFICIENT_DATA,0.0,0.14443725530730753,7000.0,35.68891143798828,-57.35778045654297,0.580365577979134,0.027421648355111062,0.021471992842410907,0.028416328603974108,0.1122850768386252,0.006036703535250488,0.025586038266373796,0.05112601961632913
huawei-nova2+p04_4_5+100cm,huawei-nova2,p04,100cm,16000,1.517,INSUFFICIENT_DATA,0.0,0.07727399516126793,7046.875,21.17127227783203,-56.145626068115234,0.7086150252511684,0.1735894109532183,0.035269418588996695,0.011718064469485893,0.021401985196872968,0.00978087565932508,0.014088230681192925,0.007522228199137481
huawei-nova2+p04_4_5+10cm,huawei-nova2,p04,10cm,16000,1.394,INSUFFICIENT_DATA,0.0,0.04356107485485575,7000.0,38.28643035888672,-56.92144775390625,0.24583323254971529,0.03456455977337481,0.008437597862551504,0.054048717947802645,0.27071223400116806,0.006689340858486442,0.023005143601936364,0.06358304753216977
huawei-nova2+p04_4_5+150cm,huawei-nova2,p04,150cm,16000,1.517,INSUFFICIENT_DATA,0.0,0.102226405033727,7000.0,11.020492553710938,-58.68233108520508,0.5150727566542005,0.048876304967117715,0.02667523327329955,0.054843080244164774,0.17402406622086072,0.01874800283179409,0.021824857262696243,0.009412701145490482
huawei-nova2+p04_4_5+200cm,huawei-nova2,p04,200cm,16000,1.517,INSUFFICIENT_DATA,0.0,0.21882459611111438,4046.875,11.60687255859375,-59.31526184082031,0.7686302638535841,0.06546667803702122,0.027424535763132557,0.03970198293836596,0.052566669199445366,0.013550085847258345,0.011654024625541803,0.00402656710293104
huawei-nova2+p04_4_5+300cm,huawei-nova2,p04,300cm,16000,1.517,INSUFFICIENT_DATA,0.0,0.2663704254464459,7000.0,8.107261657714844,-60.3255500793457,0.8786923419634938,0.06209045017212568,0.023366328453803473,0.011482109961217544,0.00925234961769706,0.006435548728590692,0.0053988270020964985,0.0013020219069328778
huawei-nova2+p04_4_5+60cm,huawei-nova2,p04,60cm,16000,1.496,INSUFFICIENT_DATA,0.0,0.19139052344165738,7000.0,34.28837585449219,-57.541473388671875,0.6201210195108674,0.02946422427034159,0.019404057190795156,0.027706181593978772,0.11054955701306167,0.0061470798700262175,0.021455455450690646,0.035333796795434275
huawei-nova2+p04_5_1+10cm,huawei-nova2,p04,10cm,16000,2.747,INSUFFICIENT_DATA,0.0,0.11861168690536746,7000.0,32.893707275390625,-55.66510772705078,0.5037890224865347,0.02382541310568364,0.008595660405138764,0.039406378323886104,0.1747613641987107,0.0071908886186857,0.02895318786177956,0.03596792426787018
huawei-nova2+p04_5_1+150cm,huawei-nova2,p04,150cm,16000,2.599,INSUFFICIENT_DATA,0.0,0.14771298726066825,6765.625,13.199844360351562,-57.2850341796875,0.6593390677153481,0.0447289412099108,0.021703891612451325,0.0479007635159752,0.11212443213646549,0.016525540455161886,0.019631830477187515,0.007645702887610406
huawei-nova2+p04_5_1+200cm,huawei-nova2,p04,200cm,16000,2.747,INSUFFICIENT_DATA,0.0,0.22644390877518944,4046.875,12.152183532714844,-58.39078903198242,0.8090156720501807,0.04309367601960966,0.019778626636963243,0.03638375986492761,0.04877649691213119,0.011866544473671579,0.01263598527142468,0.0033151121889482982
huawei-nova2+p04_5_1+300cm,huawei-nova2,p04,300cm,16000,2.599,INSUFFICIENT_DATA,0.0,0.17551998248751113,4265.625,10.656158447265625,-60.12473678588867,0.8580590548277707,0.06540692706751662,0.030350830449665925,0.014108680194963441,0.012689792269889909,0.008358517122582001,0.006578670673221412,0.0018750036964444196
huawei-nova2+p04_5_1+30cm,huawei-nova2,p04,30cm,16000,2.747,INSUFFICIENT_DATA,0.0,0.10851061066618439,7000.0,25.220016479492188,-55.466148376464844,0.5456726182215098,0.021333252057170144,0.011947079550254274,0.041225182550052135,0.1790484935799188,0.007722549190830161,0.02123346804489282,0.01394921669430038
huawei-nova2+p04_5_1+60cm,huawei-nova2,p04,60cm,16000,2.747,INSUFFICIENT_DATA,0.0,0.03201339083808186,7000.0,28.273338317871094,-54.01890563964844,0.8386328506743996,0.019995536503143563,0.013149988407584115,0.015371007872202804,0.041669532768038565,0.0057954590289553826,0.013440520547554189,0.013146307292462982
huawei-nova2+p04_5_2+100cm,huawei-nova2,p04,100cm,16000,2.111,INSUFFICIENT_DATA,0.0,0.07342396235222444,7000.0,22.41930389404297,-55.46955108642578,0.8488510301899087,0.05200349997189477,0.026354369199320705,0.012569284958931743,0.018353917237201714,0.007754421005756433,0.013997365749751644,0.0077326376520757975
huawei-nova2+p04_5_2+150cm,huawei-nova2,p04,150cm,16000,2.152,INSUFFICIENT_DATA,0.0,0.10104210348036176,4289.0625,12.780403137207031,-57.68897247314453,0.6009822763893636,0.06648138343811519,0.02316465597253163,0.051802705170314184,0.12559304925296158,0.0172041064645865,0.023525315666663757,0.008041687890328972
huawei-nova2+p04_5_2+200cm,huawei-nova2,p04,200cm,16000,2.111,INSUFFICIENT_DATA,0.0,0.1801033589192968,4046.875,10.791618347167969,-58.483802795410156,0.7980151110288152,0.05226417103503321,0.021313695345705302,0.03613075253908643,0.04663130756362774,0.013627401276323397,0.014487576359155591,0.0040927048037975545
huawei-nova2+p04_5_2+300cm,huawei-nova2,p04,300cm,16000,1.845,INSUFFICIENT_DATA,0.0,0.321684834506755,4265.625,8.628303527832031,-58.874603271484375,0.8978137596655443,0.04947101561950637,0.019588318850214687,0.0102721436618042,0.009380360084145646,0.006083634197383678,0.00467478402878482,0.0011300347156228574
huawei-nova2+p04_5_2+60cm,huawei-nova2,p04,60cm,16000,2.152,INSUFFICIENT_DATA,0.0,0.05424708601819808,7000.0,31.118270874023438,-54.99668502807617,0.7571480108814699,0.02254299520270655,0.01784575941588749,0.020884661735645235,0.06485997825074302,0.006484576799640084,0.019211550495140638,0.022033329129483737
huawei-nova2+p04_5_3+150cm,huawei-nova2,p04,150cm,16000,2.214,INSUFFICIENT_DATA,0.0,0.1117417939716324,4281.25,14.645652770996094,-57.046234130859375,0.6993737903496718,0.03527112879150146,0.018702740057931433,0.043655903853650646,0.10082583594994442,0.014387872602129412,0.017766374805176673,0.005890359208127571
huawei-nova2+p04_5_3+200cm,huawei-nova2,p04,200cm,16000,2.337,INSUFFICIENT_DATA,0.0,0.1876565958989159,4046.875,12.278999328613281,-58.81832504272461,0.8007585643165274,0.04545251949091889,0.02288423629534893,0.036848138938088464,0.049634762955007204,0.012149833900791576,0.013001600748274013,0.0037853421058266254
huawei-nova2+p04_5_3+30cm,huawei-nova2,p04,30cm,16000,2.214,INSUFFICIENT_DATA,0.0,0.07399184349550904,7000.0,21.50762176513672,-55.077919006347656,0.5978110365635412,0.03496980225171462,0.012807881080211601,0.03544660786055344,0.1562535617532063,0.007631672154040061,0.01699072848120728,0.008535111226520516
huawei-nova2+p04_5_3+60cm,huawei-nova2,p04,60cm,16000,2.214,INSUFFICIENT_DATA,0.0,0.05243860580297532,7000.0,30.43358612060547,-54.11494827270508,0.8079578615954814,0.021162295404393586,0.014893721732685198,0.01863912445691871,0.051226072941918846,0.006051348480329322,0.01441950051047677,0.016671092387892685
huawei-nova2+p04_5_4+10cm,huawei-nova2,p04,10cm,16000,2.091,INSUFFICIENT_DATA,0.0,0.08561317502723022,7000.0,37.33673095703125,-57.33116912841797,0.2623001840133331,0.024851847509092445,0.007960803144586923,0.0521951280780033,0.26917016189697884,0.005567912498604553,0.022924505402938843,0.062577856639957
huawei-nova2+p04_5_4+150cm,huawei-nova2,p04,150cm,16000,2.009,INSUFFICIENT_DATA,0.0,0.14062066508788734,5000.0,13.220527648925781,-58.31866455078125,0.5774210750856034,0.04451372194138161,0.022702270125539565,0.05722839657927349,0.149656419153308,0.01803858060438551,0.020217321453451027,0.00791300806204602
huawei-nova2+p04_5_4+200cm,huawei-nova2,p04,200cm,16000,2.009,INSUFFICIENT_DATA,0.0,0.2695140857617713,4046.875,15.212661743164062,-58.55400085449219,0.7950172084722235,0.04844839949736042,0.019347842476790156,0.03833539097900596,0.055526544174352106,0.009995407569379633,0.008969807012294415,0.0030231474734257976
huawei-nova2+p04_5_4+30cm,huawei-nova2,p04,30cm,16000,2.152,INSUFFICIENT_DATA,0.0,0.07867241151291571,7000.0,26.392791748046875,-56.488067626953125,0.4345223626845815,0.019644183058994617,0.013269954619032864,0.0505493943520767,0.23705220534082422,0.007049690377832509,0.020136468777190976,0.012286235837584827
huawei-nova2+p04_5_4+60cm,huawei-nova2,p04,60cm,16000,2.091,INSUFFICIENT_DATA,0.0,0.09410469256314062,7000.0,34.063690185546875,-57.422367095947266,0.6838329922142706,0.024152400301097974,0.018231522976206803,0.02334837966167881,0.08358355844407171,0.00629367983113183,0.021182565689128807,0.03663488744986602
huawei-nova2+p04_6_1+100cm,huawei-nova2,p04,100cm,16000,2.0,INSUFFICIENT_DATA,0.0,0.1863386289467168,7000.0,22.524017333984375,-58.299835205078125,0.8393149917809676,0.033299387484588244,0.028616673678088005,0.015169812314707537,0.023643367051182574,0.007448622320084603,0.01705877884740164,0.013023432058223375
huawei-nova2+p04_6_1+200cm,huawei-nova2,p04,200cm,16000,2.23,INSUFFICIENT_DATA,0.0,0.21129637446257124,4046.875,12.027305603027344,-58.2974967956543,0.7661563812228915,0.06534782700796778,0.02132883345175793,0.04001772637306938,0.057278847233601014,0.012025491546393591,0.010536167216080031,0.0036500842566839233
huawei-nova2+p04_6_1+300cm,huawei-nova2,p04,300cm,16000,2.0,INSUFFICIENT_DATA,0.0,0.3883155379302781,5406.25,8.845115661621094,-58.127349853515625,0.9069523956330813,0.0481648689942448,0.017944002867533997,0.00822526777101202,0.00624790646353894,0.005305620921284547,0.004207392833061873,0.0011393060821334295
huawei-nova2+p04_6_1+30cm,huawei-nova2,p04,30cm,16000,2.0,INSUFFICIENT_DATA,0.0,0.0894958307507581,7000.0,28.120040893554688,-55.794403076171875,0.5120225177604623,0.03290910229845063,0.011447905259833734,0.04260312456086169,0.1948232511989547,0.006781481871532186,0.015417510350083903,0.01228091068984419
huawei-nova2+p04_6_2+10cm,huawei-nova2,p04,10cm,16000,1.947,INSUFFICIENT_DATA,0.0,0.0450791595116501,7000.0,34.48908996582031,-55.903228759765625,0.4290414618060569,0.02244237534744454,0.007550272401933662,0.046901566445770135,0.20767547056254562,0.0069495263921935885,0.025656994464849245,0.0419674443115969
huawei-nova2+p04_6_2+200cm,huawei-nova2,p04,200cm,16000,2.275,INSUFFICIENT_DATA,0.0,0.19537511627397627,4046.875,11.170417785644531,-58.81388854980469,0.7735182472419468,0.04921900111149203,0.020632114738867915,0.04565159280308066,0.06361722647143067,0.01085797997352126,0.010401534403950773,0.0032520221513463133
huawei-nova2+p04_6_2+300cm,huawei-nova2,p04,300cm,16000,1.947,INSUFFICIENT_DATA,0.0,0.36755535734557504,4281.25,10.549484252929688,-58.05313491821289,0.9215964193089511,0.03667781534449971,0.01581765230090687,0.008042102663485779,0.007395806755787971,0.004668592890390847,0.003466397419863601,0.0009576542217246334
huawei-nova2+p04_6_2+60cm,huawei-nova2,p04,60cm,16000,1.947,INSUFFICIENT_DATA,0.0,0.04217295366832391,7000.0,30.041885375976562,-52.39297866821289,0.8681120703887474,0.01999238849942613,0.008606793697842468,0.012225036945029312,0.03443355823037922,0.004151037438405509,0.00956216770897782,0.010174905843342151
huawei-nova2+p04_6_3+100cm,huawei-nova2,p04,100cm,16000,2.685,INSUFFICIENT_DATA,0.0,0.0914129194502578,7000.0,18.104515075683594,-54.1317024230957,0.8065760333345023,0.08787664778202588,0.024015555654702994,0.013416686326295548,0.0206054183797583,0.008027269920633791,0.01750085262193826,0.009372703870136128
huawei-nova2+p04_6_3+10cm,huawei-nova2,p04,10cm,16000,2.296,INSUFFICIENT_DATA,0.0,0.051565210966984514,7000.0,35.74913024902344,-56.788387298583984,0.2995987281727765,0.026720100423360996,0.008999239357528345,0.05268444795840151,0.25419435065720597,0.009039656944950198,0.03137288304726925,0.05355528711732519
huawei-nova2+p04_6_3+150cm,huawei-nova2,p04,150cm,16000,2.296,INSUFFICIENT_DATA,0.0,0.07221241067040675,4265.625,12.307113647460938,-57.312198638916016,0.6717549245856168,0.040323429871592854,0.021202572347780873,0.048529534690543726,0.11198846285541271,0.014524991284878847,0.017640231152639636,0.006681891396061237
huawei-nova2+p04_6_3+300cm,huawei-nova2,p04,300cm,16000,2.685,INSUFFICIENT_DATA,0.0,0.3799124153047747,4210.9375,7.3105621337890625,-57.98818588256836,0.923559378993029,0.03673631348276337,0.014686486081916103,0.007930139573046887,0.007286047771140712,0.004081388749576848,0.003381685308016035,0.0008929015752193461
huawei-nova2+p04_6_3+30cm,huawei-nova2,p04,30cm,16000,2.685,INSUFFICIENT_DATA,0.0,0.09990481651562215,7000.0,25.28844451904297,-55.70732879638672,0.5172096779689339,0.028256197814132435,0.013602462692913635,0.042934793142242446,0.19290494080890389,0.0073985900255552715,0.019012481274635003,0.011395680790751268
huawei-nova2+p04_6_3+60cm,huawei-nova2,p04,60cm,16000,2.296,INSUFFICIENT_DATA,0.0,0.05663961814926059,7000.0,29.960311889648438,-54.02648162841797,0.8231101940552674,0.0252380060916188,0.01674344686722133,0.01596698152809568,0.04369276403486624,0.005627726512948058,0.013008728743888026,0.0138918851588073
huawei-nova2+p04_6_4+100cm,huawei-nova2,p04,100cm,16000,2.091,INSUFFICIENT_DATA,0.0,0.14658661696048325,7000.0,20.295486450195312,-57.09610366821289,0.8205839900194345,0.06205727575734873,0.028827054139257183,0.013489384018457552,0.023564458490134513,0.007819776027974184,0.014662873524862658,0.008783433394831664
huawei-nova2+p04_6_4+10cm,huawei-nova2,p04,10cm,16000,2.091,INSUFFICIENT_DATA,0.0,0.07390337897389428,7000.0,38.34162902832031,-57.1682014465332,0.23737468370170334,0.02340652202618808,0.007557228849836232,0.0543030026727918,0.28186513071976926,0.0053926809464370775,0.02238985883426377,0.06418033587307768
huawei-nova2+p04_6_4+150cm,huawei-nova2,p04,150cm,16000,2.009,INSUFFICIENT_DATA,0.0,0.11074679739092332,7000.0,12.649269104003906,-58.4705696105957,0.5479589524390498,0.044232752268886344,0.023294910421802015,0.05601511389477674,0.16588477296398257,0.0161960948712745,0.020084735117990977,0.007050895109005832
huawei-nova2+p04_6_4+300cm,huawei-nova2,p04,300cm,16000,2.009,INSUFFICIENT_DATA,0.0,0.4315382062079329,4250.0,10.686798095703125,-57.54235076904297,0.9274784579470257,0.03812887680820168,0.014090320935362142,0.006204128427847575,0.00550082596763675,0.0034386548747419145,0.0029580205099803887,0.0008093986259149215
huawei-nova2+p04_6_4+30cm,huawei-nova2,p04,30cm,16000,2.091,INSUFFICIENT_DATA,0.0,0.10704968429735574,7000.0,29.55499267578125,-57.385040283203125,0.35958210257828416,0.01648096488541306,0.009818710216462197,0.056570684986523824,0.27698026369571443,0.005779146059551931,0.015595707168194193,0.013065860799167918
huawei-nova2+p04_6_4+60cm,huawei-nova2,p04,60cm,16000,2.091,INSUFFICIENT_DATA,0.0,0.07772352631150867,7000.0,34.877716064453125,-57.5462646484375,0.6724205851428192,0.02547471190204883,0.017926967471888565,0.024571938732059907,0.08553259394453577,0.006832685558271391,0.021954852212685047,0.038152397240042664
huawei-nova2+p05_1_1+100cm,huawei-nova2,p05,100cm,16000,1.336,INSUFFICIENT_DATA,0.0,0.23930242898599982,7000.0,22.33173370361328,-58.82013702392578,0.8194685754233895,0.04226605281455466,0.03471691438057036,0.014758137980537194,0.027350975023291483,0.009554531513473635,0.01831395484606272,0.009508775113948225
huawei-nova2+p05_1_1+10cm,huawei-nova2,p05,10cm,16000,1.512,INSUFFICIENT_DATA,0.0,0.10393876520760968,7000.0,37.559242248535156,-57.022743225097656,0.29984110242829115,0.020879720207394786,0.006715017269697137,0.050289939291061764,0.2605040367823977,0.0055724159805883855,0.024381593773706096,0.05738979005567267
huawei-nova2+p05_1_1+150cm,huawei-nova2,p05,150cm,16000,1.512,INSUFFICIENT_DATA,0.0,0.14220774642496506,7000.0,18.949485778808594,-58.8538932800293,0.5200240060560004,0.031608408328628414,0.01715434272324636,0.05589458664015853,0.1979779638731256,0.008097525796522734,0.008264894670095654,0.0041136382953997925
huawei-nova2+p05_1_1+60cm,huawei-nova2,p05,60cm,16000,1.512,INSUFFICIENT_DATA,0.0,0.13891945720422647,7000.0,35.81511688232422,-58.96492385864258,0.5814385162164356,0.030819867699170805,0.024498843131077176,0.02817145025487118,0.1070595350018482,0.008767878035701502,0.02777851667407578,0.04887219681431553
huawei-nova2+p05_1_2+100cm,huawei-nova2,p05,100cm,16000,1.226,INSUFFICIENT_DATA,0.0,0.08493721185982303,7000.0,22.440467834472656,-54.45839309692383,0.8931483688197343,0.020851695321506828,0.016659730113860183,0.013399970703410802,0.01835092414104314,0.005891995348493615,0.014476641011990506,0.007766046685394075
huawei-nova2+p05_1_2+10cm,huawei-nova2,p05,10cm,16000,1.345,INSUFFICIENT_DATA,0.0,0.06760788241144837,7000.0,34.13775634765625,-56.70549774169922,0.3920891779982659,0.022509885539505465,0.008371607677854715,0.04959250649721949,0.2191337560084523,0.0083647921278727,0.03984030822204395,0.04336082338552616
huawei-nova2+p05_1_2+150cm,huawei-nova2,p05,150cm,16000,1.046,INSUFFICIENT_DATA,0.0,0.1424454967988464,4203.125,14.032188415527344,-59.040306091308594,0.544809610700821,0.040374344909120036,0.023191470409501536,0.0729273857325319,0.17125797286321431,0.015119696189985838,0.01987788738135467,0.00733365006607206
huawei-nova2+p05_1_2+300cm,huawei-nova2,p05,300cm,16000,1.226,INSUFFICIENT_DATA,0.0,0.46122519371771215,7000.0,7.760955810546875,-57.07405471801758,0.9345903456951961,0.03653538051859407,0.013239263983490528,0.004884343062759701,0.00380584571965194,0.0029557572753818326,0.002690001654111804,0.0007012349577125678
huawei-nova2+p05_1_2+30cm,huawei-nova2,p05,30cm,16000,1.345,INSUFFICIENT_DATA,0.0,0.06848218183644462,7000.0,26.996803283691406,-54.38734436035156,0.6419561636168634,0.02119648898206897,0.011063553290737363,0.03333493557000922,0.13969052944012744,0.005265176650176262,0.015755074014051042,0.010842087638066778
huawei-nova2+p05_1_2+60cm,huawei-nova2,p05,60cm,16000,1.345,INSUFFICIENT_DATA,0.0,0.030996088528924392,7000.0,26.712799072265625,-51.23902130126953,0.8886250812408161,0.019557899712160483,0.01401749352031991,0.011573685707002516,0.027353381638936095,0.00364882155310104,0.007733762928357404,0.006179983166277239
huawei-nova2+p05_1_3+100cm,huawei-nova2,p05,100cm,16000,1.151,INSUFFICIENT_DATA,0.0,0.0578622014559906,7000.0,19.930038452148438,-52.67095184326172,0.9096134535138547,0.018139615992144024,0.01617695537389332,0.012906261801973178,0.01714665369953575,0.004516024442502833,0.009320315604372617,0.004466431612249093
huawei-nova2+p05_1_3+150cm,huawei-nova2,p05,150cm,16000,1.221,INSUFFICIENT_DATA,0.0,0.1444878909218635,4117.1875,9.280158996582031,-58.1389274597168,0.6265661562659794,0.04474018148350466,0.03574143700721197,0.057859557747644064,0.11842970848340778,0.019156125335594867,0.026332928324112242,0.009004291453750141
huawei-nova2+p05_1_3+200cm,huawei-nova2,p05,200cm,16000,1.221,INSUFFICIENT_DATA,0.0,0.20617467803895573,4109.375,12.24334716796875,-59.14830017089844,0.7507019116157477,0.04334347026757157,0.027287977281602753,0.052125374245041385,0.07379229230076974,0.011886697111626272,0.010567121746914156,0.0034413759824094463
huawei-nova2+p05_1_3+30cm,huawei-nova2,p05,30cm,16000,1.221,INSUFFICIENT_DATA,0.0,0.06989458415278227,7000.0,28.558387756347656,-55.678348541259766,0.528108993104238,0.01676734606349797,0.012025755095014645,0.04294775021716285,0.19180301323826104,0.00710624222324298,0.01859834102056012,0.015097500837950287
huawei-nova2+p05_1_4+100cm,huawei-nova2,p05,100cm,16000,2.361,INSUFFICIENT_DATA,0.0,0.08815191418062594,7000.0,18.287940979003906,-53.168983459472656,0.9053819980434221,0.01662337220044032,0.020350170294489402,0.014083339639155576,0.018219580190281342,0.0036761760984066814,0.009223945551343584,0.004679048911950346
huawei-nova2+p05_1_4+10cm,huawei-nova2,p05,10cm,16000,1.48,INSUFFICIENT_DATA,0.0,0.07427064365861302,7000.0,36.169090270996094,-57.133934020996094,0.3061239161484213,0.021833064106555018,0.007250360450467489,0.05104442814159961,0.25797925336522104,0.005273484542267319,0.033465652399524766,0.055540561298172676
huawei-nova2+p05_1_4+150cm,huawei-nova2,p05,150cm,16000,2.361,INSUFFICIENT_DATA,0.0,0.13733840948079634,4195.3125,11.6578369140625,-58.67496109008789,0.5652678536105878,0.0384603583848289,0.03284888677307551,0.06104754463023466,0.16054198957931687,0.012377107185336802,0.018769917143911765,0.0051179613444806045
huawei-nova2+p05_1_4+300cm,huawei-nova2,p05,300cm,16000,2.361,INSUFFICIENT_DATA,0.0,0.4181189644031788,4250.0,7.527412414550781,-57.65110397338867,0.9246895262286178,0.041058716155291226,0.015207200622308518,0.006398350551992025,0.004908872452732839,0.0032535744751388423,0.002751582255452446,0.0007143628806127286
huawei-nova2+p05_1_4+30cm,huawei-nova2,p05,30cm,16000,1.285,INSUFFICIENT_DATA,0.0,0.04795613639305381,7000.0,28.331085205078125,-55.89826583862305,0.5222590846357251,0.018776691763204664,0.01537716301052058,0.04365879667814996,0.19080790732889036,0.005327357042013688,0.021479725444427618,0.014843979483539639
huawei-nova2+p05_1_4+60cm,huawei-nova2,p05,60cm,16000,1.285,INSUFFICIENT_DATA,0.0,0.04607812485087989,7000.0,32.12328338623047,-52.200218200683594,0.86196837747747,0.018576214765600636,0.021057932494179265,0.013065785653089012,0.03046026541222428,0.0037825703072394768,0.010322155670108609,0.010395917149017737
huawei-nova2+p05_1_5+100cm,huawei-nova2,p05,100cm,16000,1.569,INSUFFICIENT_DATA,0.0,0.10847085019416251,7000.0,22.176246643066406,-53.78880310058594,0.9079089606602891,0.01787803683505557,0.014136159656097786,0.014704763445774961,0.017477237397403395,0.004305385171773726,0.009940264960213052,0.005598975362045772
huawei-nova2+p05_1_5+150cm,huawei-nova2,p05,150cm,16000,1.345,INSUFFICIENT_DATA,0.0,0.151900299291859,4203.125,11.514801025390625,-58.87497329711914,0.6084003312877018,0.040016115336444516,0.02681999885429633,0.06980447999618129,0.13649902299937874,0.015068582836067677,0.01994632113133821,0.00759248427463663
huawei-nova2+p05_1_5+300cm,huawei-nova2,p05,300cm,16000,1.345,INSUFFICIENT_DATA,0.0,0.5027020950207751,7000.0,8.703933715820312,-56.17194366455078,0.947228387734744,0.030572708617098737,0.010383591301815964,0.0038641777537911765,0.0024530121010465566,0.0022715350384568318,0.0019500696325307322,0.0005049268116926352
huawei-nova2+p05_1_5+30cm,huawei-nova2,p05,30cm,16000,1.569,INSUFFICIENT_DATA,0.0,0.08163619959141981,7000.0,27.452438354492188,-56.86101531982422,0.41054598431894623,0.01732777516124111,0.010314952547861687,0.05526760863964655,0.2436941161812264,0.006194122614356915,0.025816896690655643,0.01797649257531572
huawei-nova2+p05_1_5+60cm,huawei-nova2,p05,60cm,16000,1.569,INSUFFICIENT_DATA,0.0,0.10438413868809847,7000.0,31.56451416015625,-53.54962921142578,0.8401983417066835,0.018313240373356115,0.012040900105219104,0.016149571987514478,0.042361402407392376,0.0041017252848431565,0.012023977544124527,0.014101856794648081
huawei-nova2+p05_2_1+100cm,huawei-nova2,p05,100cm,16000,1.315,INSUFFICIENT_DATA,0.0,0.0772259062315637,7000.0,20.019752502441406,-53.974517822265625,0.8781322357900052,0.02639604297821289,0.03565037164631998,0.012692174781900113,0.017088955002834975,0.004717178026207154,0.010392903852169748,0.005828104358132829
huawei-nova2+p05_2_1+10cm,huawei-nova2,p05,10cm,16000,1.315,INSUFFICIENT_DATA,0.0,0.1198656290944677,7000.0,36.501190185546875,-56.837039947509766,0.3362348327583636,0.020102204069097174,0.007380582032854365,0.04714074029243533,0.23920970959159849,0.005987073217975613,0.02991959797965991,0.059704009627795034
huawei-nova2+p05_2_1+150cm,huawei-nova2,p05,150cm,16000,1.45,INSUFFICIENT_DATA,0.0,0.12718126742157662,4203.125,11.412704467773438,-58.627925872802734,0.5920793497089362,0.03866767289733134,0.0406600458943547,0.05864550449905738,0.13716880771493062,0.01683351428850213,0.022615801967097383,0.008450874584544101
huawei-nova2+p05_2_1+200cm,huawei-nova2,p05,200cm,16000,1.322,INSUFFICIENT_DATA,0.0,0.24433556543467558,4101.5625,13.216415405273438,-58.998046875,0.7701479915271953,0.04142503357303752,0.030437648628383232,0.04855254323474906,0.06536294143144827,0.011624847073444043,0.00955759749137802,0.0027305841089395556
huawei-nova2+p05_2_1+300cm,huawei-nova2,p05,300cm,16000,1.322,INSUFFICIENT_DATA,0.0,0.5725173619730373,7000.0,9.099922180175781,-55.24632263183594,0.9525614636295558,0.027869532498973382,0.008787715275723562,0.003473425338808292,0.0028229206253908216,0.0017942623380586232,0.0017017025563372604,0.0004624092618165769
huawei-nova2+p05_2_1+60cm,huawei-nova2,p05,60cm,16000,1.315,INSUFFICIENT_DATA,0.0,0.07254466043722359,7000.0,33.764564514160156,-54.75211715698242,0.8019821246110506,0.02339423447291307,0.02454540871469101,0.015124884542734503,0.045912207267426834,0.004202210858734413,0.015827307691387956,0.017316353881741867
huawei-nova2+p05_2_2+100cm,huawei-nova2,p05,100cm,16000,1.255,INSUFFICIENT_DATA,0.0,0.13238498764835624,7000.0,15.989646911621094,-53.45757293701172,0.8946547047608144,0.020214315813948495,0.0158539710296415,0.017229261213295398,0.019052816226490514,0.008073151060331945,0.011261249158543424,0.005180093178296583
huawei-nova2+p05_2_2+10cm,huawei-nova2,p05,10cm,16000,1.375,INSUFFICIENT_DATA,0.0,0.06594594300347756,7000.0,34.96455383300781,-57.142147064208984,0.3039912319773349,0.025544137990416514,0.008536202411032388,0.05085665215660719,0.25629726160287336,0.006678826876575216,0.037826043879078564,0.05343741717023391
huawei-nova2+p05_2_2+150cm,huawei-nova2,p05,150cm,16000,1.39,INSUFFICIENT_DATA,0.0,0.188662040913277,4101.5625,12.333404541015625,-58.583412170410156,0.6037167063182501,0.04212112056696065,0.027800355140130302,0.06622014271015336,0.13349883201448448,0.020061632161333033,0.024490307620436722,0.008889283692664741
huawei-nova2+p05_2_2+200cm,huawei-nova2,p05,200cm,16000,1.39,INSUFFICIENT_DATA,0.0,0.27185320804378055,4046.875,16.989547729492188,-59.06906509399414,0.7495779021403681,0.04518296996138008,0.02149043314657816,0.05597199597146015,0.07843502395139194,0.009407070322920015,0.009493599966889624,0.0025883320065668183
huawei-nova2+p05_2_2+30cm,huawei-nova2,p05,30cm,16000,1.255,INSUFFICIENT_DATA,0.0,0.10065796454597924,7000.0,29.98564910888672,-55.94629669189453,0.465709999219332,0.017448750891883934,0.008863305987845252,0.04828836069463761,0.22348500854892178,0.005674418811690314,0.01721653076694385,0.014822433849449661
huawei-nova2+p05_2_2+60cm,huawei-nova2,p05,60cm,16000,1.39,INSUFFICIENT_DATA,0.0,0.1632421193417649,7000.0,30.27448272705078,-54.448909759521484,0.8111148019757627,0.016788368902666193,0.014365654124119479,0.021668054047175006,0.0512915015360684,0.007369860579111245,0.014184966751262008,0.015693537818092625
huawei-nova2+p05_2_3+10cm,huawei-nova2,p05,10cm,16000,1.151,INSUFFICIENT_DATA,0.0,0.08309095942504122,7000.0,35.891685485839844,-57.03682327270508,0.32260561321945574,0.022883377680312737,0.007801494800067885,0.05046200192230304,0.24967965465591022,0.007486608956209302,0.038601844166444146,0.04928545959147105
huawei-nova2+p05_2_3+200cm,huawei-nova2,p05,200cm,16000,1.39,INSUFFICIENT_DATA,0.0,0.23966068885353217,4046.875,15.947479248046875,-58.773681640625,0.7465019603452816,0.04214734432025602,0.024327229342866453,0.055295217604814435,0.07736563836243188,0.011447211213921924,0.011086585112105802,0.0033469352617870357
huawei-nova2+p05_2_3+300cm,huawei-nova2,p05,300cm,16000,1.39,INSUFFICIENT_DATA,0.0,0.54387194799703,7000.0,9.56103515625,-55.14802932739258,0.9524452644849487,0.024508374861917804,0.008819520857055929,0.004919621756331612,0.004105733116947345,0.0020830868908640133,0.0017752052625585367,0.000488152554738207
huawei-nova2+p05_2_3+30cm,huawei-nova2,p05,30cm,16000,1.39,INSUFFICIENT_DATA,0.0,0.08170527091461506,7000.0,28.737022399902344,-56.3326301574707,0.39712009833962914,0.017985594435269196,0.01445793511516892,0.0548961083821013,0.24841432086077353,0.007019455907791561,0.023904978596104,0.019320425430669773
huawei-nova2+p05_2_3+60cm,huawei-nova2,p05,60cm,16000,1.39,INSUFFICIENT_DATA,0.0,0.18884493001331593,7000.0,27.963706970214844,-52.18742370605469,0.8667177558708038,0.017606859137753523,0.01683113814100251,0.01457092155665429,0.03177490795017964,0.004427703477351794,0.012120258135219643,0.009305329201988748
huawei-nova2+p05_2_4+10cm,huawei-nova2,p05,10cm,16000,1.39,INSUFFICIENT_DATA,0.0,0.08862865883507273,7000.0,35.56005859375,-57.29362869262695,0.3014318149874623,0.0254989952823325,0.008491254692981145,0.05040524527070301,0.2539910592154059,0.007446849329680719,0.0338788512069483,0.05759695732353802
huawei-nova2+p05_2_4+200cm,huawei-nova2,p05,200cm,16000,1.39,INSUFFICIENT_DATA,0.0,0.1908060068835098,4101.5625,12.19110107421875,-58.82537841796875,0.7416738212404914,0.03935580714749968,0.025597741793460634,0.0641289130540491,0.07785839543238485,0.011450711362927107,0.012884214774150988,0.0030810291390144717
huawei-nova2+p05_2_4+30cm,huawei-nova2,p05,30cm,16000,1.497,INSUFFICIENT_DATA,0.0,0.09404573153288381,7000.0,28.937973022460938,-55.5036506652832,0.5164688507834444,0.015363150292316672,0.009114497266072535,0.04469470908057384,0.1957209144182023,0.006540795692757816,0.022846058439825092,0.019196433243728158
huawei-nova2+p05_2_4+60cm,huawei-nova2,p05,60cm,16000,1.39,INSUFFICIENT_DATA,0.0,0.04816466731285891,7000.0,30.62029266357422,-51.65776824951172,0.8721483286502463,0.02883335505199761,0.011599155062922195,0.012036118610177894,0.028980676364136114,0.003480074133139268,0.007780965997635475,0.008057436440667006
huawei-nova2+p05_2_5+100cm,huawei-nova2,p05,100cm,16000,1.764,INSUFFICIENT_DATA,0.0,0.07192930171007726,7000.0,19.395706176757812,-52.638946533203125,0.9109432608787021,0.024480041586353297,0.012063172226749432,0.01208537653819905,0.014386877826325178,0.005164556442679956,0.009334390642752315,0.005209025842461161
huawei-nova2+p05_2_5+150cm,huawei-nova2,p05,150cm,16000,1.764,INSUFFICIENT_DATA,0.0,0.10078604333527649,7000.0,10.45257568359375,-58.670406341552734,0.5838818008708047,0.04425639117673888,0.027601177257756546,0.06321045950522605,0.1465269778184143,0.016113980643697887,0.023445188278059664,0.008509846901363595
huawei-nova2+p05_2_5+200cm,huawei-nova2,p05,200cm,16000,1.212,INSUFFICIENT_DATA,0.0,0.22585472847897328,4046.875,13.167282104492188,-58.77926254272461,0.7677933644443575,0.04552149224910557,0.020751733422496324,0.05119024526604721,0.06854268862096834,0.012543543309336871,0.010677759505221717,0.003949638521349826
huawei-nova2+p05_2_5+30cm,huawei-nova2,p05,30cm,16000,1.764,INSUFFICIENT_DATA,0.0,0.10180788013188548,7000.0,23.161399841308594,-56.10920333862305,0.44831834186887687,0.021258084973122173,0.010229783396742916,0.05005462810367446,0.2327761381631255,0.006649300290744283,0.019318161066554505,0.013689877835350904
huawei-nova2+p05_2_5+60cm,huawei-nova2,p05,60cm,16000,1.764,INSUFFICIENT_DATA,0.0,0.06708512438320766,7000.0,30.6246337890625,-52.8060188293457,0.8600686539570087,0.026752261027480892,0.009197661948387026,0.012793714277586481,0.03541867892476028,0.0040486387967010465,0.009254373979281092,0.010130465350746257
huawei-nova2+p05_3_1+10cm,huawei-nova2,p05,10cm,16000,1.405,INSUFFICIENT_DATA,0.0,0.07552104303922876,7000.0,36.05986785888672,-57.48011016845703,0.2928303894444995,0.025543027333801854,0.00864091218356019,0.051415054076180924,0.25094885885307117,0.0073609614896349524,0.03221279725715055,0.06354503309095973
huawei-nova2+p05_3_1+200cm,huawei-nova2,p05,200cm,16000,1.345,INSUFFICIENT_DATA,0.0,0.2331194829020074,4046.875,12.173591613769531,-59.26897430419922,0.7456290717207884,0.044459364965786306,0.02226353513559058,0.061532951404273235,0.0798927091362769,0.009622423588640459,0.00830387453280032,0.0028891269027877587
huawei-nova2+p05_3_1+300cm,huawei-nova2,p05,300cm,16000,1.405,INSUFFICIENT_DATA,0.0,0.4531214159727879,7000.0,8.399589538574219,-58.23503875732422,0.9278008019384707,0.03724803709990104,0.014953135516471877,0.00645438837479125,0.004661588731005276,0.0036745500682580606,0.0033524344907169103,0.0008930650477126778
huawei-nova2+p05_3_1+60cm,huawei-nova2,p05,60cm,16000,1.502,INSUFFICIENT_DATA,0.0,0.09899166041960553,7000.0,31.267555236816406,-54.042198181152344,0.8252784203409758,0.021229383195480223,0.010597861192222046,0.019816955997625698,0.04539899513584706,0.006603713886414302,0.012511286925671286,0.015563644946917287
huawei-nova2+p05_3_2+100cm,huawei-nova2,p05,100cm,16000,1.405,INSUFFICIENT_DATA,0.0,0.1098729432827254,7000.0,24.626426696777344,-52.28981018066406,0.923881457156719,0.019898809791505326,0.010720361278941107,0.009639818671187867,0.012984209202510826,0.003334487513796118,0.007314715580176033,0.005069328746344025
huawei-nova2+p05_3_2+10cm,huawei-nova2,p05,10cm,16000,1.42,INSUFFICIENT_DATA,0.0,0.0730698759468219,7000.0,36.493919372558594,-57.314151763916016,0.2723169975773502,0.023506286809012,0.00769748996382828,0.05308846589666867,0.2656079647580139,0.006459180322914021,0.03186648170263393,0.06082562045834206
huawei-nova2+p05_3_2+150cm,huawei-nova2,p05,150cm,16000,1.211,INSUFFICIENT_DATA,0.0,0.10686045458069528,4101.5625,11.9755859375,-57.76887893676758,0.6693563931837399,0.04826137376432731,0.0259531393841273,0.0636697244767165,0.0949969650662293,0.023521622752308045,0.024788953727970856,0.010320817312476065
huawei-nova2+p05_3_2+200cm,huawei-nova2,p05,200cm,16000,1.211,INSUFFICIENT_DATA,0.0,0.20281874974554093,4046.875,11.506759643554688,-58.43870162963867,0.7862361486667115,0.04334144154378795,0.022637293873371177,0.04544063970648365,0.05525291458126051,0.015368107319331605,0.013547694193173003,0.004355076999564399
huawei-nova2+p05_3_2+300cm,huawei-nova2,p05,300cm,16000,1.42,INSUFFICIENT_DATA,0.0,0.3835694919864627,4109.375,9.721809387207031,-58.30717468261719,0.9151578901463215,0.040631478190426354,0.016612162785654524,0.009183555709860259,0.007861751284705053,0.004501974785189747,0.0036560997657493427,0.000955305593228499
huawei-nova2+p05_3_2+30cm,huawei-nova2,p05,30cm,16000,1.405,INSUFFICIENT_DATA,0.0,0.11096827639308914,7000.0,30.11084747314453,-57.334571838378906,0.31467154594927776,0.016466961263586242,0.009479180071103354,0.05951924248715164,0.28845457193384305,0.004893310539848174,0.025032939446250773,0.023910995425340958
huawei-nova2+p05_3_2+60cm,huawei-nova2,p05,60cm,16000,1.42,INSUFFICIENT_DATA,0.0,0.0983509442463511,7000.0,28.500450134277344,-52.562503814697266,0.8587636135029025,0.024941550846499592,0.010408809878393602,0.01708457204603059,0.03310852607453076,0.0068281893870230795,0.009567005718466123,0.0095421696002702
huawei-nova2+p05_3_3+10cm,huawei-nova2,p05,10cm,16000,1.539,INSUFFICIENT_DATA,0.0,0.06505373130147965,7000.0,38.70470428466797,-57.3765754699707,0.2510073350739253,0.023474302990938285,0.0077696695564116085,0.052901482676335064,0.2729808067072236,0.005490455324225194,0.03154591871694303,0.06673597189208488
huawei-nova2+p05_3_3+150cm,huawei-nova2,p05,150cm,16000,1.068,INSUFFICIENT_DATA,0.0,0.12744742033708933,7000.0,13.463340759277344,-58.255393981933594,0.6611903977899973,0.03890088969268021,0.025252095010180053,0.05721942414291668,0.11496688588464822,0.01376622721334992,0.01808459870050039,0.006100299130931601
huawei-nova2+p05_3_3+300cm,huawei-nova2,p05,300cm,16000,1.068,INSUFFICIENT_DATA,0.0,0.34890565140673585,7000.0,8.413192749023438,-58.537269592285156,0.9085456293508388,0.042573361401007086,0.019029881420681974,0.01039539016713897,0.008781867109371408,0.004422766333567444,0.003641713082038099,0.0009552390246725899
huawei-nova2+p05_3_3+30cm,huawei-nova2,p05,30cm,16000,1.539,INSUFFICIENT_DATA,0.0,0.06108201410307698,7000.0,26.928634643554688,-55.31797409057617,0.5868421573021393,0.016480460662269592,0.010478342526484724,0.03992189732889396,0.16484989693447918,0.006537731129603992,0.019123268963216974,0.014292108265263753
huawei-nova2+p05_3_3+60cm,huawei-nova2,p05,60cm,16000,1.539,INSUFFICIENT_DATA,0.0,0.12461725411541821,7000.0,30.59294891357422,-52.245933532714844,0.8876901020820789,0.014852986881864158,0.00890132932789937,0.012864520777367456,0.030406065898091344,0.0029354291228986303,0.007998310095247317,0.008627895173982818
huawei-nova2+p05_3_4+100cm,huawei-nova2,p05,100cm,16000,1.512,INSUFFICIENT_DATA,0.0,0.05625067860523361,7000.0,22.156768798828125,-55.38134002685547,0.8503326658958985,0.04670302449322489,0.03059737451729353,0.013995659366085501,0.01756062430056875,0.0070452143973137125,0.015323523098869182,0.00858236501970034
huawei-nova2+p05_3_4+10cm,huawei-nova2,p05,10cm,16000,1.09,INSUFFICIENT_DATA,0.0,0.046283458873070005,7000.0,33.10685729980469,-57.16746520996094,0.3056201003277926,0.02302662022779825,0.008361700689548973,0.05309605960685007,0.25624310785482013,0.007839712725731718,0.05781491072039313,0.042794705981933655
huawei-nova2+p05_3_4+200cm,huawei-nova2,p05,200cm,16000,1.512,INSUFFICIENT_DATA,0.0,0.28062579332322046,4046.875,13.571434020996094,-59.02537536621094,0.7788867244389868,0.04746843761600607,0.026378928369957335,0.04469737201192016,0.0632691495740519,0.009160197461373863,0.008176707517400872,0.0023045276707423456
huawei-nova2+p05_3_4+30cm,huawei-nova2,p05,30cm,16000,1.336,INSUFFICIENT_DATA,0.0,0.08712751747562732,7000.0,31.46160888671875,-57.838111877441406,0.2786269659928396,0.017516847525711973,0.010964324117292333,0.06291493603077848,0.31246565597433057,0.004723561732688897,0.011933896025424112,0.015873614755971904
huawei-nova2+p05_3_5+100cm,huawei-nova2,p05,100cm,16000,1.181,INSUFFICIENT_DATA,0.0,0.04233329606710928,4109.375,18.241607666015625,-51.003170013427734,0.9121895106189607,0.0169249404005785,0.0240570338872142,0.011552952694939028,0.014793002173784866,0.004057436605498801,0.0071535693137651955,0.0031167017092514305
huawei-nova2+p05_3_5+200cm,huawei-nova2,p05,200cm,16000,1.33,INSUFFICIENT_DATA,0.0,0.2202043839041869,4046.875,12.769546508789062,-58.7388916015625,0.7549555100634129,0.0416486849951985,0.03503751710747409,0.051399964878724363,0.06764698449539625,0.014344729529675226,0.014260138442101097,0.0038386479780699733
huawei-nova2+p05_3_5+300cm,huawei-nova2,p05,300cm,16000,1.481,INSUFFICIENT_DATA,0.0,0.39340380564277927,4109.375,11.761894226074219,-57.96356201171875,0.912869698133562,0.04397596549759038,0.018051377922660886,0.008459171084832509,0.007800543644762914,0.0035398655904759282,0.0032834914513755137,0.0008180394709073159
huawei-nova2+p05_3_5+60cm,huawei-nova2,p05,60cm,16000,1.181,INSUFFICIENT_DATA,0.0,0.06567738222095475,7000.0,29.884376525878906,-51.80219268798828,0.8744801601674962,0.016351937733147394,0.01457861058218695,0.013508948087444413,0.030275818931053435,0.004249109711870733,0.009590731346252403,0.01025927965192434
huawei-nova2+p05_4_1+100cm,huawei-nova2,p05,100cm,16000,1.315,INSUFFICIENT_DATA,0.0,0.10004996121002961,7046.875,18.601455688476562,-53.950035095214844,0.8829499564254382,0.02167011386383833,0.03399560596875346,0.012180141153650457,0.01867536766751441,0.005232016702807435,0.010492342921597212,0.005140210309068516
huawei-nova2+p05_4_1+150cm,huawei-nova2,p05,150cm,16000,1.45,INSUFFICIENT_DATA,0.0,0.16301360297839476,7000.0,11.286766052246094,-58.3144416809082,0.6259743018247977,0.039700542642724095,0.03740313044517644,0.053357965059910896,0.12367507683503003,0.01753875713526844,0.02166218625425162,0.007401887241707655
huawei-nova2+p05_4_1+300cm,huawei-nova2,p05,300cm,16000,1.45,INSUFFICIENT_DATA,0.0,0.4430879301026129,7000.0,9.37200927734375,-57.83256149291992,0.9182460336089132,0.04319390104321272,0.017019006984449157,0.007454603786371676,0.00546811090529386,0.0034175227682011803,0.0031210586608056137,0.0008466201238630989
huawei-nova2+p05_4_1+60cm,huawei-nova2,p05,60cm,16000,1.315,INSUFFICIENT_DATA,0.0,0.07217872666175382,7000.0,33.769866943359375,-54.853607177734375,0.798242892268174,0.023198193969000688,0.024258087863844383,0.015011431389955485,0.045743989746898334,0.004040093601711173,0.016174179104099153,0.020386837993824854
huawei-nova2+p05_4_2+200cm,huawei-nova2,p05,200cm,16000,1.24,INSUFFICIENT_DATA,0.0,0.22152852881353202,4046.875,12.845466613769531,-59.21379470825195,0.7536381492282525,0.04339110037853132,0.02510243130900704,0.05441180668587953,0.07718703737123318,0.009419964368070964,0.008005799394978757,0.002127153076413792
huawei-nova2+p05_4_2+300cm,huawei-nova2,p05,300cm,16000,1.24,INSUFFICIENT_DATA,0.0,0.622336550413276,4242.1875,9.545234680175781,-55.40209197998047,0.957676816637971,0.02194295608968572,0.008440187841085254,0.0042511915544363975,0.003182340552771843,0.0019036832762635795,0.0016831275783776851,0.0004321948105800745
huawei-nova2+p05_4_2+30cm,huawei-nova2,p05,30cm,16000,1.42,INSUFFICIENT_DATA,0.0,0.09216565156181741,7000.0,30.179969787597656,-55.919464111328125,0.48469997315425273,0.016388917361705366,0.009342151272081227,0.04564710984277906,0.21161250627091277,0.005437660799119251,0.020014487710342102,0.01726309556905144
huawei-nova2+p05_4_2+60cm,huawei-nova2,p05,60cm,16000,1.24,INSUFFICIENT_DATA,0.0,0.035933252411728206,7000.0,28.18609619140625,-50.77405548095703,0.8938411928170428,0.02895256956982388,0.008932981011098191,0.009511293184996805,0.022054749667401948,0.003489088940045211,0.007623315969686271,0.007260703845940769
huawei-nova2+p05_4_3+100cm,huawei-nova2,p05,100cm,16000,1.345,INSUFFICIENT_DATA,0.0,0.06280066001604803,7000.0,18.39421844482422,-52.221675872802734,0.9203318299149491,0.022068159753462324,0.011294227247563907,0.011040129956476642,0.014633357113237216,0.0038873844545643365,0.00698197584207229,0.003347341011276474
huawei-nova2+p05_4_3+200cm,huawei-nova2,p05,200cm,16000,1.046,INSUFFICIENT_DATA,0.0,0.29213287307675745,4101.5625,13.7344970703125,-58.607444763183594,0.8002412944444727,0.03776944187471714,0.021483505498866583,0.04265459575719412,0.05633764538521775,0.009499577113051725,0.009499115289296207,0.0030202921922456915
huawei-nova2+p05_4_3+300cm,huawei-nova2,p05,300cm,16000,1.046,INSUFFICIENT_DATA,0.0,0.40935871553718123,4921.875,9.1649169921875,-58.3942985534668,0.9034612807145598,0.05002667480741998,0.01932274084607072,0.008748275244539347,0.0072274459540346316,0.004782226827226389,0.00391699768244849,0.0009322136811949022
huawei-nova2+p05_4_3+30cm,huawei-nova2,p05,30cm,16000,1.345,INSUFFICIENT_DATA,0.0,0.0730668005671407,7000.0,26.8336181640625,-57.059364318847656,0.3902455529506085,0.017058389184125698,0.012181370354031823,0.056693157977679105,0.258953901901556,0.0067743068142316135,0.021491259696765363,0.013468231981212381
huawei-nova2+p05_4_4+100cm,huawei-nova2,p05,100cm,16000,1.42,INSUFFICIENT_DATA,0.0,0.0745955219652164,7000.0,18.269989013671875,-52.08826446533203,0.9203937383162685,0.018950628176867407,0.013738916126485885,0.010435935263269826,0.015232063635281344,0.0041990128667538824,0.007546699363997087,0.003510829646773201
huawei-nova2+p05_4_4+200cm,huawei-nova2,p05,200cm,16000,1.42,INSUFFICIENT_DATA,0.0,0.1915147296920566,4046.875,13.73736572265625,-59.27248001098633,0.7507800439061515,0.04882126303552066,0.02240148533839644,0.05572743947198575,0.07377998049421708,0.011660765814839776,0.011943105099831054,0.003740016186204397
huawei-nova2+p05_4_4+300cm,huawei-nova2,p05,300cm,16000,1.42,INSUFFICIENT_DATA,0.0,0.4475761408467571,7000.0,8.098182678222656,-57.40730285644531,0.9272496153725678,0.03584191560861876,0.01587882392225224,0.007566291769531211,0.005112257503709765,0.0036093027803444154,0.0028254015585231114,0.000723691053194402
huawei-nova2+p05_4_5+100cm,huawei-nova2,p05,100cm,16000,1.326,INSUFFICIENT_DATA,0.0,0.018698492320795745,7000.0,13.670700073242188,-51.23320770263672,0.9048484797978044,0.034281223244091975,0.01709734721977636,0.009365966542958857,0.012676452781712342,0.005044398453660116,0.008381126244378588,0.0032931385521727742
huawei-nova2+p05_4_5+10cm,huawei-nova2,p05,10cm,16000,1.326,INSUFFICIENT_DATA,0.0,0.06547110297335103,7000.0,34.885963439941406,-56.72894287109375,0.3879658660460004,0.03025005940330933,0.009877174333524667,0.0473118514295137,0.21801967921231716,0.009197119428632803,0.03854984938684341,0.04206576032123428
huawei-nova2+p05_4_5+150cm,huawei-nova2,p05,150cm,16000,1.39,INSUFFICIENT_DATA,0.0,0.15527142461773588,4117.1875,11.77032470703125,-57.446800231933594,0.648366710151838,0.04132318165451066,0.030899038019564083,0.04952781716577859,0.11602408482161615,0.014215080008003419,0.020731991405425084,0.0071280873350453265
huawei-nova2+p05_4_5+200cm,huawei-nova2,p05,200cm,16000,1.326,INSUFFICIENT_DATA,0.0,0.21022945998149264,4117.1875,12.129707336425781,-58.79581069946289,0.7787376618034985,0.04308668291082447,0.02392394238753007,0.04608182462982118,0.06428685796879806,0.010232719893495945,0.009813080237296736,0.002422682699067086
huawei-nova2+p05_4_5+300cm,huawei-nova2,p05,300cm,16000,1.42,INSUFFICIENT_DATA,0.0,0.33441145506483744,4226.5625,10.838279724121094,-58.485023498535156,0.9170207360423462,0.038551135223212685,0.0172016118632174,0.008808062069326064,0.008135143431292334,0.00432120623528623,0.003839690567303439,0.0009654841024396535
huawei-nova2+p05_4_5+60cm,huawei-nova2,p05,60cm,16000,1.42,INSUFFICIENT_DATA,0.0,0.03394301898092286,7000.0,30.015670776367188,-53.184417724609375,0.8428885458660598,0.023375731257116297,0.017097295117575167,0.01443305273456314,0.03778064489414405,0.004527081583895279,0.011613839765210158,0.0128872851837159
huawei-nova2+p05_5_1+100cm,huawei-nova2,p05,100cm,16000,2.152,INSUFFICIENT_DATA,0.0,0.1107750683916875,7000.0,15.26666259765625,-52.51305389404297,0.895658545052805,0.027445265088700366,0.021313151626945758,0.011831872727685827,0.016661098034599264,0.005510423131909854,0.01051084401711584,0.004394162563460533
huawei-nova2+p05_5_1+30cm,huawei-nova2,p05,30cm,16000,2.092,INSUFFICIENT_DATA,0.0,0.04636141591776648,7000.0,25.60143280029297,-54.34019470214844,0.6523818198457906,0.01937821904430906,0.010306289041238184,0.03245042772549758,0.13091026171072745,0.007253631716146646,0.02174076259764989,0.014651669077046554
huawei-nova2+p05_5_2+100cm,huawei-nova2,p05,100cm,16000,1.465,INSUFFICIENT_DATA,0.0,0.028145601086742453,4109.375,18.654380798339844,-51.07554626464844,0.9141007684250628,0.02652364209505557,0.014474485704805046,0.009294158234645156,0.014263416633537475,0.004199547295663449,0.007816616528174482,0.003626737214395885
huawei-nova2+p05_5_2+10cm,huawei-nova2,p05,10cm,16000,2.481,INSUFFICIENT_DATA,0.0,0.06000851486853573,7000.0,34.960418701171875,-57.464210510253906,0.28249095304545835,0.02413806584698192,0.007930926250407587,0.05208417351020286,0.26308557323486864,0.006959879237463295,0.03810587405515794,0.055568575435578714
huawei-nova2+p05_5_2+150cm,huawei-nova2,p05,150cm,16000,2.481,INSUFFICIENT_DATA,0.0,0.14155539430949035,4109.375,8.851615905761719,-58.34973907470703,0.5737524441711737,0.044062288910489106,0.029944544873868537,0.061804703148342084,0.1473957604201087,0.02070996908955656,0.022422019410715775,0.007539845879569588
huawei-nova2+p05_5_2+200cm,huawei-nova2,p05,200cm,16000,2.481,INSUFFICIENT_DATA,0.0,0.23129602315757788,4046.875,11.860855102539062,-59.16946029663086,0.7607267756540483,0.04615073030510994,0.023344422794203536,0.05328937126030863,0.07019133661084541,0.012595201991270026,0.010013577592645723,0.0032731415031049967
huawei-nova2+p05_5_2+300cm,huawei-nova2,p05,300cm,16000,1.465,INSUFFICIENT_DATA,0.0,0.29252171920379544,4117.1875,12.990379333496094,-59.55698013305664,0.883491279634184,0.05135811088151327,0.021708491228102388,0.014586839926494032,0.014132629663795002,0.006199373035268971,0.004995537545739652,0.001333976729570385
huawei-nova2+p05_5_3+100cm,huawei-nova2,p05,100cm,16000,1.629,INSUFFICIENT_DATA,0.0,0.03777479746554651,7000.0,20.564239501953125,-52.85280227661133,0.8878765931588468,0.029160541023940285,0.027736818680198585,0.011871843616994995,0.015519215467226649,0.004702507489326158,0.01062435404037954,0.005407874367975642
huawei-nova2+p05_5_3+10cm,huawei-nova2,p05,10cm,16000,1.808,INSUFFICIENT_DATA,0.0,0.06879284278014212,7000.0,36.76636505126953,-57.51359558105469,0.2670925572742215,0.02446274126687644,0.008139237432751115,0.051838854482720166,0.26416617672560083,0.006135768200159511,0.03016214771408278,0.06400280369388596
huawei-nova2+p05_5_3+300cm,huawei-nova2,p05,300cm,16000,1.808,INSUFFICIENT_DATA,0.0,0.3578849061704285,4109.375,8.40447998046875,-59.113685607910156,0.906565610423986,0.04529995884348966,0.018847047993110242,0.009556373951066933,0.008406892908059321,0.0046708172515307345,0.004337083169976838,0.0010453241276677232
huawei-nova2+p05_5_3+30cm,huawei-nova2,p05,30cm,16000,1.584,INSUFFICIENT_DATA,0.0,0.06131713270030811,7000.0,24.52960968017578,-54.532833099365234,0.5935801331765278,0.02106102310305307,0.011140881734408222,0.036603182022477684,0.16011438042419981,0.0068667728563359415,0.022287061227966976,0.013570438027979942
huawei-nova2+p05_5_4+100cm,huawei-nova2,p05,100cm,16000,1.569,INSUFFICIENT_DATA,0.0,0.07040992917112114,7000.0,20.026473999023438,-52.93666076660156,0.9090763480962182,0.017388978558673978,0.01864032879822117,0.012455549232565285,0.015960617865047932,0.0045821839494868425,0.010190320706834868,0.004707414581355482
huawei-nova2+p05_5_4+300cm,huawei-nova2,p05,300cm,16000,1.45,INSUFFICIENT_DATA,0.0,0.37973142286081596,4125.0,10.089126586914062,-59.10010528564453,0.9052909602484895,0.04355167383025363,0.01821028805567474,0.011301792872549074,0.009516994664770054,0.004846525411219395,0.004348249674729413,0.0011137004714545607
huawei-nova2+p05_5_4+30cm,huawei-nova2,p05,30cm,16000,1.524,INSUFFICIENT_DATA,0.0,0.06760448250772295,7000.0,28.252105712890625,-54.914512634277344,0.5315560630898079,0.01818993879383481,0.011503153391848061,0.041214484948315006,0.1891396039548473,0.0056240113264986276,0.021670929647331107,0.015977443688587684
huawei-nova2+p05_5_4+60cm,huawei-nova2,p05,60cm,16000,1.569,INSUFFICIENT_DATA,0.0,0.04405953950569944,7000.0,30.655502319335938,-53.240013122558594,0.8680089192479729,0.018503279770172843,0.009628526393305583,0.012860934806116732,0.03481174052921006,0.0031940679653204656,0.010253705503893033,0.011294165850232804
huawei-nova2+p05_6_1+100cm,huawei-nova2,p05,100cm,16000,1.659,INSUFFICIENT_DATA,0.0,0.19517443818133007,7000.0,17.53668975830078,-51.38592529296875,0.930271324432571,0.017819625125396737,0.013877313720041695,0.008012788826597868,0.01169021885452777,0.003253506487948501,0.006947097745057657,0.003116732743125838
huawei-nova2+p05_6_1+10cm,huawei-nova2,p05,10cm,16000,1.659,INSUFFICIENT_DATA,0.0,0.0916702327135768,7000.0,36.99971008300781,-57.088436126708984,0.2842387264089683,0.022629500333523105,0.007869572639447243,0.05160106476807074,0.26453337219539524,0.005990944067359093,0.03267309815889515,0.05620816012212015
huawei-nova2+p05_6_1+200cm,huawei-nova2,p05,200cm,16000,1.495,INSUFFICIENT_DATA,0.0,0.22235032492410367,4046.875,9.431228637695312,-58.41181945800781,0.7637808903723362,0.04210615880135903,0.02678939977903155,0.049717237975509504,0.07129855261188504,0.011615771607782868,0.010936290222397031,0.0034693896685217933
huawei-nova2+p05_6_1+30cm,huawei-nova2,p05,30cm,16000,1.659,INSUFFICIENT_DATA,0.0,0.10868474226668208,7000.0,28.126075744628906,-56.052669525146484,0.3908479966458703,0.015466160555392164,0.009141070145295176,0.05473831816614704,0.2599811991373616,0.005260413445663222,0.019788760721572252,0.01639922162718604
huawei-nova2+p05_6_1+60cm,huawei-nova2,p05,60cm,16000,1.659,INSUFFICIENT_DATA,0.0,0.052951649178197446,7000.0,30.575241088867188,-52.670623779296875,0.847518650919791,0.020201239595560725,0.013305097633006012,0.014283615669447192,0.03866362306174245,0.004534363829776717,0.010730572995835042,0.01376990488257327
huawei-nova2+p05_6_2+100cm,huawei-nova2,p05,100cm,16000,1.606,INSUFFICIENT_DATA,0.0,0.06239665385052182,7000.0,20.500442504882812,-51.36628723144531,0.9301047244894086,0.017276468550879404,0.00984711985208988,0.009968164760389087,0.013605221160356368,0.0035464154483466695,0.00634156432808151,0.003634273872970925
huawei-nova2+p05_6_2+10cm,huawei-nova2,p05,10cm,16000,1.764,INSUFFICIENT_DATA,0.0,0.06863090843624664,7000.0,36.520896911621094,-57.19269561767578,0.28151513640161424,0.023781899019671024,0.007762597506794799,0.05214711059112874,0.2612329918927729,0.006347928519396443,0.032422234376361665,0.06042010741236815
huawei-nova2+p05_6_2+200cm,huawei-nova2,p05,200cm,16000,1.39,INSUFFICIENT_DATA,0.0,0.3103629450719836,4046.875,11.190147399902344,-57.807716369628906,0.808756780896364,0.03446609086448905,0.01998351509789415,0.041336968087227144,0.055960741686518406,0.011016379665538605,0.010767623340065723,0.003346315495635941
huawei-nova2+p05_6_2+30cm,huawei-nova2,p05,30cm,16000,1.764,INSUFFICIENT_DATA,0.0,0.05523169602207355,7000.0,26.661544799804688,-53.60826873779297,0.6568355179915439,0.016694111465107225,0.007455651223150218,0.032920835437359165,0.13668447820783317,0.0048246255248586166,0.01648873611879922,0.01294558108072366
huawei-nova2+p05_6_3+150cm,huawei-nova2,p05,150cm,16000,1.943,INSUFFICIENT_DATA,0.0,0.07844373577376226,4117.1875,10.962135314941406,-58.698978424072266,0.5822440880784714,0.04549887727824489,0.03185353070157209,0.07276115553735873,0.14328488890121105,0.01855373849180094,0.024189184169144125,0.007412518402666636
huawei-nova2+p05_6_3+300cm,huawei-nova2,p05,300cm,16000,2.077,INSUFFICIENT_DATA,0.0,0.26574392836713595,4125.0,10.529335021972656,-59.94154357910156,0.8772553551279855,0.05397931886864777,0.025876549607972962,0.015229661925117375,0.012476406995512977,0.006401029311996533,0.005415019269152373,0.0013899434179855876
huawei-nova2+p05_6_3+30cm,huawei-nova2,p05,30cm,16000,2.077,INSUFFICIENT_DATA,0.0,0.08722258928271737,7000.0,27.333106994628906,-56.131404876708984,0.42125778953990567,0.0184900493048643,0.01066474331901071,0.05533796288607605,0.23509739795546036,0.006892718668526545,0.028204579518095796,0.021260649378552272
huawei-nova2+p05_6_3+60cm,huawei-nova2,p05,60cm,16000,2.077,INSUFFICIENT_DATA,0.0,0.05559202269193497,7000.0,27.6583251953125,-52.751068115234375,0.8620547894154653,0.021202930358713692,0.01175805782684861,0.015482792835087454,0.03582716993935439,0.004233234000771279,0.010642851854837437,0.010321303059475454
huawei-nova2+p05_6_4+100cm,huawei-nova2,p05,100cm,16000,1.569,INSUFFICIENT_DATA,0.0,0.08377858416114732,7000.0,23.765174865722656,-53.827476501464844,0.8989986305572314,0.018528891340509317,0.01805477341996381,0.014515048053271445,0.017863142121944193,0.005176105934777342,0.0116855011768945,0.006429480469903243
huawei-nova2+p05_6_4+30cm,huawei-nova2,p05,30cm,16000,1.524,INSUFFICIENT_DATA,0.0,0.06440259350765805,7000.0,29.433944702148438,-58.073204040527344,0.28121514148436483,0.020004470463641566,0.012403755199724451,0.06234370246273676,0.3056287823709654,0.004723661141943075,0.021890171687502586,0.019500973117699907
huawei-nova2+p05_6_4+60cm,huawei-nova2,p05,60cm,16000,1.524,INSUFFICIENT_DATA,0.0,0.19742403799792818,7000.0,35.89971160888672,-58.858856201171875,0.5243998465781903,0.034450341072483855,0.02629420046352456,0.031089620190259182,0.12779344657486041,0.007197126278410607,0.029177673708946816,0.057116894416592984
oppo-k3+p00_1_1+300cm,oppo-k3,p00,300cm,16000,1.052,INSUFFICIENT_DATA,0.0,0.07969246675586912,4468.75,9.667228698730469,-41.18526840209961,0.9722965233212152,0.019120905167421712,0.004076644977934494,0.00010253869331186111,2.2060657060472138e-05,1.5283139236343845e-05,1.7605090239450578e-05,1.0592391089889531e-05
oppo-k3+p00_1_1+30cm,oppo-k3,p00,30cm,16000,1.398,INSUFFICIENT_DATA,0.0,0.09004930749875421,5000.0,42.31896209716797,-41.41073226928711,0.8554131251231828,0.02383796645962352,0.006600800617780333,0.009760529448988487,0.05016394766195046,0.0031065068916248826,0.00029174995602985197,0.0002601176699690462
oppo-k3+p00_1_1+60cm,oppo-k3,p00,60cm,16000,1.398,INSUFFICIENT_DATA,0.0,0.07900927915008364,5000.0,30.04291534423828,-38.4645881652832,0.9633220865058661,0.019493376983049985,0.007906475544031337,0.00169459761666854,0.0032751883925850774,0.0005238855500131357,0.00015605945102975996,0.00014942320995859804
oppo-k3+p00_1_2+10cm,oppo-k3,p00,10cm,16000,1.256,INSUFFICIENT_DATA,0.0,0.024210016050289933,5000.0,23.102195739746094,-24.115161895751953,0.9968402754597547,0.0013672262883921418,0.0005574000626729151,0.00037583963292588986,0.0003883683004418503,4.825184203067873e-05,2.378414501822425e-05,3.348654861881641e-05
oppo-k3+p00_1_2+200cm,oppo-k3,p00,200cm,16000,1.158,INSUFFICIENT_DATA,0.0,0.02454980195364319,4273.4375,22.215179443359375,-28.510639190673828,0.9984986432694,0.0013005149534430324,0.00010180951165473102,3.395035472965094e-05,2.8427594624644148e-05,4.486863291034828e-06,3.885452639215289e-06,5.060600382636107e-06
oppo-k3+p00_1_2+300cm,oppo-k3,p00,300cm,16000,1.389,INSUFFICIENT_DATA,0.0,0.021302170125831833,5179.6875,22.29010009765625,-36.55720901489258,0.9946657404795958,0.004283230034174647,0.00032687749089263947,0.0002705937655439244,4.122431486156596e-05,0.00016139173401284322,0.0001452625324810896,3.0326031398118034e-05
oppo-k3+p00_1_2+60cm,oppo-k3,p00,60cm,16000,1.158,INSUFFICIENT_DATA,0.0,0.030889269618889544,5000.0,25.149940490722656,-25.393598556518555,0.9941668363032693,0.004945965209686424,0.0001494455355304917,0.0001598026753829671,0.00030230442567797424,2.5787689216537644e-05,1.5397954734591622e-05,2.5816210596222544e-05
oppo-k3+p00_1_3+100cm,oppo-k3,p00,100cm,16000,1.235,INSUFFICIENT_DATA,0.0,0.05394491137832681,6921.875,27.04900360107422,-27.83556365966797,0.9934170661718383,0.002553162691754774,0.00014495179566055707,0.002205034872799894,0.00011030640298895996,3.885291936032233e-05,0.0003577868378216734,0.0010032819258724676
oppo-k3+p00_1_3+10cm,oppo-k3,p00,10cm,16000,1.235,INSUFFICIENT_DATA,0.0,0.03737227010759632,5000.0,23.47943878173828,-24.543018341064453,0.9957793970715993,0.0022244868469967964,0.00044074421249417885,0.0004987225755983493,0.0004501290536079791,5.644837711318297e-05,2.9206134577429883e-05,4.190151727856607e-05
oppo-k3+p00_1_3+150cm,oppo-k3,p00,150cm,16000,1.441,INSUFFICIENT_DATA,0.0,0.03985453699985295,4281.25,26.7607421875,-25.65017318725586,0.9973560600812998,0.0021648842684668127,0.0001183925539020421,9.587339190348611e-05,0.000148594655181282,1.223596918290508e-05,7.168326627530118e-06,1.2752055944117587e-05
oppo-k3+p00_1_3+30cm,oppo-k3,p00,30cm,16000,1.338,INSUFFICIENT_DATA,0.0,0.05487128455864182,5000.0,19.64971923828125,-21.964080810546875,0.9880763037216603,0.010065362903295523,0.0007975386920599695,0.00022872861907398246,0.0003488427488081308,3.8359944609515766e-05,1.6526660802123643e-05,9.846651164507177e-06
oppo-k3+p00_1_3+60cm,oppo-k3,p00,60cm,16000,1.441,INSUFFICIENT_DATA,0.0,0.050170661190473816,4281.25,20.266754150390625,-19.98119354248047,0.9953665503836776,0.0038012591083325994,0.000316188388455556,0.00013383099754862244,0.00019587073178801208,1.9741549772232384e-05,1.0443565860165833e-05,1.0625648433229058e-05
oppo-k3+p00_1_4+10cm,oppo-k3,p00,10cm,16000,1.724,INSUFFICIENT_DATA,0.0,0.01042196404618433,4281.25,26.50165557861328,-18.261995315551758,0.997294807943397,0.002173112958397165,0.00012451792768955553,0.00016453991066506325,0.0001106639164473853,1.4474887440045341e-05,7.274528765673498e-06,1.2167801914227622e-05
oppo-k3+p00_1_4+150cm,oppo-k3,p00,150cm,16000,1.68,INSUFFICIENT_DATA,0.0,0.014082594437936661,4281.25,35.81084442138672,-21.177080154418945,0.9983759135365163,0.0012581257757447175,2.2953224735001674e-05,8.922275620781336e-05,0.00018292131349370832,9.16280780748429e-06,5.746992718745606e-06,1.4184876098863132e-05
oppo-k3+p00_1_4+300cm,oppo-k3,p00,300cm,16000,1.724,INSUFFICIENT_DATA,0.0,0.004792165082341828,6007.8125,8.150550842285156,-29.23386001586914,0.9996812979471269,0.0002912351832045761,1.510046143457456e-05,7.422145211951799e-06,1.2408412982154413e-06,9.476075556238905e-07,1.0190737076040513e-06,7.370641338069106e-07
oppo-k3+p00_1_5+10cm,oppo-k3,p00,10cm,16000,1.672,INSUFFICIENT_DATA,0.0,0.020721057611571104,5000.0,21.11457061767578,-22.3228816986084,0.9953192066505803,0.0024553532596967263,0.001153094906000086,0.000496033380243157,0.000255257426726249,3.719230013926927e-05,2.3658473734114e-05,2.4965997615886705e-05
oppo-k3+p00_1_5+150cm,oppo-k3,p00,150cm,16000,1.672,INSUFFICIENT_DATA,0.0,0.03155066727355184,4273.4375,23.434814453125,-25.71074676513672,0.9970464396289925,0.002226760139140737,0.0003599746365728727,0.00010013167174141722,0.00011348963458073595,1.0475481939403999e-05,6.9653083710955665e-06,1.283063130706247e-05
oppo-k3+p00_1_5+200cm,oppo-k3,p00,200cm,16000,1.775,INSUFFICIENT_DATA,0.0,0.02844811327374256,4265.625,21.41266632080078,-28.17092514038086,0.9971323625885684,0.002140570826571252,0.00024311508259858907,8.331393945000769e-05,3.949548408420242e-05,9.608955229507708e-06,7.257765881483684e-06,6.7999969496622925e-06
oppo-k3+p00_1_5+300cm,oppo-k3,p00,300cm,16000,1.775,INSUFFICIENT_DATA,0.0,0.010319585151463492,6156.25,7.105918884277344,-34.865699768066406,0.9971902694538712,0.002121199844564796,0.00022802034413424432,5.588805050225715e-05,5.195775507642987e-06,3.7228259963805927e-06,3.7255007310947126e-06,2.5796629366818576e-06
oppo-k3+p00_1_5+30cm,oppo-k3,p00,30cm,16000,1.672,INSUFFICIENT_DATA,0.0,0.0282532904821091,5000.0,18.048004150390625,-22.24144744873047,0.9927741820231234,0.005066779310107174,0.0010966524227549,0.0003055882386678585,0.00036889057500912097,3.7256953180747836e-05,1.935022180695876e-05,1.0587905747331106e-05
oppo-k3+p00_1_5+60cm,oppo-k3,p00,60cm,16000,1.672,INSUFFICIENT_DATA,0.0,0.022270233164295574,5000.0,15.436820983886719,-19.681419372558594,0.9944024832310545,0.0043658586512722985,0.0006268871015384027,0.0001657115727902113,0.000185156370271639,2.2094552919979197e-05,1.240766148809375e-05,1.041746721612386e-05
oppo-k3+p00_2_1+200cm,oppo-k3,p00,200cm,16000,1.595,INSUFFICIENT_DATA,0.0,0.027336474822256613,5992.1875,22.979408264160156,-33.0078125,0.9878608427039021,0.008204888913726893,0.0023079328189587038,0.0002636275890933208,5.8114094437685854e-05,0.00010829997432656394,0.0003033245176073361,5.575528149044339e-05
oppo-k3+p00_2_1+60cm,oppo-k3,p00,60cm,16000,1.389,INSUFFICIENT_DATA,0.0,0.023940932204246812,4250.0,18.674835205078125,-22.43218421936035,0.9920759250786194,0.00586616526846368,0.0011346379296729003,0.00032211489644405156,0.0002424584706519338,3.001157901456171e-05,1.8792541731787968e-05,1.7661681868039942e-05
oppo-k3+p00_2_2+100cm,oppo-k3,p00,100cm,16000,1.466,INSUFFICIENT_DATA,0.0,0.06271029379764233,4546.875,17.167556762695312,-30.46377182006836,0.99778872844513,0.0015108846549154013,0.0004283285046897416,8.430346223038972e-05,2.3115477899987295e-05,1.1816789095788427e-05,7.582184481419947e-06,4.637021428248306e-06
oppo-k3+p00_2_2+150cm,oppo-k3,p00,150cm,16000,1.466,INSUFFICIENT_DATA,0.0,0.05523489759035034,4273.4375,20.021202087402344,-28.163148880004883,0.9975692438362735,0.0017230237131070003,0.0003483568540367277,9.396447470715416e-05,6.260017241485705e-05,1.939407732641541e-05,9.562949938850028e-06,9.380783940054643e-06
oppo-k3+p00_2_2+300cm,oppo-k3,p00,300cm,16000,1.415,INSUFFICIENT_DATA,0.0,0.008856410885239434,5984.375,10.932380676269531,-36.31989288330078,0.9972677381308676,0.0015152653710959819,0.0007237409211302108,0.00010494331629825373,1.71304435755745e-05,1.1406326263820879e-05,8.51571038217704e-06,3.903321880299114e-06
oppo-k3+p00_2_2+30cm,oppo-k3,p00,30cm,16000,1.466,INSUFFICIENT_DATA,0.0,0.06022310977205338,5000.0,17.727577209472656,-26.332151412963867,0.974223784087302,0.02088529707965264,0.002050007492332954,0.0007693242700946483,0.0010401595469075578,0.00010014903706910278,4.137399905280492e-05,2.6322116594001086e-05
oppo-k3+p00_2_3+100cm,oppo-k3,p00,100cm,16000,1.338,INSUFFICIENT_DATA,0.0,0.01841705149853265,4570.3125,20.576622009277344,-28.845367431640625,0.9965814009240711,0.0024266867132778916,0.00016526669467156996,4.503672619103269e-05,2.5009694414150572e-05,5.628939384417275e-06,4.142125369347349e-06,3.460728772420083e-06
oppo-k3+p00_2_3+150cm,oppo-k3,p00,150cm,16000,1.363,INSUFFICIENT_DATA,0.0,0.025762544535351508,4304.6875,22.118057250976562,-26.76914405822754,0.9978050245698173,0.0013656312086671256,0.00018957998122933487,8.040438567340943e-05,8.030768978954654e-05,9.795733208335697e-06,6.8289767343914095e-06,1.1093547977002401e-05
oppo-k3+p00_2_3+200cm,oppo-k3,p00,200cm,16000,1.363,INSUFFICIENT_DATA,0.0,0.025711211188042135,4296.875,19.484634399414062,-29.103214263916016,0.9979507308117116,0.0013941548629804235,0.00019467362524458825,5.336000430262018e-05,3.070092395161722e-05,8.970782401126765e-06,6.642049843176674e-06,4.086877528582684e-06
oppo-k3+p00_2_3+300cm,oppo-k3,p00,300cm,16000,1.363,INSUFFICIENT_DATA,0.0,0.01440907773388886,6007.8125,13.895362854003906,-36.180442810058594,0.9977608594117462,0.0015404658806602478,0.00021288547315019497,4.26935883796131e-05,7.960959508741764e-06,8.562369592317497e-06,8.128166940240864e-06,3.4669683369433837e-06
oppo-k3+p00_2_3+30cm,oppo-k3,p00,30cm,16000,1.363,INSUFFICIENT_DATA,0.0,0.023415325356572772,5000.0,21.238525390625,-22.723773956298828,0.9945657579908542,0.0040102117176122175,0.0003961395873964575,0.00016343234041534018,0.0003381714188728802,2.9547940796999722e-05,1.1505535076759174e-05,4.950255068274098e-06
oppo-k3+p00_2_3+60cm,oppo-k3,p00,60cm,16000,1.363,INSUFFICIENT_DATA,0.0,0.021525695968973822,4250.0,15.91455078125,-20.642108917236328,0.9945901283324868,0.003966343126677459,0.0004541278902795871,0.00016086011038929767,0.00019952202385425214,2.5114635103073743e-05,1.4863386539397883e-05,1.3193803769716331e-05
oppo-k3+p00_2_4+10cm,oppo-k3,p00,10cm,16000,1.441,INSUFFICIENT_DATA,0.0,0.01401337096557323,5000.0,19.91229248046875,-23.386199951171875,0.9973016355523394,0.001432652328351441,0.0002328602001968471,0.0003021957334338424,0.0003395233462417033,5.8198951519855706e-05,2.397645531820518e-05,2.876151038694099e-05
oppo-k3+p00_2_4+150cm,oppo-k3,p00,150cm,16000,1.595,INSUFFICIENT_DATA,0.0,0.04135163376808408,4281.25,19.169677734375,-27.192699432373047,0.9960898498675929,0.0031222775031667168,0.0001254128487049005,9.899350069828324e-05,9.428210419517426e-05,1.1343623931235075e-05,7.943997388824858e-06,9.939517184975174e-06
oppo-k3+p00_2_4+300cm,oppo-k3,p00,300cm,16000,1.441,INSUFFICIENT_DATA,0.0,0.018008394286114525,4968.75,11.816619873046875,-34.255836486816406,0.9979599516548981,0.0015990620330696569,7.509845544531271e-05,3.822026011676568e-05,1.6522341384103155e-05,1.3042055036421106e-05,7.914230294480869e-06,2.8130309256508816e-06
oppo-k3+p00_2_4+30cm,oppo-k3,p00,30cm,16000,1.441,INSUFFICIENT_DATA,0.0,0.02031395973150597,4250.0,16.6370849609375,-22.09459114074707,0.9924474543614367,0.005621065464009379,0.0005326699518727042,0.00023527736583487765,0.0004205496573492726,4.539694972407894e-05,1.8200328239375376e-05,1.136488659177477e-05
oppo-k3+p00_2_4+60cm,oppo-k3,p00,60cm,16000,1.441,INSUFFICIENT_DATA,0.0,0.018613863323127606,4250.0,16.833877563476562,-19.521652221679688,0.9955867828142593,0.003427193116204358,0.00024864025235573896,0.00016991803644974477,0.00020013964150781635,2.9495349248904805e-05,1.5165818003922791e-05,1.3093785294598896e-05
oppo-k3+p00_2_5+100cm,oppo-k3,p00,100cm,16000,1.441,INSUFFICIENT_DATA,0.0,0.023850017127401542,4289.0625,23.590850830078125,-27.437732696533203,0.9980921233001263,0.0014371322338472764,9.354894021420874e-05,6.27353249627941e-05,5.8372909569502144e-05,8.11697135621932e-06,6.068678215491669e-06,6.3726110977638345e-06
oppo-k3+p00_2_5+150cm,oppo-k3,p00,150cm,16000,1.389,INSUFFICIENT_DATA,0.0,0.02840595359177129,4289.0625,22.560516357421875,-24.94378089904785,0.997689594418273,0.0017278191867121,9.92015516746656e-05,0.00010092779705476537,0.00011159073463959968,1.3296174967056781e-05,7.84388541771013e-06,1.3341815322288782e-05
oppo-k3+p00_2_5+200cm,oppo-k3,p00,200cm,16000,1.389,INSUFFICIENT_DATA,0.0,0.02572103321496636,4296.875,21.330841064453125,-26.47454261779785,0.9979946710178257,0.0016058207551820692,9.428239000628562e-05,7.232756201780555e-05,5.966550798217065e-05,1.003273095000932e-05,6.375241089579809e-06,7.023840563843353e-06
oppo-k3+p00_2_5+300cm,oppo-k3,p00,300cm,16000,1.441,INSUFFICIENT_DATA,0.0,0.007314106148176249,6156.25,7.9047088623046875,-33.56559371948242,0.9978799819967861,0.0016618492200846616,6.493350194982687e-05,2.3788825539376432e-05,3.033006904496735e-06,2.66960925772412e-06,2.660551418422786e-06,1.8778936258251512e-06
oppo-k3+p00_2_5+30cm,oppo-k3,p00,30cm,16000,1.209,INSUFFICIENT_DATA,0.0,0.025032008346305902,5000.0,15.708274841308594,-20.130014419555664,0.9901673112429726,0.008529321374085361,0.0005759518018593772,0.000158828274107766,0.00022336479485029866,2.811613780765317e-05,1.124988137912167e-05,6.114520626518406e-06
oppo-k3+p00_3_1+10cm,oppo-k3,p00,10cm,16000,1.415,INSUFFICIENT_DATA,0.0,0.012578421212775845,5000.0,25.042831420898438,-28.682859420776367,0.9887063008557079,0.0077785765175788345,0.00019239131894451366,0.0007269752406173295,0.000959539600334077,0.00014121011597409132,6.186626063342318e-05,0.0001095423676623504
oppo-k3+p00_3_1+150cm,oppo-k3,p00,150cm,16000,1.621,INSUFFICIENT_DATA,0.0,0.08098865500782053,4343.75,16.516677856445312,-29.5603084564209,0.9936626729058319,0.005567004331003363,0.00014887587734424107,4.668037228088602e-05,3.99215746219034e-05,2.313318848359372e-05,1.0213653494872413e-05,6.224749977469539e-06
oppo-k3+p00_3_1+200cm,oppo-k3,p00,200cm,16000,1.492,INSUFFICIENT_DATA,0.0,0.026582185367034366,4343.75,16.577392578125,-29.054811477661133,0.9965995584992663,0.0021660638224996827,8.904918981551211e-05,5.2502830184314224e-05,5.358332689519596e-05,3.229076745045655e-05,1.0956620996376991e-05,7.1023841848931185e-06
oppo-k3+p00_3_1+300cm,oppo-k3,p00,300cm,16000,1.492,INSUFFICIENT_DATA,0.0,0.01822969849375943,5968.75,12.192245483398438,-35.289703369140625,0.9960861300522798,0.002564708996370514,4.571761466751425e-05,1.2922480789451325e-05,4.524004052771305e-06,7.953234473656074e-06,5.27246275851067e-06,3.122360110256121e-06
oppo-k3+p00_3_1+30cm,oppo-k3,p00,30cm,16000,1.415,INSUFFICIENT_DATA,0.0,0.029903768666202986,5000.0,16.419387817382812,-22.63064956665039,0.9789838652186447,0.017786554995485673,0.0009929732264426759,0.00026667492432704286,0.0004347967145687495,5.524190602456312e-05,2.1970175347183772e-05,1.064581052147544e-05
oppo-k3+p00_3_1+60cm,oppo-k3,p00,60cm,16000,1.415,INSUFFICIENT_DATA,0.0,0.03454694017007471,4335.9375,17.644622802734375,-20.254470825195312,0.9929148224400447,0.0057026010941029,0.0002771278011097394,0.00015464107057456728,0.00020248301940785287,2.75750503297222e-05,1.3284162133348653e-05,1.3986087240999816e-05
oppo-k3+p00_3_2+100cm,oppo-k3,p00,100cm,16000,1.441,INSUFFICIENT_DATA,0.0,0.04184995662993908,4296.875,19.020126342773438,-28.95406723022461,0.9926475223901173,0.005924349111082515,0.00019582578588206963,8.517745478632743e-05,8.988513931619588e-05,5.5381247781188895e-05,2.3661084000619082e-05,1.5206132615503519e-05
oppo-k3+p00_3_2+10cm,oppo-k3,p00,10cm,16000,1.209,INSUFFICIENT_DATA,0.0,0.013668715294884913,5000.0,19.221275329589844,-27.606510162353516,0.9871522834582558,0.009442102236883694,0.0003061074830813218,0.00065022487118005,0.0008314360832826686,0.00014420675101068956,7.86986308715314e-05,9.025683234385628e-05
oppo-k3+p00_3_2+200cm,oppo-k3,p00,200cm,16000,1.441,INSUFFICIENT_DATA,0.0,0.047764197723498616,4296.875,18.572128295898438,-28.306798934936523,0.9905552398554971,0.007756845430499155,0.00024015296195970781,0.00010478966663254298,0.00010895722103424075,5.415124700989747e-05,1.8863611165483604e-05,1.8117862579653276e-05
oppo-k3+p00_3_2+30cm,oppo-k3,p00,30cm,16000,1.441,INSUFFICIENT_DATA,0.0,0.04314748190819682,5000.0,13.431648254394531,-22.99089813232422,0.9759258825827597,0.019157811678508472,0.0019751122202442896,0.0004930624788464207,0.0005727760958170058,0.00010956194730918711,5.199678582869389e-05,2.693243201274516e-05
oppo-k3+p00_3_3+100cm,oppo-k3,p00,100cm,16000,0.7,INSUFFICIENT_DATA,0.0,0.011808116814427668,4289.0625,22.329605102539062,-27.80947494506836,0.9957510710343059,0.0034064781111893747,0.000358788645777559,0.0001252485046431563,4.4389089169664895e-05,4.922104834848086e-06,3.972715611297915e-06,4.436341658332048e-06
oppo-k3+p00_3_3+200cm,oppo-k3,p00,200cm,16000,1.08,INSUFFICIENT_DATA,0.0,0.029199244816404707,4296.875,21.94397735595703,-27.173622131347656,0.9954626860555056,0.0031851856610399447,0.0006571308481136483,0.00014914664619498853,9.736555761124815e-05,1.291643139029878e-05,8.04347368376002e-06,1.4086442478496257e-05
oppo-k3+p00_3_3+30cm,oppo-k3,p00,30cm,16000,1.08,INSUFFICIENT_DATA,0.0,0.01750587182060661,5000.0,20.36773681640625,-23.34969711303711,0.9778451157477269,0.01703584877106973,0.0018694513835322186,0.00039265474418170317,0.00047416033872621255,6.010690578822247e-05,3.064473230478481e-05,1.3532987012729125e-05
oppo-k3+p00_3_4+100cm,oppo-k3,p00,100cm,16000,1.398,INSUFFICIENT_DATA,0.0,0.10031486460982816,5218.75,11.086814880371094,-38.230751037597656,0.9704233314377803,0.022170443195119148,0.00593560139422639,0.00035628470134526583,3.8052988292042334e-05,2.1620020121114535e-05,8.701320109398314e-06,5.844876308233623e-06
oppo-k3+p00_3_4+300cm,oppo-k3,p00,300cm,16000,1.398,INSUFFICIENT_DATA,0.0,0.07911294897858111,6015.625,8.969467163085938,-43.93739700317383,0.975170260712499,0.018693242155035962,0.004860079229266783,0.000308164386951573,4.005468530720395e-05,3.006894425644712e-05,2.968306735944296e-05,1.9451936357300497e-05
oppo-k3+p00_3_4+30cm,oppo-k3,p00,30cm,16000,1.052,INSUFFICIENT_DATA,0.0,0.05338977127222799,5000.0,20.735885620117188,-28.563743591308594,0.9153914248825463,0.05102717595012422,0.021085526546471757,0.0014045936063368798,0.0029276853121291938,0.0002847504187202309,0.00043168593163688516,5.6714940024108425e-05
oppo-k3+p00_3_4+60cm,oppo-k3,p00,60cm,16000,1.106,INSUFFICIENT_DATA,0.0,0.05800882585991955,5000.0,17.985061645507812,-26.75774574279785,0.964119399235327,0.02967759720839644,0.004059046613488522,0.0008726905948544227,0.00047742926171136924,0.00010093396969140755,6.64896759680083e-05,4.097704212971029e-05
oppo-k3+p00_3_5+100cm,oppo-k3,p00,100cm,16000,1.069,INSUFFICIENT_DATA,0.0,0.04306091237394914,4578.125,11.928092956542969,-27.916067123413086,0.9965457014035954,0.0024391404797533163,0.0003508409064096349,5.8537066187264124e-05,1.7564968130447625e-05,9.38135923496669e-06,5.555278291419557e-06,4.034070936472717e-06
oppo-k3+p00_3_5+10cm,oppo-k3,p00,10cm,16000,1.072,INSUFFICIENT_DATA,0.0,0.025401441128521062,4265.625,20.240631103515625,-23.50033950805664,0.9958257853035543,0.00291825846767893,0.0003785873740387251,0.00026913014947064275,0.00024389135048784918,2.9436218961821765e-05,1.6875750717197733e-05,2.59962858134518e-05
oppo-k3+p00_3_5+150cm,oppo-k3,p00,150cm,16000,1.044,INSUFFICIENT_DATA,0.0,0.028989127863602724,4281.25,19.452438354492188,-24.534204483032227,0.9962627456175239,0.0025008333501585216,0.00024182780535929562,9.296822114270341e-05,0.00011865248975423539,2.617039356234852e-05,1.150698042910997e-05,1.2794113817789625e-05
oppo-k3+p00_3_5+200cm,oppo-k3,p00,200cm,16000,1.072,INSUFFICIENT_DATA,0.0,0.02785090059480359,4265.625,22.008331298828125,-26.206539154052734,0.9962330406607621,0.0025568561610894375,0.00012181674254144718,6.332834730351669e-05,6.580690420810508e-05,1.7061835199492934e-05,6.9107557953857556e-06,7.773896304227398e-06
oppo-k3+p00_3_5+30cm,oppo-k3,p00,30cm,16000,1.072,INSUFFICIENT_DATA,0.0,0.024038369207641425,5000.0,14.774665832519531,-20.70755958557129,0.982668293745832,0.015382112955346383,0.0007235037220045999,0.00018754909781072945,0.0002358094512279599,3.3322050013259874e-05,1.3711126246213615e-05,7.587123007037785e-06
oppo-k3+p00_3_5+60cm,oppo-k3,p00,60cm,16000,1.044,INSUFFICIENT_DATA,0.0,0.01492849970427196,4257.8125,15.805137634277344,-18.17395782470703,0.9912898302016478,0.006978134520211973,0.000608372785019227,0.00016669388874203332,0.00018746233858973893,2.5224035650741207e-05,1.3198824490915147e-05,1.1630728750831097e-05
oppo-k3+p00_4_1+100cm,oppo-k3,p00,100cm,16000,1.389,INSUFFICIENT_DATA,0.0,0.025724208396461886,4148.4375,10.408409118652344,-32.87580871582031,0.9946150486043763,0.00413989858453306,0.0007512359464090478,0.0001591930799606021,7.437001263594884e-06,5.176110887573382e-06,4.6467168711188555e-06,2.267080065062057e-06
oppo-k3+p00_4_1+150cm,oppo-k3,p00,150cm,16000,1.492,INSUFFICIENT_DATA,0.0,0.0413304098753513,5531.25,11.526748657226562,-30.749225616455078,0.9895894862074683,0.00779514683061939,0.0012896391228821456,0.00016837887651886861,2.4123190890616762e-05,1.261275335316856e-05,9.499880334025136e-06,5.9831118006503154e-06
oppo-k3+p00_4_1+300cm,oppo-k3,p00,300cm,16000,1.492,INSUFFICIENT_DATA,0.0,0.023291315904515282,4156.25,6.338066101074219,-39.025089263916016,0.9878312058421927,0.008745230577607399,0.001484449492803292,0.00021203993929839367,1.3113130549358558e-05,9.883752585585564e-06,9.17628701547556e-06,6.452510450622563e-06
oppo-k3+p00_4_2+10cm,oppo-k3,p00,10cm,16000,1.143,INSUFFICIENT_DATA,0.0,0.02342044725472591,5000.0,22.60175323486328,-32.947227478027344,0.9484741909005683,0.0130647727717901,0.026408492951050553,0.004164294632980329,0.0027641211920856625,0.0006446980571648721,0.0005235906185988923,0.0002689179454733248
oppo-k3+p00_4_2+150cm,oppo-k3,p00,150cm,16000,1.143,INSUFFICIENT_DATA,0.0,0.041336485138142275,4890.625,14.986763000488281,-30.876962661743164,0.99045410515546,0.004805145321705559,0.0037151623307504133,0.0002719752755099163,5.369963735012046e-05,2.6199653580690343e-05,1.6940457423838994e-05,1.0119447788727206e-05
oppo-k3+p00_4_2+200cm,oppo-k3,p00,200cm,16000,1.011,INSUFFICIENT_DATA,0.0,0.029520859113809424,7335.9375,11.743087768554688,-32.1324462890625,0.9859684684209736,0.008917843184853754,0.004187942493593886,0.00020439583280022148,1.8364896565721433e-05,1.0307134033556203e-05,5.453644307074704e-06,3.3528922807195562e-06
oppo-k3+p00_4_2+300cm,oppo-k3,p00,300cm,16000,1.143,INSUFFICIENT_DATA,0.0,0.017740864160639285,6015.625,10.270660400390625,-38.51045227050781,0.9893324746116378,0.005487982216989598,0.004213446575251125,0.00028316829412862313,1.6356502649243e-05,1.0488642457189628e-05,1.0409893297919249e-05,6.119345775957982e-06
oppo-k3+p00_4_2+30cm,oppo-k3,p00,30cm,16000,1.011,INSUFFICIENT_DATA,0.0,0.03273856044397395,5000.0,13.397430419921875,-25.86928939819336,0.961158082929575,0.02545108165519636,0.008773892684529891,0.001379914562059535,0.001022816138314379,0.00022001609690338317,0.00011829695498668902,4.2185738756977863e-05
oppo-k3+p00_4_2+60cm,oppo-k3,p00,60cm,16000,1.143,INSUFFICIENT_DATA,0.0,0.046413017463725184,5000.0,16.168052673339844,-23.004711151123047,0.9830563194329832,0.00844770903166691,0.005937854038441439,0.0005872684707414585,0.0003253024981496269,8.634381649964266e-05,5.673650380476276e-05,2.7874823067336577e-05
oppo-k3+p00_4_3+100cm,oppo-k3,p00,100cm,16000,1.158,INSUFFICIENT_DATA,0.0,0.023253201194078293,4539.0625,21.628700256347656,-29.397438049316406,0.9986907458764219,0.001125972977675971,0.00011714802131834766,2.4944553248782738e-05,2.029064260235383e-05,3.1771660156108034e-06,1.985910350581862e-06,2.1619373251141108e-06
oppo-k3+p00_4_3+150cm,oppo-k3,p00,150cm,16000,1.389,INSUFFICIENT_DATA,0.0,0.025011578013533563,4296.875,22.56775665283203,-29.172008514404297,0.9988019355750956,0.0009323980164793981,0.0001082593558347005,4.71233644318106e-05,4.6710423374703085e-05,8.741803725225086e-06,5.986484187756039e-06,5.959811513556244e-06
oppo-k3+p00_4_3+200cm,oppo-k3,p00,200cm,16000,1.389,INSUFFICIENT_DATA,0.0,0.024172528327175313,4593.75,12.96417236328125,-31.358875274658203,0.9989910081212112,0.0007452555697121447,0.00018947103920159447,2.3069905799878055e-05,6.967737666169892e-06,3.317464879759333e-06,2.5138140289210874e-06,2.0382868711832674e-06
oppo-k3+p00_4_3+60cm,oppo-k3,p00,60cm,16000,1.389,INSUFFICIENT_DATA,0.0,0.029874214375970525,5000.0,21.008621215820312,-22.316667556762695,0.9957344049860363,0.0033473625508968355,0.00032054594187923047,0.00013404955572949139,0.0002182636623839183,1.906758852760586e-05,1.0225112968067366e-05,1.4386002420033152e-05
oppo-k3+p00_4_4+100cm,oppo-k3,p00,100cm,16000,1.441,INSUFFICIENT_DATA,0.0,0.023337419679793615,4578.125,23.52808380126953,-27.438140869140625,0.9980600163522075,0.001468222614549429,9.630639484396069e-05,6.036862880945891e-05,5.622063689871547e-05,9.688100962567438e-06,6.390494891936417e-06,6.576299953274048e-06
oppo-k3+p00_4_4+10cm,oppo-k3,p00,10cm,16000,1.209,INSUFFICIENT_DATA,0.0,0.027203718567630264,5000.0,18.325782775878906,-21.414352416992188,0.9958997543330677,0.003207673499973975,0.00016760256497577703,0.0001768960336885752,0.00016103509820779952,1.934243698166535e-05,1.007055517834386e-05,1.6734406398351663e-05
oppo-k3+p00_4_4+150cm,oppo-k3,p00,150cm,16000,1.441,INSUFFICIENT_DATA,0.0,0.018168429289277834,4281.25,26.51477813720703,-25.502023696899414,0.99731075410746,0.002008433329854945,0.0001110295335031404,0.00010538371811074744,0.00013763780785414577,1.6663647363424662e-05,9.88826396629258e-06,1.4689000519183806e-05
oppo-k3+p00_4_4+200cm,oppo-k3,p00,200cm,16000,1.389,INSUFFICIENT_DATA,0.0,0.024396450805946886,4281.25,20.30634307861328,-26.628971099853516,0.9979763318863651,0.001627337247029404,9.059670663122654e-05,7.671301252872085e-05,5.51563729916767e-05,9.295858343573643e-06,6.260070852305703e-06,7.627681720500608e-06
oppo-k3+p00_4_4+300cm,oppo-k3,p00,300cm,16000,1.209,INSUFFICIENT_DATA,0.0,0.010478917875545512,4132.8125,8.678230285644531,-31.664772033691406,0.9979880094779094,0.0018738728110009137,2.4105584081316062e-05,1.0960273761170598e-05,2.5831971081617945e-06,1.6690771545218794e-06,1.6903926142953672e-06,1.2131476862253134e-06
oppo-k3+p00_4_4+30cm,oppo-k3,p00,30cm,16000,1.441,INSUFFICIENT_DATA,0.0,0.023215898898353675,5000.0,17.3326416015625,-21.046131134033203,0.9921046001676023,0.006319171312959615,0.0005418428372642966,0.0001965343637991055,0.00030566053944580695,3.451233040928202e-05,1.5126775415189161e-05,8.301792343235427e-06
oppo-k3+p00_4_4+60cm,oppo-k3,p00,60cm,16000,1.389,INSUFFICIENT_DATA,0.0,0.014743755229905531,4320.3125,17.99842071533203,-18.603370666503906,0.9950534627738282,0.004054558093674235,0.00020048907048262496,0.00013794531692657986,0.0001788864716893767,1.986306386526159e-05,9.31382687564948e-06,1.1288638938396867e-05
oppo-k3+p00_4_5+100cm,oppo-k3,p00,100cm,16000,1.028,INSUFFICIENT_DATA,0.0,0.02885469759183648,5585.9375,14.524871826171875,-29.215518951416016,0.9949042614203555,0.0023715078756224523,0.0013648179243170885,0.00014574906456317583,2.2192073706164267e-05,1.4814516253721363e-05,7.512122700172705e-06,3.945143631669412e-06
oppo-k3+p00_4_5+150cm,oppo-k3,p00,150cm,16000,1.085,INSUFFICIENT_DATA,0.0,0.026236728146814808,4289.0625,23.171112060546875,-27.666587829589844,0.9973266538936364,0.0015699138660720488,0.0006653317692230477,9.925882196437907e-05,5.534987129696479e-05,1.439350421745225e-05,7.872880337335402e-06,7.186150515533585e-06
oppo-k3+p00_4_5+200cm,oppo-k3,p00,200cm,16000,1.028,INSUFFICIENT_DATA,0.0,0.028508041582416575,4539.0625,13.161506652832031,-28.98801040649414,0.99472036778088,0.0026206376303074133,0.001307121567091643,0.00012470984527425017,2.5144320075300484e-05,1.409682838922133e-05,6.685137690627362e-06,4.145088272707896e-06
oppo-k3+p00_4_5+300cm,oppo-k3,p00,300cm,16000,1.028,INSUFFICIENT_DATA,0.0,0.01116572395761567,4132.8125,9.921272277832031,-34.934326171875,0.9947735675017577,0.002404752342327981,0.001235130050813962,8.982964001524459e-05,7.450483099270707e-06,4.521147110239804e-06,4.125638486920073e-06,2.7098984158158773e-06
oppo-k3+p00_5_1+10cm,oppo-k3,p00,10cm,16000,2.664,INSUFFICIENT_DATA,0.0,0.013221134446917521,5000.0,17.78118896484375,-28.612382888793945,0.9690068097071842,0.0130678885948105,0.00978062920982656,0.0027382650936276774,0.0013054040313288991,0.00031764900196472985,0.00024408511594991425,0.00013479916178402287
oppo-k3+p00_5_1+150cm,oppo-k3,p00,150cm,16000,1.768,INSUFFICIENT_DATA,0.0,0.023728847309397727,5820.3125,9.199050903320312,-29.818317413330078,0.9934574460885365,0.0037776349074665413,0.002497002370243557,0.00010274425585215408,2.8607738003573433e-05,1.1341750637886056e-05,6.227361506063491e-06,3.1726856863792875e-06
oppo-k3+p00_5_1+300cm,oppo-k3,p00,300cm,16000,1.69,INSUFFICIENT_DATA,0.0,0.012552285494760262,4296.875,11.605537414550781,-33.57018280029297,0.995265782859268,0.0031650400891183057,0.0013483452523708934,7.75928172942119e-05,7.430234294057452e-06,8.15387055561568e-06,5.680517724188101e-06,2.4898953971190994e-06
oppo-k3+p00_5_1+30cm,oppo-k3,p00,30cm,16000,1.69,INSUFFICIENT_DATA,0.0,0.026661961619661743,5000.0,15.438606262207031,-23.494075775146484,0.9751627319791866,0.019936607308003312,0.0030015374566615223,0.0004547651935771043,0.0005254726172296607,8.853930293937033e-05,6.122806829075355e-05,2.0552579773673e-05
oppo-k3+p00_5_2+100cm,oppo-k3,p00,100cm,16000,1.628,INSUFFICIENT_DATA,0.0,0.011149291107667214,4281.25,25.485733032226562,-25.96228790283203,0.996295580965779,0.0028273040305169606,0.0006176528040498071,9.324689891154105e-05,7.379429819550233e-05,1.2126738789909824e-05,6.040737149949656e-06,7.861657621842506e-06
oppo-k3+p00_5_2+10cm,oppo-k3,p00,10cm,16000,1.628,INSUFFICIENT_DATA,0.0,0.012121206412237235,4296.875,22.735450744628906,-20.275156021118164,0.9943624044032809,0.0031685911989097933,0.0014988151783362125,0.00039119303432524373,0.00022709531495398742,5.10478547211625e-05,3.469845835474857e-05,2.6336059782079782e-05
oppo-k3+p00_5_2+150cm,oppo-k3,p00,150cm,16000,1.628,INSUFFICIENT_DATA,0.0,0.013404152977528425,4281.25,26.4166259765625,-24.158428192138672,0.9964313986856037,0.0026625301675970068,0.0005275788009158951,0.00012092654553257505,0.00015598410541936588,1.3373933015783581e-05,7.647759333760757e-06,1.4776412818847827e-05
oppo-k3+p00_5_2+30cm,oppo-k3,p00,30cm,16000,1.628,INSUFFICIENT_DATA,0.0,0.01578289589117851,4289.0625,13.628524780273438,-18.996002197265625,0.9863170926109643,0.010534264431943,0.002305308089453923,0.0002963049768048082,0.0002700480326539744,6.393119338555691e-05,3.0965538497944646e-05,1.4914866620008451e-05
oppo-k3+p00_5_3+300cm,oppo-k3,p00,300cm,16000,1.496,INSUFFICIENT_DATA,0.0,0.00884727169699166,4304.6875,8.2916259765625,-33.83727264404297,0.9970158147072294,0.0014672033754449837,0.0012945927154772213,9.773255578092086e-05,7.387936366360947e-06,3.910648504500571e-06,3.3707832436621433e-06,2.084196015020201e-06
oppo-k3+p00_5_3+30cm,oppo-k3,p00,30cm,16000,1.496,INSUFFICIENT_DATA,0.0,0.020076567863648507,5000.0,14.655815124511719,-22.44989013671875,0.981624944655353,0.01385050038607859,0.002622938886828217,0.0005305856890573968,0.0004453380344176324,6.734602836407372e-05,3.7928533805161234e-05,1.5827320340566505e-05
oppo-k3+p00_5_4+100cm,oppo-k3,p00,100cm,16000,1.176,INSUFFICIENT_DATA,0.0,0.04712597157219701,4265.625,19.79039764404297,-28.980159759521484,0.996688489707385,0.0028701908239522175,0.00020054333410326856,0.0001545841359399212,3.540928773768109e-05,9.887026757260025e-06,5.2944215269507615e-06,7.597991862345021e-06
oppo-k3+p00_5_4+10cm,oppo-k3,p00,10cm,16000,1.282,INSUFFICIENT_DATA,0.0,0.04065389167349952,5000.0,26.09955596923828,-26.10449981689453,0.9956339668511556,0.0016690982128792838,0.0003100886626284992,0.0006758612085552776,0.0006615291573574009,7.262591464904855e-05,3.0867052231433345e-05,5.558261787039066e-05
oppo-k3+p00_5_4+150cm,oppo-k3,p00,150cm,16000,1.241,INSUFFICIENT_DATA,0.0,0.029288479868715692,4265.625,17.618667602539062,-29.767620086669922,0.9988549274355653,0.0008826850419747347,0.0001017947317362527,5.019116524087508e-05,2.703845124014528e-05,1.2315749053246845e-05,4.839649033119674e-06,3.848842457393301e-06
oppo-k3+p00_5_4+200cm,oppo-k3,p00,200cm,16000,1.241,INSUFFICIENT_DATA,0.0,0.03552242256291304,4265.625,16.093017578125,-31.345081329345703,0.9986493732014692,0.0010777674970762993,0.00010327410327757775,3.792056436040823e-05,1.501693269089372e-05,8.913953758390649e-06,3.96228732001796e-06,2.5621695860967534e-06
oppo-k3+p00_5_4+300cm,oppo-k3,p00,300cm,16000,1.241,INSUFFICIENT_DATA,0.0,0.021181699812767824,5859.375,9.113555908203125,-37.42906188964844,0.9985748910832956,0.0011499634547440887,9.561377621720353e-05,3.535434773214843e-05,7.141696431343293e-06,7.126221856897402e-06,7.112433082461422e-06,4.771123658056831e-06
oppo-k3+p00_5_4+30cm,oppo-k3,p00,30cm,16000,1.176,INSUFFICIENT_DATA,0.0,0.03993819240959582,5000.0,18.033950805664062,-22.13458251953125,0.99244904661052,0.006123120472177729,0.0005481927657050477,0.00023834760633682951,0.0003161100482252985,3.7200454849318484e-05,1.5085923771489254e-05,8.420931673376076e-06
oppo-k3+p00_5_4+60cm,oppo-k3,p00,60cm,16000,1.241,INSUFFICIENT_DATA,0.0,0.030016779149458845,5000.0,18.095367431640625,-22.08803367614746,0.9927375424749614,0.006162972198961183,0.00022812528846835397,0.00016226913237474782,0.00022138024485023175,2.2881141717706845e-05,1.3146471578924337e-05,1.4034883269562547e-05
oppo-k3+p00_6_1+100cm,oppo-k3,p00,100cm,16000,1.439,INSUFFICIENT_DATA,0.0,0.07290320347601162,7460.9375,11.506172180175781,-30.244882583618164,0.9958852660232331,0.003104150144400611,0.000881483558539358,8.300918656923518e-05,9.975205691831698e-06,5.3318420778201324e-06,2.9725166545568356e-06,3.112995893790296e-06
oppo-k3+p00_6_1+10cm,oppo-k3,p00,10cm,16000,1.439,INSUFFICIENT_DATA,0.0,0.022766556416857268,5000.0,23.394927978515625,-28.22157096862793,0.9869852894253462,0.006363414421154356,0.003571096516856398,0.0010530718349598877,0.0008990317801453641,0.0001431584748871718,0.00010781225469237993,9.8450676654043e-05
oppo-k3+p00_6_1+300cm,oppo-k3,p00,300cm,16000,1.455,INSUFFICIENT_DATA,0.0,0.01535467392715926,4125.0,8.014511108398438,-35.81636428833008,0.9959031636071702,0.0013662410169496854,0.0025520081847874025,0.0001009506721447023,8.723497316860037e-06,5.708259020743912e-06,4.989467172688956e-06,3.1818791277378938e-06
oppo-k3+p00_6_1+30cm,oppo-k3,p00,30cm,16000,1.537,INSUFFICIENT_DATA,0.0,0.039492024842209095,5000.0,21.707229614257812,-25.80593490600586,0.9773881001774158,0.017632288215412392,0.002651141243725618,0.000626948771031737,0.0008219657152588157,0.00010223634195134429,4.2174239271312324e-05,2.11443729386675e-05
oppo-k3+p00_6_1+60cm,oppo-k3,p00,60cm,16000,1.537,INSUFFICIENT_DATA,0.0,0.03869887457390138,4273.4375,17.640289306640625,-21.89606475830078,0.9883244276201082,0.008541156145428594,0.0021447251656507493,0.00032319553014321586,0.000251477770772465,4.330361624423493e-05,2.3664774504902055e-05,2.0833980059475905e-05
oppo-k3+p00_6_2+100cm,oppo-k3,p00,100cm,16000,1.513,INSUFFICIENT_DATA,0.0,0.02276225658347951,4578.125,22.95624542236328,-26.900402069091797,0.9992395678386317,0.00031607145225973727,0.00028497951719780334,6.939179400621099e-05,5.309548067190595e-05,8.36517814575311e-06,6.075967758340642e-06,6.348209722456188e-06
oppo-k3+p00_6_2+10cm,oppo-k3,p00,10cm,16000,1.513,INSUFFICIENT_DATA,0.0,0.02587418992941063,4273.4375,19.55663299560547,-21.693069458007812,0.9950374690856587,0.0019015017482345942,0.0016875534422168955,0.000778485219376395,0.00027507212970278623,4.691416635921078e-05,2.8140379284407343e-05,3.2719032526204437e-05
oppo-k3+p00_6_2+200cm,oppo-k3,p00,200cm,16000,1.485,INSUFFICIENT_DATA,0.0,0.021103330105935438,4578.125,26.508956909179688,-26.34688377380371,0.9990819087952627,0.0004171106750641387,0.00026171480770547387,9.333919594343685e-05,8.398063772067666e-05,1.1896661380278934e-05,7.487557103094677e-06,9.365534074969922e-06
oppo-k3+p00_6_2+30cm,oppo-k3,p00,30cm,16000,1.513,INSUFFICIENT_DATA,0.0,0.030788893249041636,5000.0,16.471343994140625,-20.883068084716797,0.9940575157761159,0.004358281044503742,0.0008469013805976582,0.00026199607024736756,0.0002487044612014467,2.5957949634806052e-05,1.254896456576366e-05,6.389704857209163e-06
oppo-k3+p00_6_2+60cm,oppo-k3,p00,60cm,16000,1.513,INSUFFICIENT_DATA,0.0,0.020660722591247505,4289.0625,20.449996948242188,-18.196693420410156,0.9982485878121107,0.0011426205094124506,0.00023162346712905693,0.00010223809173689637,0.00016097791578172668,1.0549996242200018e-05,7.099895332473514e-06,8.163926651549667e-06
oppo-k3+p00_6_3+10cm,oppo-k3,p00,10cm,16000,2.129,INSUFFICIENT_DATA,0.0,0.007694389799353008,7718.75,16.51464080810547,-18.754179000854492,0.9959984389841469,0.002611038789151991,0.000657730740516932,0.0003570247876912701,0.00016315796195958435,2.746156835117688e-05,1.7636285930221854e-05,1.9275344818069742e-05
oppo-k3+p00_6_3+200cm,oppo-k3,p00,200cm,16000,2.129,INSUFFICIENT_DATA,0.0,0.016377088680344667,4281.25,22.45177459716797,-24.39431381225586,0.9984344963239559,0.0010207696876567062,0.0002800224706821162,0.00010032345119747136,9.637418844912658e-05,7.730145815307471e-06,5.331164868684607e-06,1.2603845536102654e-05
oppo-k3+p00_6_4+10cm,oppo-k3,p00,10cm,16000,1.176,INSUFFICIENT_DATA,0.0,0.033946346353768836,5000.0,20.790985107421875,-24.059017181396484,0.9952476031513247,0.00254631071984607,0.0005526787516545235,0.0007497241548453372,0.0004087757402826011,5.8320766595827755e-05,4.450265600981272e-05,3.8126256780567025e-05
oppo-k3+p00_6_4+150cm,oppo-k3,p00,150cm,16000,1.282,INSUFFICIENT_DATA,0.0,0.029195351397215342,4242.1875,23.247116088867188,-27.533382415771484,0.9985304649098572,0.0010268030041213824,8.476634847947971e-05,0.00011794161197379353,0.00011785830638597465,1.002947951812797e-05,6.012782560870051e-06,1.4093342852722426e-05
oppo-k3+p01_1_1+10cm,oppo-k3,p01,10cm,16000,0.688,INSUFFICIENT_DATA,0.0,0.02040991215016996,5000.0,31.88031768798828,-34.83016586303711,0.9855280470035064,0.004301906216297681,0.0004397175936286959,0.0013870964025569645,0.003282923751230533,0.0003275540342998038,0.00011150782322474995,0.00017730450806303962
oppo-k3+p01_1_1+150cm,oppo-k3,p01,150cm,16000,0.688,INSUFFICIENT_DATA,0.0,0.024592847905443714,5929.6875,7.843620300292969,-36.88987731933594,0.998332574775225,0.001092364319379188,0.00048214938048794174,1.3188434992994454e-05,4.996101291748323e-06,4.462287289004575e-06,4.8426895043504364e-06,3.7990829406443762e-06
oppo-k3+p01_1_1+200cm,oppo-k3,p01,200cm,16000,0.688,INSUFFICIENT_DATA,0.0,0.028640343518772378,5898.4375,9.463973999023438,-37.818119049072266,0.998606578020251,0.0010681086823492373,0.00023332632051715888,1.590271195069986e-05,7.085389045501785e-06,7.318592645646279e-06,8.004671414812823e-06,5.252799482059256e-06
oppo-k3+p01_1_1+30cm,oppo-k3,p01,30cm,16000,0.704,INSUFFICIENT_DATA,0.0,0.04191349307478494,5000.0,29.38719940185547,-30.1732177734375,0.9869151831962925,0.00690063355005676,0.0004622164158718016,0.0005356614318028505,0.002224120703891726,0.00012613540840170092,2.15135843338376e-05,1.8735231260922507e-05
oppo-k3+p01_1_1+60cm,oppo-k3,p01,60cm,16000,0.704,INSUFFICIENT_DATA,0.0,0.05053668047059826,5000.0,22.864952087402344,-25.513151168823242,0.9948532152055067,0.0037104646333907735,0.00026338916319625967,0.00015975350271074754,0.00032186634812975823,3.519409900206068e-05,1.696813693853233e-05,2.110973992771978e-05
oppo-k3+p01_1_2+100cm,oppo-k3,p01,100cm,16000,0.657,INSUFFICIENT_DATA,0.0,0.044133212891975575,4789.0625,9.326957702636719,-33.2443962097168,0.9983390153018744,0.00145157280653372,0.00015985557746300388,1.4724355299488352e-05,7.032541033716987e-06,5.963065321568877e-06,5.409414176441471e-06,3.8066241904804167e-06
oppo-k3+p01_1_2+150cm,oppo-k3,p01,150cm,16000,0.657,INSUFFICIENT_DATA,0.0,0.036465947718041736,nan,0.0,-30.923261642456055,0.9982558654967597,0.0014899711524042015,0.00017714993961954236,1.7140895672558207e-05,1.2965872021298068e-05,7.638876034894747e-06,3.8105709552133204e-06,1.866548593930998e-06
oppo-k3+p01_1_2+200cm,oppo-k3,p01,200cm,16000,0.688,INSUFFICIENT_DATA,0.0,0.020613350714668195,4640.625,11.454353332519531,-33.8346061706543,0.9983488757929627,0.001481422827652,0.00011387761543161055,7.672317441903393e-06,3.2881076900391775e-06,3.2693436646001192e-06,2.8807712818368706e-06,1.9105014925402555e-06
oppo-k3+p01_1_2+300cm,oppo-k3,p01,300cm,16000,0.657,INSUFFICIENT_DATA,0.0,0.011003315109407635,6015.625,10.527244567871094,-37.44507598876953,0.9990024821506259,0.0008162828138816626,0.00011833008794990997,1.1244788173002697e-05,5.869714089450629e-06,6.016541717411106e-06,6.0755939089977415e-06,4.458548488213253e-06
oppo-k3+p01_1_3+100cm,oppo-k3,p01,100cm,16000,1.001,INSUFFICIENT_DATA,0.0,0.027499122338399896,4125.0,15.604454040527344,-29.467374801635742,0.9970362121098582,0.002400343250013904,0.00033521192321502914,6.624972549060392e-05,6.645203616248736e-05,1.1829030400966404e-05,8.341931396836171e-06,8.479364236709742e-06
oppo-k3+p01_1_3+150cm,oppo-k3,p01,150cm,16000,0.985,INSUFFICIENT_DATA,0.0,0.07718842982345749,4132.8125,20.013397216796875,-28.198335647583008,0.9974166462432688,0.002023087896493025,0.00027826726598596953,6.74882429895636e-05,7.215174397512384e-05,1.3062379592013371e-05,7.268673060638611e-06,9.108207497477367e-06
oppo-k3+p01_1_3+200cm,oppo-k3,p01,200cm,16000,1.001,INSUFFICIENT_DATA,0.0,0.046313743403432715,4257.8125,18.369163513183594,-28.08856964111328,0.996762692857122,0.002719594272488849,0.00031031634564529753,6.766246421120061e-05,5.8445412001097e-05,1.0559338856337024e-05,7.034242043538142e-06,7.093437873018798e-06
oppo-k3+p01_1_3+300cm,oppo-k3,p01,300cm,16000,1.048,INSUFFICIENT_DATA,0.0,0.019063215422445524,4265.625,7.2125244140625,-35.343963623046875,0.99775467349553,0.0017533494810611095,0.00031031462873682737,1.0056254071218892e-05,4.800638001547751e-06,3.6400247718860164e-06,3.957926565386503e-06,2.6917221835125008e-06
oppo-k3+p01_1_3+30cm,oppo-k3,p01,30cm,16000,1.048,INSUFFICIENT_DATA,0.0,0.042500223277961914,5000.0,19.61705780029297,-23.730833053588867,0.9911203245260826,0.006846256586826182,0.0005403724586315001,0.00018120125222490196,0.00032500209363742254,2.8627312769038915e-05,1.3206094306491986e-05,5.9504890420400146e-06
oppo-k3+p01_1_3+60cm,oppo-k3,p01,60cm,16000,1.001,INSUFFICIENT_DATA,0.0,0.03105401164030884,4382.8125,17.412208557128906,-20.135360717773438,0.9932569372926772,0.005558153487745164,0.00045701944137885775,0.00013127203867235523,0.0001786456850457037,2.0678935931526905e-05,1.1968108446090073e-05,1.159752948395347e-05
oppo-k3+p01_1_4+150cm,oppo-k3,p01,150cm,16000,1.345,INSUFFICIENT_DATA,0.0,0.02501350275528718,4117.1875,19.59856414794922,-29.258583068847656,0.9989454942693766,0.0006298489522596529,0.00028068296750441435,3.8662584819573936e-05,3.79894300424483e-05,1.1553193118027088e-05,4.335016639995343e-06,5.154535262720125e-06
oppo-k3+p01_1_4+200cm,oppo-k3,p01,200cm,16000,1.251,INSUFFICIENT_DATA,0.0,0.022141254585181833,4242.1875,18.192893981933594,-29.656070709228516,0.999346188692834,0.00034048255754107816,0.00023143555315101644,1.9200798938369647e-05,1.7615322795336552e-05,3.984666424191605e-06,2.880873774649404e-06,2.608043047164656e-06
oppo-k3+p01_1_4+30cm,oppo-k3,p01,30cm,16000,1.486,INSUFFICIENT_DATA,0.0,0.019805921117015943,5000.0,20.885650634765625,-22.4770450592041,0.9949584292063138,0.00369860747001465,0.0004222619386026373,0.00013873441276842375,0.0002918490516569458,2.3895837883706737e-05,8.053371194739287e-06,4.201971744067247e-06
oppo-k3+p01_1_4+60cm,oppo-k3,p01,60cm,16000,1.486,INSUFFICIENT_DATA,0.0,0.013578023663908045,4125.0,19.48894500732422,-20.117700576782227,0.9958691660957165,0.0032578554717255033,0.00028662596524510096,0.0001017535723443674,0.00017723143525861113,1.207911618236983e-05,8.14937750207808e-06,1.0088089381842548e-05
oppo-k3+p01_1_5+100cm,oppo-k3,p01,100cm,16000,0.985,INSUFFICIENT_DATA,0.0,0.1279479698555505,4109.375,17.960540771484375,-31.22886848449707,0.9951470460150703,0.00416880968620913,0.00026481586078897515,1.826634881785822e-05,2.140756815038457e-05,1.4430738247561967e-05,8.337187476222106e-06,7.882171317353104e-06
oppo-k3+p01_1_5+10cm,oppo-k3,p01,10cm,16000,1.157,INSUFFICIENT_DATA,0.0,0.023635406894501686,5000.0,27.104644775390625,-32.42860794067383,0.9823073360995338,0.009450816069392333,0.0014111555518603778,0.001113325631027943,0.002169181784917656,0.00027514580831606775,0.00011523872239512936,0.00015153409844980448
oppo-k3+p01_1_5+30cm,oppo-k3,p01,30cm,16000,0.985,INSUFFICIENT_DATA,0.0,0.050196935126483044,5000.0,17.95146942138672,-24.5759220123291,0.9897816315176128,0.008284877426231026,0.0007401882468136118,0.00026246999203054043,0.00042222825284425435,3.981980694770018e-05,2.2553339767944627e-05,1.08873328447714e-05
oppo-k3+p01_1_5+60cm,oppo-k3,p01,60cm,16000,1.157,INSUFFICIENT_DATA,0.0,0.05798941745627022,5000.0,16.071075439453125,-21.4841365814209,0.9952159807860999,0.003778700576969102,0.00038961275655106334,0.00013803096904551858,0.0002156556798826051,2.201741294728134e-05,1.4787891243394463e-05,1.4111870382462238e-05
oppo-k3+p01_2_1+30cm,oppo-k3,p01,30cm,16000,1.11,INSUFFICIENT_DATA,0.0,0.0369410785482662,5000.0,20.831039428710938,-25.673789978027344,0.9864583032032559,0.011180862477173021,0.0007709206010926038,0.0002895545759297062,0.0005441307819899781,5.4968581559780814e-05,1.9789845934820975e-05,9.799660618683943e-06
oppo-k3+p01_2_2+100cm,oppo-k3,p01,100cm,16000,1.313,INSUFFICIENT_DATA,0.0,0.03389571014988631,4101.5625,15.190719604492188,-27.577472686767578,0.9970040614243664,0.002602062880337359,0.00015232381959041726,4.580927455398023e-05,4.150672560691366e-05,1.0887309105103708e-05,5.790982949733328e-06,6.394886925271265e-06
oppo-k3+p01_2_2+150cm,oppo-k3,p01,150cm,16000,1.392,INSUFFICIENT_DATA,0.0,0.052151534829942614,4242.1875,17.156944274902344,-27.3732967376709,0.9955624647126149,0.003966436846007226,0.00012205453141102588,7.359856729393963e-05,7.797024655677207e-05,1.5919921555402306e-05,7.310887488660614e-06,1.0642034253622266e-05
oppo-k3+p01_2_2+200cm,oppo-k3,p01,200cm,16000,1.313,INSUFFICIENT_DATA,0.0,0.061596101794453906,4117.1875,16.082374572753906,-27.699390411376953,0.9964790155085175,0.0030738965451732178,0.00016740315180373792,5.254684410455134e-05,4.3368414463722154e-05,8.895569626875625e-06,6.850290010955538e-06,5.6399435821965175e-06
oppo-k3+p01_2_2+300cm,oppo-k3,p01,300cm,16000,1.313,INSUFFICIENT_DATA,0.0,0.018316266247656983,5851.5625,9.11871337890625,-34.19314956665039,0.9972486091828345,0.00245041684540911,0.00014065930531969852,9.782954572079483e-06,3.833968203325361e-06,3.174543549328522e-06,3.144902917175377e-06,2.167201483406893e-06
oppo-k3+p01_2_2+60cm,oppo-k3,p01,60cm,16000,1.313,INSUFFICIENT_DATA,0.0,0.021051965123777668,4414.0625,15.878662109375,-20.46356964111328,0.993093024304358,0.005807537580131254,0.00031906027193252383,0.00010955173934077416,0.00017795591590152122,1.868806797590016e-05,9.992394964273405e-06,1.0098890015432766e-05
oppo-k3+p01_2_3+100cm,oppo-k3,p01,100cm,16000,1.157,INSUFFICIENT_DATA,0.0,0.06305151436247816,4109.375,17.325546264648438,-31.150558471679688,0.9901212621694202,0.0094436493584407,0.00017043546187947675,3.512286771381597e-05,4.4563959010476825e-05,1.9418853139733805e-05,8.41522466848718e-06,8.033645260097411e-06
oppo-k3+p01_2_3+10cm,oppo-k3,p01,10cm,16000,1.157,INSUFFICIENT_DATA,0.0,0.020433126122941198,5000.0,24.60089874267578,-31.38105583190918,0.97165074584469,0.02199508605864716,0.0011320334355334734,0.001018447085605949,0.0016448477607101924,0.00021548454389361176,9.015417652311927e-05,0.00013727931718597478
oppo-k3+p01_2_3+150cm,oppo-k3,p01,150cm,16000,1.157,INSUFFICIENT_DATA,0.0,0.10420100363435371,4109.375,17.890731811523438,-28.562442779541016,0.9922004858168135,0.007234193734838337,0.0002291455545382254,5.184612534936957e-05,5.834402620106524e-05,2.3785746634237716e-05,8.71119516145937e-06,6.616107433823911e-06
oppo-k3+p01_2_3+200cm,oppo-k3,p01,200cm,16000,1.157,INSUFFICIENT_DATA,0.0,0.08567838910079095,4687.5,18.131202697753906,-29.4583683013916,0.9901098234651278,0.009418082706193313,0.00020556154069946764,4.4160926983219444e-05,3.866793393793933e-05,1.4206260391867562e-05,6.648146107359581e-06,6.618760862492988e-06
oppo-k3+p01_2_4+200cm,oppo-k3,p01,200cm,16000,1.11,INSUFFICIENT_DATA,0.0,0.07516290657113003,4203.125,13.445663452148438,-29.02409553527832,0.9981680594536265,0.0015502065955771166,0.00017217958322662984,3.7487747247974295e-05,1.4565018623408205e-05,3.238907707290482e-06,2.6973620442675105e-06,1.9280418175160044e-06
oppo-k3+p01_2_4+300cm,oppo-k3,p01,300cm,16000,1.11,INSUFFICIENT_DATA,0.0,0.037331147894242044,4101.5625,7.640228271484375,-35.40959167480469,0.9986030134396952,0.0011596840943630374,0.0001564160248607139,2.751803429961346e-05,5.579770963999762e-06,4.173581481634549e-06,4.484959401848426e-06,2.7707046665239976e-06
oppo-k3+p01_2_4+60cm,oppo-k3,p01,60cm,16000,1.079,INSUFFICIENT_DATA,0.0,0.0506691451264475,5000.0,17.892532348632812,-20.402873992919922,0.9968745700146434,0.0024438990201394346,0.0001904171908294286,0.00011054052713668492,0.00016727669590905638,1.3343985717227186e-05,7.684855686691479e-06,9.952511719620757e-06
oppo-k3+p01_2_5+100cm,oppo-k3,p01,100cm,16000,1.016,INSUFFICIENT_DATA,0.0,0.11801998515424711,4101.5625,15.523117065429688,-29.372560501098633,0.9930835854510495,0.00648979570446206,7.554301830115855e-05,1.5794853536966506e-05,2.0832364621826516e-05,1.3556013219168383e-05,6.225978500345863e-06,5.745784441231854e-06
oppo-k3+p01_2_5+10cm,oppo-k3,p01,10cm,16000,1.079,INSUFFICIENT_DATA,0.0,0.016947363464789433,5000.0,27.31195831298828,-32.20225143432617,0.9709954103453229,0.02147006312891257,0.00048492897105016755,0.0010281461281461228,0.0020610562540456265,0.0002415522997239664,9.662835124850844e-05,0.00016007670777286852
oppo-k3+p01_2_5+150cm,oppo-k3,p01,150cm,16000,1.016,INSUFFICIENT_DATA,0.0,0.07391632477015117,4117.1875,19.422470092773438,-27.226428985595703,0.9926626748673778,0.006633056093969017,0.0001335994417196457,5.495712809770007e-05,7.249881027778388e-05,2.096319755747449e-05,9.665421937062232e-06,8.97616974518383e-06
oppo-k3+p01_2_5+300cm,oppo-k3,p01,300cm,16000,1.079,INSUFFICIENT_DATA,0.0,0.039681847691839384,6164.0625,9.041839599609375,-36.38106155395508,0.991427021433008,0.007904994421126852,6.606727964459356e-05,6.148680576296252e-06,3.9122149563384354e-06,4.467436258709802e-06,4.680427661510253e-06,3.4538799154222207e-06
oppo-k3+p01_2_5+30cm,oppo-k3,p01,30cm,16000,1.079,INSUFFICIENT_DATA,0.0,0.05033336417791685,5000.0,17.517974853515625,-23.11573028564453,0.98831476501424,0.00975018037673863,0.0005987547425170018,0.00020649055860570028,0.0003220878187561016,3.520173171273937e-05,1.810182555793007e-05,7.976164854527147e-06
oppo-k3+p01_2_5+60cm,oppo-k3,p01,60cm,16000,1.079,INSUFFICIENT_DATA,0.0,0.05053489388852912,4109.375,16.379539489746094,-20.484146118164062,0.9925924697236661,0.0063889915104192755,0.0002447846741983724,0.00010857037577411403,0.0001731278008379792,1.9495348831815432e-05,9.635321534790926e-06,1.2050031378680319e-05
oppo-k3+p01_3_1+100cm,oppo-k3,p01,100cm,16000,1.11,INSUFFICIENT_DATA,0.0,0.03474021171026679,4390.625,18.068580627441406,-29.275724411010742,0.9989855532338164,0.000812815630944146,2.4875282061969326e-05,5.5158892835023995e-05,5.290110989023565e-05,1.209277126440227e-05,5.399910249774101e-06,6.850033027329629e-06
oppo-k3+p01_3_1+10cm,oppo-k3,p01,10cm,16000,1.063,INSUFFICIENT_DATA,0.0,0.02764126197614942,5000.0,22.41051483154297,-26.888580322265625,0.9935155758629703,0.004233332100589183,0.0002235676956201525,0.0004757847326181244,0.0005912508134534435,6.392584508582975e-05,2.816739620016567e-05,6.153863305083439e-05
oppo-k3+p01_3_1+150cm,oppo-k3,p01,150cm,16000,1.157,INSUFFICIENT_DATA,0.0,0.06949947479381471,4257.8125,15.876441955566406,-28.38416290283203,0.9975456970358934,0.002177007942647077,4.5052016187669364e-05,6.203223889788881e-05,6.282008389778948e-05,1.4346895002676051e-05,5.922803090820143e-06,8.570520791973515e-06
oppo-k3+p01_3_1+200cm,oppo-k3,p01,200cm,16000,1.063,INSUFFICIENT_DATA,0.0,0.0559301907572801,4125.0,19.15058135986328,-28.255409240722656,0.9978419618420864,0.0018698648417186255,3.834129762655643e-05,5.159137273434905e-05,4.9164322566334976e-05,9.489473028036073e-06,5.7431922474163614e-06,6.434910437726692e-06
oppo-k3+p01_3_1+300cm,oppo-k3,p01,300cm,16000,1.157,INSUFFICIENT_DATA,0.0,0.04421537876096827,6156.25,7.0015411376953125,-35.059669494628906,0.9982880749727626,0.001606334879378659,2.7740156634533762e-05,1.081762932377007e-05,3.6569060271904728e-06,3.672400002332101e-06,3.729211628465146e-06,2.644540790741132e-06
oppo-k3+p01_3_2+100cm,oppo-k3,p01,100cm,16000,0.954,INSUFFICIENT_DATA,0.0,0.02212831689211004,4203.125,17.801101684570312,-27.936275482177734,0.9956779138636797,0.0035610402040738855,5.5316397427272316e-05,5.255294000260965e-05,5.9821223755239586e-05,2.328869352503379e-05,7.155987304686493e-06,9.175984020520772e-06
oppo-k3+p01_3_2+10cm,oppo-k3,p01,10cm,16000,1.173,INSUFFICIENT_DATA,0.0,0.011676222048890844,5000.0,23.245384216308594,-28.406211853027344,0.9851221347809507,0.010974890409335972,0.0003387203790044157,0.0007243380948761465,0.000989806968394041,0.00014066875949549518,6.899654092034911e-05,0.0001188392659445658
oppo-k3+p01_3_2+150cm,oppo-k3,p01,150cm,16000,1.11,INSUFFICIENT_DATA,0.0,0.042783821032815646,4109.375,17.35736083984375,-26.436019897460938,0.9932784215990901,0.005607412564422304,8.969919848567838e-05,7.227124953210997e-05,9.165201464929447e-05,2.8659167640309293e-05,9.742884250914724e-06,9.353762105415782e-06
oppo-k3+p01_3_2+200cm,oppo-k3,p01,200cm,16000,1.173,INSUFFICIENT_DATA,0.0,0.037441527962796185,4531.25,18.984886169433594,-26.990821838378906,0.9943307600049405,0.0048073054837859085,5.354742734928657e-05,5.1641501518757745e-05,5.0215471436889024e-05,1.702544059193699e-05,7.0128142021973244e-06,7.94246045959451e-06
oppo-k3+p01_3_2+30cm,oppo-k3,p01,30cm,16000,1.173,INSUFFICIENT_DATA,0.0,0.024806826725542325,5000.0,17.38934326171875,-21.146699905395508,0.987001510068599,0.011497210960801304,0.0005749319132723592,0.0001838477164953461,0.00023465072635384335,3.4439337349783186e-05,1.791782708723066e-05,7.668850861323642e-06
oppo-k3+p01_3_2+60cm,oppo-k3,p01,60cm,16000,1.11,INSUFFICIENT_DATA,0.0,0.021492337939010387,4500.0,17.65990447998047,-19.269203186035156,0.9926660377287293,0.00595332860474851,0.00029315679510891077,0.00011645888260755554,0.0001780315496813372,2.4625205898871343e-05,1.061068021498572e-05,9.047658523415837e-06
oppo-k3+p01_3_3+100cm,oppo-k3,p01,100cm,16000,0.97,INSUFFICIENT_DATA,0.0,0.06004055401747585,4250.0,18.172019958496094,-30.15469741821289,0.998877325017046,0.0008849476933088378,8.619761213586172e-05,1.610012205578833e-05,1.835031641777157e-05,5.585217729313539e-06,3.5741839835252024e-06,5.509825172716602e-06
oppo-k3+p01_3_3+300cm,oppo-k3,p01,300cm,16000,0.858,INSUFFICIENT_DATA,0.0,0.03956011373914229,6304.6875,8.524909973144531,-36.819007873535156,0.9986579389239326,0.0011213515664567244,5.086517398237447e-05,5.472246465955644e-06,4.389972527956697e-06,4.804741062238283e-06,4.9426722818782985e-06,3.8021887432084295e-06
oppo-k3+p01_3_3+30cm,oppo-k3,p01,30cm,16000,0.97,INSUFFICIENT_DATA,0.0,0.029385006458339816,5000.0,20.741966247558594,-22.874677658081055,0.9918807665971168,0.006610372608563529,0.0006021530641075501,0.0001684293776171172,0.0002919186474789147,3.3487669528182265e-05,1.449162519810646e-05,7.0516377274235695e-06
oppo-k3+p01_3_3+60cm,oppo-k3,p01,60cm,16000,0.858,INSUFFICIENT_DATA,0.0,0.04626496691330596,5000.0,21.670761108398438,-21.603429794311523,0.9964621711967802,0.0026992837499082573,0.00010266440622682948,9.404044592052804e-05,0.0001904870695622336,1.626903922537205e-05,7.329848810142657e-06,1.0467331374305027e-05
oppo-k3+p01_3_4+100cm,oppo-k3,p01,100cm,16000,0.704,INSUFFICIENT_DATA,0.0,0.040229441278504294,4984.375,15.744544982910156,-32.271209716796875,0.9973784563073628,0.002268938421808302,7.038402243697682e-05,5.670245861661661e-05,5.873222235160807e-05,1.7067767942611023e-05,9.815530416835374e-06,8.544985727909355e-06
oppo-k3+p01_3_4+150cm,oppo-k3,p01,150cm,16000,0.688,INSUFFICIENT_DATA,0.0,0.10963852477794232,4531.25,13.831520080566406,-28.19405746459961,0.9957398182339517,0.0032573662954507015,0.000631188233549368,7.509302248749996e-05,8.256795411192256e-05,2.4503876000973182e-05,1.1693018006275956e-05,1.2549137530133428e-05
oppo-k3+p01_3_4+300cm,oppo-k3,p01,300cm,16000,0.766,INSUFFICIENT_DATA,0.0,0.019372905347659824,6265.625,7.901130676269531,-36.675968170166016,0.9951294448249138,0.004043097615345085,0.0003071256750969501,2.1077853812361295e-05,5.955965652910575e-06,5.028619062208359e-06,5.296898339355572e-06,3.359816421119327e-06
oppo-k3+p01_3_4+60cm,oppo-k3,p01,60cm,16000,0.688,INSUFFICIENT_DATA,0.0,0.03647994600350617,6000.0,15.566459655761719,-21.347023010253906,0.9927025114503507,0.005762861678317415,0.000698924447472964,0.0001707023867195056,0.00021763156179354398,3.069270864204821e-05,1.7916992945162933e-05,1.2903876690218073e-05
oppo-k3+p01_3_5+300cm,oppo-k3,p01,300cm,16000,1.11,INSUFFICIENT_DATA,0.0,0.025522207063157238,6156.25,10.324958801269531,-36.027408599853516,0.9955416422926139,0.0040537593583488,5.3574682785996354e-05,5.061724763373508e-06,3.833549558056255e-06,4.251329790202248e-06,4.651250712445518e-06,3.239052148254616e-06
oppo-k3+p01_3_5+30cm,oppo-k3,p01,30cm,16000,1.298,INSUFFICIENT_DATA,0.0,0.010668763188830045,5000.0,17.148880004882812,-21.654483795166016,0.9923919520321075,0.006156983381302611,0.00042029576667890114,0.00015204852843584657,0.0002610158982911223,2.75411611483204e-05,1.1631695884402312e-05,5.178531410039325e-06
oppo-k3+p01_3_5+60cm,oppo-k3,p01,60cm,16000,1.204,INSUFFICIENT_DATA,0.0,0.022968148252590928,4421.875,19.06243133544922,-19.763792037963867,0.9930400415842056,0.006040439679042602,0.00021841239338984565,9.367479528522709e-05,0.00017478098802117226,1.9224847136462704e-05,9.718243579061295e-06,1.0651488329858357e-05
oppo-k3+p01_4_1+100cm,oppo-k3,p01,100cm,16000,1.11,INSUFFICIENT_DATA,0.0,0.09195517757059393,4234.375,15.464859008789062,-33.066307067871094,0.9945385179165142,0.005102807728843059,9.500729868659292e-05,2.3697077749428024e-05,3.0717359190625496e-05,1.4185915427752663e-05,6.9371940548268194e-06,5.101218640253659e-06
oppo-k3+p01_4_1+10cm,oppo-k3,p01,10cm,16000,1.11,INSUFFICIENT_DATA,0.0,0.03429685107180032,5000.0,27.852882385253906,-35.0074348449707,0.9764340758208778,0.01037226372927839,0.0007925069340783989,0.0017238969898880317,0.004258305519118157,0.0004264337226278001,0.00016335623551462687,0.00022364839642407554
oppo-k3+p01_4_1+150cm,oppo-k3,p01,150cm,16000,1.11,INSUFFICIENT_DATA,0.0,0.08878782629370423,4132.8125,15.481758117675781,-30.163169860839844,0.9961563558012102,0.00309483030416965,0.0004976786842641271,5.479376878776676e-05,5.687693320675038e-05,1.6504659590433195e-05,8.26487254665206e-06,7.251625839346994e-06
oppo-k3+p01_4_1+300cm,oppo-k3,p01,300cm,16000,1.157,INSUFFICIENT_DATA,0.0,0.03899776564540625,6015.625,7.799995422363281,-35.89832305908203,0.9959623268051622,0.003436697092472526,0.00038458429156968744,1.2983048954533657e-05,4.2975578462408275e-06,4.3517820357980284e-06,4.353248506681252e-06,3.205934594533237e-06
oppo-k3+p01_4_1+30cm,oppo-k3,p01,30cm,16000,1.11,INSUFFICIENT_DATA,0.0,0.03669140882117524,5000.0,20.097213745117188,-25.586971282958984,0.9866210368427392,0.010977586082510512,0.0007739844076709749,0.0002819710807225101,0.0005320591281623443,5.2594129644246854e-05,1.7835050822463487e-05,1.0587243970488953e-05
oppo-k3+p01_4_1+60cm,oppo-k3,p01,60cm,16000,1.11,INSUFFICIENT_DATA,0.0,0.05153398035176208,4093.75,14.759513854980469,-22.14431381225586,0.9912238326682626,0.0070977497458169485,0.000829378693379049,0.00016963524056438093,0.00021383721859474466,3.3063327085468375e-05,1.5970419620277176e-05,1.5021618368883084e-05
oppo-k3+p01_4_2+100cm,oppo-k3,p01,100cm,16000,1.095,INSUFFICIENT_DATA,0.0,0.0312361783603963,4492.1875,10.068428039550781,-31.783754348754883,0.9979267821520205,0.0008200146750220068,0.0011641023890772905,2.1456933527526222e-05,7.351911690950016e-06,5.65983597826025e-06,3.929053047577567e-06,2.4742502520061996e-06
oppo-k3+p01_4_2+300cm,oppo-k3,p01,300cm,16000,1.141,INSUFFICIENT_DATA,0.0,0.02839771922640761,5781.25,8.495399475097656,-35.28680419921875,0.9983221960777793,0.0009293472811025661,0.0006617244300891865,3.0481263933291036e-05,4.905326463915743e-06,4.728530667349666e-06,4.337406027938509e-06,2.827778889452587e-06
oppo-k3+p01_4_2+60cm,oppo-k3,p01,60cm,16000,1.141,INSUFFICIENT_DATA,0.0,0.03745488853805072,4398.4375,14.435073852539062,-21.521617889404297,0.9952944582252817,0.00315419826169911,0.0008732087975935573,0.0001491150659277854,0.00020020193240567107,2.5525288170470908e-05,1.6576340759515323e-05,1.3178966054060759e-05
oppo-k3+p01_4_3+150cm,oppo-k3,p01,150cm,16000,0.782,INSUFFICIENT_DATA,0.0,0.09750371792416981,4132.8125,17.91368865966797,-29.097383499145508,0.9968967779216905,0.002667899524166469,0.00014530271535708196,6.647655901228857e-05,5.7963300004259005e-05,1.4982827919043284e-05,7.533728603279968e-06,5.975260551004128e-06
oppo-k3+p01_4_3+200cm,oppo-k3,p01,200cm,16000,0.782,INSUFFICIENT_DATA,0.0,0.03658055178207186,4132.8125,12.460784912109375,-30.755809783935547,0.9977812401513603,0.0019871136871467215,0.00010132482622793312,3.751943152584228e-05,2.8293158730972083e-05,1.0070349569130848e-05,6.247320833670033e-06,4.826652876512346e-06
oppo-k3+p01_4_3+30cm,oppo-k3,p01,30cm,16000,0.657,INSUFFICIENT_DATA,0.0,0.02590270481572114,5000.0,19.79259490966797,-22.470884323120117,0.9932277433178098,0.0052678459251707796,0.00045331282773291567,0.00014215525956994278,0.0002490893777186123,2.2288815496101495e-05,1.039616537146265e-05,4.552188049621238e-06
oppo-k3+p01_4_3+60cm,oppo-k3,p01,60cm,16000,0.657,INSUFFICIENT_DATA,0.0,0.02577584038039916,4398.4375,18.621131896972656,-19.724929809570312,0.9952656888455099,0.004030452284985524,0.00021602500426327805,0.00010182750187941639,0.00016963379710275057,1.6373200651441836e-05,8.83032965309456e-06,9.574585815895129e-06
oppo-k3+p01_4_4+100cm,oppo-k3,p01,100cm,16000,1.016,INSUFFICIENT_DATA,0.0,0.11082174325810602,4101.5625,15.437919616699219,-30.436918258666992,0.9934494949421238,0.0061572344686960925,5.827407357247038e-05,1.1464024985239657e-05,1.2007637248115277e-05,8.246917613618764e-06,4.15046431347432e-06,3.635759275867277e-06
oppo-k3+p01_4_4+10cm,oppo-k3,p01,10cm,16000,1.016,INSUFFICIENT_DATA,0.0,0.022306637396053566,5000.0,25.220428466796875,-32.2636604309082,0.9822751242557244,0.01094023071452952,0.0004688715406428751,0.00115598851312533,0.0019713915915135663,0.0002451094572757635,0.00010523288668820373,0.00018881989947641973
oppo-k3+p01_4_4+200cm,oppo-k3,p01,200cm,16000,1.016,INSUFFICIENT_DATA,0.0,0.07019196983944914,4109.375,18.354576110839844,-28.96111297607422,0.9936441932010358,0.005662633240151948,7.61421116461093e-05,2.383380016324129e-05,2.4531464300581512e-05,8.327909615766823e-06,3.802065939090012e-06,4.811628744876754e-06
oppo-k3+p01_4_4+30cm,oppo-k3,p01,30cm,16000,1.016,INSUFFICIENT_DATA,0.0,0.03755854353325729,5000.0,18.27014923095703,-22.302440643310547,0.9873691014208004,0.010583492696187826,0.0006179851656736345,0.00018108990863135595,0.0002658398455633701,3.418196565115456e-05,1.6780983773516055e-05,6.505568316425038e-06
oppo-k3+p01_4_5+10cm,oppo-k3,p01,10cm,16000,0.954,INSUFFICIENT_DATA,0.0,0.021946577668490945,5000.0,28.032081604003906,-28.619964599609375,0.9898105069645861,0.006429041455447103,0.0003873738835650377,0.0005993466248556092,0.0009735776183071802,0.00010671875730948112,4.633269338687191e-05,7.018449565763645e-05
oppo-k3+p01_4_5+300cm,oppo-k3,p01,300cm,16000,0.954,INSUFFICIENT_DATA,0.0,0.015041041702804743,5859.375,9.35833740234375,-37.26457595825195,0.9980902259899077,0.0015909166561035228,0.0002092764661514592,1.436158242210295e-05,5.227780545546338e-06,6.220020694935433e-06,5.823409644205143e-06,4.142531676180063e-06
oppo-k3+p01_4_5+30cm,oppo-k3,p01,30cm,16000,0.955,INSUFFICIENT_DATA,0.0,0.023474187252408935,5000.0,21.561538696289062,-25.029006958007812,0.9890773944352548,0.008725533926007199,0.0007117185551615473,0.00021063024655491535,0.0004662774635023749,3.892480471980277e-05,1.5460369339874705e-05,7.59680666122608e-06
oppo-k3+p01_4_5+60cm,oppo-k3,p01,60cm,16000,0.954,INSUFFICIENT_DATA,0.0,0.026665778895269252,5000.0,16.11780548095703,-21.40446662902832,0.9950060015343365,0.0038594191956552743,0.00041332018094279005,0.00013381881028356278,0.00019083858167515995,2.2477448195076188e-05,1.0895267450369761e-05,1.295483360078582e-05
oppo-k3+p01_5_1+150cm,oppo-k3,p01,150cm,16000,1.579,INSUFFICIENT_DATA,0.0,0.033180927507799204,4250.0,13.8099365234375,-30.62744140625,0.9979883387070867,0.0014772275526685084,0.00045219825856495104,1.1486471677585914e-05,7.262548506794946e-06,4.770304973983896e-06,2.9753553518992104e-06,1.957448204684361e-06
oppo-k3+p01_5_1+200cm,oppo-k3,p01,200cm,16000,1.579,INSUFFICIENT_DATA,0.0,0.03246406144923902,5843.75,7.991996765136719,-31.14335060119629,0.9983472036095679,0.0011698415104141053,0.0004046416419540786,6.966694385255864e-06,3.0031884425514143e-06,2.8806162796158297e-06,2.319683449640757e-06,1.4391871097667171e-06
oppo-k3+p01_5_1+300cm,oppo-k3,p01,300cm,16000,1.579,INSUFFICIENT_DATA,0.0,0.0299111289520584,6156.25,6.849151611328125,-37.13252258300781,0.9985364827300206,0.0010130933322134185,0.0003808691614007803,8.719260144825021e-06,5.1733673142079814e-06,5.82239796040092e-06,6.467409029588166e-06,4.2899552891238535e-06
oppo-k3+p01_5_1+60cm,oppo-k3,p01,60cm,16000,1.611,INSUFFICIENT_DATA,0.0,0.014473120014234422,4484.375,16.29290771484375,-20.27508544921875,0.9956432649496803,0.003280074351750696,0.00041951285848800484,0.00011228593958332315,0.00019229191163116284,2.0948245133742203e-05,1.2461186969542714e-05,1.1836079093932094e-05
oppo-k3+p01_5_2+100cm,oppo-k3,p01,100cm,16000,1.267,INSUFFICIENT_DATA,0.0,0.03946544761995526,4218.75,19.464828491210938,-29.429227828979492,0.9967605734077121,0.0027541986173325985,0.00020901203148387146,5.1084810818919005e-05,7.679390913975382e-05,1.833889190278195e-05,8.197699632482063e-06,1.108088262986786e-05
oppo-k3+p01_5_2+10cm,oppo-k3,p01,10cm,16000,1.407,INSUFFICIENT_DATA,0.0,0.008024019786853347,5000.0,25.049110412597656,-28.028472900390625,0.9922794514599761,0.0041039219573285,0.00043458028363693144,0.0006672726456286828,0.0008845942171257095,9.864070264511294e-05,4.579820913510186e-05,8.33542488778937e-05
oppo-k3+p01_5_2+200cm,oppo-k3,p01,200cm,16000,1.282,INSUFFICIENT_DATA,0.0,0.04770653244556855,4320.3125,18.04663848876953,-27.47928810119629,0.9954313091425027,0.00418866497856131,0.00015605406272748134,6.409814793258695e-05,5.983302139125145e-05,1.4192020825821042e-05,6.8086359758952885e-06,8.70712460788707e-06
oppo-k3+p01_5_2+300cm,oppo-k3,p01,300cm,16000,1.267,INSUFFICIENT_DATA,0.0,0.017546994419584554,6062.5,6.7893218994140625,-33.69921875,0.9972339850909835,0.0024978209600578657,0.00016702407380165063,6.296335693274313e-06,2.6097788317426026e-06,2.517291651608968e-06,2.7059644088242313e-06,1.9145685417740343e-06
oppo-k3+p01_5_2+60cm,oppo-k3,p01,60cm,16000,1.267,INSUFFICIENT_DATA,0.0,0.022095893484639365,4109.375,16.828346252441406,-19.615718841552734,0.9938876550976656,0.00524695852798386,0.00024869112320258344,0.00010454976312294407,0.00017809556930220975,1.8155104168614542e-05,1.0179099502133262e-05,1.0501666627733464e-05
oppo-k3+p01_5_3+100cm,oppo-k3,p01,100cm,16000,1.517,INSUFFICIENT_DATA,0.0,0.011363343397322605,4570.3125,16.300003051757812,-28.286365509033203,0.9971235523246633,0.002438467774984737,0.00026976790548638316,3.226736637931669e-05,3.175012830810988e-05,1.6613367035217667e-05,5.4660891399212954e-06,3.679487557296407e-06
oppo-k3+p01_5_3+10cm,oppo-k3,p01,10cm,16000,1.523,INSUFFICIENT_DATA,0.0,0.006814216310284867,5000.0,20.75627899169922,-27.66607666015625,0.9867227964773999,0.008953188993196762,0.0014073701288970398,0.0007565716227571916,0.0008260727106798486,0.0001249593064875967,7.988945278372988e-05,0.0001195911763184937
oppo-k3+p01_5_3+200cm,oppo-k3,p01,200cm,16000,1.814,INSUFFICIENT_DATA,0.0,0.05143425342780809,4554.6875,21.292884826660156,-28.318504333496094,0.9968567522123558,0.002794589560846193,0.00020423764161421948,3.833055624558032e-05,4.291345420294265e-05,1.2135836990143433e-05,4.8589569933006354e-06,6.163316196609828e-06
oppo-k3+p01_5_3+300cm,oppo-k3,p01,300cm,16000,1.814,INSUFFICIENT_DATA,0.0,0.013771943318415516,6023.4375,6.173126220703125,-34.73429870605469,0.9977356837498257,0.0020151623849296307,0.00019788927486207727,6.430203596915155e-06,3.218842757811896e-06,3.276004537268974e-06,3.4909450031853395e-06,2.510339006921006e-06
oppo-k3+p01_5_3+60cm,oppo-k3,p01,60cm,16000,1.523,INSUFFICIENT_DATA,0.0,0.016649686138828636,4539.0625,15.796371459960938,-20.053157806396484,0.994409505134133,0.004551533459131758,0.0004487553735541646,0.00011689246850322647,0.0001878452304738914,2.395721982644414e-05,1.1821621654411837e-05,1.0784587999351666e-05
oppo-k3+p01_5_4+10cm,oppo-k3,p01,10cm,16000,1.37,INSUFFICIENT_DATA,0.0,0.012242683781827616,5000.0,28.283782958984375,-33.742515563964844,0.9843923635501475,0.004963309354796213,0.0014822533038522357,0.0023665211588595214,0.0027530760682958778,0.00030261364013590313,0.00012175518166277936,0.00021795866627817025
oppo-k3+p01_5_4+200cm,oppo-k3,p01,200cm,16000,1.225,INSUFFICIENT_DATA,0.0,0.04368451731073506,4132.8125,22.759681701660156,-30.15406608581543,0.9980758583214393,0.0015383234154486612,0.00015201052478248792,7.957136482109171e-05,7.383698084887086e-05,1.3181933270509547e-05,8.014034739706425e-06,8.441575148067404e-06
oppo-k3+p01_5_4+300cm,oppo-k3,p01,300cm,16000,1.37,INSUFFICIENT_DATA,0.0,0.03538920886015828,5867.1875,8.2041015625,-38.07368850708008,0.999036455810098,0.0007078566200131239,0.00014776807982925556,6.755480126115717e-05,7.2653201356055485e-06,7.356675453781192e-06,7.664944899582914e-06,5.339857238921519e-06
oppo-k3+p01_5_4+30cm,oppo-k3,p01,30cm,16000,1.225,INSUFFICIENT_DATA,0.0,0.036195455012205544,5000.0,22.45159912109375,-25.57283592224121,0.9887519208139115,0.009009728478143225,0.0006794970480876954,0.00024921343177438824,0.0005831547961479968,4.431174555523595e-05,1.4132149246940181e-05,8.66957157716023e-06
oppo-k3+p01_5_4+60cm,oppo-k3,p01,60cm,16000,1.267,INSUFFICIENT_DATA,0.0,0.03166196759143757,4117.1875,18.368385314941406,-20.722492218017578,0.9953807391992274,0.00386449016746333,0.00018633050310152354,0.00013519631745659955,0.00019389336525705544,1.9887048262248735e-05,1.1538823681969953e-05,1.3352092231013856e-05
oppo-k3+p01_6_1+10cm,oppo-k3,p01,10cm,16000,1.235,INSUFFICIENT_DATA,0.0,0.015635411653005714,5000.0,27.71540069580078,-29.853620529174805,0.9894586322044245,0.004616873266133746,0.0015562065199673399,0.0007591996022938122,0.0012825076278958998,0.00015075519382908332,6.42728558261581e-05,9.748097488716578e-05
oppo-k3+p01_6_1+200cm,oppo-k3,p01,200cm,16000,1.564,INSUFFICIENT_DATA,0.0,0.0430314063279382,4117.1875,19.611000061035156,-30.534454345703125,0.9967267146714098,0.00283934675005012,0.00022792866034589262,4.157207594297276e-05,4.159658166481941e-05,1.4044866326966753e-05,8.367452210341857e-06,6.837715906386955e-06
oppo-k3+p01_6_1+300cm,oppo-k3,p01,300cm,16000,1.235,INSUFFICIENT_DATA,0.0,0.032007250329528426,5859.375,8.912307739257812,-36.703956604003906,0.9981456350957711,0.0014019082217682625,0.0002782704029147344,8.251464515057256e-06,5.534117607008107e-06,5.984049388389482e-06,6.661034033525139e-06,3.982566761501689e-06
oppo-k3+p01_6_1+30cm,oppo-k3,p01,30cm,16000,1.407,INSUFFICIENT_DATA,0.0,0.02873562399377472,5000.0,17.952987670898438,-24.12447166442871,0.9902725341031452,0.007677664442202108,0.0008232699107238888,0.00021681298926230473,0.00034231833986583354,4.030308184859995e-05,1.67406579889679e-05,7.872129138033227e-06
oppo-k3+p01_6_1+60cm,oppo-k3,p01,60cm,16000,1.564,INSUFFICIENT_DATA,0.0,0.02861054049055707,5000.0,17.33148956298828,-22.063091278076172,0.9950291795333523,0.0039724285624286836,0.0003594188461855876,0.00011705726024311836,0.00019846540437196613,2.1598922080392782e-05,1.1041145456699135e-05,1.2304532022998828e-05
oppo-k3+p01_6_2+150cm,oppo-k3,p01,150cm,16000,1.704,INSUFFICIENT_DATA,0.0,0.06550262909755417,4117.1875,20.64580535888672,-28.143613815307617,0.9976862479320748,0.0016363793825821408,0.0004048519595264878,7.560932055371222e-05,7.645222781167593e-05,1.3458930589684571e-05,8.548747878110715e-06,1.040361455369732e-05
oppo-k3+p01_6_2+200cm,oppo-k3,p01,200cm,16000,1.251,INSUFFICIENT_DATA,0.0,0.023794320147971785,4117.1875,14.436248779296875,-29.296066284179688,0.9983774076902495,0.0012675773581293328,0.0002233424156001648,3.148786768932983e-05,2.779917586164799e-05,9.484125904414321e-06,3.7241789898858823e-06,4.29191084514654e-06
oppo-k3+p01_6_2+30cm,oppo-k3,p01,30cm,16000,1.704,INSUFFICIENT_DATA,0.0,0.024018161679879836,5000.0,19.382400512695312,-22.724628448486328,0.9940091315986452,0.004738875796097298,0.0004502334757806432,0.0001418021348441999,0.0002672083265581208,2.3274316007886726e-05,9.723120257281531e-06,5.214039899787169e-06
oppo-k3+p01_6_2+60cm,oppo-k3,p01,60cm,16000,1.251,INSUFFICIENT_DATA,0.0,0.019315286768535125,4117.1875,18.478790283203125,-20.40035629272461,0.9970600328887078,0.002182436587419188,0.0002340698028599097,9.794800486484945e-05,0.00017053904030694999,1.4328566266710127e-05,8.407282125121604e-06,1.0527087889138032e-05
oppo-k3+p01_6_3+150cm,oppo-k3,p01,150cm,16000,1.626,INSUFFICIENT_DATA,0.0,0.05171523403404598,4226.5625,16.166481018066406,-29.674819946289062,0.997486333261276,0.0016868721083255795,0.0006333633780659918,5.178955862275762e-05,5.690142660913075e-05,1.801031095842602e-05,8.100912671987128e-06,7.713612616131237e-06
oppo-k3+p01_6_3+200cm,oppo-k3,p01,200cm,16000,1.442,INSUFFICIENT_DATA,0.0,0.02456831439846566,4140.625,20.736770629882812,-28.799545288085938,0.9975837287840033,0.001240569424335431,0.0009407838562509092,8.71729767149654e-05,7.735745703819234e-05,1.3337319730984423e-05,8.225106566118433e-06,1.0293048589055657e-05
oppo-k3+p01_6_3+30cm,oppo-k3,p01,30cm,16000,1.548,INSUFFICIENT_DATA,0.0,0.016081387694076382,5000.0,16.186782836914062,-22.287385940551758,0.9933293844404235,0.0050193277217546566,0.0007579677388555304,0.0001751917294812254,0.0002846053357257454,3.127141383183583e-05,1.3882581571545418e-05,7.469136834237375e-06
oppo-k3+p01_6_4+100cm,oppo-k3,p01,100cm,16000,1.37,INSUFFICIENT_DATA,0.0,0.05114660162243089,4132.8125,19.71739959716797,-31.867328643798828,0.9982447950463695,0.0013787457958466935,0.00018187343420076517,0.00010850947810642172,3.836958180482653e-05,9.205550021794299e-06,6.9153073627614495e-06,6.657218227180485e-06
oppo-k3+p01_6_4+10cm,oppo-k3,p01,10cm,16000,1.37,INSUFFICIENT_DATA,0.0,0.013101010138714935,5000.0,28.24713134765625,-33.27987289428711,0.9846762743224341,0.005226555589250497,0.0015128559132812824,0.002290895908083445,0.002549016581876631,0.0002792003174980411,0.00013877990687827967,0.0002098167951459276
oppo-k3+p01_6_4+300cm,oppo-k3,p01,300cm,16000,1.37,INSUFFICIENT_DATA,0.0,0.025836144598052228,6156.25,7.6411285400390625,-37.03132247924805,0.9989145927986048,0.0008251429159951924,0.00015259929665194436,7.12073426225345e-05,5.7052347551595564e-06,6.043201704559998e-06,6.19276767261867e-06,4.268011137052442e-06
oppo-k3+p01_6_4+60cm,oppo-k3,p01,60cm,16000,1.225,INSUFFICIENT_DATA,0.0,0.04122230631600821,4125.0,16.426109313964844,-21.188993453979492,0.9945307483159163,0.004467301427608375,0.0002966219973772438,0.00013482214631013316,0.00020617247037185932,2.0855649712432722e-05,1.2572960163102594e-05,1.2358090051046788e-05
oppo-k3+p02_1_1+10cm,oppo-k3,p02,10cm,16000,0.563,INSUFFICIENT_DATA,0.0,0.03732855599216276,5000.0,46.22114562988281,-53.30947494506836,0.09386563815478266,0.21361111394328475,0.007130909150174025,0.05333126793777858,0.22922040732281077,0.021069762379790923,0.003053039198906207,0.0048224431143152535
oppo-k3+p02_1_1+150cm,oppo-k3,p02,150cm,16000,0.571,INSUFFICIENT_DATA,0.0,0.13777969461546682,4046.875,11.251167297363281,-41.588653564453125,0.9884466935296845,0.009438692067663356,0.00025810898455030755,2.1833873779642268e-05,1.9979273488034668e-05,1.3480398567074703e-05,1.3792471300506982e-05,9.737974787152938e-06
oppo-k3+p02_1_1+300cm,oppo-k3,p02,300cm,16000,0.563,INSUFFICIENT_DATA,0.0,0.1051901782993897,6328.125,11.965919494628906,-46.36911392211914,0.9813574998109262,0.016133202021753154,0.0018572905541433815,7.389464635897872e-05,7.573834582891425e-05,6.315622218407628e-05,6.837387502018576e-05,4.6060039360492665e-05
oppo-k3+p02_1_1+30cm,oppo-k3,p02,30cm,16000,0.571,INSUFFICIENT_DATA,0.0,0.4386390412440028,5000.0,49.56196594238281,-39.00779342651367,0.7337637726253761,0.01730104209133728,0.0008621841461298681,0.02015431882891383,0.11064512323018261,0.0060043083042815,0.0003691711333457631,0.0006526628005033497
oppo-k3+p02_1_1+60cm,oppo-k3,p02,60cm,16000,0.571,INSUFFICIENT_DATA,0.0,0.5980208083273774,5000.0,41.94197082519531,-39.18119812011719,0.9564125409767386,0.0064097804272841225,0.0004618008480288377,0.003817188997792842,0.01479544491848645,0.0018856178425459785,0.00027444246115895766,0.0002643964612625853
oppo-k3+p02_1_2+100cm,oppo-k3,p02,100cm,16000,0.747,INSUFFICIENT_DATA,0.0,0.08684815293822044,6171.875,9.328216552734375,-43.956321716308594,0.9925139909453093,0.0067676429317371925,0.00039899551514873484,3.503382151486234e-05,2.2135416760034104e-05,2.5130108960261707e-05,2.6242353108977e-05,1.771470875481045e-05
oppo-k3+p02_1_2+200cm,oppo-k3,p02,200cm,16000,0.747,INSUFFICIENT_DATA,0.0,0.078067194189445,6929.6875,8.907241821289062,-39.97298049926758,0.9950019518568,0.0043739781750124105,0.00046148130708234026,1.6864892284582985e-05,1.1177790033161773e-05,9.412122798055452e-06,1.0346796537180885e-05,7.2097492252386176e-06
oppo-k3+p02_1_2+300cm,oppo-k3,p02,300cm,16000,0.747,INSUFFICIENT_DATA,0.0,0.08758363362091943,5867.1875,9.951103210449219,-46.16890335083008,0.9964096615426248,0.0027434254264192305,0.0005426320582423223,4.723268705974122e-05,4.036329102875796e-05,4.725342092789025e-05,4.831281175296841e-05,3.396201304004009e-05
oppo-k3+p02_1_2+30cm,oppo-k3,p02,30cm,16000,0.649,INSUFFICIENT_DATA,0.0,0.09596036172193366,5000.0,41.698524475097656,-36.88627624511719,0.9434738005551875,0.007553816272876527,0.0005258068413297363,0.004089778869743893,0.021505342160443478,0.001205343449544299,9.148252700424684e-05,0.00012774103209986336
oppo-k3+p02_1_2+60cm,oppo-k3,p02,60cm,16000,0.649,INSUFFICIENT_DATA,0.0,0.09757988073181317,5000.0,37.03788757324219,-33.453006744384766,0.9893059893439454,0.007048707422474542,0.0005844539336025048,0.00041406339372541143,0.001145194489513764,0.00014150068704232226,3.893015776591715e-05,5.0581815564526804e-05
oppo-k3+p02_1_3+10cm,oppo-k3,p02,10cm,16000,0.847,INSUFFICIENT_DATA,0.0,0.04118566829422187,5000.0,37.428489685058594,-38.97596740722656,0.9449219978083412,0.02503663645562852,0.005194201321709874,0.0029505453048148285,0.007900689185626605,0.0007633156585531362,0.00028773643591006995,0.00030305123628851917
oppo-k3+p02_1_3+200cm,oppo-k3,p02,200cm,16000,0.847,INSUFFICIENT_DATA,0.0,0.06113299362411601,4171.875,10.587364196777344,-34.215171813964844,0.9957752326562365,0.0031789054557005187,0.0006049574477865544,1.6540430787822563e-05,1.5169370721764191e-05,4.279954066306624e-06,4.8589610241399405e-06,3.050338406250977e-06
oppo-k3+p02_1_3+30cm,oppo-k3,p02,30cm,16000,0.85,INSUFFICIENT_DATA,0.0,0.055610891089141794,5000.0,28.172142028808594,-27.80632972717285,0.9934457875261098,0.004359854347255257,0.00026644179996146016,0.00020730771914550017,0.0008053328624013296,4.6205221141937826e-05,8.625016973990052e-06,5.486510731000333e-06
oppo-k3+p02_1_3+60cm,oppo-k3,p02,60cm,16000,0.978,INSUFFICIENT_DATA,0.0,0.04615837584817371,5000.0,21.985321044921875,-24.78490447998047,0.9916314277007436,0.006053341360190324,0.0012220129079195518,0.00017715518599145617,0.00033447323215002,3.597001975189059e-05,2.2757091371150544e-05,2.33303756292008e-05
oppo-k3+p02_1_4+100cm,oppo-k3,p02,100cm,16000,1.047,INSUFFICIENT_DATA,0.0,0.041154927252154874,4257.8125,17.358116149902344,-30.256458282470703,0.9950586531358251,0.004301350507009528,0.00026847072545611877,4.942284345500128e-05,4.964437166817347e-05,1.0970518780318054e-05,5.5690012006205716e-06,7.81697293582147e-06
oppo-k3+p02_1_4+10cm,oppo-k3,p02,10cm,16000,1.073,INSUFFICIENT_DATA,0.0,0.01923000046322283,5000.0,30.59149169921875,-31.178424835205078,0.982733408715046,0.010397491506109427,0.0014933260807838006,0.0009333971351819074,0.0017919294155615884,0.00018521386355079222,7.755314730594101e-05,0.0001061044644802628
oppo-k3+p02_1_4+200cm,oppo-k3,p02,200cm,16000,1.073,INSUFFICIENT_DATA,0.0,0.06419951268126785,4398.4375,15.944183349609375,-29.05449676513672,0.996611738966427,0.0029600345161989693,0.00023619532741733757,4.509792754394473e-05,5.5816360502327225e-05,9.96240094804269e-06,5.691082952472474e-06,7.954030291928358e-06
oppo-k3+p02_1_4+300cm,oppo-k3,p02,300cm,16000,1.047,INSUFFICIENT_DATA,0.0,0.01988694812881849,6156.25,9.280845642089844,-33.676658630371094,0.9948599894694907,0.004347926851707819,0.0005210118670125418,5.967115946708049e-06,7.01308944504009e-06,2.535258512447634e-06,2.8236982980904446e-06,2.1032300950691493e-06
oppo-k3+p02_1_4+30cm,oppo-k3,p02,30cm,16000,1.047,INSUFFICIENT_DATA,0.0,0.05244855451336859,4515.625,19.94646453857422,-27.131711959838867,0.962243384377638,0.033719414325394305,0.0014313184122455962,0.00040769620267919735,0.0007767431742977706,7.175301369461356e-05,2.5767584658242568e-05,1.4938033314639884e-05
oppo-k3+p02_1_4+60cm,oppo-k3,p02,60cm,16000,1.047,INSUFFICIENT_DATA,0.0,0.038043060267859294,4515.625,20.180084228515625,-21.51343536376953,0.9902551800090187,0.008337921891416208,0.0005029456986748541,0.00014200173421819975,0.0002449858754210244,2.446205413403588e-05,1.4073883166556465e-05,1.3678478167123222e-05
oppo-k3+p02_1_5+100cm,oppo-k3,p02,100cm,16000,1.004,INSUFFICIENT_DATA,0.0,0.174419463911888,4421.875,14.299163818359375,-36.78253936767578,0.9917534983243877,0.0013780977142380775,0.006502311589215468,4.170865875348653e-05,6.952459716651412e-05,1.028679777673734e-05,9.528566367181458e-06,6.102800759883906e-06
oppo-k3+p02_1_5+150cm,oppo-k3,p02,150cm,16000,0.969,INSUFFICIENT_DATA,0.0,0.21300729377350705,6398.4375,12.257003784179688,-32.03752899169922,0.9889741357603493,0.006595864457428726,0.002904331060384409,3.279901109494526e-05,4.9786566338352036e-05,9.767103687052764e-06,1.1754924694505284e-05,4.421647439253962e-06
oppo-k3+p02_1_5+200cm,oppo-k3,p02,200cm,16000,0.987,INSUFFICIENT_DATA,0.0,0.23786060403910889,4250.0,10.518539428710938,-36.93854904174805,0.9863777709909645,0.010529560609075875,0.0022181543360906136,3.127972587482337e-05,5.186410040981789e-05,5.817294672201029e-06,6.171173990956272e-06,4.370271327212039e-06
oppo-k3+p02_1_5+300cm,oppo-k3,p02,300cm,16000,0.969,INSUFFICIENT_DATA,0.0,0.07758591415853797,4234.375,12.709152221679688,-39.75078582763672,0.9877130739559592,0.006857146523490136,0.002931547176712004,2.536569773771422e-05,4.740379423796484e-05,9.333556576783795e-06,1.0628170400234174e-05,7.722554105871167e-06
oppo-k3+p02_1_5+30cm,oppo-k3,p02,30cm,16000,0.987,INSUFFICIENT_DATA,0.0,0.14326882998891216,5000.0,36.18150329589844,-34.504451751708984,0.9671204032278975,0.012524102548709753,0.008998754076929818,0.0012501446942949149,0.005055497681930428,0.0003372601644152603,0.0001028230834329859,5.806506767273224e-05
oppo-k3+p02_1_5+60cm,oppo-k3,p02,60cm,16000,0.987,INSUFFICIENT_DATA,0.0,0.16467772554014076,5000.0,28.08673095703125,-28.07183074951172,0.9880240028875735,0.005777466965928867,0.0043259095021579205,0.00033135529220189666,0.0007404261587255889,6.845047138306343e-05,4.59366806906302e-05,3.4927857884240174e-05
oppo-k3+p02_2_1+100cm,oppo-k3,p02,100cm,16000,0.883,INSUFFICIENT_DATA,0.0,0.07032478051666567,4265.625,12.282493591308594,-36.09333419799805,0.990058662742385,0.008937819975353159,0.0002359468475606429,1.3596142065656587e-05,1.8638465711308385e-05,5.2063673902572205e-06,5.332958262109383e-06,4.066708358166284e-06
oppo-k3+p02_2_1+150cm,oppo-k3,p02,150cm,16000,0.883,INSUFFICIENT_DATA,0.0,0.062283507023415556,5359.375,10.471298217773438,-32.615291595458984,0.9919076153098982,0.007296351775384312,0.00026010212959411464,2.5650045636076024e-05,2.1987664251887193e-05,9.377207740208992e-06,7.178038145231047e-06,3.288394401867036e-06
oppo-k3+p02_2_1+200cm,oppo-k3,p02,200cm,16000,1.099,INSUFFICIENT_DATA,0.0,0.09286213006309287,4242.1875,10.761528015136719,-34.99638366699219,0.9790685347197805,0.018454015804000305,0.0004777312545155399,3.2774218075779936e-05,4.9733351642382665e-05,1.354357124113847e-05,1.021175732402016e-05,6.702328141720319e-06
oppo-k3+p02_2_1+300cm,oppo-k3,p02,300cm,16000,1.039,INSUFFICIENT_DATA,0.0,0.041692158049397375,4273.4375,9.837409973144531,-39.26083755493164,0.9914156118511536,0.0074446322729684695,0.0007186767382719255,1.92255221664104e-05,2.005080539574879e-05,8.826219246326812e-06,9.827235441786572e-06,6.7324880654286085e-06
oppo-k3+p02_2_1+30cm,oppo-k3,p02,30cm,16000,1.099,INSUFFICIENT_DATA,0.0,0.08135244248322766,5000.0,24.02606201171875,-31.0460205078125,0.9480636064206419,0.039835796004391064,0.002565758685160171,0.0007900875264158431,0.002040535113955958,0.00022776446129945605,5.465675054676914e-05,2.8444753848161467e-05
oppo-k3+p02_2_1+60cm,oppo-k3,p02,60cm,16000,0.883,INSUFFICIENT_DATA,0.0,0.07791597481789708,5000.0,18.608299255371094,-25.186769485473633,0.9849375894430422,0.012317049882894766,0.0007440105335374752,0.00020953894056436977,0.00038841163725443083,5.7624376938913075e-05,2.911497419462842e-05,2.668479142261677e-05
oppo-k3+p02_2_2+100cm,oppo-k3,p02,100cm,16000,1.23,INSUFFICIENT_DATA,0.0,0.062064362693100464,4250.0,13.979461669921875,-32.31087112426758,0.9932294381657578,0.004826771558796167,0.0015549314505685682,4.788240985669761e-05,5.312214474642507e-05,1.6568637314215156e-05,1.3633588141256256e-05,6.973073409473952e-06
oppo-k3+p02_2_2+150cm,oppo-k3,p02,150cm,16000,1.23,INSUFFICIENT_DATA,0.0,0.067110140250822,4351.5625,12.8079833984375,-28.795740127563477,0.9919802078937494,0.005308631246164563,0.0022762049572003277,6.689783916439828e-05,7.111532345616237e-05,2.1556408082458184e-05,1.676411463278332e-05,8.324222185373287e-06
oppo-k3+p02_2_2+200cm,oppo-k3,p02,200cm,16000,1.385,INSUFFICIENT_DATA,0.0,0.07742622162931874,5179.6875,11.563247680664062,-31.52585220336914,0.9940476819570323,0.004584612866556255,0.0011564229249059247,1.9351580897992345e-05,2.0974666698041422e-05,7.631455089164092e-06,4.758023171720439e-06,2.491455783912249e-06
oppo-k3+p02_2_2+300cm,oppo-k3,p02,300cm,16000,1.385,INSUFFICIENT_DATA,0.0,0.06442009764194126,4226.5625,11.281509399414062,-37.63853454589844,0.9949787912204734,0.003722578814973461,0.0011388928149605171,1.7549908858571838e-05,2.4542167992347412e-05,8.965274273055361e-06,7.12369375142114e-06,4.747107889591696e-06
oppo-k3+p02_2_2+30cm,oppo-k3,p02,30cm,16000,1.23,INSUFFICIENT_DATA,0.0,0.03972910537534438,5000.0,19.477149963378906,-24.983749389648438,0.9751213254122434,0.020277536175608464,0.0023366588963866877,0.00033764875133615114,0.000598364253735906,6.660260910292669e-05,3.492534548526213e-05,1.4735680497114301e-05
oppo-k3+p02_2_2+60cm,oppo-k3,p02,60cm,16000,1.307,INSUFFICIENT_DATA,0.0,0.04668128270667966,5000.0,19.154884338378906,-23.01653289794922,0.9922790952577363,0.005241967064618061,0.0014652935043339486,0.00016755081318258885,0.0002783710676972893,3.998768240079498e-05,2.2048070350735782e-05,1.627855036271886e-05
oppo-k3+p02_2_3+150cm,oppo-k3,p02,150cm,16000,1.235,INSUFFICIENT_DATA,0.0,0.14107835047528203,4273.4375,8.495071411132812,-31.860990524291992,0.9839991825365845,0.012878211715626788,0.0019279375862970266,5.9541044211247434e-05,5.2380370053306435e-05,1.354696028427038e-05,1.4535139633434739e-05,6.019314526188133e-06
oppo-k3+p02_2_3+200cm,oppo-k3,p02,200cm,16000,1.29,INSUFFICIENT_DATA,0.0,0.18982595871809768,5843.75,8.270523071289062,-34.482933044433594,0.9790168669813958,0.01777491523443702,0.000885431902412414,4.0123731021218346e-05,3.2270168169148896e-05,8.730746353311193e-06,7.065935920533294e-06,4.5746001093828035e-06
oppo-k3+p02_2_4+100cm,oppo-k3,p02,100cm,16000,1.056,INSUFFICIENT_DATA,0.0,0.1678091880536094,4679.6875,13.488899230957031,-34.20155334472656,0.9985181930426242,0.0011654936786756366,0.00020407750741062685,4.4293787800207486e-05,2.0967131404255147e-05,3.793537438445435e-06,3.7235825027482813e-06,2.976091337992615e-06
oppo-k3+p02_2_4+10cm,oppo-k3,p02,10cm,16000,1.056,INSUFFICIENT_DATA,0.0,0.08821478943216178,5000.0,34.25688171386719,-35.336551666259766,0.9835688907959972,0.004204734851991992,0.0009275863048109701,0.0017065393674754025,0.003977492927859375,0.0003739540083222263,0.00012283029163141855,0.00020531275934624672
oppo-k3+p02_2_4+200cm,oppo-k3,p02,200cm,16000,1.021,INSUFFICIENT_DATA,0.0,0.0834225394371716,4492.1875,9.0809326171875,-30.29659652709961,0.9982710176605103,0.0014142269965026458,0.0001679013827240845,8.519135371311704e-05,2.6547008162024837e-05,4.1503479356546004e-06,3.309921362587436e-06,2.012471201706218e-06
oppo-k3+p02_2_4+300cm,oppo-k3,p02,300cm,16000,0.9,INSUFFICIENT_DATA,0.0,0.048079138599782245,4351.5625,11.016853332519531,-35.31951141357422,0.9953943252671676,0.004064307326327748,0.000407967239655492,4.3835956310354517e-05,1.3298554917223213e-05,5.461930887826986e-06,4.347820683060981e-06,2.9320242075258676e-06
oppo-k3+p02_2_5+100cm,oppo-k3,p02,100cm,16000,0.805,INSUFFICIENT_DATA,0.0,0.30146769472157087,4218.75,12.028175354003906,-35.30512237548828,0.9959611695969696,0.003344322394368292,0.00038899799459091145,1.9756278112393712e-05,3.2690147364468624e-05,6.78689108315097e-06,7.501094538159154e-06,5.009994068317104e-06
oppo-k3+p02_2_5+10cm,oppo-k3,p02,10cm,16000,0.805,INSUFFICIENT_DATA,0.0,0.10133458132785414,5000.0,40.63408660888672,-42.599464416503906,0.903549075622457,0.02430115957873731,0.002678409396055018,0.006386037357056302,0.023872126731055317,0.0021955608914320107,0.00046981184995196216,0.0005536782037541968
oppo-k3+p02_2_5+150cm,oppo-k3,p02,150cm,16000,1.0,INSUFFICIENT_DATA,0.0,0.09675724062310863,7460.9375,12.2952880859375,-28.525772094726562,0.9896444595744852,0.008860229532974337,0.0007028934677635172,8.59214988754581e-05,4.6956296973895374e-05,1.1240066767316196e-05,7.3272567663306505e-06,6.810127699864589e-06
oppo-k3+p02_2_5+200cm,oppo-k3,p02,200cm,16000,0.805,INSUFFICIENT_DATA,0.0,0.1408526081258345,5820.3125,13.069442749023438,-31.589128494262695,0.9900875229845183,0.008855638711717078,0.00027881209565074034,3.132265067935953e-05,3.5419912231312334e-05,1.0017328010658066e-05,6.194373247394071e-06,4.451866165318461e-06
oppo-k3+p02_2_5+30cm,oppo-k3,p02,30cm,16000,0.969,INSUFFICIENT_DATA,0.0,0.06796742571962214,5000.0,24.426292419433594,-25.78815269470215,0.988217606943509,0.008079586721594903,0.0006761669676957034,0.0002899001997078089,0.0005971823663614155,5.3949269904395215e-05,1.8426156380664643e-05,9.81807140079785e-06
oppo-k3+p02_3_1+100cm,oppo-k3,p02,100cm,16000,1.128,INSUFFICIENT_DATA,0.0,0.09625589843700696,4835.9375,10.142242431640625,-34.237510681152344,0.9977842020869215,0.001883932497037589,0.000183716345079504,2.789061410942408e-05,2.087218769584787e-05,5.415532403184013e-06,5.82715264792275e-06,4.610143039587968e-06
oppo-k3+p02_3_1+10cm,oppo-k3,p02,10cm,16000,1.128,INSUFFICIENT_DATA,0.0,0.019001549690011936,5000.0,30.44084930419922,-35.02785873413086,0.9835933855179404,0.005665956936824256,0.00044512089542590754,0.0014705840910642816,0.0034678977740418603,0.000342852345057453,9.890248556449174e-05,0.00017307730627130652
oppo-k3+p02_3_1+300cm,oppo-k3,p02,300cm,16000,1.29,INSUFFICIENT_DATA,0.0,0.059688640752285534,5125.0,9.652107238769531,-37.330101013183594,0.9977136812884774,0.0020463390449793686,0.000127445358215587,1.2469572583848664e-05,1.243271689174044e-05,7.011221851239352e-06,6.337050479700503e-06,4.531196582188735e-06
oppo-k3+p02_3_1+60cm,oppo-k3,p02,60cm,16000,1.29,INSUFFICIENT_DATA,0.0,0.0611158631581356,5000.0,17.002716064453125,-23.195091247558594,0.9944620954883809,0.004442723030352396,0.00032339990978448786,0.00014040205443013984,0.00023696933523415282,2.9945264177704173e-05,1.385424718895093e-05,1.5627531510050488e-05
oppo-k3+p02_3_2+100cm,oppo-k3,p02,100cm,16000,1.056,INSUFFICIENT_DATA,0.0,0.03207822249193434,4531.25,18.054397583007812,-32.09857177734375,0.9911269186438136,0.007403802985011211,0.0002482462221957937,8.016017184627853e-05,5.52394910409783e-05,1.9287993758514043e-05,1.1641799637566548e-05,7.080962011405195e-06
oppo-k3+p02_3_2+10cm,oppo-k3,p02,10cm,16000,1.238,INSUFFICIENT_DATA,0.0,0.015252642050367185,5000.0,28.013206481933594,-30.278400421142578,0.972167891799664,0.022994728215075543,0.0007846506737092231,0.0006581250391212516,0.0012731873411650951,0.00017312558112032677,7.675357853118046e-05,9.248498980496273e-05
oppo-k3+p02_3_2+150cm,oppo-k3,p02,150cm,16000,1.238,INSUFFICIENT_DATA,0.0,0.03770504008543116,4531.25,21.710235595703125,-27.98139190673828,0.9899881589429561,0.009199208582986751,0.00024049230254849366,6.814748258149798e-05,7.352228706126125e-05,2.2062568921056844e-05,9.883930579522144e-06,9.81523005727979e-06
oppo-k3+p02_3_2+30cm,oppo-k3,p02,30cm,16000,1.238,INSUFFICIENT_DATA,0.0,0.030311077027991382,5000.0,19.382354736328125,-23.901775360107422,0.9755156833886619,0.020994323379747826,0.001396697623310541,0.0003456645865125187,0.0004914696569417087,6.271835746119932e-05,2.682984247734464e-05,1.4152367706430686e-05
oppo-k3+p02_3_2+60cm,oppo-k3,p02,60cm,16000,1.238,INSUFFICIENT_DATA,0.0,0.028361548740686554,4531.25,21.04572296142578,-21.770784378051758,0.992641344013352,0.0058900327976689785,0.0006272500171924559,0.00015549780782238425,0.00023792524461431453,3.575878996787901e-05,1.4541308776079585e-05,1.3247133759610442e-05
oppo-k3+p02_3_3+30cm,oppo-k3,p02,30cm,16000,0.737,INSUFFICIENT_DATA,0.0,0.09230519741365542,5000.0,26.74615478515625,-30.247756958007812,0.9617564976930484,0.03218056051727405,0.0007993137588359424,0.0005163446656986184,0.0013140505393028487,9.500993387731493e-05,3.446457132830406e-05,1.751845385806542e-05
oppo-k3+p02_3_3+60cm,oppo-k3,p02,60cm,16000,0.737,INSUFFICIENT_DATA,0.0,0.12123923805512808,5000.0,22.987281799316406,-26.35540008544922,0.9733493891530383,0.021574817319260947,0.0004607651545095974,0.00022151065360768537,0.00042646524121413325,4.888419997762662e-05,2.083140529537442e-05,2.3129845919897713e-05
oppo-k3+p02_3_4+100cm,oppo-k3,p02,100cm,16000,0.615,INSUFFICIENT_DATA,0.0,0.7004727726308307,6039.0625,10.044448852539062,-53.99500274658203,0.9942387212223457,0.0034491203713829808,0.000607557541247064,0.0003384360206341345,0.00028165339745129397,0.00033308438678994093,0.00032675632393213425,0.0002615984269489918
oppo-k3+p02_3_4+10cm,oppo-k3,p02,10cm,16000,0.571,INSUFFICIENT_DATA,0.0,0.050844859727540465,5000.0,47.0106201171875,-49.438446044921875,0.11057503014129096,0.21039529645707997,0.007188575725283165,0.052731481995859183,0.22625812831660194,0.019785419715984957,0.002664027878490954,0.004274337325681113
oppo-k3+p02_3_4+200cm,oppo-k3,p02,200cm,16000,0.571,INSUFFICIENT_DATA,0.0,0.06983404308399115,4640.625,12.962760925292969,-34.26089859008789,0.9870168337389125,0.010942912150947925,0.0001762157311367643,1.8695747028875482e-05,1.9770759562839043e-05,7.5986789078655826e-06,4.004214132577378e-06,3.2617515816014568e-06
oppo-k3+p02_3_4+30cm,oppo-k3,p02,30cm,16000,0.563,INSUFFICIENT_DATA,0.0,0.48650777452213284,5000.0,45.508262634277344,-44.940433502197266,0.7342857952464392,0.015991797519472842,0.0008982990172568492,0.020400209587652405,0.11212730286340637,0.005501372934747549,0.00037208975092895035,0.00032940571764591254
oppo-k3+p02_3_5+150cm,oppo-k3,p02,150cm,16000,1.03,INSUFFICIENT_DATA,0.0,0.06618254430854642,4226.5625,12.615486145019531,-29.58126449584961,0.9855421613511268,0.011803340906887396,0.0011268363935332893,6.307940075952169e-05,5.243216216475287e-05,1.6821073954524793e-05,9.179901435561478e-06,6.518439928502849e-06
oppo-k3+p02_3_5+200cm,oppo-k3,p02,200cm,16000,0.935,INSUFFICIENT_DATA,0.0,0.047426064862235814,7250.0,11.75830078125,-29.31234359741211,0.9840639131098895,0.012952727799991416,0.0008358766013329999,5.814797987140816e-05,3.7093648718324e-05,1.4558398957329648e-05,6.047172007850104e-06,4.344925858743375e-06
oppo-k3+p02_3_5+300cm,oppo-k3,p02,300cm,16000,0.935,INSUFFICIENT_DATA,0.0,0.03092269374493063,6007.8125,9.873893737792969,-36.15681076049805,0.989236103014029,0.009082755174017828,0.0010452980551109564,2.4627054046221193e-05,2.8528314697319827e-05,4.525136580423813e-06,4.657485479725909e-06,3.193483415387946e-06
oppo-k3+p02_3_5+30cm,oppo-k3,p02,30cm,16000,1.03,INSUFFICIENT_DATA,0.0,0.04460148243606994,5000.0,25.150070190429688,-25.612762451171875,0.9789454159563751,0.01745485669751695,0.0012137985774463287,0.00032349893106616874,0.0007144300209668002,6.467434745416898e-05,2.2146459510058003e-05,1.0507733026545299e-05
oppo-k3+p02_3_5+60cm,oppo-k3,p02,60cm,16000,0.935,INSUFFICIENT_DATA,0.0,0.042848435964738446,5000.0,20.75151824951172,-22.159561157226562,0.9920924675351696,0.005938182068616575,0.0011828143105057655,0.00015824444801498612,0.00024337149301373477,3.6800079016084955e-05,2.004561303815969e-05,1.2592234092230249e-05
oppo-k3+p02_4_1+100cm,oppo-k3,p02,100cm,16000,0.883,INSUFFICIENT_DATA,0.0,0.07495658392033994,6648.4375,11.780189514160156,-34.6542854309082,0.9896648136578394,0.009208568276518763,0.00027002309937545897,3.02305871321549e-05,2.643416279744352e-05,1.2429186053313636e-05,9.92342917511122e-06,6.229057943364718e-06
oppo-k3+p02_4_1+10cm,oppo-k3,p02,10cm,16000,1.039,INSUFFICIENT_DATA,0.0,0.022124291707672536,5000.0,32.97132110595703,-37.76806640625,0.9533716619852793,0.022255100034250783,0.0036101932853908093,0.002379985137888311,0.006878402296724562,0.0008340647692943422,0.0003388336693672016,0.00027162980936018224
oppo-k3+p02_4_1+150cm,oppo-k3,p02,150cm,16000,0.883,INSUFFICIENT_DATA,0.0,0.08433185514770773,7328.125,11.964492797851562,-30.554073333740234,0.9913583093565257,0.007722063087282163,0.0002772895461468975,3.291193709276415e-05,4.4783497664717644e-05,2.1225472956803554e-05,1.3029511503688135e-05,4.803585718219371e-06
oppo-k3+p02_4_1+200cm,oppo-k3,p02,200cm,16000,0.883,INSUFFICIENT_DATA,0.0,0.07162020449155308,7453.125,11.478958129882812,-33.06706237792969,0.9898759413637367,0.009153559035187714,0.00025307912747037965,2.816260825294715e-05,2.9226419451607824e-05,1.2447191599836345e-05,9.665899482001348e-06,5.137176173828349e-06
oppo-k3+p02_4_1+300cm,oppo-k3,p02,300cm,16000,1.039,INSUFFICIENT_DATA,0.0,0.03194472571560967,6015.625,9.353706359863281,-37.63788604736328,0.990882727454767,0.007963537311539362,0.0007525413006116857,1.824056097708469e-05,1.8829182061368045e-05,6.474720253067592e-06,6.5576136231962386e-06,4.58712892290717e-06
oppo-k3+p02_4_1+30cm,oppo-k3,p02,30cm,16000,1.099,INSUFFICIENT_DATA,0.0,0.08418730880945549,5000.0,21.207015991210938,-28.5643367767334,0.9411959408463474,0.045324799464136714,0.0039005606728445873,0.0008307020841831389,0.001380396725516799,0.0002049410254860021,7.928101362059183e-05,3.325142268012053e-05
oppo-k3+p02_4_2+10cm,oppo-k3,p02,10cm,16000,1.229,INSUFFICIENT_DATA,0.0,0.04015805115852599,5000.0,30.259002685546875,-36.20735549926758,0.9464002131970284,0.01619648668445753,0.02190358155064834,0.0017766296942068316,0.00545401074677858,0.0005902310680416542,0.00028775141470897467,0.0002219832898805868
oppo-k3+p02_4_2+150cm,oppo-k3,p02,150cm,16000,1.24,INSUFFICIENT_DATA,0.0,0.08912750523377791,5937.5,12.002899169921875,-32.00803756713867,0.9910596934671219,0.004822091607321297,0.003729234297506378,0.0001024258512852506,9.195803238463382e-05,1.7651655260415932e-05,1.4281889380825559e-05,7.492868241170008e-06
oppo-k3+p02_4_2+300cm,oppo-k3,p02,300cm,16000,1.151,INSUFFICIENT_DATA,0.0,0.02467004468035354,4296.875,13.091972351074219,-39.88166427612305,0.9837032246369444,0.003196681915403126,0.01263340704640318,0.00011282886980111968,0.00010039954404928408,1.5521222209758714e-05,1.2405199550326227e-05,8.454085487749154e-06
oppo-k3+p02_4_3+10cm,oppo-k3,p02,10cm,16000,0.649,INSUFFICIENT_DATA,0.0,0.03821653418204313,5000.0,44.6458740234375,-42.62433624267578,0.2275275699145369,0.20019350686157114,0.008582992389258205,0.044226216498430095,0.1920877032371958,0.017096929295597914,0.002754508642297638,0.003117262452113071
oppo-k3+p02_4_3+150cm,oppo-k3,p02,150cm,16000,0.649,INSUFFICIENT_DATA,0.0,0.06440101401936157,6109.375,7.8484344482421875,-32.51043701171875,0.996119746505121,0.0034969282843783085,0.00031187962457491066,1.607466543310672e-05,6.123756165667296e-06,4.030067437583768e-06,3.7736635296525776e-06,2.418148487539078e-06
oppo-k3+p02_4_3+200cm,oppo-k3,p02,200cm,16000,0.747,INSUFFICIENT_DATA,0.0,0.06449045086758438,4500.0,10.886505126953125,-32.52106475830078,0.9937570848996398,0.0055060492307809385,0.000558776036789866,2.667187832538854e-05,1.564655634022694e-05,7.244152883625485e-06,5.647571838728416e-06,3.713501075944039e-06
oppo-k3+p02_4_3+30cm,oppo-k3,p02,30cm,16000,0.649,INSUFFICIENT_DATA,0.0,0.0919608983455786,5000.0,34.53056335449219,-33.03261184692383,0.9768184498816694,0.01627612812869236,0.0009356355093076888,0.0006770694376849451,0.002355304014956622,0.0001493641231281572,2.385096320402164e-05,2.4989929181326825e-05
oppo-k3+p02_4_4+100cm,oppo-k3,p02,100cm,16000,1.0,INSUFFICIENT_DATA,0.0,0.1250658925826172,4437.5,12.806503295898438,-32.412967681884766,0.9931174333253425,0.005729266706518961,0.0003012071808642605,4.3494981858351555e-05,4.290940759946151e-05,1.1220255882739125e-05,6.776303798169865e-06,6.4765515361846925e-06
oppo-k3+p02_4_4+10cm,oppo-k3,p02,10cm,16000,1.0,INSUFFICIENT_DATA,0.0,0.06377024491179466,5000.0,33.51512145996094,-32.03240203857422,0.9740744629793254,0.01015501475698773,0.0025642438311675375,0.0017151773098003048,0.004704387456677709,0.00042634484674167574,0.00018108788792067367,0.00017300899874625158
oppo-k3+p02_4_4+150cm,oppo-k3,p02,150cm,16000,0.805,INSUFFICIENT_DATA,0.0,0.12359761895503765,5195.3125,15.109504699707031,-30.25490951538086,0.9844966998757063,0.014007179633435247,0.00039876601191714376,5.273711782298477e-05,5.016847398959878e-05,1.907166662820844e-05,8.07537851055446e-06,4.899622328996998e-06
oppo-k3+p02_4_4+200cm,oppo-k3,p02,200cm,16000,0.805,INSUFFICIENT_DATA,0.0,0.14124557956335737,5195.3125,12.831825256347656,-31.46843719482422,0.9902329469818757,0.008713863063286342,0.0002821257036852546,3.2894954339852987e-05,4.029051636168804e-05,8.675744346265359e-06,5.746414838843813e-06,3.5552026510247256e-06
oppo-k3+p02_4_4+300cm,oppo-k3,p02,300cm,16000,1.0,INSUFFICIENT_DATA,0.0,0.05032598192011826,4515.625,8.039443969726562,-35.984737396240234,0.9878478324700589,0.01036872800306212,0.000962258035414725,3.420683787718862e-05,1.9377558795913815e-05,5.294557232100993e-06,5.123777376089115e-06,3.3261407356909738e-06
oppo-k3+p02_4_4+30cm,oppo-k3,p02,30cm,16000,0.969,INSUFFICIENT_DATA,0.0,0.06839145552404766,5000.0,24.407196044921875,-26.430723190307617,0.9868635097185793,0.008635065177083064,0.0006509060017665142,0.00031655232881409585,0.0007086050863895692,5.4189599711271744e-05,1.8153718602513944e-05,1.1053360419714086e-05
oppo-k3+p02_4_4+60cm,oppo-k3,p02,60cm,16000,1.0,INSUFFICIENT_DATA,0.0,0.0865830388353558,5000.0,18.57746124267578,-22.78487777709961,0.99018155140698,0.007901375542855202,0.0004944191953348498,0.00017078869921301125,0.00026856716766937095,3.597566852491199e-05,1.7800550355927866e-05,1.721222446007276e-05
oppo-k3+p02_4_5+150cm,oppo-k3,p02,150cm,16000,0.952,INSUFFICIENT_DATA,0.0,0.09590644213947083,4742.1875,14.410896301269531,-31.24618148803711,0.9934663986068303,0.005473993837278613,0.0008314910991656501,3.828799704632143e-05,2.930865560298801e-05,9.795730812997275e-06,5.159061592085377e-06,4.661412969800574e-06
oppo-k3+p02_4_5+200cm,oppo-k3,p02,200cm,16000,1.039,INSUFFICIENT_DATA,0.0,0.1465321469967575,4203.125,12.481201171875,-33.25419998168945,0.9917794963800738,0.0076393679398119975,0.000405894186469581,3.115105992880682e-05,2.3893453609774796e-05,9.843256432778099e-06,6.288718380118352e-06,4.867239907417987e-06
oppo-k3+p02_4_5+60cm,oppo-k3,p02,60cm,16000,1.039,INSUFFICIENT_DATA,0.0,0.12214947943428217,5000.0,24.694557189941406,-25.8280029296875,0.9903197385127388,0.008466309980173422,0.00026585704757592366,0.00016885012285427876,0.0003140846692717852,4.1319592093918635e-05,1.3959469460975616e-05,2.021880835587288e-05
oppo-k3+p02_5_1+10cm,oppo-k3,p02,10cm,16000,1.372,INSUFFICIENT_DATA,0.0,0.0331574526109157,5000.0,27.55809783935547,-35.94119644165039,0.9552913763651452,0.020953977390674883,0.01094656843196887,0.0018357376708394077,0.0042328730749422675,0.0006396034538687072,0.00038906439801607225,0.00025718646923291003
oppo-k3+p02_5_1+200cm,oppo-k3,p02,200cm,16000,1.645,INSUFFICIENT_DATA,0.0,0.04019657078680409,5992.1875,6.744712829589844,-31.22412109375,0.9860968719935451,0.011149056241650959,0.002371309728656534,0.00011811156093780941,3.826551143898174e-05,9.0277999680677e-06,8.886363233163253e-06,4.640060581462052e-06
oppo-k3+p02_5_1+300cm,oppo-k3,p02,300cm,16000,1.645,INSUFFICIENT_DATA,0.0,0.030358472864451983,4218.75,8.3807373046875,-37.341190338134766,0.9860708885603482,0.011058784139791668,0.002558037672260726,9.183333022290753e-05,4.788783995842342e-05,7.3231346144049375e-06,7.79930569476371e-06,4.472977723072361e-06
oppo-k3+p02_5_1+60cm,oppo-k3,p02,60cm,16000,1.372,INSUFFICIENT_DATA,0.0,0.07860201596737187,5000.0,18.57428741455078,-22.919513702392578,0.9887909884557096,0.008183271740580806,0.0019199546426145937,0.0002128914941338429,0.00027869033410142226,4.767266038296014e-05,3.3473303779312316e-05,2.2629242051770662e-05
oppo-k3+p02_5_2+100cm,oppo-k3,p02,100cm,16000,1.219,INSUFFICIENT_DATA,0.0,0.06572642038901957,4171.875,12.453369140625,-34.531654357910156,0.9888470866448155,0.010393277013479524,0.00028983223481685884,8.479177328458844e-05,3.0631210941567164e-05,1.2153882975968741e-05,9.879235766226935e-06,6.484519744916824e-06
oppo-k3+p02_5_2+10cm,oppo-k3,p02,10cm,16000,1.219,INSUFFICIENT_DATA,0.0,0.013586754210563979,5000.0,37.51251983642578,-40.06210708618164,0.9484184618696311,0.016251214326068006,0.0024357598377305087,0.0034291846003868588,0.011468982619577149,0.0011707252168927274,0.00031440975409457376,0.00036215772815227415
oppo-k3+p02_5_2+150cm,oppo-k3,p02,150cm,16000,1.35,INSUFFICIENT_DATA,0.0,0.048211303204270514,4578.125,18.257423400878906,-29.395538330078125,0.9888607283963815,0.010319344710592905,0.00037101277869912004,7.807253007371846e-05,4.990654598271994e-05,2.385931120404283e-05,1.2740236710817744e-05,9.732662283597261e-06
oppo-k3+p02_5_2+200cm,oppo-k3,p02,200cm,16000,1.333,INSUFFICIENT_DATA,0.0,0.05625067476136707,4625.0,13.562782287597656,-32.44866943359375,0.9865293057165451,0.012156184085167596,0.00030313363322585687,3.776696861104289e-05,1.4734471302592063e-05,6.075487192920866e-06,3.828254419541096e-06,3.073379044747138e-06
oppo-k3+p02_5_3+100cm,oppo-k3,p02,100cm,16000,1.177,INSUFFICIENT_DATA,0.0,0.0676504845349022,4273.4375,11.442054748535156,-34.918357849121094,0.9900305685509658,0.005783469523120948,0.003851348643348863,4.227941319274499e-05,8.882635800235837e-05,5.045313740959404e-06,5.02886067176769e-06,3.2440479450265858e-06
oppo-k3+p02_5_3+10cm,oppo-k3,p02,10cm,16000,1.316,INSUFFICIENT_DATA,0.0,0.021034326359167427,5000.0,27.140586853027344,-37.70797348022461,0.9349097107485179,0.02226211785772185,0.022206282572473982,0.0026776810052233924,0.007224434871172647,0.0009515049104588436,0.0007453775999168152,0.0003242116993693367
oppo-k3+p02_5_3+150cm,oppo-k3,p02,150cm,16000,1.177,INSUFFICIENT_DATA,0.0,0.06582539136949808,4500.0,11.87957763671875,-31.076950073242188,0.9888850319583313,0.007510855745470157,0.0033322231827561223,5.02324122098422e-05,6.330050739399748e-05,5.227136766299805e-06,4.848116594175988e-06,2.575356460099273e-06
oppo-k3+p02_5_3+200cm,oppo-k3,p02,200cm,16000,1.264,INSUFFICIENT_DATA,0.0,0.07153402240771331,4101.5625,12.714767456054688,-32.2012939453125,0.9941245748195462,0.0032272750319434058,0.0023479741758195088,5.706461312398148e-05,5.354329569817815e-05,9.569753751130323e-06,7.03760316011765e-06,3.7210916119318692e-06
oppo-k3+p02_5_3+300cm,oppo-k3,p02,300cm,16000,1.177,INSUFFICIENT_DATA,0.0,0.04972904932873354,4109.375,8.493217468261719,-37.36570358276367,0.992047072655478,0.004910190701346395,0.0027704381552785093,5.662449190055191e-05,6.838385707232824e-05,6.066830993306253e-06,6.748620242294582e-06,4.553692194401488e-06
oppo-k3+p02_5_3+30cm,oppo-k3,p02,30cm,16000,1.177,INSUFFICIENT_DATA,0.0,0.07984624982820472,5000.0,21.932083129882812,-30.111698150634766,0.9745395187016007,0.014143007281678175,0.005900544540961844,0.0008463730058077188,0.0021266852177798693,0.00019042192752822613,7.903708117864881e-05,2.6392680929229046e-05
oppo-k3+p02_5_4+10cm,oppo-k3,p02,10cm,16000,1.237,INSUFFICIENT_DATA,0.0,0.051091770630563506,5000.0,36.898162841796875,-41.80849075317383,0.9273685583517213,0.020090035250500942,0.00497563795060399,0.004667656064717425,0.016596098785318262,0.001583791107582294,0.00046573875092280223,0.0005111162903259613
oppo-k3+p02_5_4+150cm,oppo-k3,p02,150cm,16000,1.186,INSUFFICIENT_DATA,0.0,0.1295398298200177,5054.6875,20.39697265625,-31.45941734313965,0.9938855593882377,0.005647438536117249,0.0003455414823490563,4.340120348279352e-05,3.7589202093656766e-05,1.4867044670762185e-05,6.592762073967992e-06,7.215275320136989e-06
oppo-k3+p02_5_4+200cm,oppo-k3,p02,200cm,16000,1.237,INSUFFICIENT_DATA,0.0,0.15753969202985815,4382.8125,13.810768127441406,-32.93933868408203,0.9936485068449222,0.005735342141177001,0.00046498837093123565,6.41758605172249e-05,3.0183273110916155e-05,1.2508664280553339e-05,8.487320484197874e-06,6.230335208577724e-06
oppo-k3+p02_5_4+30cm,oppo-k3,p02,30cm,16000,1.186,INSUFFICIENT_DATA,0.0,0.16986809236910902,5000.0,32.876686096191406,-32.29619216918945,0.9742743884844738,0.012232731199726251,0.0015606741501316083,0.0012301546002202494,0.005354037704543225,0.0002884897764188239,4.373255841524746e-05,3.649614523431942e-05
oppo-k3+p02_5_4+60cm,oppo-k3,p02,60cm,16000,1.126,INSUFFICIENT_DATA,0.0,0.09710296803348405,5000.0,20.9786376953125,-23.79204750061035,0.9907308277518793,0.00711903480179697,0.0011363861759121781,0.00021136643937078647,0.0003501531710480239,3.985049804774841e-05,2.571359662129922e-05,2.5424413724422596e-05
oppo-k3+p02_6_1+100cm,oppo-k3,p02,100cm,16000,1.169,INSUFFICIENT_DATA,0.0,0.1319250842169227,4218.75,6.8614349365234375,-39.6538200378418,0.9878340700315702,0.010853769191719006,0.000969182297692388,2.4988411708285447e-05,1.871403423185227e-05,1.253493952150423e-05,1.25355665725688e-05,9.69422255883595e-06
oppo-k3+p02_6_1+150cm,oppo-k3,p02,150cm,16000,1.169,INSUFFICIENT_DATA,0.0,0.028789173290986615,5125.0,18.77617645263672,-32.62348556518555,0.983344959663624,0.014953052711496074,0.0012200679574976266,0.00013347403534674313,9.68685849836138e-05,2.9926134487944924e-05,1.6614354309842225e-05,1.3686866777323762e-05
oppo-k3+p02_6_1+300cm,oppo-k3,p02,300cm,16000,1.229,INSUFFICIENT_DATA,0.0,0.02321188585255552,4226.5625,10.143013000488281,-37.692291259765625,0.9915868701986046,0.006419778315656323,0.001578750260144051,2.8902084094210662e-05,3.06139705666101e-05,7.228282447367563e-06,7.27013525745718e-06,4.8211789063945065e-06
oppo-k3+p02_6_1+30cm,oppo-k3,p02,30cm,16000,1.169,INSUFFICIENT_DATA,0.0,0.08181229545985921,5000.0,33.77326965332031,-33.70603942871094,0.9487584486664982,0.03881576871941734,0.001567885097437778,0.001093263841265742,0.004790578619621183,0.0002736350396603601,4.993871569129643e-05,2.9588484803457984e-05
oppo-k3+p02_6_2+100cm,oppo-k3,p02,100cm,16000,1.627,INSUFFICIENT_DATA,0.0,0.072422882307539,6445.3125,8.715400695800781,-33.65031433105469,0.9944098523750989,0.0036850167252493954,0.0016760336557437334,4.602764539077398e-05,7.146218282257383e-05,1.0567799156501571e-05,1.36702207217122e-05,5.956039014446645e-06
oppo-k3+p02_6_2+10cm,oppo-k3,p02,10cm,16000,1.125,INSUFFICIENT_DATA,0.0,0.014597489767669213,5000.0,36.583702087402344,-36.306949615478516,0.9653683029210827,0.007744591844456277,0.0027767348935417925,0.0025539711904983774,0.008421392429275799,0.0007661079973138347,0.00021205221163851954,0.0002473379249690229
oppo-k3+p02_6_2+150cm,oppo-k3,p02,150cm,16000,1.125,INSUFFICIENT_DATA,0.0,0.07237759122803283,4328.125,11.381706237792969,-32.47224426269531,0.9961670066033116,0.002994821645628823,0.0007114053482710915,3.3299759710832296e-05,3.98892196764577e-05,6.987185020425167e-06,5.335168526507905e-06,3.0772156655416474e-06
oppo-k3+p02_6_2+200cm,oppo-k3,p02,200cm,16000,1.125,INSUFFICIENT_DATA,0.0,0.05662679193276258,4476.5625,9.291191101074219,-34.59773254394531,0.9968276557376657,0.0019704964764807337,0.0011139859828506473,1.8412001431323206e-05,2.7234607978378668e-05,4.0711977194854345e-06,4.243930059872201e-06,2.8065137691118134e-06
oppo-k3+p02_6_2+300cm,oppo-k3,p02,300cm,16000,1.627,INSUFFICIENT_DATA,0.0,0.02984232971812233,4140.625,7.8592681884765625,-38.60386276245117,0.995455656858097,0.0032489833056524864,0.0011357766614189457,2.628723458918748e-05,5.834455462747283e-05,7.979568502727725e-06,8.56585800064003e-06,5.6783432778824835e-06
oppo-k3+p02_6_2+60cm,oppo-k3,p02,60cm,16000,1.627,INSUFFICIENT_DATA,0.0,0.04266651817011112,5000.0,17.287979125976562,-22.6469783782959,0.9937555815562191,0.003936274626840866,0.0015818767929197633,0.00017196358263275958,0.00028460865549128944,2.8629303829461163e-05,2.2757133286865837e-05,1.7338667769660587e-05
oppo-k3+p02_6_3+100cm,oppo-k3,p02,100cm,16000,1.446,INSUFFICIENT_DATA,0.0,0.05187254633797689,4312.5,9.45355224609375,-33.09417724609375,0.9925194059012692,0.004849341779445965,0.002508274053028232,4.402391429022151e-05,2.5334327004674642e-05,9.398390213974733e-06,7.604998314551286e-06,5.223654334071071e-06
oppo-k3+p02_6_3+10cm,oppo-k3,p02,10cm,16000,1.731,INSUFFICIENT_DATA,0.0,0.019065452669979447,5000.0,20.429710388183594,-31.072969436645508,0.9649259627724117,0.016587816765241434,0.01152691773555822,0.0014955453730992455,0.00229127585297411,0.0004170617465623101,0.00028912865184711425,0.00011726590399383859
oppo-k3+p02_6_3+150cm,oppo-k3,p02,150cm,16000,1.731,INSUFFICIENT_DATA,0.0,0.02036382277648738,4132.8125,13.493019104003906,-28.953777313232422,0.9959612488062461,0.0028483741707072303,0.000990809752604083,6.600368233339641e-05,6.690104605241957e-05,1.1095624318151084e-05,1.0561756738961962e-05,5.443553331123153e-06
oppo-k3+p02_6_3+200cm,oppo-k3,p02,200cm,16000,1.731,INSUFFICIENT_DATA,0.0,0.019037193105517318,4265.625,11.136962890625,-30.76136589050293,0.995320400377015,0.003284007658253727,0.0012219937034493407,4.7771927811400205e-05,5.051367181335918e-05,8.267059405372606e-06,7.181570804141771e-06,4.00438366001041e-06
oppo-k3+p02_6_3+300cm,oppo-k3,p02,300cm,16000,1.446,INSUFFICIENT_DATA,0.0,0.01686873255607395,6015.625,8.174308776855469,-37.24675369262695,0.9954225808202516,0.0027188741355412744,0.0017721999218064306,3.243054995530688e-05,1.9608862546033607e-05,6.354175736112348e-06,6.359486418657577e-06,4.309010880266029e-06
oppo-k3+p02_6_3+30cm,oppo-k3,p02,30cm,16000,1.731,INSUFFICIENT_DATA,0.0,0.031271722666234195,5000.0,19.348739624023438,-25.967199325561523,0.9804477961797493,0.011989329448079785,0.0045434875864131165,0.0006213022723378551,0.0010582691103730626,0.00013331980971514125,5.78491797734745e-05,2.416517918928716e-05
oppo-k3+p02_6_3+60cm,oppo-k3,p02,60cm,16000,1.731,INSUFFICIENT_DATA,0.0,0.03196408477543731,5000.0,15.802597045898438,-22.623701095581055,0.9896313710922338,0.006518517404348571,0.0029563589025648133,0.00021546067048627363,0.00031043448369642596,4.710134583933678e-05,2.9446824704895106e-05,2.0740230497436758e-05
oppo-k3+p02_6_4+100cm,oppo-k3,p02,100cm,16000,1.237,INSUFFICIENT_DATA,0.0,0.22185645504727863,5843.75,8.699203491210938,-37.69462203979492,0.9937237532364634,0.004925589693096528,0.001204480868390663,7.481801018833001e-05,3.093092216607452e-05,9.486044001154632e-06,9.680802869900629e-06,6.702948905883299e-06
oppo-k3+p02_6_4+10cm,oppo-k3,p02,10cm,16000,1.186,INSUFFICIENT_DATA,0.0,0.0808977640457585,5000.0,35.76792907714844,-39.36638259887695,0.9504700524439251,0.0128525278329629,0.006103304348151101,0.0032323591079253394,0.010755711822823599,0.001039954953450862,0.0004170663493461038,0.00038005453182656424
oppo-k3+p02_6_4+150cm,oppo-k3,p02,150cm,16000,1.237,INSUFFICIENT_DATA,0.0,0.15326795535737828,4515.625,18.773162841796875,-31.465492248535156,0.9924429729716965,0.007027768500518843,0.0003585435620218578,6.130735461532934e-05,4.932827600139136e-05,1.7441945047898595e-05,5.921233281405659e-06,5.773838165625012e-06
oppo-k3+p02_6_4+200cm,oppo-k3,p02,200cm,16000,1.186,INSUFFICIENT_DATA,0.0,0.11241756384847597,4531.25,16.37560272216797,-32.27390670776367,0.99438484501682,0.005179952862823577,0.0003400807296729367,3.604929745081895e-05,2.6242727671714385e-05,1.1144435180741475e-05,5.3822549139561845e-06,4.741345799622967e-06
oppo-k3+p02_6_4+300cm,oppo-k3,p02,300cm,16000,1.126,INSUFFICIENT_DATA,0.0,0.03045670916418637,5843.75,7.957344055175781,-38.2964973449707,0.9953123011728511,0.004257147954077991,0.00032930073303886787,3.335338715768375e-05,1.4267052520278446e-05,7.728805454857785e-06,7.787413358729653e-06,5.231793021640197e-06
oppo-k3+p02_6_4+30cm,oppo-k3,p02,30cm,16000,1.126,INSUFFICIENT_DATA,0.0,0.055408823913037836,5000.0,25.62828826904297,-26.705244064331055,0.953389580735595,0.041896705504782056,0.0016142024818818887,0.0006052860877025916,0.001205695216148856,0.00011340501464358515,3.650764631576055e-05,2.1815657268193197e-05
oppo-k3+p03_1_1+10cm,oppo-k3,p03,10cm,16000,1.105,INSUFFICIENT_DATA,0.0,0.06495738393367977,5000.0,41.85515594482422,-41.62286376953125,0.7088224263062345,0.11265220131084247,0.004924271049038637,0.014518276546133368,0.058740738562724444,0.005756596810759152,0.0010691857069500404,0.0014979164313947875
oppo-k3+p03_1_1+300cm,oppo-k3,p03,300cm,16000,1.105,INSUFFICIENT_DATA,0.0,0.04417601856795843,5859.375,8.149032592773438,-44.29779052734375,0.988413937734612,0.010873212988180203,0.0001362547312373092,3.0511527309199408e-05,2.373826993287849e-05,2.5244620802121648e-05,2.564897883455821e-05,1.8571662110495177e-05
oppo-k3+p03_1_2+10cm,oppo-k3,p03,10cm,16000,0.982,INSUFFICIENT_DATA,0.0,0.02896839594416211,5000.0,33.819862365722656,-40.90321350097656,0.8562151438646585,0.09139163130584436,0.002145242945304865,0.0048156625804417945,0.016125961258360424,0.0017983176383238619,0.0004381264406032907,0.0003923433555497656
oppo-k3+p03_1_2+150cm,oppo-k3,p03,150cm,16000,0.982,INSUFFICIENT_DATA,0.0,0.07999136681454908,4585.9375,18.463134765625,-29.312942504882812,0.9925697885904394,0.006856978862692585,8.508600629646535e-05,6.502518258549481e-05,7.204224567412865e-05,1.4697513907434108e-05,8.637732672768239e-06,1.3072706082802249e-05
oppo-k3+p03_1_2+300cm,oppo-k3,p03,300cm,16000,0.982,INSUFFICIENT_DATA,0.0,0.04375921131962076,6226.5625,6.884742736816406,-38.82701873779297,0.9909108537391521,0.008062653461602834,9.954704160954693e-05,1.2352695247974243e-05,9.484717054312014e-06,8.478211757690126e-06,8.786931748125203e-06,5.710153529071819e-06
oppo-k3+p03_1_3+100cm,oppo-k3,p03,100cm,16000,1.35,INSUFFICIENT_DATA,0.0,0.1823353074934641,4828.125,12.438751220703125,-33.3348503112793,0.9927131335195302,0.006284335565396262,4.178102017530926e-05,2.7251688155995228e-05,3.794164810340749e-05,9.297879463994845e-06,7.437802526725004e-06,5.003206276000455e-06
oppo-k3+p03_1_3+200cm,oppo-k3,p03,200cm,16000,1.35,INSUFFICIENT_DATA,0.0,0.03210634336904646,4132.8125,18.04779815673828,-31.44985580444336,0.9960237372867039,0.003517538346681527,0.00022971772097526958,4.406675586630004e-05,4.542065684291514e-05,9.537007480427272e-06,6.836506583683309e-06,5.266188887650693e-06
oppo-k3+p03_1_3+300cm,oppo-k3,p03,300cm,16000,1.315,INSUFFICIENT_DATA,0.0,0.014524801218442006,6015.625,8.389717102050781,-34.610347747802734,0.9953334919147203,0.004070035455344171,7.2859580409511e-05,4.3672790723181684e-06,3.0846110161670106e-06,3.0555473074132678e-06,3.2115630359760028e-06,2.413028150548113e-06
oppo-k3+p03_1_3+30cm,oppo-k3,p03,30cm,16000,1.35,INSUFFICIENT_DATA,0.0,0.055616488631598945,5000.0,29.172561645507812,-27.011281967163086,0.9922023000043942,0.004725144830075733,0.00027185517470494755,0.0002821483120288641,0.0010734333915453185,6.42837372659058e-05,1.0486225711592487e-05,8.955461800657156e-06
oppo-k3+p03_1_4+100cm,oppo-k3,p03,100cm,16000,1.473,INSUFFICIENT_DATA,0.0,0.06788691630327075,4132.8125,19.426063537597656,-31.69623565673828,0.9984278340706354,0.001433192926527632,2.86904109297871e-05,3.208243477718546e-05,3.396024949458243e-05,1.1596599703559805e-05,5.8894865602243685e-06,6.354835837882947e-06
oppo-k3+p03_1_4+10cm,oppo-k3,p03,10cm,16000,1.473,INSUFFICIENT_DATA,0.0,0.019781909444860583,5000.0,29.993942260742188,-30.173526763916016,0.9908773521851375,0.004099792696377359,0.00022316890019213602,0.0007578216664002717,0.001639772081032322,0.00015724130835386213,4.529194277962727e-05,8.83843660617649e-05
oppo-k3+p03_1_4+150cm,oppo-k3,p03,150cm,16000,1.385,INSUFFICIENT_DATA,0.0,0.03640779850225747,4273.4375,18.21575927734375,-26.361391067504883,0.9974489240614729,0.0023472645528277497,4.128970345279479e-05,4.790267356157549e-05,5.9464219200996864e-05,1.1545808797049718e-05,5.558964182007256e-06,8.51723076386146e-06
oppo-k3+p03_1_4+300cm,oppo-k3,p03,300cm,16000,1.473,INSUFFICIENT_DATA,0.0,0.019298566569817207,5945.3125,9.519805908203125,-33.81045913696289,0.9987421960329113,0.0011890769283852078,2.9804436661448358e-05,6.3450944469761555e-06,3.509261897161747e-06,4.050133210860949e-06,4.223323917731123e-06,2.2653713167415033e-06
oppo-k3+p03_1_4+60cm,oppo-k3,p03,60cm,16000,1.298,INSUFFICIENT_DATA,0.0,0.020330294545503703,4132.8125,24.426589965820312,-23.206829071044922,0.9958054630096298,0.0034082844480169314,0.00016360549145195928,0.000134034181112392,0.0002666125678364652,2.3958783647574132e-05,1.0648072258377733e-05,1.5127909707531065e-05
oppo-k3+p03_1_5+100cm,oppo-k3,p03,100cm,16000,1.233,INSUFFICIENT_DATA,0.0,0.26197689172294464,6015.625,7.589447021484375,-39.90421676635742,0.9993284716444536,0.0005525849492877655,3.177106067873821e-05,1.7479335318502463e-05,1.451082810737212e-05,1.4924244758177033e-05,1.6192282926897666e-05,1.1856998947053038e-05
oppo-k3+p03_1_5+10cm,oppo-k3,p03,10cm,16000,1.368,INSUFFICIENT_DATA,0.0,0.030344971862996402,5000.0,35.167930603027344,-32.101776123046875,0.9816399697902183,0.00433764679240111,0.00028194859604560476,0.0015370650271826815,0.004755808986673324,0.00041446498435308566,7.429732479313509e-05,0.0001755511204325271
oppo-k3+p03_1_5+200cm,oppo-k3,p03,200cm,16000,1.35,INSUFFICIENT_DATA,0.0,0.06263542232059972,4109.375,12.742500305175781,-32.149330139160156,0.9800446065194174,0.019218720119858757,0.00017094487717209114,3.075530956179274e-05,3.3661839301670185e-05,2.6047875664716268e-05,1.3015411785389993e-05,6.784807008896902e-06
oppo-k3+p03_2_1+10cm,oppo-k3,p03,10cm,16000,1.4,INSUFFICIENT_DATA,0.0,0.0754342482785828,5000.0,40.862823486328125,-43.90354919433594,0.7366744914281622,0.06889813767763492,0.0022925206227984414,0.01569889671722899,0.06555481747335477,0.005897607429398548,0.0010410198799409407,0.0015969294734242254
oppo-k3+p03_2_1+150cm,oppo-k3,p03,150cm,16000,1.4,INSUFFICIENT_DATA,0.0,0.05310973076476354,4187.5,15.544517517089844,-32.02552032470703,0.9914386586067497,0.008193375154987512,0.00020258844312823776,2.448967478143734e-05,2.0540971279827474e-05,8.776050931578005e-06,4.2244441410005985e-06,3.4352787341329385e-06
oppo-k3+p03_2_1+60cm,oppo-k3,p03,60cm,16000,1.403,INSUFFICIENT_DATA,0.0,0.14028489056518179,5000.0,22.540321350097656,-27.6173038482666,0.9781230266536418,0.019344895517950163,0.0004875332899984717,0.0002506451730369026,0.0004169994915687314,7.500025197242084e-05,2.5191220399665315e-05,2.3885780057516217e-05
oppo-k3+p03_2_2+100cm,oppo-k3,p03,100cm,16000,1.666,INSUFFICIENT_DATA,0.0,0.09138721856511066,4117.1875,12.791984558105469,-31.226001739501953,0.9971967327382564,0.002452430331757168,0.00014504248954510865,4.13005899024575e-05,2.0971866703478967e-05,8.214730682158413e-06,5.692584686971721e-06,4.6073935431011e-06
oppo-k3+p03_2_2+10cm,oppo-k3,p03,10cm,16000,1.438,INSUFFICIENT_DATA,0.0,0.014024818897889525,5000.0,29.841064453125,-36.74600601196289,0.9775438134786419,0.005729329139104031,0.0006244292570009444,0.001983862199460472,0.005559676569946952,0.0004907169365403505,0.00012512072309713406,0.0002664267853176196
oppo-k3+p03_2_2+150cm,oppo-k3,p03,150cm,16000,1.666,INSUFFICIENT_DATA,0.0,0.06462879372513737,4398.4375,14.846115112304688,-29.098308563232422,0.9954467745214608,0.004062315272170168,0.00016999712374935746,5.4368240249975796e-05,6.287846489046102e-05,1.721048146332283e-05,9.030716215080612e-06,9.911725735159982e-06
oppo-k3+p03_2_2+200cm,oppo-k3,p03,200cm,16000,1.666,INSUFFICIENT_DATA,0.0,0.06018178381547589,4132.8125,14.002723693847656,-29.9521541595459,0.9961105234344091,0.0034788861275096153,0.00016010196151357807,3.6983374580761796e-05,3.481397796454147e-05,9.893256502140154e-06,6.253438026568214e-06,5.373946792337892e-06
oppo-k3+p03_2_2+300cm,oppo-k3,p03,300cm,16000,1.438,INSUFFICIENT_DATA,0.0,0.03741299356855205,6007.8125,8.098564147949219,-36.2599983215332,0.9961520085000294,0.0034489438810427616,0.00010210964593818286,8.694211924884585e-06,5.846581720230198e-06,4.8584648509700496e-06,5.085173086448489e-06,3.321393187320656e-06
oppo-k3+p03_2_2+60cm,oppo-k3,p03,60cm,16000,1.666,INSUFFICIENT_DATA,0.0,0.047359267514576274,5000.0,21.530845642089844,-24.050479888916016,0.9930266110990139,0.005649836354957255,0.0003321468232510645,0.00015562958910121414,0.0002888035970834444,3.407743815058687e-05,1.4701422979482811e-05,1.4501999006423283e-05
oppo-k3+p03_2_3+10cm,oppo-k3,p03,10cm,16000,1.298,INSUFFICIENT_DATA,0.0,0.03100706311007741,5000.0,38.341590881347656,-33.68887710571289,0.97347264591369,0.00847544334499318,0.00032793001297569846,0.0016520159439639798,0.006049312791516071,0.0005398983100031853,9.238591639540004e-05,0.00014596247267492505
oppo-k3+p03_2_3+200cm,oppo-k3,p03,200cm,16000,1.403,INSUFFICIENT_DATA,0.0,0.08644807344473672,7210.9375,8.6964111328125,-32.40981674194336,0.9844127125918881,0.014006803665137199,0.00017470297361331247,3.969318084458756e-05,1.616534923975331e-05,8.737294047849878e-06,6.489069827646701e-06,4.540287453555493e-06
oppo-k3+p03_2_3+300cm,oppo-k3,p03,300cm,16000,1.298,INSUFFICIENT_DATA,0.0,0.04395754073661836,6007.8125,9.297538757324219,-37.184391021728516,0.9811342639998761,0.01668373763556093,0.00013327493395547398,2.0143179319823306e-05,5.853245035395158e-06,6.104469243423115e-06,6.450454441151803e-06,4.2784335511095856e-06
oppo-k3+p03_2_3+30cm,oppo-k3,p03,30cm,16000,1.298,INSUFFICIENT_DATA,0.0,0.1341332670174613,5000.0,34.722900390625,-35.135108947753906,0.9614457675510931,0.01875300255276799,0.0012675969645779502,0.0016386210208659735,0.007895797311864237,0.00048334741811906863,5.0194269057289246e-05,4.1403325747451836e-05
oppo-k3+p03_2_3+60cm,oppo-k3,p03,60cm,16000,1.403,INSUFFICIENT_DATA,0.0,0.14079267584101782,5000.0,21.761276245117188,-27.2471923828125,0.9882692607275829,0.009501496892282064,0.0005235036993103821,0.000237606574704733,0.00044346875086982956,6.222500920285456e-05,2.4233200426988723e-05,2.6172149695270824e-05
oppo-k3+p03_2_4+100cm,oppo-k3,p03,100cm,16000,1.298,INSUFFICIENT_DATA,0.0,0.1344842338280838,6484.375,10.153083801269531,-38.42106246948242,0.9997565536018292,0.00014719141888236615,3.178039722761594e-05,1.8037113009641863e-05,1.039576015988253e-05,9.62754110757866e-06,1.0414572948684301e-05,6.771002837495644e-06
oppo-k3+p03_2_4+10cm,oppo-k3,p03,10cm,16000,1.298,INSUFFICIENT_DATA,0.0,0.01674544056474796,5000.0,33.15856170654297,-37.434165954589844,0.9680516596933532,0.0064717620217051115,0.0006082477060310897,0.002634608565361867,0.008764980574843012,0.0009377411201856201,0.0002688217325654485,0.0003061697542306589
oppo-k3+p03_2_4+150cm,oppo-k3,p03,150cm,16000,1.298,INSUFFICIENT_DATA,0.0,0.11559380792927607,4132.8125,17.87360382080078,-29.472501754760742,0.9962693087115254,0.0034215176348245547,8.47391501587417e-05,3.9051034723211756e-05,3.959890421883778e-05,1.0133230367695307e-05,5.860667605906176e-06,4.767450770291069e-06
oppo-k3+p03_2_4+200cm,oppo-k3,p03,200cm,16000,1.701,INSUFFICIENT_DATA,0.0,0.0923730050028515,7609.375,10.685462951660156,-32.15951156616211,0.9973303246727016,0.002424402294524552,7.617735665399497e-05,1.9677146665440184e-05,1.4302777926297169e-05,6.031815351984247e-06,4.129295775709453e-06,4.94986933119315e-06
oppo-k3+p03_2_4+300cm,oppo-k3,p03,300cm,16000,1.561,INSUFFICIENT_DATA,0.0,0.041826136618678574,4156.25,11.367782592773438,-37.18003463745117,0.9963663377678705,0.0032637109693828886,8.233680056399366e-05,1.1520857463499313e-05,1.0307587539388896e-05,7.155612414902674e-06,6.671065396791723e-06,4.406188397952e-06
oppo-k3+p03_2_4+30cm,oppo-k3,p03,30cm,16000,1.298,INSUFFICIENT_DATA,0.0,0.07411288563366347,5000.0,30.18273162841797,-32.532745361328125,0.9775179811062878,0.013799420881103551,0.0005472849247969718,0.000873477947853239,0.0035632309153205526,0.00019680449776752283,3.07283897514823e-05,2.9811183515569785e-05
oppo-k3+p03_2_4+60cm,oppo-k3,p03,60cm,16000,1.298,INSUFFICIENT_DATA,0.0,0.06748538417037024,5000.0,23.819847106933594,-26.765247344970703,0.9933419944908474,0.005567979617389078,0.00017455151731297648,0.00017565433716052568,0.00033334250073139714,3.903022334359615e-05,1.5646254822484252e-05,1.6085528515797857e-05
oppo-k3+p03_2_5+100cm,oppo-k3,p03,100cm,16000,1.228,INSUFFICIENT_DATA,0.0,0.2954707505676565,5031.25,11.233428955078125,-35.585514068603516,0.9978931017608769,0.0018264562694641619,0.00012218534837519983,3.1893239195963507e-05,4.84660408149706e-05,2.183401896855686e-05,1.3097849589167916e-05,1.4137228489062374e-05
oppo-k3+p03_2_5+10cm,oppo-k3,p03,10cm,16000,1.07,INSUFFICIENT_DATA,0.0,0.09753188922125171,5000.0,43.196495056152344,-33.6783561706543,0.7378598624642572,0.059997374478913214,0.0020372301294441834,0.01595477685894875,0.06864128197339762,0.005809221894172268,0.0008566750314324209,0.0013173930694097425
oppo-k3+p03_2_5+200cm,oppo-k3,p03,200cm,16000,1.07,INSUFFICIENT_DATA,0.0,0.053502288352989195,4882.8125,14.053535461425781,-30.600605010986328,0.9808731543730594,0.018142516624360845,0.00011025986951861129,3.298372265770744e-05,3.901269370893348e-05,2.32707496381077e-05,1.1787034004148473e-05,6.929350646797486e-06
oppo-k3+p03_2_5+300cm,oppo-k3,p03,300cm,16000,1.245,INSUFFICIENT_DATA,0.0,0.026682497187943046,4164.0625,8.796592712402344,-34.8453369140625,0.9871108973657955,0.012338873621024947,0.00011458733195115002,1.0154571156557274e-05,3.4620796481382224e-06,3.298399242033567e-06,3.6574552292023873e-06,2.470533709299815e-06
oppo-k3+p03_2_5+30cm,oppo-k3,p03,30cm,16000,1.228,INSUFFICIENT_DATA,0.0,0.04863710504336924,5000.0,34.36835479736328,-31.064111709594727,0.9800728344343759,0.012850598203555387,0.00036762225885910224,0.0006923759360764717,0.0029938625676550973,0.0001614506933122173,2.2526590282958164e-05,1.6869929839084883e-05
oppo-k3+p03_2_5+60cm,oppo-k3,p03,60cm,16000,1.245,INSUFFICIENT_DATA,0.0,0.0639944927696138,5000.0,23.58330535888672,-24.175846099853516,0.9927279610554224,0.0059459299221924404,0.00017267863696745253,0.0001478634267141194,0.0003288753019038447,3.1018552761082715e-05,1.1534110952068435e-05,1.5065985900605262e-05
oppo-k3+p03_3_1+100cm,oppo-k3,p03,100cm,16000,1.438,INSUFFICIENT_DATA,0.0,0.08423029877140827,4117.1875,18.11078643798828,-34.86279296875,0.9993205266485509,0.0004908920389169139,2.9506727452492827e-05,5.201679527977683e-05,5.88942889098865e-05,1.5910566969367385e-05,8.716494992883612e-06,8.664484481948565e-06
oppo-k3+p03_3_1+200cm,oppo-k3,p03,200cm,16000,1.344,INSUFFICIENT_DATA,0.0,0.07073175041690845,4132.8125,13.692169189453125,-29.813087463378906,0.9954370291279562,0.004232573075033051,6.798599208571457e-05,4.091060548971766e-05,3.624615628038572e-05,1.497155311610598e-05,5.445324012788128e-06,4.499411716761947e-06
oppo-k3+p03_3_1+30cm,oppo-k3,p03,30cm,16000,1.438,INSUFFICIENT_DATA,0.0,0.0669277533142462,5000.0,25.90619659423828,-28.29037094116211,0.9873360445492276,0.008777857247234191,0.0006079756868416833,0.00036468793579568805,0.0012825057979878856,8.262109650072352e-05,1.640008255039554e-05,1.104308301488708e-05
oppo-k3+p03_3_1+60cm,oppo-k3,p03,60cm,16000,1.344,INSUFFICIENT_DATA,0.0,0.051473167322522356,5000.0,19.93958282470703,-23.954055786132812,0.9944782355189554,0.004481241020857397,0.00017533230516289582,0.0001245816603032809,0.00026214307764164463,2.450400466024011e-05,1.0945770415550983e-05,1.4428786471311363e-05
oppo-k3+p03_3_2+10cm,oppo-k3,p03,10cm,16000,1.385,INSUFFICIENT_DATA,0.0,0.007129146515862696,5000.0,32.81201934814453,-32.389305114746094,0.985658563919921,0.008538159714581118,0.00020934725108065,0.0008108019560671222,0.0018884382776082585,0.00020961804233647838,6.944228062933287e-05,0.00011948573613452436
oppo-k3+p03_3_2+200cm,oppo-k3,p03,200cm,16000,1.385,INSUFFICIENT_DATA,0.0,0.05062035988019811,4117.1875,14.066566467285156,-29.518091201782227,0.9962026370679181,0.003371176029300527,4.63920533641984e-05,5.471639050773726e-05,6.247332585378509e-05,1.955707839422089e-05,8.556914447042181e-06,9.055495759360275e-06
oppo-k3+p03_3_2+300cm,oppo-k3,p03,300cm,16000,1.385,INSUFFICIENT_DATA,0.0,0.018236584662608146,4195.3125,9.201095581054688,-35.14991760253906,0.9954573669704416,0.00429023104478887,3.853331186160762e-05,5.877741296888886e-06,4.47206430046604e-06,3.8725594930842115e-06,3.986341530855123e-06,2.7138301441397725e-06
oppo-k3+p03_3_2+30cm,oppo-k3,p03,30cm,16000,1.455,INSUFFICIENT_DATA,0.0,0.03597632779027126,5000.0,22.169471740722656,-25.67621612548828,0.9795315756776042,0.017073841633108804,0.0010023612529363598,0.0003326177572324471,0.0008017857041654576,6.671805693473088e-05,2.323474478423626e-05,1.0880123446820583e-05
oppo-k3+p03_3_2+60cm,oppo-k3,p03,60cm,16000,1.35,INSUFFICIENT_DATA,0.0,0.030566516106642617,5000.0,17.86688232421875,-23.64259910583496,0.9920317481979467,0.00670003775830501,0.00028610425278396517,0.0001323270402553108,0.0002583436632412652,3.567938423888544e-05,1.4320438083041872e-05,1.2684138787560492e-05
oppo-k3+p03_3_3+100cm,oppo-k3,p03,100cm,16000,1.175,INSUFFICIENT_DATA,0.0,0.8662609965361616,5554.6875,7.053794860839844,-40.66877365112305,0.9981822525907936,0.0010168370928118078,0.00024000071381472308,0.00011390901894410907,9.881424427516919e-05,0.00010908830567361414,0.00011073989854534648,8.438153115716124e-05
oppo-k3+p03_3_3+10cm,oppo-k3,p03,10cm,16000,1.175,INSUFFICIENT_DATA,0.0,0.052591242940366274,5000.0,43.386741638183594,-39.442771911621094,0.6097363120929966,0.09181812755728819,0.003350800355732434,0.023434514892105514,0.10061511083425242,0.008565192987521106,0.0012322248259430746,0.001690548786345055
oppo-k3+p03_3_3+200cm,oppo-k3,p03,200cm,16000,1.077,INSUFFICIENT_DATA,0.0,0.04923553576664711,4125.0,16.41645050048828,-32.25722122192383,0.994205008582692,0.0055066559543526655,7.934067492486823e-05,3.424954189821849e-05,3.730358429440723e-05,1.2378753352528291e-05,6.342807625699082e-06,6.228963009398539e-06
oppo-k3+p03_3_3+300cm,oppo-k3,p03,300cm,16000,1.175,INSUFFICIENT_DATA,0.0,0.03281106168511828,6164.0625,7.5619049072265625,-38.07828140258789,0.9940793544836959,0.005546462770528831,0.00012692659995757673,1.3853428066751131e-05,8.163140859670097e-06,6.448916746878879e-06,7.164393157920953e-06,4.793812095345093e-06
oppo-k3+p03_3_3+30cm,oppo-k3,p03,30cm,16000,1.245,INSUFFICIENT_DATA,0.0,0.2786705165163023,5000.0,45.42042541503906,-43.35995101928711,0.8202871748764102,0.010615877114759049,0.0006489473574890972,0.013888354905587296,0.07526617011447402,0.003942899023882514,0.0002548489665553373,0.00028391901148484784
oppo-k3+p03_3_4+100cm,oppo-k3,p03,100cm,16000,1.105,INSUFFICIENT_DATA,0.0,0.4528629341878938,4242.1875,8.555191040039062,-35.46608352661133,0.9910461659299981,0.007548236481857893,0.0008735025431536082,0.00011013825951946115,4.285982749074362e-05,2.8406626315700948e-05,2.8144452789405267e-05,1.9505106980162488e-05
oppo-k3+p03_3_4+10cm,oppo-k3,p03,10cm,16000,0.929,INSUFFICIENT_DATA,0.0,0.10413624708723634,5000.0,44.86164093017578,-42.472232818603516,0.17607365982074266,0.19058662639238141,0.006239173242008012,0.04901539198424412,0.2138414525650706,0.01816751271316889,0.0026495718697307404,0.0034612988118441104
oppo-k3+p03_3_4+150cm,oppo-k3,p03,150cm,16000,1.105,INSUFFICIENT_DATA,0.0,0.09763935041487704,4125.0,17.703689575195312,-29.495365142822266,0.9894885134256334,0.009574109272810341,0.00020548723192383907,0.00010471195984161233,0.00012580086693670693,3.5020780569245484e-05,1.737507589708227e-05,1.6551572662314847e-05
oppo-k3+p03_3_4+200cm,oppo-k3,p03,200cm,16000,1.105,INSUFFICIENT_DATA,0.0,0.031426038353660826,4367.1875,16.70574188232422,-31.85804557800293,0.9859175124896883,0.013328686547962423,0.0001866343467060189,8.808272047705336e-05,7.759567328068032e-05,2.0296014468266768e-05,1.7820160547947572e-05,1.3127611922942928e-05
oppo-k3+p03_3_4+300cm,oppo-k3,p03,300cm,16000,1.105,INSUFFICIENT_DATA,0.0,0.019424357613365098,6007.8125,8.204681396484375,-36.90614700317383,0.9872432555973083,0.012143730160051039,0.00012627826132444083,1.4704970851308892e-05,5.373116017376232e-06,4.843751034389902e-06,5.298828056800142e-06,3.7771341459314e-06
oppo-k3+p03_3_4+30cm,oppo-k3,p03,30cm,16000,1.105,INSUFFICIENT_DATA,0.0,0.16968455654146358,5000.0,43.78788757324219,-36.27476119995117,0.8988660138480891,0.014605221877783169,0.0004121353261219625,0.007026204516243866,0.037932936559635456,0.0019529448071329493,0.00013141978567776546,0.00013351671774444816
oppo-k3+p03_3_4+60cm,oppo-k3,p03,60cm,16000,0.929,INSUFFICIENT_DATA,0.0,0.2174890659455811,5000.0,38.53913116455078,-33.020347595214844,0.9864562565945814,0.0032482767936014684,0.00018849345994927978,0.0010745942836869573,0.004009588428982037,0.00043582197944995953,7.845344279576197e-05,6.667893716978599e-05
oppo-k3+p03_3_5+10cm,oppo-k3,p03,10cm,16000,1.315,INSUFFICIENT_DATA,0.0,0.003565999844644835,5000.0,32.28473663330078,-31.941238403320312,0.985403358552548,0.005914998894560251,0.00038819242693000956,0.0013294535414221842,0.002824444215265153,0.00027009457247808113,9.558633173928561e-05,0.00017177177025060208
oppo-k3+p03_3_5+150cm,oppo-k3,p03,150cm,16000,1.315,INSUFFICIENT_DATA,0.0,0.056337377654648545,4109.375,13.219520568847656,-28.884593963623047,0.9914184148463678,0.008014581000876608,0.00020250900808965535,6.0521819171254116e-05,4.7947356755903214e-05,2.092585088705306e-05,9.965798301741427e-06,6.576761764713644e-06
oppo-k3+p03_3_5+200cm,oppo-k3,p03,200cm,16000,1.298,INSUFFICIENT_DATA,0.0,0.03037261273329059,4695.3125,13.418998718261719,-30.445100784301758,0.9810749234011782,0.017979579641042985,0.00011327695943218427,2.426777301963813e-05,2.2334511526674127e-05,1.5362342296874902e-05,9.969636801521037e-06,6.910462059319119e-06
oppo-k3+p03_3_5+30cm,oppo-k3,p03,30cm,16000,1.508,INSUFFICIENT_DATA,0.0,0.009426531637120626,5000.0,27.25946807861328,-25.87960433959961,0.9834974777524194,0.010325906119995412,0.0006197709010474765,0.00025561898138596993,0.0007987589293664926,6.089604078826563e-05,1.5391002631071283e-05,8.725991610009028e-06
oppo-k3+p03_4_1+10cm,oppo-k3,p03,10cm,16000,1.4,INSUFFICIENT_DATA,0.0,0.08454856727454746,5000.0,40.07452392578125,-43.838104248046875,0.7513483437493984,0.06678474923529855,0.0023234926517061607,0.014936120225114088,0.061917270898064355,0.005289865703413085,0.000897823800316249,0.0011391033120997935
oppo-k3+p03_4_1+150cm,oppo-k3,p03,150cm,16000,1.403,INSUFFICIENT_DATA,0.0,0.12744197401177015,4164.0625,17.926856994628906,-29.091289520263672,0.9948155025141383,0.004646941771278271,0.00028263449594488567,6.102620344361535e-05,5.667490826072554e-05,1.1400707244573963e-05,7.391390166056611e-06,7.344046054209103e-06
oppo-k3+p03_4_1+200cm,oppo-k3,p03,200cm,16000,1.4,INSUFFICIENT_DATA,0.0,0.10569285950470335,6015.625,8.864463806152344,-34.312721252441406,0.9812629682049268,0.018292540503303943,0.0001374611533949651,2.0664380097329304e-05,9.727876968308968e-06,7.275059372602549e-06,6.207603044355751e-06,3.99737719023509e-06
oppo-k3+p03_4_1+300cm,oppo-k3,p03,300cm,16000,1.387,INSUFFICIENT_DATA,0.0,0.038725007526049814,6015.625,7.033966064453125,-37.159698486328125,0.9955435006026645,0.0040722595738423295,0.00013919919285721791,1.785862259201511e-05,6.008836264004676e-06,5.335771180377133e-06,5.791272089155362e-06,4.0748725089031645e-06
oppo-k3+p03_4_1+30cm,oppo-k3,p03,30cm,16000,1.387,INSUFFICIENT_DATA,0.0,0.10545889578123928,5000.0,29.257896423339844,-31.367366790771484,0.9785118544648403,0.013791702718115353,0.0009931589187978877,0.0007282619943945253,0.0028514529493535888,0.00017622757961773176,2.4838831139619234e-05,1.9127866847614863e-05
oppo-k3+p03_4_2+100cm,oppo-k3,p03,100cm,16000,1.368,INSUFFICIENT_DATA,0.0,0.1861858186952897,6179.6875,7.2708587646484375,-35.164222717285156,0.9989458848114575,0.0005791334056208178,0.00039149803292273837,2.066068255843253e-05,9.779326112525102e-06,9.21427164853642e-06,1.0193122615823398e-05,7.6247185620465735e-06
oppo-k3+p03_4_2+10cm,oppo-k3,p03,10cm,16000,1.333,INSUFFICIENT_DATA,0.0,0.04185162130500749,5000.0,34.626731872558594,-38.1358642578125,0.9444405478144394,0.018633389504870985,0.0023625405271698137,0.0034986634676651297,0.012010617788853413,0.001074917203707834,0.00023006064396216303,0.00036820333147249545
oppo-k3+p03_4_2+200cm,oppo-k3,p03,200cm,16000,1.253,INSUFFICIENT_DATA,0.0,0.07090501413849812,4117.1875,15.572067260742188,-32.462825775146484,0.9977604516684682,0.0015935723699963492,0.0004529990750218768,6.100888185148836e-05,5.123170942625714e-05,1.1323847183307713e-05,9.146043884560165e-06,6.062748948084485e-06
oppo-k3+p03_4_2+300cm,oppo-k3,p03,300cm,16000,1.368,INSUFFICIENT_DATA,0.0,0.034227254524808993,6007.8125,8.011528015136719,-36.78407287597656,0.9985122638761308,0.0009702926868996352,0.00043316575880658696,1.0921372227166778e-05,5.363442615929669e-06,5.797272671642236e-06,5.9381274796255146e-06,4.090027895636591e-06
oppo-k3+p03_4_2+60cm,oppo-k3,p03,60cm,16000,1.253,INSUFFICIENT_DATA,0.0,0.09954448972307842,5000.0,29.945037841796875,-28.504610061645508,0.996996209543382,0.0018419194012584865,0.00013984281356209299,0.00019534757933991728,0.0004175369132194045,3.872300328056345e-05,1.468486536843605e-05,2.3351194315227443e-05
oppo-k3+p03_4_3+150cm,oppo-k3,p03,150cm,16000,1.228,INSUFFICIENT_DATA,0.0,0.1436815604494859,4140.625,14.438690185546875,-30.174409866333008,0.9882648335806877,0.010905303793241446,0.00013117337024895422,4.166157970574321e-05,4.129714124884091e-05,1.8390037506485414e-05,8.033863576438696e-06,6.99094076226063e-06
oppo-k3+p03_4_3+200cm,oppo-k3,p03,200cm,16000,0.982,INSUFFICIENT_DATA,0.0,0.08173544372106828,4140.625,17.078330993652344,-31.157581329345703,0.9935906495208537,0.005931233954700367,8.232725105122538e-05,4.6366021334462744e-05,5.422838283298544e-05,1.6165641330888022e-05,7.1627663970373874e-06,8.81211136823351e-06
oppo-k3+p03_4_3+60cm,oppo-k3,p03,60cm,16000,0.982,INSUFFICIENT_DATA,0.0,0.09854758212746026,5000.0,31.20703125,-30.304405212402344,0.9817672729090607,0.014913872157108262,0.000555319896352631,0.000253514171116106,0.000622380802607514,9.276416818336662e-05,2.935986215957911e-05,2.5926089646898034e-05
oppo-k3+p03_4_4+100cm,oppo-k3,p03,100cm,16000,1.228,INSUFFICIENT_DATA,0.0,0.2263376265014955,4453.125,17.27031707763672,-33.01921081542969,0.997349346519825,0.0019592519120744103,0.0005304485117849995,3.7430205787361536e-05,4.139395250625254e-05,1.9976264036003774e-05,1.1875066051622697e-05,9.750476950075866e-06
oppo-k3+p03_4_4+150cm,oppo-k3,p03,150cm,16000,1.245,INSUFFICIENT_DATA,0.0,0.08065834436189437,4125.0,17.18212127685547,-28.007488250732422,0.9866307886186874,0.012511584586988945,0.00019105838625653208,6.784027972353501e-05,6.848759675636276e-05,2.564617959927715e-05,1.2295450490564892e-05,9.33130153955071e-06
oppo-k3+p03_4_4+300cm,oppo-k3,p03,300cm,16000,1.07,INSUFFICIENT_DATA,0.0,0.026957860307700966,6015.625,7.041481018066406,-34.73837661743164,0.9862872499318733,0.012990155967922272,7.982856464774547e-05,8.176622021827272e-06,3.0848656814246378e-06,3.147830477993058e-06,3.2693195273238524e-06,2.251168297785837e-06
oppo-k3+p03_4_4+30cm,oppo-k3,p03,30cm,16000,1.07,INSUFFICIENT_DATA,0.0,0.11631196123654104,5000.0,32.78326416015625,-31.173797607421875,0.9865917371525956,0.007478326418941559,0.00032524320567072136,0.0005421460619868376,0.0022974615707998325,0.0001292443566828831,1.8607941041262696e-05,1.1919858814511928e-05
oppo-k3+p03_4_4+60cm,oppo-k3,p03,60cm,16000,1.245,INSUFFICIENT_DATA,0.0,0.0644506771428401,5000.0,26.02001953125,-24.10383415222168,0.992866187073569,0.005831943613684,0.00017899062223835139,0.00014919142673002636,0.0003196815602465634,3.154264732064361e-05,1.0593526037370093e-05,1.5965799725455675e-05
oppo-k3+p03_4_5+100cm,oppo-k3,p03,100cm,16000,1.183,INSUFFICIENT_DATA,0.0,0.158007461872795,4156.25,20.925086975097656,-31.29309844970703,0.9966588485162099,0.0023504434417066017,0.0007736860226848176,3.7010270222555506e-05,4.537377323770867e-05,1.2221867392729622e-05,7.3078770965326786e-06,6.69148159480757e-06
oppo-k3+p03_4_5+10cm,oppo-k3,p03,10cm,16000,1.28,INSUFFICIENT_DATA,0.0,0.14792494221996969,5000.0,32.29828643798828,-31.10250473022461,0.9452707509393777,0.015415855983255587,0.0010284601329282829,0.0034215339700373647,0.01311444268239413,0.0013944055586073685,0.0005052412240114121,0.00048481814609753
oppo-k3+p03_4_5+300cm,oppo-k3,p03,300cm,16000,1.183,INSUFFICIENT_DATA,0.0,0.016925538639711808,6156.25,8.0279541015625,-33.89228820800781,0.9956479558731588,0.0037885721126489835,0.00028072337352581225,6.81801114952277e-06,3.7146560993090843e-06,2.7301800548647164e-06,2.9384313920745796e-06,1.936057391916308e-06
oppo-k3+p03_4_5+30cm,oppo-k3,p03,30cm,16000,1.175,INSUFFICIENT_DATA,0.0,0.07971952217098391,5000.0,30.29053497314453,-29.90452766418457,0.9629443569779323,0.030036241783543426,0.0007962173636099924,0.000503395319862735,0.0018666939933769983,0.00012980386477707206,2.6174263518599462e-05,1.6613924145671414e-05
oppo-k3+p03_4_5+60cm,oppo-k3,p03,60cm,16000,1.183,INSUFFICIENT_DATA,0.0,0.03493917908179708,5000.0,23.262527465820312,-24.39763832092285,0.9842403045035419,0.014090795825236249,0.000405093320270479,0.000145769862812386,0.0003012252357432455,4.698676907969173e-05,1.58289290690327e-05,1.4659906250228278e-05
oppo-k3+p03_5_1+100cm,oppo-k3,p03,100cm,16000,1.911,INSUFFICIENT_DATA,0.0,0.04919949728074267,4554.6875,15.708030700683594,-31.125638961791992,0.9949896816981695,0.004500903577104675,0.0002902223543818989,4.6924845593545576e-05,4.8184335971788684e-05,2.050987221695e-05,8.795782004692175e-06,7.445560287308264e-06
oppo-k3+p03_5_1+10cm,oppo-k3,p03,10cm,16000,1.911,INSUFFICIENT_DATA,0.0,0.01909115227099807,5000.0,25.88457489013672,-29.13226890563965,0.9791738529390739,0.015008676176311377,0.0015529306094626094,0.0008409072576103715,0.001359351091797316,0.00020571117572476847,8.96909429426921e-05,0.00010452830019640009
oppo-k3+p03_5_1+30cm,oppo-k3,p03,30cm,16000,1.754,INSUFFICIENT_DATA,0.0,0.03924592100365472,5000.0,23.51593017578125,-26.662708282470703,0.983228077508362,0.01363933527347708,0.0008220719436913944,0.00032679263924903664,0.0009189215233513533,6.859240457562068e-05,1.9325815827095362e-05,1.121908526112535e-05
oppo-k3+p03_5_2+100cm,oppo-k3,p03,100cm,16000,1.596,INSUFFICIENT_DATA,0.0,0.07852475829816996,4445.3125,10.533348083496094,-32.51210021972656,0.9957170992534733,0.0029935829081749114,0.0008996498230535734,5.099567743967188e-05,2.8190468549668644e-05,1.0412907732737664e-05,6.420894173278076e-06,5.476244689751665e-06
oppo-k3+p03_5_2+10cm,oppo-k3,p03,10cm,16000,1.613,INSUFFICIENT_DATA,0.0,0.0291106883568013,5000.0,31.273468017578125,-31.85661506652832,0.969583416869524,0.011780703034718744,0.0012039186045710425,0.0021691627903608875,0.00602105049830835,0.0005862968876025188,0.0001639434294475615,0.00027450666340168845
oppo-k3+p03_5_2+200cm,oppo-k3,p03,200cm,16000,1.613,INSUFFICIENT_DATA,0.0,0.023950053616082666,4523.4375,20.39722442626953,-29.258312225341797,0.9874806370688934,0.012145287041152258,0.00012087796820923939,6.405825801212447e-05,6.552185570210656e-05,1.4755206099809848e-05,8.477023577741547e-06,9.3294153812682e-06
oppo-k3+p03_5_2+30cm,oppo-k3,p03,30cm,16000,1.596,INSUFFICIENT_DATA,0.0,0.04088840527895322,5000.0,25.48741912841797,-30.397111892700195,0.9725484385030131,0.019224279462049694,0.002461036239014313,0.0007700892289826389,0.0020489256123874043,0.00015405167378888107,4.321425439915186e-05,2.314917263656212e-05
oppo-k3+p03_5_3+100cm,oppo-k3,p03,100cm,16000,1.526,INSUFFICIENT_DATA,0.0,0.08633730969014715,6187.5,6.109283447265625,-36.91319274902344,0.9978815449878131,0.0017613315087541893,0.000255525945654553,8.224023364918073e-06,5.546346636526986e-06,5.681821556091839e-06,5.931608045538322e-06,4.44738747670292e-06
oppo-k3+p03_5_3+10cm,oppo-k3,p03,10cm,16000,1.754,INSUFFICIENT_DATA,0.0,0.0069646515888561016,5000.0,25.695884704589844,-33.95421600341797,0.9512289596351952,0.0340771797063335,0.0019928380942823127,0.0019264756971425281,0.003494423413656207,0.0004421062603862236,0.00013307700610813632,0.0002150473106997476
oppo-k3+p03_5_3+150cm,oppo-k3,p03,150cm,16000,1.491,INSUFFICIENT_DATA,0.0,0.040961225465644256,4132.8125,18.604393005371094,-27.01749610900879,0.9949997981613584,0.004449226288943346,0.000249929902385465,6.284189177056937e-05,7.456375714912226e-05,2.039466049813269e-05,1.1008357774128676e-05,1.0536617757371796e-05
oppo-k3+p03_5_3+200cm,oppo-k3,p03,200cm,16000,1.491,INSUFFICIENT_DATA,0.0,0.015947238628390956,4265.625,15.913894653320312,-28.420146942138672,0.9960371047434521,0.0035334361877830014,0.00019957641232431478,4.080647913802291e-05,4.824375576836841e-05,1.6629541731570365e-05,8.502096845667856e-06,6.948352581719692e-06
oppo-k3+p03_5_3+300cm,oppo-k3,p03,300cm,16000,1.526,INSUFFICIENT_DATA,0.0,0.03633953057250457,4085.9375,8.877647399902344,-35.652740478515625,0.9943611072138792,0.005315274175802077,0.00022587342963545462,9.565434980962735e-06,6.692498033958256e-06,4.2312933820153054e-06,4.577030154096294e-06,3.1880320436777806e-06
oppo-k3+p03_5_3+30cm,oppo-k3,p03,30cm,16000,1.526,INSUFFICIENT_DATA,0.0,0.04666430066761247,5000.0,27.29700469970703,-31.038070678710938,0.9790628034105135,0.013457002623631401,0.0013659707370868633,0.0006886283429446583,0.0024182040433990515,0.0001607027454343694,3.921278325424547e-05,2.0604773608435627e-05
oppo-k3+p03_5_3+60cm,oppo-k3,p03,60cm,16000,1.526,INSUFFICIENT_DATA,0.0,0.04961595209030176,5000.0,20.905616760253906,-25.637428283691406,0.9899187375636579,0.008232384284487878,0.0006085302475274328,0.0002387186516608853,0.00036942923171580426,5.530386162706648e-05,2.6285576243681366e-05,2.313482021137086e-05
oppo-k3+p03_5_4+10cm,oppo-k3,p03,10cm,16000,1.42,INSUFFICIENT_DATA,0.0,0.0292793805687054,5000.0,35.27068328857422,-41.3478889465332,0.9217163701713431,0.024385575590283252,0.0018140844824544179,0.004943708998224897,0.017777487141658627,0.001640228513589587,0.00034169614418953683,0.0004725132535046082
oppo-k3+p03_5_4+200cm,oppo-k3,p03,200cm,16000,1.456,INSUFFICIENT_DATA,0.0,0.03957781144576812,5101.5625,24.94019317626953,-30.869815826416016,0.995124224239623,0.004454383720166757,8.702371075286185e-05,6.355088485549031e-05,6.717192038017829e-05,2.366600836694783e-05,1.14814809583684e-05,1.198332745434842e-05
oppo-k3+p03_6_1+100cm,oppo-k3,p03,100cm,16000,1.438,INSUFFICIENT_DATA,0.0,0.2096169287324712,6179.6875,6.2440185546875,-36.687198638916016,0.9896445058180623,0.009840081593083628,0.000101283398127295,3.282240214390183e-05,3.0515264025630072e-05,3.12015373671619e-05,3.08563051977243e-05,2.4882056266817215e-05
oppo-k3+p03_6_1+150cm,oppo-k3,p03,150cm,16000,1.508,INSUFFICIENT_DATA,0.0,0.06336062249228396,4640.625,18.88947296142578,-29.138879776000977,0.9945991423046836,0.004788934059045407,0.00030614418483446696,7.716153619316484e-05,8.863271236389327e-05,2.4314368243832747e-05,1.0949707717811092e-05,1.218937060138152e-05
oppo-k3+p03_6_1+200cm,oppo-k3,p03,200cm,16000,1.438,INSUFFICIENT_DATA,0.0,0.04300772146394328,4625.0,18.601890563964844,-30.24620246887207,0.9953778209063427,0.004122828392706846,0.0002170778408945448,6.031052939029811e-05,6.065957909684374e-05,2.026098256317533e-05,8.490185900994815e-06,6.932020081731438e-06
oppo-k3+p03_6_1+300cm,oppo-k3,p03,300cm,16000,1.42,INSUFFICIENT_DATA,0.0,0.019363418106206027,6015.625,10.312339782714844,-34.98672103881836,0.9965385814006043,0.0031378979759623506,0.0001672068033775873,6.336139202782093e-06,5.434315314368718e-06,3.6829955524076898e-06,3.9143349442437275e-06,2.6129552094209142e-06
oppo-k3+p03_6_1+60cm,oppo-k3,p03,60cm,16000,1.42,INSUFFICIENT_DATA,0.0,0.0562194419967333,5000.0,23.12720489501953,-27.341018676757812,0.9894408710264132,0.008449881333077286,0.0002731816810839532,0.00018237677737183725,0.00039758795395127065,4.4239720681707495e-05,1.7020386010999186e-05,2.0606163434313496e-05
oppo-k3+p03_6_2+100cm,oppo-k3,p03,100cm,16000,1.438,INSUFFICIENT_DATA,0.0,0.05192975888276845,4242.1875,7.477210998535156,-32.95570755004883,0.9973188573606289,0.002476664482199535,8.044366045119916e-05,2.3349075698387194e-05,2.054382829037586e-05,1.0523774050745118e-05,6.056272354179578e-06,4.746613537964451e-06
oppo-k3+p03_6_2+150cm,oppo-k3,p03,150cm,16000,1.438,INSUFFICIENT_DATA,0.0,0.03953918267502953,4125.0,17.09320831298828,-28.774917602539062,0.9958136920385083,0.003766399207755632,9.769995230790831e-05,5.5923549104241677e-05,6.782343050030028e-05,2.000572907405669e-05,9.916568589384415e-06,1.0376000508741253e-05
oppo-k3+p03_6_2+200cm,oppo-k3,p03,200cm,16000,1.263,INSUFFICIENT_DATA,0.0,0.02521547311296103,4125.0,16.183700561523438,-29.19918441772461,0.9957514981149227,0.00383519957384507,9.993023490117374e-05,6.905487521833194e-05,6.890024762209772e-05,1.8238652939252556e-05,7.679990368431909e-06,8.525759397817935e-06
oppo-k3+p03_6_2+300cm,oppo-k3,p03,300cm,16000,1.263,INSUFFICIENT_DATA,0.0,0.013987676629119048,6156.25,7.7932891845703125,-33.810035705566406,0.9971994415709445,0.002642746473282361,6.669720598415614e-05,3.91538126197654e-06,3.350973711572275e-06,2.4858366531604876e-06,2.639775308681775e-06,1.969593189006044e-06
oppo-k3+p03_6_3+100cm,oppo-k3,p03,100cm,16000,1.789,INSUFFICIENT_DATA,0.0,0.03857024620951055,4125.0,18.002288818359375,-32.25724792480469,0.9982257131582927,0.0014487199424001718,0.00015625743957548637,5.310329388582643e-05,6.220944115709435e-05,1.6954669209825596e-05,1.0936668658113086e-05,7.47920935780017e-06
oppo-k3+p03_6_3+200cm,oppo-k3,p03,200cm,16000,1.841,INSUFFICIENT_DATA,0.0,0.04063493347614629,4132.8125,16.75353240966797,-29.216718673706055,0.9974983644746191,0.0020749117763582438,0.0002252126563975579,5.4427180438085906e-05,5.594612152139021e-05,1.4022095237948482e-05,6.834388457670463e-06,6.68974152265126e-06
oppo-k3+p03_6_3+300cm,oppo-k3,p03,300cm,16000,1.841,INSUFFICIENT_DATA,0.0,0.009682559684663437,4109.375,11.4263916015625,-34.840911865234375,0.9982324572757635,0.0015021849335968406,0.00019749601834288016,8.245800495000205e-06,6.1701162695256916e-06,3.388230252953086e-06,3.5969486236709735e-06,2.519681230702471e-06
oppo-k3+p03_6_3+60cm,oppo-k3,p03,60cm,16000,1.841,INSUFFICIENT_DATA,0.0,0.022219159350908815,5000.0,18.46112060546875,-22.946462631225586,0.9937081874197647,0.005288041145135567,0.0002819396641913328,0.00014871315350216413,0.0002693881975955585,2.981441208553649e-05,1.3970866974662468e-05,1.4923766778852251e-05
oppo-k3+p03_6_4+100cm,oppo-k3,p03,100cm,16000,1.44,INSUFFICIENT_DATA,0.0,0.31363569915278633,6304.6875,6.442848205566406,-39.004432678222656,0.997661558427831,0.002103955695681675,0.000143668121034893,1.6851955253807935e-05,1.2460245738791606e-05,1.1425399750851141e-05,1.2370623629585381e-05,8.898534237421581e-06
oppo-k3+p03_6_4+10cm,oppo-k3,p03,10cm,16000,1.42,INSUFFICIENT_DATA,0.0,0.05370202783469742,5000.0,37.32501220703125,-44.904937744140625,0.8202827852052397,0.04209542090388238,0.003076940560608094,0.01137879850304553,0.0466705174831307,0.003862991652932327,0.0006633823774268801,0.000888094487253361
oppo-k3+p03_6_4+150cm,oppo-k3,p03,150cm,16000,1.42,INSUFFICIENT_DATA,0.0,0.0497892908523324,4546.875,23.58635711669922,-30.723468780517578,0.9815453203876751,0.01789909287970111,0.00013979681530182307,5.664937064443585e-05,9.131018447946005e-05,2.8013862407948153e-05,1.2999217368653435e-05,1.0779311521351205e-05
oppo-k3+p03_6_4+200cm,oppo-k3,p03,200cm,16000,1.42,INSUFFICIENT_DATA,0.0,0.029873919881761416,4546.875,25.061904907226562,-32.8726806640625,0.9950472230140521,0.004436261398429025,8.830035158545273e-05,5.739005379552182e-05,6.568347761670794e-05,1.6674350816768993e-05,8.810801291098835e-06,1.4518411764760842e-05
oppo-k3+p04_1_1+100cm,oppo-k3,p04,100cm,16000,0.705,INSUFFICIENT_DATA,0.0,0.019420445283757484,5796.875,9.151611328125,-40.99815368652344,0.9765154854082667,0.021105393973495156,0.0010907307124752672,6.078307107696754e-05,1.2785324231639618e-05,1.2888680892009287e-05,1.3509043190326662e-05,1.079460442877274e-05
oppo-k3+p04_1_1+200cm,oppo-k3,p04,200cm,16000,0.705,INSUFFICIENT_DATA,0.0,0.045922691790971755,6015.625,10.595535278320312,-42.850791931152344,0.9979860725210454,0.001555640138357057,5.9510109866392816e-05,2.4199702439396637e-05,1.9945898753694348e-05,2.1031270701299683e-05,2.3896134856052787e-05,1.633895678954407e-05
oppo-k3+p04_1_1+300cm,oppo-k3,p04,300cm,16000,0.82,INSUFFICIENT_DATA,0.0,0.030863998097017953,6007.8125,10.556198120117188,-46.776214599609375,0.9692144153279719,0.027765608986886167,0.001122941022729951,8.918510489196903e-05,4.064155998399163e-05,4.41049091101841e-05,4.624103954418021e-05,3.5387168996169304e-05
oppo-k3+p04_1_1+30cm,oppo-k3,p04,30cm,16000,0.779,INSUFFICIENT_DATA,0.0,0.02108507537092739,5000.0,47.091163635253906,-37.48078918457031,0.9356559595653117,0.003634539213858914,0.00022262363975174697,0.0050708104304768,0.027172708877283295,0.0013669007591909775,9.063277950613295e-05,0.0001363812869377158
oppo-k3+p04_1_1+60cm,oppo-k3,p04,60cm,16000,0.82,INSUFFICIENT_DATA,0.0,0.01661812850382816,5000.0,34.88226318359375,-32.439083099365234,0.9600146759858369,0.02115205461696577,0.002510650590722022,0.0003929133503562175,0.000850870782281255,0.00014223622110185748,6.489253686214795e-05,3.916005431518149e-05
oppo-k3+p04_1_2+100cm,oppo-k3,p04,100cm,16000,0.963,INSUFFICIENT_DATA,0.0,0.02099867783666615,4195.3125,11.257865905761719,-36.29230880737305,0.9994460097178768,0.00024214006031690014,0.00016420310434425942,1.2933389995004005e-05,9.334430767845496e-06,4.046629612813184e-06,4.5139880924394135e-06,3.3627886137685057e-06
oppo-k3+p04_1_2+10cm,oppo-k3,p04,10cm,16000,0.963,INSUFFICIENT_DATA,0.0,0.020034025779500156,5000.0,31.228843688964844,-26.858028411865234,0.9958494841362316,0.002061218787423268,0.0002398365116400598,0.0003641020992791219,0.0005266354927578571,5.576344140646099e-05,2.275928919553007e-05,3.908468028141103e-05
oppo-k3+p04_1_2+150cm,oppo-k3,p04,150cm,16000,1.027,INSUFFICIENT_DATA,0.0,0.025048282637856387,4179.6875,10.768218994140625,-34.47218704223633,0.9995397858402271,0.0002583663659577987,0.00011100128975450217,1.0396315414254465e-05,7.327879847700045e-06,3.831656989680572e-06,3.903550193152667e-06,2.5375294887306295e-06
oppo-k3+p04_1_2+200cm,oppo-k3,p04,200cm,16000,0.922,INSUFFICIENT_DATA,0.0,0.025041586459720665,4593.75,9.261116027832031,-38.065521240234375,0.9990799353049062,0.0007879883103512891,6.616340601927423e-05,1.940569641515506e-05,1.1812966138673128e-05,8.447376587266292e-06,7.881396868994842e-06,5.9179261539981386e-06
oppo-k3+p04_1_2+300cm,oppo-k3,p04,300cm,16000,1.027,INSUFFICIENT_DATA,0.0,0.029284685181619457,6156.25,9.997337341308594,-41.67012023925781,0.9993265779125756,0.00035808027872534303,0.0001693480368602227,2.3127688777741826e-05,1.998650683046003e-05,1.5137196845682511e-05,1.6563335842351772e-05,1.1122506883136919e-05
oppo-k3+p04_1_2+30cm,oppo-k3,p04,30cm,16000,1.027,INSUFFICIENT_DATA,0.0,0.05154413549961242,5000.0,38.10297393798828,-26.805105209350586,0.9572556886830954,0.034471411004677086,0.0017650408078094923,0.0006849802877926468,0.0027650158640277513,0.0001808187279993279,3.187714382396082e-05,2.434624421972913e-05
oppo-k3+p04_1_3+100cm,oppo-k3,p04,100cm,16000,1.291,INSUFFICIENT_DATA,0.0,0.10899401755961001,4265.625,23.667221069335938,-30.848125457763672,0.9936572067287813,0.0061315783288250275,7.383964681818928e-05,3.13889514944459e-05,3.7679423137612266e-05,1.835992501822374e-05,8.388680669767027e-06,8.883847130905579e-06
oppo-k3+p04_1_3+300cm,oppo-k3,p04,300cm,16000,1.434,INSUFFICIENT_DATA,0.0,0.013728611559663328,6007.8125,7.5767364501953125,-35.660728454589844,0.9957629798522969,0.004061183692874382,6.0602802008526316e-05,7.742496367306898e-06,4.482151504995487e-06,3.979937387226136e-06,4.174463039119105e-06,2.803123315477065e-06
oppo-k3+p04_1_3+30cm,oppo-k3,p04,30cm,16000,1.517,INSUFFICIENT_DATA,0.0,0.07264422836192796,5000.0,37.388450622558594,-29.942609786987305,0.9626568669915049,0.029016676379309315,0.00103618265681099,0.0007764042215331721,0.003084727308705286,0.00019427965887235934,3.1430143340477124e-05,2.823374535655961e-05
oppo-k3+p04_1_4+200cm,oppo-k3,p04,200cm,16000,1.681,INSUFFICIENT_DATA,0.0,0.020136723506704715,4273.4375,25.435325622558594,-28.515361785888672,0.9982638943421744,0.001603502896186255,3.05410510660836e-05,3.553286865258388e-05,3.732406824644131e-05,1.2561017433562618e-05,5.400321362119334e-06,4.443673927755369e-06
oppo-k3+p04_1_4+300cm,oppo-k3,p04,300cm,16000,1.66,INSUFFICIENT_DATA,0.0,0.010743351840919867,4242.1875,13.345848083496094,-33.86758804321289,0.9988946891150204,0.001064618131963535,1.3557030741381269e-05,1.1194806189965261e-05,5.988088427692956e-06,2.598951441409958e-06,2.6884288044643975e-06,1.930216218375618e-06
oppo-k3+p04_1_4+30cm,oppo-k3,p04,30cm,16000,1.66,INSUFFICIENT_DATA,0.0,0.037521801420450925,5000.0,30.034561157226562,-27.472917556762695,0.9833340979560883,0.012811274537791921,0.0004452246034674723,0.0004704367386730886,0.0014757297505302198,0.00010288247899984486,2.229982058986679e-05,1.55416522409833e-05
oppo-k3+p04_1_4+60cm,oppo-k3,p04,60cm,16000,1.681,INSUFFICIENT_DATA,0.0,0.030245426536284734,5000.0,24.341636657714844,-22.13031005859375,0.9976639480522433,0.0015809739323670456,0.0002186870894358752,0.00013354427645416748,0.00021420458616472614,2.204632989521228e-05,9.428907435019308e-06,1.1111941630922245e-05
oppo-k3+p04_1_5+10cm,oppo-k3,p04,10cm,16000,1.783,INSUFFICIENT_DATA,0.0,0.024205702389102288,5000.0,30.085662841796875,-28.143369674682617,0.994166139713972,0.002368329976422969,0.0002260996062303456,0.00062218422567684,0.0010111981264347772,9.658503514755246e-05,2.6258908027565253e-05,5.260373089441974e-05
oppo-k3+p04_1_5+30cm,oppo-k3,p04,30cm,16000,1.373,INSUFFICIENT_DATA,0.0,0.059046871190023525,5000.0,35.741737365722656,-36.06451416015625,0.9630126190831879,0.002688669186750112,0.0001684336507478855,0.0029802512006485747,0.015419436006337762,0.0007614629406748577,6.332222896361509e-05,7.201562556715547e-05
oppo-k3+p04_1_5+60cm,oppo-k3,p04,60cm,16000,1.373,INSUFFICIENT_DATA,0.0,0.025563129858420696,5000.0,24.03179168701172,-25.056251525878906,0.9979916062882479,0.0012028889226760302,7.345029961470736e-05,0.00013472720488713424,0.0003069920733938308,2.9454353827267778e-05,1.336206450190436e-05,1.601446278216032e-05
oppo-k3+p04_2_1+100cm,oppo-k3,p04,100cm,16000,1.502,INSUFFICIENT_DATA,0.0,0.05480676653244682,4218.75,21.222686767578125,-33.29431915283203,0.9711662866830924,0.0269946366414427,0.0002739126395195002,4.8030342869433264e-05,3.96936000734552e-05,2.3685469100240953e-05,1.3207400858901812e-05,8.612593722311354e-06
oppo-k3+p04_2_1+150cm,oppo-k3,p04,150cm,16000,1.502,INSUFFICIENT_DATA,0.0,0.032714332777723246,4203.125,22.97161102294922,-29.296871185302734,0.9939227348555741,0.004907807953368593,0.0001563898453272196,6.308474097878695e-05,7.153079568106932e-05,2.500531133831092e-05,8.482985710951088e-06,9.015595080405941e-06
oppo-k3+p04_2_1+30cm,oppo-k3,p04,30cm,16000,1.502,INSUFFICIENT_DATA,0.0,0.03959207349144814,5000.0,34.64306640625,-29.529376983642578,0.9750355173723108,0.012831720560619514,0.0005527468933909656,0.0010681860321240712,0.0046024606753861585,0.00025272089871563116,3.3220556836060196e-05,3.307501353243926e-05
oppo-k3+p04_2_1+60cm,oppo-k3,p04,60cm,16000,1.332,INSUFFICIENT_DATA,0.0,0.07010914843318637,5000.0,31.023513793945312,-27.683086395263672,0.9897849787871053,0.007539844431729577,0.0008611596553393932,0.00023721437124383344,0.0004928117491700255,8.095903476177912e-05,2.7768060153235843e-05,2.049015511261232e-05
oppo-k3+p04_2_2+100cm,oppo-k3,p04,100cm,16000,1.455,INSUFFICIENT_DATA,0.0,0.33209888707508306,4679.6875,14.393196105957031,-33.40473175048828,0.998081461147107,0.0016522662856801147,0.00010089780838833385,2.7478404189898433e-05,2.8243838331716692e-05,1.315256653585678e-05,7.967069674041391e-06,8.179206886145787e-06
oppo-k3+p04_2_2+10cm,oppo-k3,p04,10cm,16000,1.662,INSUFFICIENT_DATA,0.0,0.03276575411175076,5000.0,29.645751953125,-28.91098976135254,0.9922899722041313,0.004605339125654525,0.00023430196762475638,0.0006476132810945119,0.0008670800944293788,8.367928246674223e-05,3.012052587478036e-05,5.897178199402759e-05
oppo-k3+p04_2_2+200cm,oppo-k3,p04,200cm,16000,1.662,INSUFFICIENT_DATA,0.0,0.03790493925968994,4226.5625,21.1207275390625,-28.45608139038086,0.9966407531575479,0.0028734711330296227,8.118446722979515e-05,9.245049503517223e-05,0.00010278485734259989,1.8403764121396508e-05,9.181192795519111e-06,1.4814820159091531e-05
oppo-k3+p04_2_2+300cm,oppo-k3,p04,300cm,16000,1.455,INSUFFICIENT_DATA,0.0,0.01792743177964217,4406.25,15.655067443847656,-34.90583038330078,0.9973539238997612,0.002327134363695757,5.072309606702595e-05,1.3750481161879302e-05,1.056727047039974e-05,4.986518050069101e-06,4.322470627065194e-06,3.458201712072776e-06
oppo-k3+p04_2_2+60cm,oppo-k3,p04,60cm,16000,1.455,INSUFFICIENT_DATA,0.0,0.02111253941333697,5000.0,28.72650146484375,-25.341520309448242,0.9968263676985152,0.0018805411495644941,0.0001703255958475765,0.00015334608137295566,0.0003426729954474442,3.405139554204383e-05,1.3147715385936157e-05,1.5102705622478772e-05
oppo-k3+p04_2_3+100cm,oppo-k3,p04,100cm,16000,1.722,INSUFFICIENT_DATA,0.0,0.12283040701390453,4226.5625,22.792709350585938,-33.18034744262695,0.998951732526889,0.0009263483977184229,2.5489615758111413e-05,3.370541456683208e-05,3.1923358196756286e-05,6.304966335920637e-06,5.108718506680591e-06,5.983474996027409e-06
oppo-k3+p04_2_3+10cm,oppo-k3,p04,10cm,16000,1.722,INSUFFICIENT_DATA,0.0,0.06081239332367557,5000.0,35.090850830078125,-28.26125144958496,0.9807087501896424,0.005791301235604996,0.0004985320642076316,0.0013717839558296187,0.004521431412316284,0.00038825342774199165,8.5298875131296e-05,0.000127169647133882
oppo-k3+p04_2_3+150cm,oppo-k3,p04,150cm,16000,2.152,INSUFFICIENT_DATA,0.0,0.07114945502280125,4218.75,18.20771026611328,-30.963871002197266,0.9932090782561934,0.0059839759761706685,0.00015655941889906413,5.2909844390056714e-05,5.608453399289806e-05,1.7335804089441572e-05,8.606715421222572e-06,9.185633497527193e-06
oppo-k3+p04_2_3+300cm,oppo-k3,p04,300cm,16000,1.865,INSUFFICIENT_DATA,0.0,0.027692257952222184,4210.9375,17.51995849609375,-37.83767318725586,0.9880311404728365,0.01058736308477008,9.421124111802044e-05,4.419044505561337e-05,2.6838574505204853e-05,7.326440944558322e-06,1.0516843608313906e-05,6.619276076308496e-06
oppo-k3+p04_2_3+30cm,oppo-k3,p04,30cm,16000,2.152,INSUFFICIENT_DATA,0.0,0.08138650368995852,5000.0,32.190582275390625,-34.41219711303711,0.9663146221742299,0.014504018101406354,0.0011333953771946303,0.0016626920262342736,0.007721150309540309,0.00043333170840079567,6.659180568019774e-05,5.92351332732659e-05
oppo-k3+p04_2_4+10cm,oppo-k3,p04,10cm,16000,1.824,INSUFFICIENT_DATA,0.0,0.02109318387370563,5000.0,30.090248107910156,-28.050098419189453,0.9953653635785892,0.0018615061442087077,0.00024026651386449728,0.0004753336540147886,0.0007933748173298675,7.35594140821322e-05,2.0231658958129206e-05,3.794673258519733e-05
oppo-k3+p04_2_4+150cm,oppo-k3,p04,150cm,16000,1.824,INSUFFICIENT_DATA,0.0,0.09970623237501196,4156.25,13.145759582519531,-30.88105010986328,0.997836263219027,0.0017679585725246096,0.00016298987140851858,8.596191645646261e-05,5.497101405229989e-05,1.670604908052051e-05,7.749485047295421e-06,7.684474419654039e-06
oppo-k3+p04_2_4+200cm,oppo-k3,p04,200cm,16000,1.742,INSUFFICIENT_DATA,0.0,0.04254823762642856,5382.8125,13.680694580078125,-33.270938873291016,0.9966404910772423,0.002978490523334922,0.00011926799087778771,4.1484912579079136e-05,3.819589188177855e-05,1.903417399354975e-05,9.750983080331208e-06,8.974722874444994e-06
oppo-k3+p04_2_4+300cm,oppo-k3,p04,300cm,16000,1.66,INSUFFICIENT_DATA,0.0,0.02949054363600356,4375.0,17.8890380859375,-38.01721954345703,0.9963331601210774,0.0031554145415318845,0.00012035389052600971,3.413974611394865e-05,4.382694354284424e-05,1.0478805259999574e-05,1.0545909961800873e-05,7.720917308759778e-06
oppo-k3+p04_2_5+100cm,oppo-k3,p04,100cm,16000,1.435,INSUFFICIENT_DATA,0.0,0.33573055518974326,4304.6875,15.249435424804688,-34.74638366699219,0.9956992322323518,0.003863799093158308,0.00011190613317418022,2.9350411908982226e-05,4.388446815817251e-05,2.1218654562748685e-05,1.1457649868129905e-05,1.2871448614725616e-05
oppo-k3+p04_2_5+150cm,oppo-k3,p04,150cm,16000,1.435,INSUFFICIENT_DATA,0.0,0.06220348488474031,4210.9375,23.502471923828125,-29.534608840942383,0.9960706835080931,0.0031479320656058354,7.309021066399456e-05,9.112989307307152e-05,0.00011110286202514892,2.164348446137881e-05,9.8584358617593e-06,1.5660371789100482e-05
oppo-k3+p04_2_5+300cm,oppo-k3,p04,300cm,16000,1.435,INSUFFICIENT_DATA,0.0,0.029522232921889893,6015.625,6.639259338378906,-36.96575927734375,0.995301561440868,0.0040587298253349745,3.665219577699885e-05,9.502528847857313e-06,4.977879012781254e-06,5.077109143577274e-06,5.626166960639991e-06,4.096116214971429e-06
oppo-k3+p04_2_5+60cm,oppo-k3,p04,60cm,16000,1.681,INSUFFICIENT_DATA,0.0,0.053977430342018906,5000.0,24.517066955566406,-25.885305404663086,0.9972564868129259,0.001672433024478665,0.00010277179007815094,0.00019932211971961902,0.00034286366332248944,3.689864508467681e-05,1.3189824251469336e-05,1.596039540017395e-05
oppo-k3+p04_3_1+200cm,oppo-k3,p04,200cm,16000,1.517,INSUFFICIENT_DATA,0.0,0.06647707786441746,5250.0,17.046653747558594,-33.72265625,0.9960084010361969,0.003434796596900175,7.332443430484494e-05,2.5424554186563704e-05,4.140125233815147e-05,2.983542313354721e-05,1.0001776141323968e-05,4.8154380577732335e-06
oppo-k3+p04_3_1+300cm,oppo-k3,p04,300cm,16000,1.517,INSUFFICIENT_DATA,0.0,0.04027503172331867,4140.625,13.893966674804688,-39.28157043457031,0.9955830145368154,0.0038527756258434492,6.457905784469394e-05,1.7457894690342766e-05,3.378914948341782e-05,1.9079292385401275e-05,1.2168629395219719e-05,7.197395628514312e-06
oppo-k3+p04_3_1+30cm,oppo-k3,p04,30cm,16000,1.541,INSUFFICIENT_DATA,0.0,0.04553414415059264,5000.0,28.445213317871094,-31.541948318481445,0.9761576680298601,0.014612106783544493,0.0005213356815154676,0.000726222425312688,0.0031459795415127523,0.00017467636091422615,2.6992092505796685e-05,1.97662268222175e-05
oppo-k3+p04_3_2+100cm,oppo-k3,p04,100cm,16000,1.988,INSUFFICIENT_DATA,0.0,0.07375682699522466,4531.25,18.38324737548828,-32.619014739990234,0.993476672376518,0.006175045054361298,0.00016914399789516612,3.8427331878242725e-05,3.5466700623446434e-05,1.9143280913649756e-05,1.1206365083629578e-05,8.875328719209058e-06
oppo-k3+p04_3_2+10cm,oppo-k3,p04,10cm,16000,1.865,INSUFFICIENT_DATA,0.0,0.011431935528160032,5000.0,29.609848022460938,-33.19131088256836,0.9828085123206114,0.009559772674439354,0.0003722088242604865,0.0009909217100451536,0.0024536941102114734,0.0003020070517154815,0.00010723435896248904,0.0001277133906057868
oppo-k3+p04_3_2+200cm,oppo-k3,p04,200cm,16000,1.988,INSUFFICIENT_DATA,0.0,0.04208604862721801,4187.5,18.592208862304688,-30.12912940979004,0.996480724517771,0.003047014155241275,9.103379353977521e-05,9.61975618768107e-05,0.00012634393569856597,3.3185338734687606e-05,1.4158219202789916e-05,1.684271993274927e-05
oppo-k3+p04_3_2+300cm,oppo-k3,p04,300cm,16000,1.68,INSUFFICIENT_DATA,0.0,0.021014048793740036,4164.0625,13.119537353515625,-35.23886489868164,0.9971567899347507,0.0026548275711655816,4.47908185805102e-05,5.864106687119455e-06,1.0179460986059774e-05,7.2422056642051455e-06,5.584611016458088e-06,3.6285601059997258e-06
oppo-k3+p04_3_2+30cm,oppo-k3,p04,30cm,16000,1.865,INSUFFICIENT_DATA,0.0,0.06358331824142278,5000.0,22.681724548339844,-26.887733459472656,0.9737940089640312,0.020507675576847188,0.0012028120294424861,0.000610770515315969,0.001326765728554487,0.00011708503527423013,4.105788939381663e-05,2.203493803083808e-05
oppo-k3+p04_3_3+10cm,oppo-k3,p04,10cm,16000,1.633,INSUFFICIENT_DATA,0.0,0.08432614629483398,5000.0,43.627296447753906,-38.638771057128906,0.24539152640055095,0.1697359159382356,0.0059050497525838415,0.045064918011172496,0.1985716461061254,0.016777653806020795,0.002441678499842389,0.0036259195194835044
oppo-k3+p04_3_3+200cm,oppo-k3,p04,200cm,16000,1.455,INSUFFICIENT_DATA,0.0,0.02415320039885822,4210.9375,18.57550811767578,-30.889163970947266,0.9989667766679453,0.00086637802346882,2.8459654347456597e-05,3.612998520078502e-05,4.0347074108359374e-05,7.995134799652098e-06,4.927458272902438e-06,5.825901452556174e-06
oppo-k3+p04_3_3+60cm,oppo-k3,p04,60cm,16000,1.633,INSUFFICIENT_DATA,0.0,0.6902165671339994,5000.0,38.78466033935547,-45.548622131347656,0.9619225300645065,0.002704400068066552,0.0005302344698331218,0.00392954475802372,0.01445277372035682,0.0018034997909642506,0.00027006977716851407,0.0002502507897063822
oppo-k3+p04_3_4+100cm,oppo-k3,p04,100cm,16000,0.779,INSUFFICIENT_DATA,0.0,0.11536262522156154,4781.25,16.694313049316406,-32.5068244934082,0.9911811428059504,0.008327214760731571,0.0001405559242530458,2.5016617457145745e-05,2.6984128338664035e-05,2.391276721122219e-05,1.4900403069666709e-05,7.533756026066287e-06
oppo-k3+p04_3_4+10cm,oppo-k3,p04,10cm,16000,0.779,INSUFFICIENT_DATA,0.0,0.03462938273527982,5000.0,29.23625946044922,-27.318187713623047,0.9942104091168525,0.003541146008797484,0.0004895134251562271,0.0003727356796438944,0.0005793177671003323,7.896612924192217e-05,2.803091039767949e-05,3.071139104880129e-05
oppo-k3+p04_3_4+150cm,oppo-k3,p04,150cm,16000,0.779,INSUFFICIENT_DATA,0.0,0.1368902729934179,4703.125,16.113082885742188,-31.744976043701172,0.9942680096135281,0.004509376733018235,9.592946597845196e-05,4.6901712127584824e-05,5.1092912953624664e-05,1.6535246563085375e-05,6.1565346686500565e-06,6.16064715207803e-06
oppo-k3+p04_3_4+200cm,oppo-k3,p04,200cm,16000,0.779,INSUFFICIENT_DATA,0.0,0.2385158361761057,7429.6875,12.522483825683594,-34.494571685791016,0.9929614555091865,0.006691650395174532,3.661911918934402e-05,4.009055107185773e-05,4.015441364006261e-05,9.344321283857907e-06,6.997820927912404e-06,8.302235502671629e-06
oppo-k3+p04_3_4+30cm,oppo-k3,p04,30cm,16000,0.705,INSUFFICIENT_DATA,0.0,0.01948809541860296,5000.0,29.12457275390625,-26.841358184814453,0.9308703864620792,0.060578213413702134,0.0032374215166371735,0.0009998073089588187,0.001275600277644118,0.00016395040287338968,7.782839191499236e-05,3.483508566419185e-05
oppo-k3+p04_3_5+150cm,oppo-k3,p04,150cm,16000,1.64,INSUFFICIENT_DATA,0.0,0.03666021156342132,4203.125,17.821609497070312,-29.67047691345215,0.9970072801666776,0.0026097475986972445,0.00010166462208413794,3.789557955319475e-05,4.292620273696424e-05,1.575087515924063e-05,5.6087593605328874e-06,5.844445509752856e-06
oppo-k3+p04_3_5+200cm,oppo-k3,p04,200cm,16000,1.496,INSUFFICIENT_DATA,0.0,0.0492627655136142,4953.125,11.031143188476562,-31.153947830200195,0.9908035749678914,0.008688003600729577,7.997915784164378e-05,1.7524827574632626e-05,1.0432601486977907e-05,6.973560041766555e-06,4.909699012470048e-06,3.543720767790104e-06
oppo-k3+p04_3_5+300cm,oppo-k3,p04,300cm,16000,1.66,INSUFFICIENT_DATA,0.0,0.021721616626777553,5867.1875,6.986183166503906,-37.867759704589844,0.9941857439332769,0.005467625056006303,5.0697526799791004e-05,1.4369618873880698e-05,5.964455245799657e-06,6.443119454892548e-06,6.8872027213153215e-06,4.868042316292994e-06
oppo-k3+p04_3_5+30cm,oppo-k3,p04,30cm,16000,1.64,INSUFFICIENT_DATA,0.0,0.023042837449135253,5000.0,33.81016540527344,-28.47988510131836,0.9922882159332915,0.002938383310388664,0.00031471074264056254,0.0004208707318014186,0.0018161413951287859,9.784681640427248e-05,1.40961946585466e-05,1.1839151932829791e-05
oppo-k3+p04_3_5+60cm,oppo-k3,p04,60cm,16000,1.66,INSUFFICIENT_DATA,0.0,0.019998243317775173,5000.0,25.67182159423828,-24.341094970703125,0.9966795068149136,0.0021909576694928083,0.00020472633255996906,0.00016181276814280872,0.0003732139477675662,3.902244520657792e-05,1.4028739887274978e-05,1.7116808961703506e-05
oppo-k3+p04_4_1+100cm,oppo-k3,p04,100cm,16000,1.332,INSUFFICIENT_DATA,0.0,0.06067939202834417,5492.1875,10.914665222167969,-35.27311706542969,0.9451761508357625,0.05075788415674223,0.0016345813440042638,7.741881417628898e-05,2.2935866394548206e-05,2.323886985073624e-05,1.6876743089565143e-05,9.041061903188872e-06
oppo-k3+p04_4_1+10cm,oppo-k3,p04,10cm,16000,1.472,INSUFFICIENT_DATA,0.0,0.01796943159557992,5000.0,28.501937866210938,-28.36260986328125,0.9859873838917816,0.00997481131515393,0.0011528333116671199,0.0005455449925805898,0.0008979809524453523,0.00010387381596252895,4.049723177108833e-05,4.9225858291031675e-05
oppo-k3+p04_4_1+150cm,oppo-k3,p04,150cm,16000,1.472,INSUFFICIENT_DATA,0.0,0.02677349391516643,4218.75,21.060440063476562,-29.54759407043457,0.9867072850851911,0.012280819818279677,0.00020427596533346647,5.2067925874297506e-05,6.515013361443088e-05,2.396650514081873e-05,8.351063693829696e-06,1.0232909010792653e-05
oppo-k3+p04_4_1+200cm,oppo-k3,p04,200cm,16000,1.332,INSUFFICIENT_DATA,0.0,0.027909655828024148,4210.9375,15.713798522949219,-32.267112731933594,0.9982307657607516,0.0015311196733596773,2.9698066102693563e-05,2.1046647743652696e-05,1.9475704015706605e-05,7.756263233230045e-06,5.036503999335293e-06,5.3701570663401555e-06
oppo-k3+p04_4_1+300cm,oppo-k3,p04,300cm,16000,1.332,INSUFFICIENT_DATA,0.0,0.021100332259800604,5867.1875,6.881988525390625,-37.33489227294922,0.9957536592854346,0.0036341106845045085,8.420790845764025e-05,1.3315020134614057e-05,5.234324543324244e-06,5.546245022626257e-06,5.4242029370559114e-06,3.906430717380156e-06
oppo-k3+p04_4_1+30cm,oppo-k3,p04,30cm,16000,1.502,INSUFFICIENT_DATA,0.0,0.039553500818903735,5000.0,29.824180603027344,-28.708873748779297,0.9773817122952412,0.013960502056722392,0.00045257609272853123,0.0007872167747362401,0.0030631762114954717,0.00017093576621138938,3.38847212245019e-05,1.9185912774647417e-05
oppo-k3+p04_4_2+100cm,oppo-k3,p04,100cm,16000,2.029,INSUFFICIENT_DATA,0.0,0.17971277773901487,6625.0,12.204620361328125,-35.06538009643555,0.9666362227790535,0.03192602254201514,0.0003785144305057155,4.2182774952966494e-05,2.0817790511401324e-05,1.8144403370886763e-05,1.7873838083037752e-05,1.0041851440788906e-05
oppo-k3+p04_4_2+10cm,oppo-k3,p04,10cm,16000,2.029,INSUFFICIENT_DATA,0.0,0.04518288111897917,5000.0,30.481246948242188,-28.869525909423828,0.9879060926469916,0.0053847459184141406,0.0018107539611529905,0.0008535268764616342,0.0016343482501945197,0.00016371818870803797,7.487364377591182e-05,6.316827507452593e-05
oppo-k3+p04_4_2+150cm,oppo-k3,p04,150cm,16000,1.599,INSUFFICIENT_DATA,0.0,0.08519539695066163,4539.0625,15.492408752441406,-32.29539489746094,0.9828966083802809,0.015995850478968954,0.0004615473612387569,6.178895677236373e-05,5.184922869757503e-05,2.770047712107413e-05,1.3102638184376134e-05,9.155107398757415e-06
oppo-k3+p04_4_2+300cm,oppo-k3,p04,300cm,16000,2.091,INSUFFICIENT_DATA,0.0,0.03582127021259484,6164.0625,7.036354064941406,-40.8997688293457,0.9815326698444495,0.017459490153475414,0.0002266065403658676,2.1573093446083118e-05,1.241468670713229e-05,1.1363108965214054e-05,1.2190508795056556e-05,8.988755426274269e-06
oppo-k3+p04_4_2+30cm,oppo-k3,p04,30cm,16000,2.091,INSUFFICIENT_DATA,0.0,0.04197461058916699,5000.0,34.312416076660156,-29.825347900390625,0.9896989816371609,0.0024500854843126376,0.00031707384824418807,0.0007264355832252468,0.003359275942629499,0.0001747877061154875,2.049897155924519e-05,2.0687774847057492e-05
oppo-k3+p04_4_2+60cm,oppo-k3,p04,60cm,16000,2.091,INSUFFICIENT_DATA,0.0,0.05578894516900363,5000.0,26.689353942871094,-25.937726974487305,0.9972106255920667,0.0010992038551475417,0.0007074126592047605,0.00023547567587662373,0.00035872518522577163,4.329541648884355e-05,2.030968207973656e-05,1.87629948097998e-05
oppo-k3+p04_4_3+10cm,oppo-k3,p04,10cm,16000,0.963,INSUFFICIENT_DATA,0.0,0.019139000483530087,5000.0,30.987350463867188,-26.37504768371582,0.9961010093749847,0.0019467012909310636,0.0002796570279772059,0.0003285232785800071,0.0004741681597468506,4.919689319216806e-05,2.2773311545659625e-05,3.86628764579961e-05
oppo-k3+p04_4_3+300cm,oppo-k3,p04,300cm,16000,0.963,INSUFFICIENT_DATA,0.0,0.013560619650103937,4171.875,8.783210754394531,-36.2410888671875,0.9988919489079043,0.000851181757407301,0.0001982459322620176,1.2613442468501262e-05,6.820820476231711e-06,4.4445090413048595e-06,4.972323540560937e-06,3.2799462598557946e-06
oppo-k3+p04_4_3+30cm,oppo-k3,p04,30cm,16000,0.922,INSUFFICIENT_DATA,0.0,0.09950922789822238,5000.0,45.927833557128906,-33.78996276855469,0.9142181209814612,0.005311118510543546,0.0003128899235522685,0.0066865682000115615,0.03589967259656157,0.0018148809918107267,0.0001283185262577119,0.00019024572290236383
oppo-k3+p04_4_3+60cm,oppo-k3,p04,60cm,16000,0.922,INSUFFICIENT_DATA,0.0,0.06960562151798724,5000.0,31.684959411621094,-26.15558433532715,0.9972930854049181,0.000713442635786628,0.0008842596260688279,0.00024674821953651584,0.0004315104666241495,4.8536180908974695e-05,2.4584047834180695e-05,2.0641697543421435e-05
oppo-k3+p04_4_4+150cm,oppo-k3,p04,150cm,16000,1.455,INSUFFICIENT_DATA,0.0,0.05234379328335379,4226.5625,21.058853149414062,-28.837717056274414,0.994632150221543,0.004777159575802048,0.00011641252902007287,9.829455414502135e-05,0.00012181261195832517,2.52914901829195e-05,1.3144319007037857e-05,1.5233127527755025e-05
oppo-k3+p04_4_4+300cm,oppo-k3,p04,300cm,16000,1.455,INSUFFICIENT_DATA,0.0,0.013650204076193063,6156.25,7.7626800537109375,-36.53432846069336,0.9937097423307752,0.0059887162940485805,4.567451315232937e-05,1.6445513371342062e-05,4.198556120800348e-06,4.459695974159968e-06,5.099269163092015e-06,3.3573015511683853e-06
oppo-k3+p04_4_4+30cm,oppo-k3,p04,30cm,16000,1.435,INSUFFICIENT_DATA,0.0,0.09631899136342065,5000.0,39.16069030761719,-34.82713317871094,0.963641933206672,0.005223775084097807,0.00033533045239914354,0.0026988680977911516,0.013635957893300745,0.0006594808882321378,5.5694329860954346e-05,7.613987100516933e-05
oppo-k3+p04_4_4+60cm,oppo-k3,p04,60cm,16000,1.455,INSUFFICIENT_DATA,0.0,0.04791090983909063,5000.0,37.65875244140625,-28.958797454833984,0.9957265456837536,0.0012223652202969434,0.00013097033344338795,0.0003680210418677843,0.0012114707342220986,0.00012723635982183734,3.447961869082391e-05,2.7313721746826754e-05
oppo-k3+p04_4_5+100cm,oppo-k3,p04,100cm,16000,1.496,INSUFFICIENT_DATA,0.0,0.08010941105312247,4281.25,23.224716186523438,-31.658245086669922,0.9993278066846495,0.0003491179993067573,0.0002061325810838293,5.2116494727783046e-05,3.394260197310649e-05,8.106597883324382e-06,8.195859829137887e-06,6.607826285983836e-06
oppo-k3+p04_4_5+10cm,oppo-k3,p04,10cm,16000,1.394,INSUFFICIENT_DATA,0.0,0.05775637522466552,5000.0,40.34577941894531,-31.767492294311523,0.9248882782540452,0.03119936334590663,0.0022873233087586276,0.0039280731249250085,0.014223224685357173,0.001236827022592251,0.00028988540177525806,0.00032497261414754123
oppo-k3+p04_4_5+300cm,oppo-k3,p04,300cm,16000,1.496,INSUFFICIENT_DATA,0.0,0.028854996625315543,6000.0,6.70770263671875,-39.62023162841797,0.9808819013767982,0.01770207567130637,0.0006008192319833421,2.504440019451999e-05,9.858521723303724e-06,8.691552348826318e-06,9.244184780233149e-06,6.677515627569452e-06
oppo-k3+p04_4_5+30cm,oppo-k3,p04,30cm,16000,1.496,INSUFFICIENT_DATA,0.0,0.09620218898722616,5000.0,36.72716522216797,-32.734764099121094,0.9679697527356049,0.015082355269246119,0.0006900001509689873,0.0011858837210993217,0.005331672699317104,0.00030103450768423107,3.1963343503174295e-05,3.2819228539566305e-05
oppo-k3+p04_4_5+60cm,oppo-k3,p04,60cm,16000,1.517,INSUFFICIENT_DATA,0.0,0.1250681231653895,5000.0,34.70563507080078,-30.1267032623291,0.989043384424708,0.007728773008738246,0.00028036197807048546,0.0003786484622694166,0.0010984938208747806,0.00014115548020424143,3.132575266270037e-05,3.45521259901936e-05
oppo-k3+p04_5_1+100cm,oppo-k3,p04,100cm,16000,2.562,INSUFFICIENT_DATA,0.0,0.0494652130461712,4210.9375,19.428359985351562,-30.997100830078125,0.995422076618458,0.004229906361980463,0.00020708876752592332,3.5563080658617966e-05,3.964403249383886e-05,2.5761520436535365e-05,1.3881306910526125e-05,8.763745341161575e-06
oppo-k3+p04_5_1+10cm,oppo-k3,p04,10cm,16000,2.599,INSUFFICIENT_DATA,0.0,0.017965200573187384,5000.0,21.262733459472656,-27.873132705688477,0.9895219551394979,0.0050579116926722555,0.0022658708092179168,0.0013720137642571116,0.0007164869212060469,9.375788590103972e-05,5.436519437667742e-05,6.049463586190521e-05
oppo-k3+p04_5_1+150cm,oppo-k3,p04,150cm,16000,2.562,INSUFFICIENT_DATA,0.0,0.020518729984502104,4265.625,23.541397094726562,-27.784996032714844,0.9964385862639991,0.0031182476840593983,0.0001255575209906785,8.506344364095741e-05,0.0001005730118193951,2.4774618543716237e-05,1.0217879922615908e-05,1.3278577402859928e-05
oppo-k3+p04_5_1+200cm,oppo-k3,p04,200cm,16000,2.747,INSUFFICIENT_DATA,0.0,0.02225416506176633,4273.4375,22.384414672851562,-28.962562561035156,0.9974920533153937,0.0020486549712429494,8.46394236753496e-05,6.15246913907865e-05,6.500168970744447e-05,1.3461846596292446e-05,7.61380912053642e-06,1.0197604514860215e-05
oppo-k3+p04_5_1+300cm,oppo-k3,p04,300cm,16000,2.747,INSUFFICIENT_DATA,0.0,0.009623178151662188,6007.8125,6.5723724365234375,-35.42527770996094,0.9982729158028381,0.0014611689303004698,7.727220357194382e-05,8.954048989020656e-06,3.557090200460335e-06,3.5448459191284125e-06,3.8678266078681555e-06,2.631414549156843e-06
oppo-k3+p04_5_1+60cm,oppo-k3,p04,60cm,16000,2.562,INSUFFICIENT_DATA,0.0,0.03628849456168581,5000.0,21.386810302734375,-23.397253036499023,0.9927489153776072,0.005905691995785587,0.0006024356575855127,0.00015655005430433833,0.000306009448066369,3.704945635163354e-05,1.585636412601304e-05,1.7266321210333617e-05
oppo-k3+p04_5_2+100cm,oppo-k3,p04,100cm,16000,2.111,INSUFFICIENT_DATA,0.0,0.06745316632131769,4265.625,18.040206909179688,-33.747615814208984,0.9955779281955901,0.004016963092184188,0.0002849932501748045,2.97606892975137e-05,2.3025040743432876e-05,1.4489648479357357e-05,8.363117143813068e-06,9.489359101100774e-06
oppo-k3+p04_5_2+10cm,oppo-k3,p04,10cm,16000,2.152,INSUFFICIENT_DATA,0.0,0.006261624452087446,5000.0,28.454917907714844,-27.762624740600586,0.990516347519351,0.005827254467758636,0.0010688285074724653,0.0005096010579022237,0.0008111986982867165,8.806605229365525e-05,3.733925622913487e-05,4.485774206459411e-05
oppo-k3+p04_5_2+200cm,oppo-k3,p04,200cm,16000,2.111,INSUFFICIENT_DATA,0.0,0.026833244863434264,4273.4375,30.5037841796875,-28.749982833862305,0.9972321290097678,0.00242683274090367,7.476952899739458e-05,8.251729850792797e-05,0.00010972598010879799,2.078467225222567e-05,1.1053790989383241e-05,1.4915020900861088e-05
oppo-k3+p04_5_2+300cm,oppo-k3,p04,300cm,16000,1.845,INSUFFICIENT_DATA,0.0,0.011906375648146693,6015.625,7.1808319091796875,-35.03220748901367,0.997460155786044,0.002429951751008093,7.121527331843551e-05,1.3621254191050718e-05,3.01408302837185e-06,3.1289516410792753e-06,3.3214031349511424e-06,2.40194886376646e-06
oppo-k3+p04_5_2+30cm,oppo-k3,p04,30cm,16000,2.111,INSUFFICIENT_DATA,0.0,0.028624962491392215,5000.0,30.819000244140625,-29.25086784362793,0.9750492846025356,0.016240689631367187,0.0010755637825872338,0.0007115014381282102,0.0029965455584297436,0.00016462266687138918,2.6237184145368963e-05,2.245331436620717e-05
oppo-k3+p04_5_2+60cm,oppo-k3,p04,60cm,16000,2.152,INSUFFICIENT_DATA,0.0,0.04545115870295574,5000.0,24.71685791015625,-26.135269165039062,0.9951178183442914,0.002981968521071114,0.0005989022328992154,0.00022388491379221262,0.0004762182931821244,4.713688238147089e-05,1.9973547565521777e-05,2.0482413543605513e-05
oppo-k3+p04_5_3+100cm,oppo-k3,p04,100cm,16000,2.214,INSUFFICIENT_DATA,0.0,0.025190888972262293,4281.25,15.69049072265625,-31.288633346557617,0.9996268086883843,0.00013604992505088538,0.00017080424512820843,4.187159492181287e-05,8.084634057719202e-06,3.899959917901769e-06,3.145280843749872e-06,2.7395665237493186e-06
oppo-k3+p04_5_3+150cm,oppo-k3,p04,150cm,16000,2.337,INSUFFICIENT_DATA,0.0,0.023588249640779654,4281.25,29.135971069335938,-26.83935546875,0.9987069546445927,0.0009430224280419738,0.00010295260923537397,7.910830747042872e-05,0.00011018987712179331,1.6032918092228054e-05,7.985106622579185e-06,1.1762059474381642e-05
oppo-k3+p04_5_3+200cm,oppo-k3,p04,200cm,16000,2.214,INSUFFICIENT_DATA,0.0,0.021474433145470845,4273.4375,29.28150177001953,-28.01787567138672,0.9975591715191032,0.002177505577757812,7.875831063318635e-05,6.691486098322207e-05,6.883155474361471e-05,1.347531006932384e-05,7.13299177076963e-06,1.006706121944075e-05
oppo-k3+p04_5_3+300cm,oppo-k3,p04,300cm,16000,2.337,INSUFFICIENT_DATA,0.0,0.008678513314374185,6156.25,6.069084167480469,-34.96571350097656,0.9991626363363447,0.0006532514263840597,0.00014626887560858896,1.6668819111543496e-05,3.4359799995087854e-06,3.1376739649003304e-06,3.5784734833548693e-06,2.3881325040965154e-06
oppo-k3+p04_5_4+10cm,oppo-k3,p04,10cm,16000,2.091,INSUFFICIENT_DATA,0.0,0.02321733653313235,5000.0,37.82049560546875,-37.81227111816406,0.8543793140781204,0.03123609722375197,0.004516553269366158,0.009351857052577657,0.03843751971066094,0.003059504208735069,0.0006095258962755726,0.0007749039402662421
oppo-k3+p04_5_4+200cm,oppo-k3,p04,200cm,16000,2.009,INSUFFICIENT_DATA,0.0,0.03709289414504111,4500.0,20.26416778564453,-32.191646575927734,0.9945835183856969,0.0042710110725239624,0.00013449483765436038,4.3747280152013275e-05,4.3659125222391216e-05,1.8092016132149787e-05,7.1469889201997905e-06,5.312017052364696e-06
oppo-k3+p04_5_4+30cm,oppo-k3,p04,30cm,16000,2.009,INSUFFICIENT_DATA,0.0,0.046248780505800356,5000.0,30.94091796875,-30.852291107177734,0.9638926165598333,0.016814466354245966,0.0005697843551503818,0.0011126006101173668,0.004219588598586411,0.0002538171292084596,3.7519520522347946e-05,3.7831144810575577e-05
oppo-k3+p04_5_4+60cm,oppo-k3,p04,60cm,16000,2.091,INSUFFICIENT_DATA,0.0,0.04545781424737886,5000.0,28.87176513671875,-30.107933044433594,0.9921663965677189,0.005077620904561964,0.0004088576044584045,0.00027565494491127896,0.0007467085139950069,8.746562043876994e-05,2.4942786402561413e-05,2.387666543203686e-05
oppo-k3+p04_6_1+100cm,oppo-k3,p04,100cm,16000,2.0,INSUFFICIENT_DATA,0.0,0.0678658995330003,6179.6875,6.077186584472656,-38.92900848388672,0.9983907442916619,0.001177501523319782,0.00010271510118054674,2.763280780807906e-05,1.0202340806041447e-05,8.528861299446664e-06,8.893689224683572e-06,6.787432309808763e-06
oppo-k3+p04_6_1+200cm,oppo-k3,p04,200cm,16000,2.0,INSUFFICIENT_DATA,0.0,0.06535029402325952,4539.0625,24.508384704589844,-31.690587997436523,0.993603961238376,0.00477078165927434,0.00015781318755315874,7.246656648355857e-05,8.528935778775175e-05,3.112781586822413e-05,1.4445046464607737e-05,1.5081572017102915e-05
oppo-k3+p04_6_1+30cm,oppo-k3,p04,30cm,16000,2.23,INSUFFICIENT_DATA,0.0,0.05287509117880174,5000.0,27.748207092285156,-26.65031623840332,0.9827022450154981,0.012444824551105623,0.0012605309235399046,0.0004520962057889469,0.001401781692621007,0.00010009272488526321,2.384564113184786e-05,1.7527031918657052e-05
oppo-k3+p04_6_1+60cm,oppo-k3,p04,60cm,16000,2.0,INSUFFICIENT_DATA,0.0,0.10508788553017114,5000.0,25.79492950439453,-29.977075576782227,0.9943041071308376,0.003268867557892867,0.00021883085718197226,0.0002804670450774069,0.0007692098003791255,8.108460226370862e-05,2.424224357114194e-05,2.5684094794889393e-05
oppo-k3+p04_6_2+100cm,oppo-k3,p04,100cm,16000,1.947,INSUFFICIENT_DATA,0.0,0.06878529081787305,4281.25,23.382904052734375,-29.556377410888672,0.9995433807964105,0.0002763293168287145,3.427563563349921e-05,5.0385108783966914e-05,5.729820925119904e-05,1.089101459713482e-05,6.222900595250832e-06,6.119685911010112e-06
oppo-k3+p04_6_2+10cm,oppo-k3,p04,10cm,16000,2.275,INSUFFICIENT_DATA,0.0,0.053276163026530286,5000.0,24.720603942871094,-25.679656982421875,0.9947609398716104,0.003395894468646983,0.00026399495070121375,0.00032762730874434756,0.0004918590603575176,5.2282977240457086e-05,1.7097592124670807e-05,3.15070869209921e-05
oppo-k3+p04_6_2+150cm,oppo-k3,p04,150cm,16000,2.275,INSUFFICIENT_DATA,0.0,0.0489545990907565,4593.75,25.626686096191406,-28.475778579711914,0.9987103421315999,0.0009804696055790557,5.3407765388543105e-05,8.141268517282227e-05,0.00010586936924580829,1.4982076770461085e-05,7.490180805686611e-06,1.3480075000427523e-05
oppo-k3+p04_6_3+100cm,oppo-k3,p04,100cm,16000,2.296,INSUFFICIENT_DATA,0.0,0.06675213989365708,4390.625,13.886749267578125,-32.1237678527832,0.9990534219710834,0.0007047918443784945,0.00017409543285018073,2.1416241530702935e-05,1.318789288892508e-05,5.9819863029340335e-06,4.5377232469270255e-06,4.371357753252368e-06
oppo-k3+p04_6_3+10cm,oppo-k3,p04,10cm,16000,2.296,INSUFFICIENT_DATA,0.0,0.020134053399525002,5000.0,26.055152893066406,-27.161283493041992,0.9859754022853985,0.007486671810382262,0.0026115367766199045,0.0010694670768122078,0.001173136199974654,0.00012955573886468488,6.726389082194987e-05,7.54838028918092e-05
oppo-k3+p04_6_3+200cm,oppo-k3,p04,200cm,16000,2.296,INSUFFICIENT_DATA,0.0,0.03321395065234241,4265.625,24.345802307128906,-28.81903076171875,0.9983813620257646,0.0013216424319996845,0.00012189394254206322,6.655729216799872e-05,6.0703124155175695e-05,1.4125399673760461e-05,6.6226178048410196e-06,8.524615595965344e-06
oppo-k3+p04_6_3+300cm,oppo-k3,p04,300cm,16000,2.296,INSUFFICIENT_DATA,0.0,0.009395784281278245,6007.8125,8.1658935546875,-33.07185363769531,0.998662440829484,0.001173260727973461,0.00012033965760832222,1.4212190400562088e-05,2.9611489895698923e-06,2.393869913131126e-06,2.5780477689467196e-06,1.6973784046187132e-06
oppo-k3+p04_6_3+30cm,oppo-k3,p04,30cm,16000,2.296,INSUFFICIENT_DATA,0.0,0.04103657474304169,5000.0,28.76983642578125,-25.802814483642578,0.9778365025516763,0.01850420025556252,0.0011704565449010573,0.00037555287145840763,0.001052868933416348,8.416285521906593e-05,2.0346316213665558e-05,1.4644023577180709e-05
oppo-k3+p04_6_3+60cm,oppo-k3,p04,60cm,16000,2.685,INSUFFICIENT_DATA,0.0,0.05132611491151385,5000.0,21.83649444580078,-25.92693328857422,0.9948562390507362,0.002907047695327601,0.0004816842976244909,0.00017935923948460863,0.00036993541374199146,3.871546813672098e-05,1.6205805463056707e-05,1.994657124471252e-05
oppo-k3+p04_6_4+10cm,oppo-k3,p04,10cm,16000,2.091,INSUFFICIENT_DATA,0.0,0.017808326196779387,5000.0,37.79441833496094,-37.81884765625,0.8556276018155649,0.031406914998838326,0.004284386279709006,0.009272560738060176,0.037857393857600355,0.0030840935262878228,0.0005892124836605173,0.0007475682381313702
oppo-k3+p04_6_4+150cm,oppo-k3,p04,150cm,16000,2.152,INSUFFICIENT_DATA,0.0,0.04782925962948224,4875.0,22.225685119628906,-28.713857650756836,0.9872537987330049,0.012313556275301915,0.0001359684189468972,7.940995230954338e-05,0.00010902005847525306,3.481962019327518e-05,1.0612516483518857e-05,1.4479840001771977e-05
oppo-k3+p04_6_4+300cm,oppo-k3,p04,300cm,16000,2.091,INSUFFICIENT_DATA,0.0,0.01758128161873337,4390.625,8.677536010742188,-37.94941329956055,0.9968806041033674,0.002248867355997033,6.71341979608677e-05,1.3208655458119517e-05,1.2023363863724619e-05,6.862078478143874e-06,7.734761383888646e-06,4.976976829399643e-06
oppo-k3+p04_6_4+60cm,oppo-k3,p04,60cm,16000,2.152,INSUFFICIENT_DATA,0.0,0.051056358556454066,5000.0,27.01024627685547,-27.10854721069336,0.9965021323373585,0.0018166211719474533,0.00014848763948946598,0.00026879213535266577,0.0005296660840764663,4.8860117755413584e-05,1.6088059131496824e-05,2.5188057864996066e-05
oppo-k3+p05_1_1+100cm,oppo-k3,p05,100cm,16000,1.09,INSUFFICIENT_DATA,0.0,0.03755627672650298,4210.9375,10.834785461425781,-34.70233154296875,0.9988023346556896,0.0009265795225638409,0.00012748903123792387,1.5827285526384646e-05,4.08383622708307e-06,3.1539403417248642e-06,3.1904348150090664e-06,2.418824329401098e-06
oppo-k3+p05_1_1+10cm,oppo-k3,p05,10cm,16000,1.336,INSUFFICIENT_DATA,0.0,0.009662044111390062,5000.0,33.15734100341797,-40.36177062988281,0.9435797884883561,0.01263590086452043,0.008167430985780311,0.003930457026390576,0.012168869145647751,0.0011151341938936755,0.00040637342197689073,0.0003552282265972173
oppo-k3+p05_1_1+150cm,oppo-k3,p05,150cm,16000,1.512,INSUFFICIENT_DATA,0.0,0.11005431623409771,6039.0625,7.223655700683594,-42.18560028076172,0.9979123077622755,0.001389129758575676,0.0005285306687131271,3.473241851485517e-05,1.6465680625506228e-05,1.662728316539533e-05,1.787531306408922e-05,1.2493526751046397e-05
oppo-k3+p05_1_1+30cm,oppo-k3,p05,30cm,16000,1.336,INSUFFICIENT_DATA,0.0,0.18977908705110466,5000.0,49.00965881347656,-45.47877502441406,0.2737881883194157,0.042631861845306936,0.0026697411097650996,0.05486943397323428,0.303338929570247,0.015206881166183878,0.0009854311435083833,0.001455450152576047
oppo-k3+p05_1_2+100cm,oppo-k3,p05,100cm,16000,1.046,INSUFFICIENT_DATA,0.0,0.03297036968751287,4257.8125,8.695709228515625,-32.986000061035156,0.9991694120328402,0.000662877542844742,0.00011086407421779165,2.0609291066781427e-05,3.753579338383516e-06,2.4771133828220358e-06,2.464499021786487e-06,1.9309402421600135e-06
oppo-k3+p05_1_2+200cm,oppo-k3,p05,200cm,16000,1.046,INSUFFICIENT_DATA,0.0,0.16792272961843516,6007.8125,7.559814453125,-42.62702178955078,0.9973919160582632,0.0020765270643093824,0.0002888881589610793,5.780711479408039e-05,2.4647210180142838e-05,2.3131860643911494e-05,2.3609530825475996e-05,1.6379368811270674e-05
oppo-k3+p05_1_2+30cm,oppo-k3,p05,30cm,16000,1.345,INSUFFICIENT_DATA,0.0,0.024445286173882422,5000.0,30.596343994140625,-24.400104522705078,0.9927402285332689,0.004596977204656773,0.0004904809790439105,0.00020295174663495516,0.0006858887002610369,4.308801317783975e-05,9.398447075157999e-06,6.391311118810044e-06
oppo-k3+p05_1_2+60cm,oppo-k3,p05,60cm,16000,1.345,INSUFFICIENT_DATA,0.0,0.01818725407843215,5000.0,19.400733947753906,-21.099090576171875,0.9970513700821005,0.0020632185262859743,0.0003129042796047623,0.00010196001818064105,0.00016966546150370488,1.679963933647228e-05,8.044757500565544e-06,8.711598070574258e-06
oppo-k3+p05_1_3+10cm,oppo-k3,p05,10cm,16000,1.221,INSUFFICIENT_DATA,0.0,0.02286201871754332,5000.0,25.815994262695312,-30.062145233154297,0.9890626016407281,0.00303639586148858,0.004115173795120763,0.000778470448767182,0.0013526769835185512,0.0001190679385158319,7.275366034655142e-05,0.00010093812314679458
oppo-k3+p05_1_3+150cm,oppo-k3,p05,150cm,16000,1.221,INSUFFICIENT_DATA,0.0,0.07848870412071188,4375.0,19.62451171875,-29.595321655273438,0.9976047689702157,0.0013602361110694407,0.0009204908807635636,4.0510881988619465e-05,2.1175695820077107e-05,6.523471448663213e-06,6.388846702985521e-06,2.493975118844314e-06
oppo-k3+p05_1_3+200cm,oppo-k3,p05,200cm,16000,1.221,INSUFFICIENT_DATA,0.0,0.08478950238254655,6015.625,8.3642578125,-33.085906982421875,0.9989253419607746,0.0009763069164115099,4.071929681457476e-05,4.1171099312769015e-06,2.7836496464889678e-06,2.4758310682875394e-06,2.6568874269768923e-06,1.9147918224404775e-06
oppo-k3+p05_1_3+300cm,oppo-k3,p05,300cm,16000,1.255,INSUFFICIENT_DATA,0.0,0.06811704770565673,6039.0625,6.673027038574219,-37.173683166503906,0.9983386506165866,0.0011327104064152152,0.00031211367122707103,1.1873155742293863e-05,5.8356315251891505e-06,5.541235469934997e-06,6.003320473921844e-06,4.379492412012342e-06
oppo-k3+p05_1_3+30cm,oppo-k3,p05,30cm,16000,1.255,INSUFFICIENT_DATA,0.0,0.017411922121424988,5000.0,33.495323181152344,-25.881351470947266,0.9949830551592735,0.002218292858432377,0.00045839527668081016,0.00025265762858150286,0.0009397444202009623,5.075403035101252e-05,8.450565201276393e-06,7.077362037933077e-06
oppo-k3+p05_1_4+100cm,oppo-k3,p05,100cm,16000,1.285,INSUFFICIENT_DATA,0.0,0.06199435230838193,4500.0,12.590065002441406,-30.170106887817383,0.9971168857841515,0.001410495476801774,0.001034802174343312,4.133804068765978e-05,1.2616410155077388e-05,5.01947777216312e-06,3.4612069925591116e-06,2.9088958678098424e-06
oppo-k3+p05_1_4+10cm,oppo-k3,p05,10cm,16000,1.285,INSUFFICIENT_DATA,0.0,0.022420676518522142,5000.0,22.130821228027344,-26.908756256103516,0.9930487106735745,0.001678638739993739,0.002695406969640476,0.0006112711533507675,0.0006959237533052751,6.925143164601035e-05,7.05559759350192e-05,4.7460396572448176e-05
oppo-k3+p05_1_4+300cm,oppo-k3,p05,300cm,16000,1.48,INSUFFICIENT_DATA,0.0,0.13657800468283296,6015.625,8.680335998535156,-37.03098678588867,0.9996613261730706,0.00019772523694980523,8.208274378924075e-05,9.11412212232961e-06,5.780643174500353e-06,5.627712535215192e-06,5.954393334350696e-06,4.136684152878844e-06
oppo-k3+p05_1_5+100cm,oppo-k3,p05,100cm,16000,1.569,INSUFFICIENT_DATA,0.0,0.12716344711357458,4500.0,7.488037109375,-32.7945442199707,0.9986977189350964,0.0008775234145482866,0.00027324272712075937,1.3688800059464981e-05,2.755594969933159e-06,2.1139873247665074e-06,2.2690183124559753e-06,1.7257345866937131e-06
oppo-k3+p05_1_5+10cm,oppo-k3,p05,10cm,16000,1.345,INSUFFICIENT_DATA,0.0,0.03120837066585858,5000.0,27.182579040527344,-30.00908660888672,0.9850688230897546,0.005336703662532003,0.004898814297518733,0.0007253311917488457,0.0013452778076527615,0.00014140181645019774,8.211249970781914e-05,6.380634811825759e-05
oppo-k3+p05_1_5+150cm,oppo-k3,p05,150cm,16000,1.569,INSUFFICIENT_DATA,0.0,0.09264344021415996,4507.8125,10.621414184570312,-29.823326110839844,0.9969599084555005,0.0016625447131842128,0.0009341281642949932,4.08818844376138e-05,1.4307017019634897e-05,7.146580517244428e-06,5.338346145349068e-06,2.646847674957647e-06
oppo-k3+p05_1_5+300cm,oppo-k3,p05,300cm,16000,1.345,INSUFFICIENT_DATA,0.0,0.14021276332403756,6156.25,7.022315979003906,-37.710147857666016,0.998630230349914,0.0007668721912078765,0.000305742621027032,1.7498109519694682e-05,8.22189561337881e-06,6.589811653311718e-06,6.742153457916118e-06,5.019046985357608e-06
oppo-k3+p05_1_5+60cm,oppo-k3,p05,60cm,16000,1.345,INSUFFICIENT_DATA,0.0,0.04661374579458598,5000.0,25.208770751953125,-24.630054473876953,0.9947529419266309,0.0034926848386222227,0.0008981896390729247,0.00013742630490377455,0.00024713154796807715,2.7772190629974196e-05,1.5354777516461244e-05,1.1136457044857421e-05
oppo-k3+p05_2_1+100cm,oppo-k3,p05,100cm,16000,1.315,INSUFFICIENT_DATA,0.0,0.08019071805478235,4882.8125,10.624473571777344,-31.971986770629883,0.9978962257799884,0.0007441396835600405,0.0012304719306287211,3.9980214118666184e-05,1.5061121961737537e-05,5.583252039507278e-06,5.2829098291948996e-06,3.1560512606736347e-06
oppo-k3+p05_2_1+10cm,oppo-k3,p05,10cm,16000,1.322,INSUFFICIENT_DATA,0.0,0.038709370334940436,5000.0,24.44397735595703,-29.247669219970703,0.9888105806558753,0.0035364597556177676,0.003139682753781584,0.0014939972881394645,0.0011358829794956267,0.0001281228636501681,7.41685740635112e-05,8.510387604491496e-05
oppo-k3+p05_2_1+200cm,oppo-k3,p05,200cm,16000,1.322,INSUFFICIENT_DATA,0.0,0.09932138500548333,4375.0,7.189323425292969,-31.224023818969727,0.9989197547979887,0.0007187998163687672,0.0002811875016326206,1.9443199950344076e-05,6.503363192045942e-06,3.1133205951249054e-06,2.950231926951272e-06,2.1564989283167526e-06
oppo-k3+p05_2_1+300cm,oppo-k3,p05,300cm,16000,1.315,INSUFFICIENT_DATA,0.0,0.08035929066624287,5859.375,7.143707275390625,-36.78910827636719,0.9988231804597894,0.0007895992360926781,0.00031979328627524425,1.1467627980558014e-05,6.17540756745018e-06,5.424775576972552e-06,5.741880482128235e-06,3.991922874376959e-06
oppo-k3+p05_2_1+30cm,oppo-k3,p05,30cm,16000,1.45,INSUFFICIENT_DATA,0.0,0.0336166552572477,5000.0,33.62682342529297,-28.215076446533203,0.9911918150148137,0.00399008487458177,0.0005477575676900309,0.00043046358321990316,0.0018934661165301734,9.878368479972106e-05,1.4188127493669634e-05,9.30045832287461e-06
oppo-k3+p05_2_1+60cm,oppo-k3,p05,60cm,16000,1.315,INSUFFICIENT_DATA,0.0,0.03515175262925794,5000.0,27.473831176757812,-25.58916473388672,0.995590497954142,0.002978894277824274,0.0006278929518820568,0.0001365289681082686,0.00025593878323194955,2.958565038365907e-05,1.6955549918731858e-05,1.1262788841086902e-05
oppo-k3+p05_2_2+100cm,oppo-k3,p05,100cm,16000,1.39,INSUFFICIENT_DATA,0.0,0.19473235235855668,4281.25,15.480247497558594,-32.83720016479492,0.9992200629356497,0.00033885130730983604,0.00027663598916203327,0.00012504988909996188,1.3441532790231325e-05,4.33558668768662e-06,2.8534579577685186e-06,2.087447525796876e-06
oppo-k3+p05_2_2+10cm,oppo-k3,p05,10cm,16000,1.255,INSUFFICIENT_DATA,0.0,0.07338735028230459,5000.0,26.37091827392578,-33.428627014160156,0.9857172402682656,0.0035507481269646214,0.0017646638812390397,0.0020684218937783868,0.003019516547651108,0.0002763634835453614,0.00010383892152408691,0.00016626892525245803
oppo-k3+p05_2_2+150cm,oppo-k3,p05,150cm,16000,1.255,INSUFFICIENT_DATA,0.0,0.06843233074270821,4500.0,11.866348266601562,-30.276264190673828,0.9982358693453203,0.0008576861728484448,0.0007211603274913335,8.515877700857818e-05,1.4011892453970087e-05,4.012479267677368e-06,2.582076748024485e-06,1.8969263536857668e-06
oppo-k3+p05_2_2+200cm,oppo-k3,p05,200cm,16000,1.255,INSUFFICIENT_DATA,0.0,0.06503109362220445,4492.1875,14.249458312988281,-33.13056564331055,0.9980613227535639,0.0008335096978336562,0.0008747734064085598,0.00011046256644803498,1.7366953086657687e-05,6.5296245014514745e-06,3.887447320266441e-06,2.0623646724450613e-06
oppo-k3+p05_2_2+300cm,oppo-k3,p05,300cm,16000,1.375,INSUFFICIENT_DATA,0.0,0.20116100164482523,4281.25,10.132286071777344,-37.872928619384766,0.9992640423782653,0.0003629303895499721,0.00024077073142806087,7.138120351596657e-05,1.6090454909200794e-05,9.164873664229216e-06,7.3463476845481456e-06,5.114981259028149e-06
oppo-k3+p05_2_2+30cm,oppo-k3,p05,30cm,16000,1.375,INSUFFICIENT_DATA,0.0,0.03493786490428226,5000.0,26.326004028320312,-24.470558166503906,0.9927998686122471,0.004271270951926261,0.0007995311616251067,0.0002219909697365428,0.0007189977863035196,4.501869437828191e-05,1.453796906776065e-05,7.8207818963304e-06
oppo-k3+p05_2_2+60cm,oppo-k3,p05,60cm,16000,1.375,INSUFFICIENT_DATA,0.0,0.08888450172349317,4101.5625,17.21728515625,-20.44696617126465,0.995874551448459,0.0027234754368056823,0.0006024342552905568,0.00012961907726739892,0.00016914658281468137,1.8633120358750946e-05,1.0142835238100785e-05,8.624977031381617e-06
oppo-k3+p05_2_3+10cm,oppo-k3,p05,10cm,16000,1.39,INSUFFICIENT_DATA,0.0,0.08895877009731089,5000.0,28.318092346191406,-35.171783447265625,0.9826208071952466,0.003166029762465454,0.003185062859069799,0.00213765201751198,0.003763653275517867,0.0003352166799372508,0.00016683851063332367,0.00018615193113331025
oppo-k3+p05_2_3+30cm,oppo-k3,p05,30cm,16000,1.39,INSUFFICIENT_DATA,0.0,0.04642620738562595,5000.0,29.19428253173828,-27.319347381591797,0.9915272570494971,0.0030616809208957674,0.0012539200625327589,0.00044323758323560155,0.0016777904187403594,8.96808978777868e-05,1.6711426124229564e-05,1.5124498778770708e-05
oppo-k3+p05_2_3+60cm,oppo-k3,p05,60cm,16000,1.39,INSUFFICIENT_DATA,0.0,0.10408226777001292,5000.0,20.506668090820312,-22.27113914489746,0.9959616411615755,0.0024554488836415482,0.0007109790870912734,0.00015377247843785524,0.00021001876984956316,2.1805052158537067e-05,1.3102617676834243e-05,1.159734643334063e-05
oppo-k3+p05_2_4+100cm,oppo-k3,p05,100cm,16000,1.39,INSUFFICIENT_DATA,0.0,0.06218440008116652,4125.0,19.709762573242188,-28.565046310424805,0.9960463850988077,0.0029137750175167875,0.00030491490567892025,6.566804030022508e-05,5.561400881227126e-05,1.2149018956132667e-05,7.033617919322816e-06,7.79886408649853e-06
oppo-k3+p05_2_4+10cm,oppo-k3,p05,10cm,16000,1.39,INSUFFICIENT_DATA,0.0,0.0161161450412462,5000.0,28.41156768798828,-31.827678680419922,0.9864302384646256,0.0042149727962803255,0.0021268983000911823,0.0012822049518697622,0.002274053256924014,0.00020017403622644812,8.62985656213706e-05,0.0001241824568166229
oppo-k3+p05_2_4+150cm,oppo-k3,p05,150cm,16000,1.497,INSUFFICIENT_DATA,0.0,0.09953677852259712,4757.8125,8.605735778808594,-28.435482025146484,0.9991591056557916,0.00029572351253284864,0.0003524207984226312,0.00014913333723339613,2.2892950471523617e-05,5.620769182557216e-06,2.404845342964448e-06,1.555169242070039e-06
oppo-k3+p05_2_4+200cm,oppo-k3,p05,200cm,16000,1.39,INSUFFICIENT_DATA,0.0,0.07627313213943646,5421.875,12.747177124023438,-31.494808197021484,0.9995555635685713,6.62190854667242e-05,0.00022694531302998793,0.00012387113014211964,1.3726299341223711e-05,4.095710668211073e-06,2.194420709250225e-06,1.4299462462459664e-06
oppo-k3+p05_2_4+300cm,oppo-k3,p05,300cm,16000,1.39,INSUFFICIENT_DATA,0.0,0.10031692610880596,4187.5,10.3175048828125,-35.635494232177734,0.9993951363734941,0.00021707019872873028,0.00026977055023385995,8.480530105658378e-05,1.1025515617720631e-05,5.674612902926278e-06,4.460544034502613e-06,3.0964754663579126e-06
oppo-k3+p05_2_4+30cm,oppo-k3,p05,30cm,16000,1.497,INSUFFICIENT_DATA,0.0,0.0770346825810384,5000.0,29.12091064453125,-24.06317710876465,0.9952365292474631,0.002573903019150899,0.0002580331564573842,0.00024628991569908406,0.0007924851776174602,4.1461446395048525e-05,7.625982067025641e-06,6.171182417784026e-06
oppo-k3+p05_2_5+100cm,oppo-k3,p05,100cm,16000,1.212,INSUFFICIENT_DATA,0.0,0.130805777179259,4125.0,18.956748962402344,-29.397260665893555,0.9970296071047806,0.0019666275341682373,0.0003367768212328052,4.59046052602631e-05,3.965187517024474e-05,8.997519613172253e-06,4.465267574355318e-06,6.75155169172443e-06
oppo-k3+p05_2_5+10cm,oppo-k3,p05,10cm,16000,1.764,INSUFFICIENT_DATA,0.0,0.04645691573813193,5000.0,27.134849548339844,-30.14833641052246,0.9929488286907022,0.002566367367997466,0.00045127220188209547,0.0008418607974268753,0.0013196251927580947,0.00013017193366035668,5.012152594913833e-05,8.245702524323827e-05
oppo-k3+p05_2_5+150cm,oppo-k3,p05,150cm,16000,1.764,INSUFFICIENT_DATA,0.0,0.13486176119128934,4125.0,20.565277099609375,-29.626598358154297,0.9968924512020472,0.002063066774729735,0.00030271508616352326,5.308896186714056e-05,5.4956056012821714e-05,1.4684586128874643e-05,5.180084545866315e-06,8.064332310766969e-06
oppo-k3+p05_2_5+30cm,oppo-k3,p05,30cm,16000,1.212,INSUFFICIENT_DATA,0.0,0.11925834192394609,5000.0,35.41143798828125,-30.126523971557617,0.9896704679700198,0.002347840385767984,0.0015485345080997162,0.0006604502193887814,0.002872904499516486,0.0001453419235245693,2.105530366459999e-05,1.4559220071541701e-05
oppo-k3+p05_2_5+60cm,oppo-k3,p05,60cm,16000,1.764,INSUFFICIENT_DATA,0.0,0.03828621770095361,5000.0,21.781784057617188,-23.398292541503906,0.9956280866765426,0.0033035820225011947,0.00020684881794472422,0.0001794249863275048,0.00023239432493730587,2.437146126884692e-05,1.1070255414246291e-05,1.2651566742310069e-05
oppo-k3+p05_3_1+300cm,oppo-k3,p05,300cm,16000,1.405,INSUFFICIENT_DATA,0.0,0.15302623902331058,4218.75,13.921180725097656,-38.090389251708984,0.9993049844667811,0.0004475422744071202,7.143078709590134e-05,7.26422070963301e-05,1.3582575741186353e-05,8.421737789945002e-06,8.35143654305033e-06,5.405266381374684e-06
oppo-k3+p05_3_1+30cm,oppo-k3,p05,30cm,16000,1.345,INSUFFICIENT_DATA,0.0,0.11013908646172531,5000.0,37.56578063964844,-32.05398941040039,0.9817813256702995,0.006857133510512816,0.00026952009024930465,0.0010180056365973829,0.004875388887068195,0.00024288907614711394,2.6347041321979594e-05,3.0630927953953915e-05
oppo-k3+p05_3_2+100cm,oppo-k3,p05,100cm,16000,1.42,INSUFFICIENT_DATA,0.0,0.12466138898258858,4187.5,8.583473205566406,-30.25613784790039,0.9983621431367545,0.0012594013000928426,0.00010614563796204937,0.0001569291720876961,1.272093628382042e-05,6.012229499596944e-06,3.2448379910834557e-06,2.305131984993196e-06
oppo-k3+p05_3_2+10cm,oppo-k3,p05,10cm,16000,1.42,INSUFFICIENT_DATA,0.0,0.059878809879345914,5000.0,29.183631896972656,-35.255043029785156,0.9816976245924522,0.003968252415710062,0.0007065035359207817,0.003438395690135284,0.004259988534087636,0.00035101430561684745,0.0001335135805645777,0.000278844037408064
oppo-k3+p05_3_2+150cm,oppo-k3,p05,150cm,16000,1.42,INSUFFICIENT_DATA,0.0,0.08890464958065622,4109.375,12.288314819335938,-28.7730712890625,0.9962669551340498,0.0029689049043648934,8.785027613373092e-05,7.533052960807818e-05,3.997640291114203e-05,1.415127393267076e-05,6.294802814751709e-06,4.707576019856622e-06
oppo-k3+p05_3_2+30cm,oppo-k3,p05,30cm,16000,1.405,INSUFFICIENT_DATA,0.0,0.3839396589310937,5000.0,40.183815002441406,-34.74238967895508,0.9587355107555107,0.002878805962508982,0.00013526730189760157,0.0033590604741981717,0.017230878618267016,0.0008332626616061186,5.913102973587924e-05,6.793460541914962e-05
oppo-k3+p05_3_3+100cm,oppo-k3,p05,100cm,16000,1.068,INSUFFICIENT_DATA,0.0,0.12031016608645853,4578.125,12.561195373535156,-29.709169387817383,0.9993219710730572,0.0004917802792232565,0.00014671278186344276,1.1936651516116207e-05,9.856975704442796e-06,4.248459548933912e-06,2.448816294668856e-06,2.2044640182687178e-06
oppo-k3+p05_3_3+150cm,oppo-k3,p05,150cm,16000,1.068,INSUFFICIENT_DATA,0.0,0.1648091634652091,4664.0625,18.41424560546875,-28.299121856689453,0.9985279704554479,0.001050540965427299,0.00022101871624233263,2.64325734478774e-05,3.055506938813975e-05,1.1932888135843039e-05,4.448705641983649e-06,6.061246135715391e-06
oppo-k3+p05_3_3+200cm,oppo-k3,p05,200cm,16000,1.539,INSUFFICIENT_DATA,0.0,0.1635034524476054,5468.75,13.332229614257812,-28.998336791992188,0.9984243299458606,0.0013563907917655063,0.00012469557864975046,2.9286557355009744e-05,1.600772449422123e-05,6.900035895254553e-06,3.2631739356261055e-06,2.5746231165202907e-06
oppo-k3+p05_3_3+60cm,oppo-k3,p05,60cm,16000,1.539,INSUFFICIENT_DATA,0.0,0.11547570100036762,5000.0,22.274795532226562,-21.867645263671875,0.9984671438427707,0.0009526661830728616,0.00013570600344421296,0.00010441154808162186,0.00017560120555902477,1.4386791044529602e-05,5.77337049618075e-06,7.858969432578976e-06
oppo-k3+p05_3_4+10cm,oppo-k3,p05,10cm,16000,1.336,INSUFFICIENT_DATA,0.0,0.012395420571292821,5000.0,31.325881958007812,-36.185394287109375,0.95825615785963,0.010192048953085115,0.011610239378420999,0.0030696400023307773,0.006541157427372014,0.0006583328195176793,0.000354176005070346,0.0002443329440992102
oppo-k3+p05_3_4+150cm,oppo-k3,p05,150cm,16000,1.336,INSUFFICIENT_DATA,0.0,0.20662657342477053,4867.1875,17.52521514892578,-31.26569366455078,0.993892045378852,0.0032836206576355646,0.0023256581196820026,0.00019143747108933326,5.1644150162882124e-05,1.84462671665285e-05,9.099403051634381e-06,9.855378744062074e-06
oppo-k3+p05_3_4+200cm,oppo-k3,p05,200cm,16000,1.336,INSUFFICIENT_DATA,0.0,0.11635816030046488,6359.375,7.6520538330078125,-37.38401794433594,0.9968847872810775,0.0027773667282949676,6.689408116953915e-05,1.3209080571608032e-05,7.5288415008932284e-06,7.1389962922095495e-06,7.894002481092682e-06,5.2982048591940115e-06
oppo-k3+p05_3_4+300cm,oppo-k3,p05,300cm,16000,1.336,INSUFFICIENT_DATA,0.0,0.06477641864147603,5125.0,9.406753540039062,-38.7347526550293,0.9944180785217972,0.0035277826821411037,0.0016821882394693643,0.0001242118179229018,1.463362903205832e-05,1.171651682737245e-05,9.005546271109886e-06,6.063290479853369e-06
oppo-k3+p05_3_4+30cm,oppo-k3,p05,30cm,16000,1.09,INSUFFICIENT_DATA,0.0,0.04541450696833906,5000.0,25.755615234375,-25.509862899780273,0.9946970831658704,0.002489966180855785,0.0007291851286571753,0.00030173847634275367,0.0008972659417704085,4.7225832622858175e-05,1.1731033051884534e-05,7.872490096505193e-06
oppo-k3+p05_3_4+60cm,oppo-k3,p05,60cm,16000,1.09,INSUFFICIENT_DATA,0.0,0.03278106528645367,4117.1875,19.139076232910156,-19.98752212524414,0.9974456020742006,0.0015621629673877352,0.0005671402426335845,0.00010649830271054872,0.00015694193487388302,1.3298939928583959e-05,1.1826315296208087e-05,8.866111929528566e-06
oppo-k3+p05_3_5+10cm,oppo-k3,p05,10cm,16000,1.33,INSUFFICIENT_DATA,0.0,0.027269920539017348,5000.0,27.72027587890625,-31.673725128173828,0.9878181598110168,0.0024382989349512703,0.0032940373587698425,0.0013221375851826377,0.0021807695026481804,0.00019737027314665443,0.00012771584021947633,0.00014998369678338486
oppo-k3+p05_3_5+200cm,oppo-k3,p05,200cm,16000,1.481,INSUFFICIENT_DATA,0.0,0.055449808971834685,4148.4375,8.819442749023438,-30.65542221069336,0.998504905970793,0.0004963903293633162,0.0009242787238843958,2.9092490382421846e-05,4.000413073094196e-06,2.1553949172388424e-06,1.6533448888252658e-06,1.2982106895847367e-06
oppo-k3+p05_3_5+30cm,oppo-k3,p05,30cm,16000,1.481,INSUFFICIENT_DATA,0.0,0.03476457181984173,5000.0,30.78057861328125,-28.46103858947754,0.9916861445440887,0.0030379904804643306,0.0008645844279788783,0.000404141127350464,0.0015294545567418616,9.322593852685542e-05,2.0367095632980152e-05,1.169337386939956e-05
oppo-k3+p05_3_5+60cm,oppo-k3,p05,60cm,16000,1.33,INSUFFICIENT_DATA,0.0,0.06449767366515671,4101.5625,23.39826202392578,-20.132747650146484,0.9968284157141178,0.0019505297446285768,0.0004941105786752344,0.00010253957265354819,0.00016825067583045445,1.5025391880130088e-05,1.1390608084881516e-05,7.448980140278477e-06
oppo-k3+p05_4_1+10cm,oppo-k3,p05,10cm,16000,1.45,INSUFFICIENT_DATA,0.0,0.03908751091355701,5000.0,27.170928955078125,-31.322795867919922,0.988885660891712,0.0035039961409735585,0.002218215188066116,0.0008890763373976897,0.0018889660309524528,0.00016640309316841303,6.942479898394563e-05,8.691626240014116e-05
oppo-k3+p05_4_1+200cm,oppo-k3,p05,200cm,16000,1.45,INSUFFICIENT_DATA,0.0,0.09200165558560637,4484.375,8.460914611816406,-33.08827209472656,0.9979278669513206,0.0018914747401303973,6.142958748817861e-05,1.69740909546178e-05,5.853418307595101e-06,4.598915447995528e-06,3.335637595669293e-06,2.30477636007025e-06
oppo-k3+p05_4_1+300cm,oppo-k3,p05,300cm,16000,1.45,INSUFFICIENT_DATA,0.0,0.07426274821093096,6007.8125,6.376960754394531,-36.77798843383789,0.9978308072868544,0.0012755619002682264,0.0007505910810576844,1.773286709838233e-05,6.374268014966092e-06,5.2597519577537316e-06,5.330007580259775e-06,3.9074832604616695e-06
oppo-k3+p05_4_1+30cm,oppo-k3,p05,30cm,16000,1.315,INSUFFICIENT_DATA,0.0,0.20778391748769956,5000.0,43.34761047363281,-29.869121551513672,0.9288488766635687,0.00572723714777007,0.0009606206346722174,0.005439011028142721,0.028906497902888923,0.0013986955485883188,0.00010050280133781129,0.00014403715902729339
oppo-k3+p05_4_2+100cm,oppo-k3,p05,100cm,16000,1.42,INSUFFICIENT_DATA,0.0,0.05939611306542721,4257.8125,12.691825866699219,-32.66102981567383,0.9984625386342318,0.0005673519593332164,0.000868966025549831,2.3805015854726498e-05,1.4147517910622022e-05,6.650667390247462e-06,5.314151279404765e-06,2.4447548797234536e-06
oppo-k3+p05_4_2+10cm,oppo-k3,p05,10cm,16000,1.42,INSUFFICIENT_DATA,0.0,0.0186821639077003,5000.0,24.5325927734375,-32.234500885009766,0.9771808338271899,0.005864873022483466,0.00960637334528062,0.0011411308153453828,0.0023447245146673147,0.0002617563153890461,0.0001138678282462183,0.00011279085296610078
oppo-k3+p05_4_2+30cm,oppo-k3,p05,30cm,16000,1.24,INSUFFICIENT_DATA,0.0,0.019607484944966773,5000.0,25.59595489501953,-24.05937957763672,0.9927650834490017,0.005452567651897086,0.0004059134429369581,0.00019391213192371208,0.0004927026568851311,3.431525540626982e-05,8.860258667840941e-06,6.171993703961383e-06
oppo-k3+p05_4_3+10cm,oppo-k3,p05,10cm,16000,1.345,INSUFFICIENT_DATA,0.0,0.014563243642078335,5000.0,25.498046875,-31.23187255859375,0.9891777080688522,0.0035605152877513815,0.0018421291047784904,0.0010716467420283267,0.0017664210894714621,0.0001659499922689096,8.26865652047431e-05,0.00010357181390273398
oppo-k3+p05_4_3+150cm,oppo-k3,p05,150cm,16000,1.046,INSUFFICIENT_DATA,0.0,0.06345615749580297,4132.8125,25.23273468017578,-29.500812530517578,0.9979747861929252,0.001482792430077707,0.0003051446327369081,9.06062620662039e-05,7.618714544818187e-05,1.0570665596536912e-05,6.495512109110994e-06,1.0505666754688167e-05
oppo-k3+p05_4_3+200cm,oppo-k3,p05,200cm,16000,1.345,INSUFFICIENT_DATA,0.0,0.0994757010956331,4562.5,13.790328979492188,-36.211029052734375,0.9990872380627824,0.0005498829193499094,0.00025391107632691837,5.901937325939514e-05,1.1386231501332633e-05,8.40415003433977e-06,6.121294852168566e-06,3.7929467003987786e-06
oppo-k3+p05_4_3+30cm,oppo-k3,p05,30cm,16000,1.226,INSUFFICIENT_DATA,0.0,0.024018596005506255,5000.0,34.00392150878906,-28.2655029296875,0.9925117876887304,0.002409628425582583,0.00015770739021139354,0.0003973645962388209,0.0017853949084404397,9.031115485284429e-05,1.0193626984830167e-05,1.0947179602437466e-05
oppo-k3+p05_4_3+60cm,oppo-k3,p05,60cm,16000,1.046,INSUFFICIENT_DATA,0.0,0.015351456742942379,5000.0,24.48865509033203,-21.109779357910156,0.9978270101350545,0.0015600240719237976,9.174949430721698e-05,7.889790977802207e-05,0.0001502346560689114,1.1569228887875998e-05,5.254758099213039e-06,6.587491266790403e-06
oppo-k3+p05_4_4+100cm,oppo-k3,p05,100cm,16000,1.42,INSUFFICIENT_DATA,0.0,0.1032368160072399,4242.1875,15.982254028320312,-30.24344253540039,0.9981226469501031,0.0014187185655763525,0.00025533946930995786,3.5489645993640394e-05,2.6173826818448758e-05,6.610535334115843e-06,4.7748250707220195e-06,4.0184987695103024e-06
oppo-k3+p05_4_4+300cm,oppo-k3,p05,300cm,16000,1.764,INSUFFICIENT_DATA,0.0,0.08614252939496127,5148.4375,6.7717437744140625,-36.59364700317383,0.9976231817005027,0.001745050715548034,0.00020935657379922515,1.653429127148707e-05,6.280012220135459e-06,5.839939325459498e-06,5.523925380487958e-06,3.7645536382828257e-06
oppo-k3+p05_4_4+30cm,oppo-k3,p05,30cm,16000,1.764,INSUFFICIENT_DATA,0.0,0.21817657962121906,5000.0,39.571144104003906,-30.958986282348633,0.9628315715625618,0.0033232798485642923,0.0004938983583337919,0.0029245075448878755,0.014978712039896409,0.0007246974196430722,5.1201687802538644e-05,6.660216015460713e-05
oppo-k3+p05_4_4+60cm,oppo-k3,p05,60cm,16000,1.764,INSUFFICIENT_DATA,0.0,0.034199636809353666,5000.0,26.49085235595703,-24.445125579833984,0.9968965177202955,0.0019485044465662935,0.0005503140350989801,0.0001506557223948034,0.00023756376652874747,2.31679203445852e-05,1.3102206251843442e-05,9.159326706931153e-06
oppo-k3+p05_4_5+10cm,oppo-k3,p05,10cm,16000,1.42,INSUFFICIENT_DATA,0.0,0.0041750149313939606,5000.0,31.18505096435547,-30.73270606994629,0.989939413729401,0.003326636381325311,0.0020820539577235176,0.0011098045299034525,0.001522316375030074,0.0001501921204379931,7.456355669178449e-05,0.00010540966492934656
oppo-k3+p05_4_5+150cm,oppo-k3,p05,150cm,16000,1.42,INSUFFICIENT_DATA,0.0,0.04202293811561513,4453.125,17.853622436523438,-29.661029815673828,0.9971417663670022,0.0019876308235614983,0.0007061146487199444,7.64195350299107e-05,2.9193668507369192e-05,9.205128373906527e-06,7.4247162969902045e-06,3.990197056104822e-06
oppo-k3+p05_4_5+200cm,oppo-k3,p05,200cm,16000,1.39,INSUFFICIENT_DATA,0.0,0.03770823962690671,4359.375,20.736099243164062,-28.65363121032715,0.9980453570284697,0.001397063532716518,0.00032447513355845836,6.930514940592521e-05,5.7960588893572375e-05,6.189532756957681e-06,5.469025703071592e-06,6.543331740488471e-06
oppo-k3+p05_4_5+300cm,oppo-k3,p05,300cm,16000,1.42,INSUFFICIENT_DATA,0.0,0.031175445218424438,nan,0.0,-36.03184509277344,0.9981066608302693,0.001224912330198778,0.000571654016492403,3.478023469310293e-05,6.333590047296354e-06,4.965756387940487e-06,4.772183178417646e-06,3.5120792634873375e-06
oppo-k3+p05_4_5+60cm,oppo-k3,p05,60cm,16000,1.326,INSUFFICIENT_DATA,0.0,0.013876338411665742,5000.0,20.833152770996094,-21.89659881591797,0.9955888141196513,0.0035279396555459937,0.0003735520889962097,0.0001244562119363557,0.00020329086411544607,2.726730368080485e-05,1.2831502433796619e-05,8.57415494841979e-06
oppo-k3+p05_5_1+10cm,oppo-k3,p05,10cm,16000,2.092,INSUFFICIENT_DATA,0.0,0.006820052871966783,5000.0,26.454544067382812,-32.72359085083008,0.988807569130128,0.0027844250348366645,0.0017291275493521042,0.001214814707408588,0.0023741415743543846,0.0002158361433853782,9.894762202741104e-05,0.0001740206559920167
oppo-k3+p05_5_1+150cm,oppo-k3,p05,150cm,16000,2.092,INSUFFICIENT_DATA,0.0,0.0710280336658765,4242.1875,14.900428771972656,-28.805797576904297,0.9972118938954248,0.0020799058707941936,0.0005350248950236259,4.8668654520369193e-05,2.7117638688410676e-05,8.090590383690813e-06,4.863488209355942e-06,5.031975431396449e-06
oppo-k3+p05_5_1+200cm,oppo-k3,p05,200cm,16000,2.427,INSUFFICIENT_DATA,0.0,0.029406682686265992,5257.8125,14.526473999023438,-30.63976287841797,0.9968886783945717,0.002382917577850617,0.0006323294906509423,2.4920726995584245e-05,1.2507722646792362e-05,1.0086044778310972e-05,4.67968703220682e-06,2.980606975926239e-06
oppo-k3+p05_5_1+300cm,oppo-k3,p05,300cm,16000,2.092,INSUFFICIENT_DATA,0.0,0.032069790904092246,6007.8125,6.778289794921875,-35.288883209228516,0.9980405222712105,0.0014298303292335694,0.00044740127820997263,1.5818705867944173e-05,5.809078131920851e-06,4.754195013109549e-06,4.4288897397318824e-06,2.977341981823875e-06
oppo-k3+p05_5_2+100cm,oppo-k3,p05,100cm,16000,2.481,INSUFFICIENT_DATA,0.0,0.06602575827016105,4109.375,16.06153106689453,-28.551454544067383,0.9973150374837374,0.0023421379374366728,0.00015874812482022995,4.14492107244508e-05,3.377606794246287e-05,1.0185313145519711e-05,5.25726215178763e-06,4.8787718730406115e-06
oppo-k3+p05_5_2+10cm,oppo-k3,p05,10cm,16000,2.481,INSUFFICIENT_DATA,0.0,0.015085317167873856,5000.0,28.52855682373047,-33.7369384765625,0.9863928391591392,0.0036734377322342033,0.0008039342798481438,0.001465426728112236,0.0032916047982505256,0.0002705263184513977,9.139733086733529e-05,0.00018908277051846962
oppo-k3+p05_5_2+150cm,oppo-k3,p05,150cm,16000,1.48,INSUFFICIENT_DATA,0.0,0.06225560433101027,4765.625,19.09717559814453,-27.754268646240234,0.9973650075932144,0.002128407359850691,0.00026699515797793305,4.0625844332711635e-05,4.357361647658995e-05,1.1354212415972383e-05,5.743338587028448e-06,6.321963725953381e-06
oppo-k3+p05_5_2+200cm,oppo-k3,p05,200cm,16000,2.481,INSUFFICIENT_DATA,0.0,0.1726287704784547,4539.0625,9.44171142578125,-32.151397705078125,0.9983697044202252,0.0014058067931714956,0.00010186331880370277,2.7591409174141818e-05,9.492829950349528e-06,4.3272024629059395e-06,2.8128085961065684e-06,2.6201556873574443e-06
oppo-k3+p05_5_2+300cm,oppo-k3,p05,300cm,16000,1.48,INSUFFICIENT_DATA,0.0,0.04138380504164967,6156.25,6.78314208984375,-34.07472229003906,0.998123261069756,0.0015413710226544297,0.00019816548175897121,1.4649007795736323e-05,3.7216603297220196e-06,3.004306634180532e-06,3.0638335027081873e-06,2.19026655982266e-06
oppo-k3+p05_5_2+60cm,oppo-k3,p05,60cm,16000,1.48,INSUFFICIENT_DATA,0.0,0.01872052698101438,5000.0,19.50513458251953,-21.6763973236084,0.9960258401326307,0.002798561053566627,0.0005377619208956387,0.00011456323503009994,0.00019336869550280479,2.0335522302634327e-05,1.3279382251331776e-05,9.655265543834461e-06
oppo-k3+p05_5_3+150cm,oppo-k3,p05,150cm,16000,1.808,INSUFFICIENT_DATA,0.0,0.05473579897875634,4734.375,11.70135498046875,-29.47193145751953,0.9974672165081049,0.0015108612729038899,0.0009371898682522227,3.3715353268882177e-05,1.2819146330100977e-05,5.841645158108021e-06,3.908241274417129e-06,2.253760951786865e-06
oppo-k3+p05_5_3+300cm,oppo-k3,p05,300cm,16000,1.808,INSUFFICIENT_DATA,0.0,0.05296179457422947,4171.875,9.448982238769531,-35.605712890625,0.998213919546999,0.0010863788098939076,0.0006317250519102723,2.4446074306449478e-05,7.021976677103284e-06,4.462370898245279e-06,4.515206272647131e-06,3.0505332238405347e-06
oppo-k3+p05_5_3+30cm,oppo-k3,p05,30cm,16000,1.629,INSUFFICIENT_DATA,0.0,0.03916144567302057,5000.0,26.323471069335938,-25.495901107788086,0.9950013557538566,0.0024323229270440303,0.0005438899123973699,0.000262794914112436,0.000838233467853612,4.7077302428212685e-05,1.137474650119312e-05,7.46539092560482e-06
oppo-k3+p05_5_3+60cm,oppo-k3,p05,60cm,16000,1.629,INSUFFICIENT_DATA,0.0,0.019854018101596538,5000.0,22.718780517578125,-21.92867088317871,0.9976199182205162,0.0012871155664494387,0.0005892381491198849,0.00011591604873588721,0.00019106334596338194,1.7778481584105065e-05,1.3171083132771703e-05,1.0433973129174456e-05
oppo-k3+p05_5_4+100cm,oppo-k3,p05,100cm,16000,1.45,INSUFFICIENT_DATA,0.0,0.10064675148548309,4656.25,16.790512084960938,-29.567222595214844,0.999310668653868,0.0004900138445647476,0.00011029073471947257,4.109937644496205e-05,2.1252210439306757e-05,6.250452614480181e-06,3.46780241151422e-06,3.3315276986694344e-06
oppo-k3+p05_5_4+10cm,oppo-k3,p05,10cm,16000,1.524,INSUFFICIENT_DATA,0.0,0.010041819315508939,5000.0,29.044715881347656,-29.513690948486328,0.9868725251060444,0.0032703341402747573,0.0027242087505440025,0.0012183618101242455,0.002481275977166535,0.00022542157450344163,9.227142762498991e-05,0.0001438323690091537
oppo-k3+p05_5_4+150cm,oppo-k3,p05,150cm,16000,1.524,INSUFFICIENT_DATA,0.0,0.10154896091264151,4132.8125,14.891792297363281,-28.226240158081055,0.999179227835326,0.0006022581737990829,0.00011378011806064688,4.1540260728158876e-05,3.195258498359353e-05,7.394041623903046e-06,3.613393349486588e-06,3.798068957566936e-06
oppo-k3+p05_5_4+300cm,oppo-k3,p05,300cm,16000,1.569,INSUFFICIENT_DATA,0.0,0.08126067539096027,5218.75,8.279754638671875,-35.3858757019043,0.9990927763482548,0.0007179184260937894,0.00013055773184483235,1.8137766412519748e-05,8.935802429782883e-06,5.742250680514465e-06,4.775901000892557e-06,3.040887511457437e-06
oppo-k3+p05_6_1+100cm,oppo-k3,p05,100cm,16000,1.671,INSUFFICIENT_DATA,0.0,0.06824191490738246,4546.875,16.461257934570312,-28.937274932861328,0.999096983342974,0.0005405007377004709,0.00023524804924656879,4.333010914132703e-05,4.21429081046532e-05,7.69585006691568e-06,5.975138322515122e-06,5.244018216329186e-06
oppo-k3+p05_6_1+10cm,oppo-k3,p05,10cm,16000,1.671,INSUFFICIENT_DATA,0.0,0.0343571788331443,5000.0,23.701942443847656,-27.153915405273438,0.9942618706143835,0.0019297957538362714,0.0015120411173953506,0.0005437820505476242,0.0007362896096007492,7.465854062299033e-05,3.45559556497348e-05,3.9762825518575695e-05
oppo-k3+p05_6_1+150cm,oppo-k3,p05,150cm,16000,1.659,INSUFFICIENT_DATA,0.0,0.06186342803192233,4250.0,15.079574584960938,-27.581083297729492,0.9978496100211138,0.001378512247608302,0.0005444344421384907,7.27812714695259e-05,7.561658650470566e-05,1.2353189089061332e-05,1.0233923456260687e-05,7.206883159671009e-06
oppo-k3+p05_6_1+200cm,oppo-k3,p05,200cm,16000,1.671,INSUFFICIENT_DATA,0.0,0.0756692497930472,4726.5625,10.525100708007812,-32.36268615722656,0.9990766976686648,0.0004721296568739577,0.0003878678709733068,1.8546450192379152e-05,1.0289820570617686e-05,6.2487517775891666e-06,3.5115950416252743e-06,2.5886630006281684e-06
oppo-k3+p05_6_1+30cm,oppo-k3,p05,30cm,16000,1.495,INSUFFICIENT_DATA,0.0,0.051820522085648454,5000.0,29.428756713867188,-27.652013778686523,0.9930369967227033,0.0033202828462383714,0.0005498387098091227,0.0003864588960857169,0.0013478923561863153,7.127099585817255e-05,1.4850730721330809e-05,9.97333971204679e-06
oppo-k3+p05_6_2+100cm,oppo-k3,p05,100cm,16000,1.606,INSUFFICIENT_DATA,0.0,0.0528048800038196,4125.0,15.8912353515625,-29.21419906616211,0.998963664031728,0.0007576631862378863,0.00015213732852835155,2.6231237720583212e-05,1.876403303211188e-05,6.119090861721575e-06,4.243324692486427e-06,2.1731859373739645e-06
oppo-k3+p05_6_2+10cm,oppo-k3,p05,10cm,16000,1.39,INSUFFICIENT_DATA,0.0,0.0193556301423874,5000.0,22.937400817871094,-27.731948852539062,0.9904455767248083,0.0032884995823356114,0.0031385487278169657,0.000909380102690103,0.0009511989241602894,0.00011679949854124991,8.334400768292767e-05,6.42926181035016e-05
oppo-k3+p05_6_2+150cm,oppo-k3,p05,150cm,16000,1.606,INSUFFICIENT_DATA,0.0,0.06748889974999217,4640.625,11.737884521484375,-27.86104393005371,0.9991533577030681,0.0006290151493105766,0.00011562937688819309,4.097955138685456e-05,2.5228298867742735e-05,6.879448172261172e-06,3.1015013838303535e-06,2.804405016295841e-06
oppo-k3+p05_6_2+30cm,oppo-k3,p05,30cm,16000,1.764,INSUFFICIENT_DATA,0.0,0.033518939564568556,5000.0,28.78894805908203,-23.400440216064453,0.9954250133772764,0.002825442105199065,0.00020881821032334047,0.00018198728970029654,0.0006370097597477378,3.4256519989786925e-05,6.509013443527258e-06,5.368145400196818e-06
oppo-k3+p05_6_2+60cm,oppo-k3,p05,60cm,16000,1.39,INSUFFICIENT_DATA,0.0,0.013725579140195364,4125.0,19.200775146484375,-20.538612365722656,0.9973461605969862,0.0016649322302476858,0.00046292803736090233,0.00013638591812305395,0.00017851559569058957,1.4149023907550286e-05,1.0606833801988731e-05,9.403003654866816e-06
oppo-k3+p05_6_3+100cm,oppo-k3,p05,100cm,16000,2.033,INSUFFICIENT_DATA,0.0,0.08910085723972681,4398.4375,16.950172424316406,-31.407833099365234,0.9987170442991148,0.0007126885594345881,0.0004489918244679938,6.527960729213773e-05,2.1694267962273524e-05,3.992870361316584e-06,3.564760759668637e-06,3.208662840004297e-06
oppo-k3+p05_6_3+150cm,oppo-k3,p05,150cm,16000,2.033,INSUFFICIENT_DATA,0.0,0.07628990520520355,4265.625,12.069404602050781,-30.336994171142578,0.9981897846825067,0.0010795085161158754,0.0006207793617276437,5.2434103053874665e-05,2.2500470967787896e-05,6.175231226736804e-06,3.963144193555724e-06,2.932602890974258e-06
oppo-k3+p05_6_3+300cm,oppo-k3,p05,300cm,16000,1.943,INSUFFICIENT_DATA,0.0,0.04346814130316173,4218.75,7.669380187988281,-36.248924255371094,0.998691639552216,0.0007939578137127667,0.0004035105305867088,3.859084885076494e-05,1.0909277156238411e-05,5.916085129453151e-06,5.2774430763405806e-06,3.6536975042367517e-06
oppo-k3+p05_6_3+30cm,oppo-k3,p05,30cm,16000,2.033,INSUFFICIENT_DATA,0.0,0.03000481844799473,5000.0,24.61884307861328,-25.433141708374023,0.9953686089884366,0.0024729538344770512,0.00044214192322123574,0.0002500659717044846,0.0007149424979817829,4.127219519252839e-05,1.0909035170343327e-05,7.76638545495676e-06
oppo-k3+p05_6_3+60cm,oppo-k3,p05,60cm,16000,1.943,INSUFFICIENT_DATA,0.0,0.043464065053890395,5000.0,23.475372314453125,-24.098411560058594,0.998242679674891,0.0009753678630051548,0.0001367680596205142,0.00016255717164306036,0.0002713543943551574,2.0767441130470144e-05,7.997993672050741e-06,1.4360032997643166e-05
oppo-k3+p05_6_4+100cm,oppo-k3,p05,100cm,16000,1.569,INSUFFICIENT_DATA,0.0,0.08586804743747796,4507.8125,10.768997192382812,-32.31446838378906,0.9991085821039615,0.00047436555454029837,0.00023549651006222493,4.961987755158032e-05,8.170836282270267e-06,4.256318654325351e-06,3.470488784345087e-06,2.512850504193392e-06
oppo-k3+p05_6_4+150cm,oppo-k3,p05,150cm,16000,1.45,INSUFFICIENT_DATA,0.0,0.105019088527896,4507.8125,12.267372131347656,-30.58292579650879,0.99894149154853,0.0006141292158995903,0.00021128874424371496,4.362049968079184e-05,1.2620160052152197e-05,5.565682659461118e-06,3.5595043845856993e-06,2.769099844061107e-06
oppo-k3+p05_6_4+200cm,oppo-k3,p05,200cm,16000,1.45,INSUFFICIENT_DATA,0.0,0.19037456572246736,4500.0,10.491531372070312,-34.63487243652344,0.9984029754263725,0.0008180891089265302,0.0003224416888430722,8.911916506096011e-05,8.76836987148778e-06,6.5173870346812295e-06,4.36044346008674e-06,2.70095308726373e-06
oppo-k3+p05_6_4+30cm,oppo-k3,p05,30cm,16000,1.569,INSUFFICIENT_DATA,0.0,0.030714740258418072,5000.0,33.19792175292969,-27.959138870239258,0.9927215891665957,0.003208801372926289,0.00022326958201126574,0.0003564285762906522,0.0015559681779491507,7.864576319368738e-05,9.416553202980347e-06,9.720760568855626e-06
oppo-k3+p05_6_4+60cm,oppo-k3,p05,60cm,16000,1.524,INSUFFICIENT_DATA,0.0,0.28150054845393513,5000.0,34.26268005371094,-35.371097564697266,0.9729503016578006,0.01430633750273722,0.002939476546177316,0.001400932226021858,0.0037537711698041208,0.0004773031044346263,0.00013863350874641325,0.00012009423597007645
oppo-reno+p00_1_1+150cm,oppo-reno,p00,150cm,16000,1.052,INSUFFICIENT_DATA,0.0,0.4233777995904369,7195.3125,13.435096740722656,-56.59813690185547,0.8392726806809527,0.07185194533654983,0.04539531249331782,0.009141010274800613,0.0058787401346914415,0.003966673730409807,0.007157151102817983,0.011548127398448457
oppo-reno+p00_1_1+200cm,oppo-reno,p00,200cm,16000,1.052,INSUFFICIENT_DATA,0.0,0.22136419621454348,4210.9375,15.261810302734375,-48.95783233642578,0.7944165187796297,0.09245868822770568,0.08597272676772535,0.004647058454512349,0.0018696027088094206,0.0003170478517948168,0.0002498535869929756,0.0003903105493904162
oppo-reno+p00_1_2+150cm,oppo-reno,p00,150cm,16000,1.158,INSUFFICIENT_DATA,0.0,0.2327625723520802,7171.875,13.021980285644531,-53.261009216308594,0.9077933558384472,0.044025699045437496,0.017355330535239702,0.00757015729206843,0.0038487686586215755,0.003111008144855185,0.006017077027535173,0.009266782738745274
oppo-reno+p00_1_2+200cm,oppo-reno,p00,200cm,16000,1.256,INSUFFICIENT_DATA,0.0,0.049979459875222995,7242.1875,11.475677490234375,-46.35219955444336,0.9678984431150953,0.01338743927932211,0.012892247512768944,0.003463202577843465,0.0006516406284449329,0.00028255786318597724,0.0003628689845591394,0.0004346277824172007
oppo-reno+p00_1_2+300cm,oppo-reno,p00,300cm,16000,1.389,INSUFFICIENT_DATA,0.0,0.08717208713959987,7835.9375,24.7056884765625,-44.146114349365234,0.8607789782554264,0.08960410879959085,0.018710117689077686,0.018314697946276354,0.0016690537256544493,0.0027438436179458773,0.002583520431603721,0.004723759577738422
oppo-reno+p00_1_3+150cm,oppo-reno,p00,150cm,16000,1.235,INSUFFICIENT_DATA,0.0,0.0305607060353771,7320.3125,8.524055480957031,-46.122440338134766,0.9592966440218376,0.02639618720422054,0.009235047720438245,0.00359971715125893,0.00032143434823547333,8.247313369698813e-05,6.780747421625015e-05,5.8474983623681416e-05
oppo-reno+p00_1_3+300cm,oppo-reno,p00,300cm,16000,1.441,INSUFFICIENT_DATA,0.0,0.5609875361248263,5578.125,37.52831268310547,-33.890724182128906,0.8501220622094898,0.06749881151425688,0.021372567683433437,0.008871728699676572,0.002495167279195346,0.030571833265653915,0.006149782294767246,0.011974440731968081
oppo-reno+p00_1_4+200cm,oppo-reno,p00,200cm,16000,1.68,INSUFFICIENT_DATA,0.0,0.008253864553883095,7398.4375,12.035438537597656,-39.974979400634766,0.9929413364764581,0.005267998027539167,0.0010336513631904547,0.00044710080198667653,7.12767921283971e-05,3.894330575003553e-05,6.082734487028447e-05,9.185583247600086e-05
oppo-reno+p00_1_4+300cm,oppo-reno,p00,300cm,16000,1.616,INSUFFICIENT_DATA,0.0,0.012496088168041321,4257.8125,8.432052612304688,-39.6485710144043,0.9900894313954047,0.006171293201054718,0.0024830673036199584,0.0010930034415901505,5.9851520299582844e-05,1.7956651271856112e-05,1.6008400064213457e-05,1.179801556901918e-05
oppo-reno+p00_1_5+150cm,oppo-reno,p00,150cm,16000,1.286,INSUFFICIENT_DATA,0.0,0.8135679833308339,4187.5,11.086647033691406,-39.44206619262695,0.9877572859174623,0.005060706056377965,0.005628127191949396,0.0011994918371116556,0.00010071484039181145,2.767782352042917e-05,2.185980370590295e-05,1.94146695833921e-05
oppo-reno+p00_1_5+200cm,oppo-reno,p00,200cm,16000,1.672,INSUFFICIENT_DATA,0.0,0.028576628461309535,4125.0,10.800743103027344,-44.52152633666992,0.9502672367389284,0.018093113006650906,0.02484176555454354,0.005287804887635189,0.0003829572203458536,0.00017479073988580055,0.0001244601915893963,0.0001488469304651806
oppo-reno+p00_2_1+150cm,oppo-reno,p00,150cm,16000,1.595,INSUFFICIENT_DATA,0.0,0.04012748939780045,4890.625,10.60015869140625,-50.82906723022461,0.6570421516495435,0.1751245762684966,0.13433282865147902,0.023024503204927115,0.0019741775741402034,0.0006298596739977411,0.00021508889341779151,0.00012991904251509527
oppo-reno+p00_2_1+200cm,oppo-reno,p00,200cm,16000,1.389,INSUFFICIENT_DATA,0.0,0.5386511492811882,7132.8125,14.016761779785156,-44.45166015625,0.9496709259283096,0.027155026789457953,0.014930821090851188,0.005413311197077228,0.0005684060463551375,0.00032372976585484344,0.00045298772454077993,0.0006219209306542696
oppo-reno+p00_2_1+300cm,oppo-reno,p00,300cm,16000,1.492,INSUFFICIENT_DATA,0.0,0.06337667355121517,5796.875,7.4015960693359375,-47.87767791748047,0.7701249123303091,0.132696988386401,0.0728689364966488,0.015379991619449213,0.0008635512446505364,0.00028332853977350157,0.00011780702191585466,7.595214707698696e-05
oppo-reno+p00_2_2+200cm,oppo-reno,p00,200cm,16000,1.775,INSUFFICIENT_DATA,0.0,0.04899911746545181,6164.0625,14.758270263671875,-48.25456237792969,0.9310065427412191,0.026881973043551194,0.030576537548884865,0.007728251476121809,0.0011693235997636173,0.00034534766885584736,0.000473609414754757,0.0001912094522748296
oppo-reno+p00_2_2+300cm,oppo-reno,p00,300cm,16000,1.775,INSUFFICIENT_DATA,0.0,0.09780268305516314,6164.0625,13.806655883789062,-49.85885238647461,0.9217833201902501,0.03548889114976368,0.030697199662872172,0.008378891824108406,0.0009295815325358489,0.00038168130519617127,0.0004657389413657691,0.00023059513514848753
oppo-reno+p00_2_3+150cm,oppo-reno,p00,150cm,16000,1.363,INSUFFICIENT_DATA,0.0,0.06096081593488143,6140.625,16.676162719726562,-49.307003021240234,0.9414857161787369,0.024894124859353942,0.02053558268002383,0.00873467374399249,0.0005850401030393279,0.0003497107281267156,0.0004697196782387173,0.00015997244464219031
oppo-reno+p00_2_4+150cm,oppo-reno,p00,150cm,16000,1.441,INSUFFICIENT_DATA,0.0,0.07922968108677605,6242.1875,12.414741516113281,-47.93669891357422,0.9650677128667647,0.01766625044277621,0.008035287261715852,0.004782552399848173,0.0010634935445835954,0.000620062298351015,0.0006406356799088402,0.0002740146437082682
oppo-reno+p00_2_5+150cm,oppo-reno,p00,150cm,16000,1.209,INSUFFICIENT_DATA,0.0,0.0414145429869632,4945.3125,8.209098815917969,-44.841949462890625,0.971500559572529,0.0231293487888124,0.002946419418945849,0.0016470676682355237,0.00018518710089764401,4.136698109296619e-05,3.7515956084421224e-05,3.4235766062586555e-05
oppo-reno+p00_2_5+200cm,oppo-reno,p00,200cm,16000,1.209,INSUFFICIENT_DATA,0.0,0.013030554583770497,4140.625,9.387847900390625,-41.7083740234375,0.978138210243693,0.018224452112594144,0.0019473100793017365,0.0011206640259022495,0.000146248635162109,2.4162542892850927e-05,2.0528880812785245e-05,1.8562990239727144e-05
oppo-reno+p00_2_5+300cm,oppo-reno,p00,300cm,16000,1.389,INSUFFICIENT_DATA,0.0,0.017476540792163566,4890.625,10.038871765136719,-43.633934020996094,0.9596698797853481,0.02829274304321457,0.007459412633509706,0.0032400878629655393,0.00019356510003764338,3.4507608688887224e-05,3.5162843819096085e-05,3.173202651599056e-05
oppo-reno+p00_3_2+150cm,oppo-reno,p00,150cm,16000,1.26,INSUFFICIENT_DATA,0.0,0.034334430537294396,5992.1875,15.416374206542969,-43.686004638671875,0.9107044113994754,0.07310559397973727,0.0032482655745133793,0.0017403664916300799,0.00039919645193797277,0.0005309535860508991,0.0001778101607185875,0.00014578568547657028
oppo-reno+p00_3_2+200cm,oppo-reno,p00,200cm,16000,1.26,INSUFFICIENT_DATA,0.0,0.01764502827470673,5992.1875,19.27802276611328,-41.09529495239258,0.9496470362141299,0.03866921785673385,0.002717122441331199,0.00126005612089489,0.00032083504986532004,0.0004366872536153828,0.0001650486471293683,0.00012864516083189886
oppo-reno+p00_3_3+150cm,oppo-reno,p00,150cm,16000,0.7,INSUFFICIENT_DATA,0.0,0.019274797605747476,4632.8125,13.455345153808594,-44.89900588989258,0.7107575941005271,0.16569191017090434,0.08872731509453768,0.012850492258081138,0.0025293085572484345,0.00023493053553463983,6.611166843072481e-05,3.725446018939344e-05
oppo-reno+p00_3_3+200cm,oppo-reno,p00,200cm,16000,1.08,INSUFFICIENT_DATA,0.0,0.018704135660647894,5437.5,15.18988037109375,-43.0549430847168,0.8983081339029001,0.04605678351132659,0.039487358640882604,0.010910209299551023,0.0006078741042929347,0.00010430359367876937,4.384826297360045e-05,2.7422087357656e-05
oppo-reno+p00_3_3+300cm,oppo-reno,p00,300cm,16000,0.926,INSUFFICIENT_DATA,0.0,0.025545987925633805,4101.5625,11.244491577148438,-43.025089263916016,0.8694842791999409,0.07162789025767773,0.04774656016147723,0.007938462992168412,0.0005482481585773958,0.0001295474618176304,5.080644079424243e-05,3.247975910201567e-05
oppo-reno+p00_3_5+150cm,oppo-reno,p00,150cm,16000,1.072,INSUFFICIENT_DATA,0.0,0.022402235505319962,7296.875,9.452255249023438,-44.55647277832031,0.9459799120262381,0.03132401230611708,0.012231409955371291,0.003472738407090791,0.00028397933002109266,4.747478864048684e-05,3.7780605995053096e-05,3.353617647650462e-05
oppo-reno+p00_3_5+300cm,oppo-reno,p00,300cm,16000,1.072,INSUFFICIENT_DATA,0.0,0.0303720070602274,4148.4375,13.552894592285156,-42.180477142333984,0.9595358742663469,0.025700107088284668,0.008305112697602774,0.0021909955743207575,0.00018952139146097375,3.063520368136062e-05,2.3366757182296375e-05,1.9636965624252846e-05
oppo-reno+p00_4_1+200cm,oppo-reno,p00,200cm,16000,1.389,INSUFFICIENT_DATA,0.0,0.07074323993768736,4132.8125,11.292724609375,-47.776084899902344,0.8805732587716043,0.057196333561231154,0.046382905400698504,0.012180360290101108,0.0005587327606580096,0.00018859209207094154,0.00010385115517753307,7.149642337165011e-05
oppo-reno+p00_4_2+150cm,oppo-reno,p00,150cm,16000,1.143,INSUFFICIENT_DATA,0.0,0.07011880836650307,5484.375,9.009361267089844,-48.25579833984375,0.6755471618283042,0.06147687281747027,0.2264065648844792,0.02519154563846037,0.00212932476899817,0.0006498850530824615,0.0001975811122806225,0.00010288505052327891
oppo-reno+p00_4_2+200cm,oppo-reno,p00,200cm,16000,1.011,INSUFFICIENT_DATA,0.0,0.036038564111586374,7335.9375,21.26373291015625,-45.758544921875,0.7216733339052486,0.09111201816841626,0.16623571427882297,0.010880077232622597,0.0010718899318566556,0.0004968896272581836,0.00017057639824523936,0.00014134887441447243
oppo-reno+p00_4_2+300cm,oppo-reno,p00,300cm,16000,1.176,INSUFFICIENT_DATA,0.0,0.027762586936221658,4648.4375,8.695793151855469,-44.82196044921875,0.7234818380989002,0.11340587861174709,0.14911450272584675,0.01080735934385018,0.0008835062086511259,0.00034988311152524054,9.115609057720677e-05,7.073105564092272e-05
oppo-reno+p00_4_3+150cm,oppo-reno,p00,150cm,16000,1.389,INSUFFICIENT_DATA,0.0,0.13432922521618917,7390.625,7.455894470214844,-51.26264572143555,0.9433456226764632,0.028080223573489795,0.022251839727312418,0.004086005069838508,0.000491093101126669,0.00019004056968719452,0.00018128013802914988,0.0001635137792784766
oppo-reno+p00_4_3+200cm,oppo-reno,p00,200cm,16000,1.389,INSUFFICIENT_DATA,0.0,0.03288145396846326,7484.375,7.594902038574219,-47.548805236816406,0.9688904743378374,0.012864881019428353,0.014923682162339327,0.002206078788290135,0.0002853056812413067,8.831160894708174e-05,7.915240818610256e-05,7.198436301337375e-05
oppo-reno+p00_4_3+300cm,oppo-reno,p00,300cm,16000,1.389,INSUFFICIENT_DATA,0.0,0.04056133744517296,7257.8125,15.026985168457031,-46.308597564697266,0.9710657986232795,0.011501392828894277,0.013601574937394454,0.00237279740453549,0.0002659252790939079,0.00013730839336209707,0.00021186651534942587,0.0003282847866350936
oppo-reno+p00_4_4+150cm,oppo-reno,p00,150cm,16000,1.441,INSUFFICIENT_DATA,0.0,0.026507543241933235,6562.5,6.7755279541015625,-44.99542999267578,0.9621132534237817,0.02398977736899379,0.007908044140834172,0.003703523822604217,0.000174225011013106,5.581623629925747e-05,6.0195553521841706e-05,4.410137707200867e-05
oppo-reno+p00_4_4+200cm,oppo-reno,p00,200cm,16000,1.209,INSUFFICIENT_DATA,0.0,0.019688283156631473,4125.0,8.77008056640625,-41.687767028808594,0.9783832758811313,0.017822173190879927,0.002044247409434763,0.0011716676812440058,0.00014889557548023735,2.396337934859262e-05,1.8284226480613804e-05,1.6766419712758806e-05
oppo-reno+p00_4_4+300cm,oppo-reno,p00,300cm,16000,1.441,INSUFFICIENT_DATA,0.0,0.7254561800962026,7125.0,7.773094177246094,-34.98958969116211,0.9916490305917215,0.005907963839332059,0.0013186132105853865,0.0006361089616411836,4.757815994463041e-05,1.445705107459706e-05,1.1076707840971301e-05,8.547416463806493e-06
oppo-reno+p00_4_5+200cm,oppo-reno,p00,200cm,16000,1.028,INSUFFICIENT_DATA,0.0,0.02051835561478113,4992.1875,13.572418212890625,-43.70649337768555,0.891292494693998,0.021105673269037336,0.07387336584914915,0.008423117819919387,0.000376737312162879,0.00012509655528426678,3.7344724178335266e-05,3.0916223142881506e-05
oppo-reno+p00_5_1+150cm,oppo-reno,p00,150cm,16000,1.768,INSUFFICIENT_DATA,0.0,0.148764622946825,4648.4375,12.687507629394531,-45.8226318359375,0.7711624602714641,0.07952384185821258,0.1297877476050113,0.00987946234980971,0.0017672878455002867,0.0003314267642386628,0.0002884990058722741,0.00016467509461342203
oppo-reno+p00_5_1+300cm,oppo-reno,p00,300cm,16000,2.664,INSUFFICIENT_DATA,0.0,0.03469184134720317,7312.5,21.38568115234375,-44.37041473388672,0.8348124378708021,0.050397254587725315,0.09077615985140852,0.015842385318204085,0.0009530470912353051,0.0004381209978741124,0.0005223589585864332,0.00040096781939350006
oppo-reno+p00_5_2+200cm,oppo-reno,p00,200cm,16000,1.611,INSUFFICIENT_DATA,0.0,0.013353802354408317,6125.0,10.452301025390625,-42.63740539550781,0.9431331080741717,0.020449988454437372,0.03195577585372562,0.0040562004709053506,0.00014479779026231276,6.393897080115374e-05,4.5360895407925966e-05,2.597324791664232e-05
oppo-reno+p00_5_2+300cm,oppo-reno,p00,300cm,16000,1.611,INSUFFICIENT_DATA,0.0,0.020072101220516676,4468.75,10.069198608398438,-41.54945373535156,0.9493107427853763,0.019573592465966027,0.026294020041261787,0.004488563741694045,0.0001183978663374728,5.317638234821725e-05,3.4705387123038094e-05,2.1965558179447572e-05
oppo-reno+p00_5_3+200cm,oppo-reno,p00,200cm,16000,1.464,INSUFFICIENT_DATA,0.0,0.02176648142463193,4296.875,9.410354614257812,-43.47751235961914,0.8857108503388444,0.016898678737504516,0.08889473307376931,0.006943557442659638,0.0005331077888603069,0.00017994095593489663,3.6043019926007744e-05,2.7079845523866084e-05
oppo-reno+p00_5_4+150cm,oppo-reno,p00,150cm,16000,1.176,INSUFFICIENT_DATA,0.0,0.03178350751745521,7085.9375,14.669853210449219,-47.37517547607422,0.8966720797319984,0.06256063524213079,0.021999002748507968,0.016627414859506865,0.0006586318502595974,0.0002820046700232264,0.0001960494790728549,0.00015095703423944576
oppo-reno+p00_6_1+150cm,oppo-reno,p00,150cm,16000,1.455,INSUFFICIENT_DATA,0.0,0.033514762014116795,4976.5625,15.496131896972656,-46.175453186035156,0.7176703381787873,0.06552604960749008,0.19939748755053324,0.010441112443109985,0.00208790169833914,0.0003802329450787229,0.00010034728656907944,5.641818178924556e-05
oppo-reno+p00_6_1+300cm,oppo-reno,p00,300cm,16000,1.455,INSUFFICIENT_DATA,0.0,0.052326829269656705,4976.5625,12.262344360351562,-44.04025650024414,0.8312057264951248,0.03225232666770817,0.12555023130552628,0.008386103457632264,0.0008959891767093845,0.00018783090732447371,6.707019838177616e-05,4.26772057879851e-05
oppo-reno+p00_6_2+150cm,oppo-reno,p00,150cm,16000,1.485,INSUFFICIENT_DATA,0.0,0.0237559023191472,4078.125,10.24481201171875,-44.75187301635742,0.9437803654224292,0.009553132196325361,0.03780009364346824,0.007154039256348912,0.00036481413823749906,8.048217533558785e-05,5.5140153688610575e-05,3.909566217361065e-05
oppo-reno+p00_6_2+200cm,oppo-reno,p00,200cm,16000,1.513,INSUFFICIENT_DATA,0.0,0.011340975813771161,4148.4375,12.624107360839844,-42.07441711425781,0.9673625650947861,0.0076165772007724016,0.018486164606822526,0.005760563272078635,0.00024025010531846983,3.9839491226690505e-05,3.5211692400847526e-05,2.3098519094284916e-05
oppo-reno+p00_6_2+300cm,oppo-reno,p00,300cm,16000,1.513,INSUFFICIENT_DATA,0.0,0.025271080159373287,4570.3125,8.730506896972656,-41.6981086730957,0.9686838920305397,0.007570289068949432,0.01663890408350945,0.006465610231910981,0.0001470466893619156,4.1713193767509435e-05,3.468848107075595e-05,2.2187476193934788e-05
oppo-reno+p00_6_3+300cm,oppo-reno,p00,300cm,16000,1.866,INSUFFICIENT_DATA,0.0,0.02663603947193616,6007.8125,8.09014892578125,-41.630455017089844,0.9833947556782955,0.006427719164117092,0.007869475913017478,0.001984417521916902,0.00012182161524881141,2.7540110790351767e-05,2.730336695173264e-05,2.288273821670278e-05
oppo-reno+p00_6_4+150cm,oppo-reno,p00,150cm,16000,1.241,INSUFFICIENT_DATA,0.0,0.17565979300916368,7070.3125,14.03839111328125,-46.89025115966797,0.9515167046660585,0.027993166444381948,0.01243229701655836,0.005830047694543106,0.0002816054005183689,0.0001390909774364053,0.00016208452143817376,0.00014317467516590973
oppo-reno+p00_6_4+200cm,oppo-reno,p00,200cm,16000,1.282,INSUFFICIENT_DATA,0.0,0.039211888680732526,7343.75,19.255210876464844,-45.286354064941406,0.961812014672339,0.021268261727275473,0.008022688304671165,0.006740909444310008,0.00036057864766233334,0.00011641102625340445,0.00012835344088809068,0.000304972000548945
oppo-reno+p00_6_4+300cm,oppo-reno,p00,300cm,16000,1.176,INSUFFICIENT_DATA,0.0,0.06756033204308606,7085.9375,13.226478576660156,-43.563114166259766,0.9130342709576483,0.06189275868912329,0.014290453883067178,0.009691270490911539,0.0003648700504411045,0.00012937775549919081,0.0001004360632543511,9.683264491711827e-05
oppo-reno+p01_1_1+200cm,oppo-reno,p01,200cm,16000,0.688,INSUFFICIENT_DATA,0.0,0.07123479033227811,7218.75,10.344741821289062,-52.15845489501953,0.9565037672109284,0.021061894994409434,0.019526281251373075,0.0014633528180630455,0.00038335516188137386,0.00021295504159533343,0.00022192165148883375,0.00020335815064272133
oppo-reno+p01_1_2+200cm,oppo-reno,p01,200cm,16000,0.688,INSUFFICIENT_DATA,0.0,0.06896500004226293,7054.6875,10.324569702148438,-48.94755935668945,0.9685428922995575,0.019750825929678154,0.01020388293268168,0.0007781234121842971,0.0001937916697046899,0.00010625974835280593,0.0001238468534927107,9.656651896751069e-05
oppo-reno+p01_1_2+300cm,oppo-reno,p01,300cm,16000,0.688,INSUFFICIENT_DATA,0.0,0.15296322475662402,7171.875,9.901382446289062,-47.91303253173828,0.9631048447628808,0.02997740534055382,0.0051019945868126144,0.0008495035440338859,0.00018304868983250985,8.191560673933644e-05,0.00011497744509975076,8.130007765105607e-05
oppo-reno+p01_1_3+150cm,oppo-reno,p01,150cm,16000,0.985,INSUFFICIENT_DATA,0.0,0.02193338728001669,4664.0625,9.727783203125,-45.68309020996094,0.9540436580580461,0.02227131612346433,0.021364137070144073,0.0011857598276894348,0.0001229960405197555,5.884313332186873e-05,6.011272894200934e-05,4.341595798533373e-05
oppo-reno+p01_1_3+200cm,oppo-reno,p01,200cm,16000,1.048,INSUFFICIENT_DATA,0.0,0.027323109683459874,4265.625,10.223930358886719,-44.77129364013672,0.9627598757888192,0.013815868963731414,0.021779709292043967,0.0007968641047661989,0.00019325882251727727,7.668375178070833e-05,7.395719960577326e-05,4.984307852254102e-05
oppo-reno+p01_1_3+300cm,oppo-reno,p01,300cm,16000,1.001,INSUFFICIENT_DATA,0.0,0.0420104143438716,5585.9375,9.735610961914062,-44.08210372924805,0.9533022255997712,0.025123479021746394,0.019216244745445966,0.0015641304849904384,0.00010418820020252329,6.75736345387469e-05,4.768306772615718e-05,3.6873767432200834e-05
oppo-reno+p01_1_4+150cm,oppo-reno,p01,150cm,16000,1.486,INSUFFICIENT_DATA,0.0,0.02845660211965779,4492.1875,6.238838195800781,-45.46881866455078,0.9616198189049788,0.013446976221140307,0.02237711438262662,0.001114089132470292,0.0002001467083673144,6.351868150200833e-05,6.019938548024376e-05,4.838917640574531e-05
oppo-reno+p01_1_4+300cm,oppo-reno,p01,300cm,16000,1.486,INSUFFICIENT_DATA,0.0,0.05627959443020094,6500.0,6.359230041503906,-44.33305740356445,0.9716903619191999,0.012194837603211455,0.013986237386952755,0.0010669736516651452,0.0001553338080480623,5.596315910298488e-05,5.913133523221819e-05,4.5214591997291836e-05
oppo-reno+p01_2_1+150cm,oppo-reno,p01,150cm,16000,1.157,INSUFFICIENT_DATA,0.0,0.03233716264429127,5148.4375,11.854087829589844,-46.353790283203125,0.8815095559329409,0.027249020711421806,0.08658338652980012,0.001726300802231726,0.0002688161247274258,0.00017058198793432826,7.872832198901571e-05,5.9105117746484035e-05
oppo-reno+p01_2_1+200cm,oppo-reno,p01,200cm,16000,1.11,INSUFFICIENT_DATA,0.0,0.04693469671405815,5453.125,8.180625915527344,-45.97976303100586,0.9322494991038778,0.02874735859876319,0.03722528959594394,0.0008976210103906297,0.00011147305917906132,9.304731907687959e-05,5.9039328140783414e-05,4.86577836807333e-05
oppo-reno+p01_2_1+300cm,oppo-reno,p01,300cm,16000,1.11,INSUFFICIENT_DATA,0.0,0.10531336193358039,5351.5625,8.418777465820312,-45.82293701171875,0.920202426577087,0.03917208229648522,0.03833951030096998,0.0011892922802805197,0.00013748156855313467,0.00011372936864969948,5.570764105631403e-05,4.634801220687214e-05
oppo-reno+p01_2_2+150cm,oppo-reno,p01,150cm,16000,1.22,INSUFFICIENT_DATA,0.0,0.029204852175021542,5015.625,10.03753662109375,-44.28043746948242,0.9570645296492828,0.027368379628324797,0.012788982869077314,0.0012217869573663241,0.00028053116870216643,6.3833782722234e-05,6.494386194549187e-05,3.9800011492077565e-05
oppo-reno+p01_2_2+200cm,oppo-reno,p01,200cm,16000,1.22,INSUFFICIENT_DATA,0.0,0.015590653863897552,5000.0,11.633110046386719,-43.93006134033203,0.9666196007345123,0.016444657645781187,0.015084949814516213,0.000836496597039363,0.0002630686213401066,5.937805237853263e-05,7.146658690159804e-05,3.802898492584601e-05
oppo-reno+p01_2_2+300cm,oppo-reno,p01,300cm,16000,1.313,INSUFFICIENT_DATA,0.0,0.049321742037724166,7226.5625,11.728713989257812,-43.52863693237305,0.9531688882196834,0.032403932889191814,0.011945404228391193,0.0013724052602327329,0.0001366969777134027,4.822162981928014e-05,4.337395608887672e-05,4.3829226015386796e-05
oppo-reno+p01_2_3+200cm,oppo-reno,p01,200cm,16000,0.995,INSUFFICIENT_DATA,0.0,0.04088655367199101,7203.125,7.5782012939453125,-44.81907272338867,0.9216265896204126,0.06901771274814233,0.007470935233371124,0.00037499179215039083,8.663207677327924e-05,4.3244131636095356e-05,4.2674696796165626e-05,3.7330741186365074e-05
oppo-reno+p01_2_4+150cm,oppo-reno,p01,150cm,16000,1.11,INSUFFICIENT_DATA,0.0,0.02913727817219951,5710.9375,10.674285888671875,-46.420589447021484,0.94449352376948,0.0277843899036798,0.02120097859828132,0.004902913887817404,0.00039047415900938213,9.548409120108336e-05,8.751221151697997e-05,5.580499245211334e-05
oppo-reno+p01_2_4+200cm,oppo-reno,p01,200cm,16000,1.079,INSUFFICIENT_DATA,0.0,0.07837849134583916,7390.625,8.1146240234375,-45.887298583984375,0.9659707019902619,0.01006813303888753,0.021066898255980702,0.002178425484677976,9.795575130617157e-05,5.9645748789054696e-05,6.037893117868594e-05,5.0118720292275135e-05
oppo-reno+p01_2_5+150cm,oppo-reno,p01,150cm,16000,1.016,INSUFFICIENT_DATA,0.0,0.024000391601088543,6320.3125,9.075126647949219,-43.66371536254883,0.9386260116530251,0.05479673522823924,0.004149098192205158,0.0004015963116928757,5.37796920908812e-05,2.7758085344822525e-05,3.197030771583799e-05,2.747243673989541e-05
oppo-reno+p01_2_5+200cm,oppo-reno,p01,200cm,16000,1.016,INSUFFICIENT_DATA,0.0,0.04695657236007027,7484.375,8.881805419921875,-44.06726837158203,0.9559819140073317,0.040104073303800274,0.0026142623039510913,0.00023952478584111353,4.805589893659492e-05,3.055390760166106e-05,3.2372968609850856e-05,2.9083074180377514e-05
oppo-reno+p01_3_1+150cm,oppo-reno,p01,150cm,16000,1.11,INSUFFICIENT_DATA,0.0,0.02710659731171421,7195.3125,9.195022583007812,-45.38479232788086,0.9757004694736733,0.020061968807437713,0.0017082385711234005,0.0017587432548037008,0.0001546763874596142,5.662234666602278e-05,5.408841215839706e-05,4.4541227287228846e-05
oppo-reno+p01_3_1+300cm,oppo-reno,p01,300cm,16000,1.063,INSUFFICIENT_DATA,0.0,0.07708523467380511,7179.6875,9.735801696777344,-43.93098449707031,0.9775741180583203,0.017968209898786672,0.002131825605072258,0.00136729431913898,0.00012328082314487507,4.148900489594833e-05,4.076587189477274e-05,4.270313325983439e-05
oppo-reno+p01_3_2+150cm,oppo-reno,p01,150cm,16000,1.173,INSUFFICIENT_DATA,0.0,0.013525960204259134,4914.0625,11.318000793457031,-41.810157775878906,0.9441228763098694,0.05033313107445082,0.0010886595560731693,0.0002821546438506015,6.17896998453043e-05,2.4386584489145214e-05,2.6374526499124245e-05,1.9524177081481634e-05
oppo-reno+p01_3_2+200cm,oppo-reno,p01,200cm,16000,1.11,INSUFFICIENT_DATA,0.0,0.02645378113327558,7195.3125,9.147407531738281,-42.016632080078125,0.9722641698532251,0.023364681958430486,0.0012093117873662345,0.00036134214677918344,5.6754474316992725e-05,2.3518770125253422e-05,2.4598190244379685e-05,2.1756322963218075e-05
oppo-reno+p01_3_2+300cm,oppo-reno,p01,300cm,16000,0.954,INSUFFICIENT_DATA,0.0,0.03453958364974883,7367.1875,10.892951965332031,-41.31446838378906,0.9533649443951716,0.039634664176892424,0.0017787874514650882,0.0005907721010805356,7.573641224938289e-05,2.8253111171850912e-05,2.732126042594503e-05,2.267312950197064e-05
oppo-reno+p01_3_3+200cm,oppo-reno,p01,200cm,16000,0.798,INSUFFICIENT_DATA,0.0,0.06299281270716488,4914.0625,12.213272094726562,-45.07759475708008,0.9660205357544415,0.02385453023836422,0.009317035081614865,0.00028972777830175577,0.00010108670685687273,6.257298272700399e-05,5.258848836264457e-05,4.334903516689113e-05
oppo-reno+p01_3_4+150cm,oppo-reno,p01,150cm,16000,0.766,INSUFFICIENT_DATA,0.0,0.031191003085505403,4640.625,11.150382995605469,-46.08540344238281,0.9273542617078417,0.04187198247808676,0.02255992624135925,0.0031063385436295703,0.00023312970859141108,6.616266830359997e-05,5.704680568604315e-05,4.577530734761908e-05
oppo-reno+p01_3_4+300cm,oppo-reno,p01,300cm,16000,0.766,INSUFFICIENT_DATA,0.0,0.05939841512767582,5148.4375,10.586624145507812,-45.70676803588867,0.9273508582278576,0.04777941306198758,0.019927242182029882,0.002324417258140107,0.00024665555696151904,6.803700411468609e-05,5.9940914557228247e-05,4.994016459718703e-05
oppo-reno+p01_3_5+150cm,oppo-reno,p01,150cm,16000,1.298,INSUFFICIENT_DATA,0.0,0.03535169511978012,6320.3125,7.698402404785156,-46.05585479736328,0.9315000310229367,0.06186107692188803,0.0035081440769363557,0.0003813349933617085,7.960855209988292e-05,4.938619908001049e-05,5.5312074337924076e-05,5.083287875258533e-05
oppo-reno+p01_3_5+300cm,oppo-reno,p01,300cm,16000,1.11,INSUFFICIENT_DATA,0.0,0.06777322648483747,7156.25,8.998245239257812,-45.78245162963867,0.9621630628340666,0.03235206710436074,0.0036553724556355944,0.0002577081774648187,7.618964388925117e-05,4.7149814532473146e-05,5.053678435255763e-05,4.5819787505737924e-05
oppo-reno+p01_4_1+300cm,oppo-reno,p01,300cm,16000,1.157,INSUFFICIENT_DATA,0.0,0.11269313050896927,5531.25,9.68023681640625,-44.67061996459961,0.9277479774687156,0.040783934569131305,0.028626683978038508,0.0015538681991386254,0.00011695069805413367,6.968455615995005e-05,4.315749269062453e-05,3.6594804482046594e-05
oppo-reno+p01_4_2+150cm,oppo-reno,p01,150cm,16000,1.22,INSUFFICIENT_DATA,0.0,0.04030894919293428,7218.75,10.479270935058594,-47.16448211669922,0.9105006136413316,0.0265680499484728,0.055416962706830254,0.005336214569066311,0.0002199550346640544,0.00014197290459532538,0.00011401601229051518,9.239742246328921e-05
oppo-reno+p01_4_2+300cm,oppo-reno,p01,300cm,16000,1.095,INSUFFICIENT_DATA,0.0,0.06555881825739232,4679.6875,11.979057312011719,-45.58332824707031,0.891172803047732,0.032224105187033496,0.07298491298508127,0.0021445425382349073,0.0002553215850605186,0.0002099160494101089,0.00013654683812141326,7.014280169503879e-05
oppo-reno+p01_4_3+150cm,oppo-reno,p01,150cm,16000,0.688,INSUFFICIENT_DATA,0.0,0.050045281304496085,6328.125,11.072891235351562,-45.30832290649414,0.9555294456979316,0.03244158222008977,0.009780962524491147,0.0011248362341817538,0.00012295216934855987,4.5017241836237064e-05,6.370939584464338e-05,4.6082706310417546e-05
oppo-reno+p01_4_3+200cm,oppo-reno,p01,200cm,16000,0.688,INSUFFICIENT_DATA,0.0,0.5264996655516778,6578.125,11.013999938964844,-36.40296173095703,0.9827774198689994,0.010798091791518263,0.0056928810550547024,0.0004544950121483493,5.9011328993920006e-05,2.2942187776490464e-05,3.304420693779034e-05,2.282888475778868e-05
oppo-reno+p01_4_3+300cm,oppo-reno,p01,300cm,16000,0.657,INSUFFICIENT_DATA,0.0,0.05973581034555186,7257.8125,9.880783081054688,-43.104339599609375,0.9735788367340583,0.01547549845476228,0.009561544605359948,0.0009565746472880941,9.79638496291702e-05,3.29869886553141e-05,3.9624568306799276e-05,2.8757450488252827e-05
oppo-reno+p01_4_4+200cm,oppo-reno,p01,200cm,16000,1.079,INSUFFICIENT_DATA,0.0,0.06048423560207643,7218.75,9.219749450683594,-46.27382278442383,0.9498873217538449,0.04432599823140474,0.0033082833406112445,0.00032905087835494884,8.494717163488684e-05,4.6701824283685015e-05,5.380599941730312e-05,4.84232759383105e-05
oppo-reno+p01_4_4+300cm,oppo-reno,p01,300cm,16000,1.016,INSUFFICIENT_DATA,0.0,0.06700994710917273,7492.1875,7.788230895996094,-45.389923095703125,0.9472764330452038,0.0478507508914551,0.0030425643688685175,0.00031408036250782915,7.209881454720922e-05,3.7852851748254734e-05,4.26962258399802e-05,4.010493810477551e-05
oppo-reno+p01_4_5+200cm,oppo-reno,p01,200cm,16000,0.954,INSUFFICIENT_DATA,0.0,0.08691417439377616,5156.25,10.187965393066406,-46.552467346191406,0.9655206097513408,0.018742739610343104,0.013975693594005615,0.0010532355139758415,0.00012574756404797415,7.818745379851842e-05,6.955920022394497e-05,5.432653872010063e-05
oppo-reno+p01_4_5+300cm,oppo-reno,p01,300cm,16000,0.917,INSUFFICIENT_DATA,0.0,0.07829440956443011,5531.25,11.142036437988281,-45.416290283203125,0.9317314313131687,0.022662126003434563,0.04217041831325103,0.0015760876298933418,0.00020835694298443965,0.00014386378077911976,5.986151608953757e-05,4.654928206016791e-05
oppo-reno+p01_5_1+150cm,oppo-reno,p01,150cm,16000,1.579,INSUFFICIENT_DATA,0.0,0.060788081333991016,6835.9375,6.578369140625,-46.978790283203125,0.9429230057074207,0.024325644426221777,0.030431881182055524,0.0008440606267028057,0.000133777534323444,0.00010104579023736836,9.309634319727867e-05,6.926313245599672e-05
oppo-reno+p01_5_1+300cm,oppo-reno,p01,300cm,16000,1.579,INSUFFICIENT_DATA,0.0,0.09389387775399381,7421.875,8.717025756835938,-45.901371002197266,0.9535153255905832,0.017669003251886837,0.027248044008635855,0.0006115993639900293,0.00010712880043781184,8.469481265667738e-05,9.670187850047313e-05,6.788391742231344e-05
oppo-reno+p01_5_2+150cm,oppo-reno,p01,150cm,16000,1.282,INSUFFICIENT_DATA,0.0,0.042978064583923205,4585.9375,8.205162048339844,-43.12834167480469,0.9478120263831095,0.04344460404769437,0.007798674293342966,0.0004488548271051536,5.179263986058181e-05,2.5085990044643396e-05,2.9946635768176356e-05,2.6138911491847653e-05
oppo-reno+p01_5_3+200cm,oppo-reno,p01,200cm,16000,1.814,INSUFFICIENT_DATA,0.0,0.035413375844970466,7390.625,6.7067108154296875,-43.916629791259766,0.9567468763602607,0.02942328836093999,0.012900928023605939,0.0004714239687959185,9.227830823533931e-05,3.9543416685493886e-05,3.6627435097569824e-05,3.240517147579864e-05
oppo-reno+p01_5_4+150cm,oppo-reno,p01,150cm,16000,1.225,INSUFFICIENT_DATA,0.0,0.11328751244226509,6773.4375,8.91802978515625,-45.65403366088867,0.9680748227082069,0.01952178326902081,0.010043524831678365,0.0014821935115678772,0.00010820023145484086,5.1378354330545585e-05,6.783580780192795e-05,4.88225366449662e-05
oppo-reno+p01_5_4+200cm,oppo-reno,p01,200cm,16000,1.267,INSUFFICIENT_DATA,0.0,0.038601523333536905,6000.0,15.848419189453125,-45.1301383972168,0.9764192056918926,0.013673937917944521,0.006050821492668555,0.0032806611643259975,0.000137510094892315,7.03947633724613e-05,0.00012861476239916863,6.209006011367428e-05
oppo-reno+p01_5_4+300cm,oppo-reno,p01,300cm,16000,1.37,INSUFFICIENT_DATA,0.0,0.12376155377076344,6296.875,11.020126342773438,-47.18429946899414,0.9653140959051425,0.016281388475384555,0.011188937353316714,0.006351308018263021,0.00019592373698049616,0.00011596865387221729,0.0001384448910410878,9.727879461711142e-05
oppo-reno+p01_6_1+150cm,oppo-reno,p01,150cm,16000,1.235,INSUFFICIENT_DATA,0.0,0.05686056274182503,6554.6875,7.645271301269531,-45.315345764160156,0.946496494266744,0.026128657205081323,0.02426239383407937,0.0007877280942887168,0.0001607725381795041,5.816408366815933e-05,6.368872898657312e-05,4.773891090220299e-05
oppo-reno+p01_6_1+200cm,oppo-reno,p01,200cm,16000,1.235,INSUFFICIENT_DATA,0.0,0.04956718242201667,6296.875,6.9792938232421875,-46.262062072753906,0.9564723425712486,0.023055542922073756,0.0187183407635857,0.0005506688848981037,0.00014243622819921394,6.0826966210487836e-05,6.896116155776938e-05,5.4284005522502544e-05
oppo-reno+p01_6_2+200cm,oppo-reno,p01,200cm,16000,1.36,INSUFFICIENT_DATA,0.0,0.06884104034504578,6117.1875,9.476676940917969,-45.41686248779297,0.9750036192196838,0.010740268033346701,0.013034364708615825,0.0006281762540358833,9.247769645567867e-05,5.421560151114803e-05,8.376545954229709e-05,4.5131253598672415e-05
oppo-reno+p01_6_3+150cm,oppo-reno,p01,150cm,16000,1.626,INSUFFICIENT_DATA,0.0,0.061312235571821375,6328.125,7.158355712890625,-46.040428161621094,0.915665530694046,0.034378714016110604,0.047079986785592096,0.0014597200298259749,0.00021711088172960417,9.567317683970467e-05,7.462142858153901e-05,5.845276241438877e-05
oppo-reno+p01_6_3+300cm,oppo-reno,p01,300cm,16000,1.548,INSUFFICIENT_DATA,0.0,0.05629664017808475,5789.0625,9.930534362792969,-44.05895233154297,0.946430501303492,0.030861275959080243,0.020467843290517117,0.0014967812882215087,0.0001868907541212985,0.00010446663404535996,6.321691338772065e-05,4.236462652865651e-05
oppo-reno+p01_6_4+300cm,oppo-reno,p01,300cm,16000,1.267,INSUFFICIENT_DATA,0.0,0.06118335365643187,6304.6875,13.925003051757812,-44.68217468261719,0.9721300550206917,0.017873157800242262,0.006219501219079814,0.0031506598069350844,0.0001317445757354526,7.214688246465357e-05,0.0001219381257179008,7.375030093402593e-05
oppo-reno+p02_1_1+150cm,oppo-reno,p02,150cm,16000,0.571,INSUFFICIENT_DATA,0.0,0.18516330679668866,4242.1875,13.508018493652344,-55.277400970458984,0.9244351160823512,0.05621948260300521,0.01132643239263129,0.002033780040812238,0.0011272337265395948,0.0003318847733886314,0.0004246047064517723,0.00038984925232980657
oppo-reno+p02_1_2+150cm,oppo-reno,p02,150cm,16000,0.649,INSUFFICIENT_DATA,0.0,0.6306335504091679,7250.0,9.638832092285156,-51.61952209472656,0.9585190921435274,0.03079748296587482,0.008444201036201058,0.0008015728489261597,0.00033027659277242577,0.00018318797000140216,0.00021156707052028605,0.0002163270474764828
oppo-reno+p02_1_2+200cm,oppo-reno,p02,200cm,16000,0.622,INSUFFICIENT_DATA,0.0,0.38374422130880653,6820.3125,10.266853332519531,-53.88908004760742,0.9450082470162404,0.04465709078147421,0.006971791241755001,0.0013135158600604377,0.0006144279039007906,0.000315637350148436,0.00037800763679049786,0.00033169425473599987
oppo-reno+p02_1_3+150cm,oppo-reno,p02,150cm,16000,0.85,INSUFFICIENT_DATA,0.0,0.08631044105281946,4195.3125,12.295845031738281,-48.712005615234375,0.8833417516239984,0.05777977226992917,0.0521575463549864,0.00233542215804366,0.0014372551732735107,0.0001032115053597048,0.00013684474487097898,0.00010142968170202357
oppo-reno+p02_1_3+200cm,oppo-reno,p02,200cm,16000,0.847,INSUFFICIENT_DATA,0.0,0.10941943167036393,4171.875,13.070991516113281,-49.164398193359375,0.9203501001619607,0.03602680062216635,0.03619161058259985,0.002032185335977688,0.0014955426874859081,0.00010010168951481959,0.00013431798508888057,0.0001048893893958749
oppo-reno+p02_1_4+300cm,oppo-reno,p02,300cm,16000,1.073,INSUFFICIENT_DATA,0.0,0.027544350093927406,4273.4375,11.117179870605469,-43.640541076660156,0.9281798567075206,0.03752405072066062,0.03123738058779955,0.0010215408500176008,0.0014555920899815107,5.051359938977841e-05,5.5752893982485984e-05,3.838583902397836e-05
oppo-reno+p02_1_5+300cm,oppo-reno,p02,300cm,16000,1.004,INSUFFICIENT_DATA,0.0,0.04106084298884473,4265.625,10.257316589355469,-46.48733139038086,0.730954304324704,0.08383268456021394,0.1741364172655651,0.002498380362434687,0.003668514321289612,8.669781493095558e-05,8.538686138350206e-05,6.313763644324983e-05
oppo-reno+p02_2_1+200cm,oppo-reno,p02,200cm,16000,0.883,INSUFFICIENT_DATA,0.0,0.1440154052276003,4273.4375,13.205741882324219,-49.15167236328125,0.8467179210170901,0.13779335623755762,0.011024032819880557,0.0008403456307900172,0.001148963730983402,0.00010552411928339807,0.00011823691515370549,0.0001043309465794311
oppo-reno+p02_2_2+200cm,oppo-reno,p02,200cm,16000,1.307,INSUFFICIENT_DATA,0.0,0.07052384826985589,4234.375,12.204307556152344,-46.06223678588867,0.8710537361284151,0.05951721532272913,0.06341380216219254,0.0011877341244561,0.0015895128378461219,8.412342247581755e-05,8.003703450885956e-05,7.129150576851937e-05
oppo-reno+p02_2_3+200cm,oppo-reno,p02,200cm,16000,1.117,INSUFFICIENT_DATA,0.0,0.1952503971831831,6945.3125,13.556236267089844,-49.44154739379883,0.8355796102318842,0.10881236798528314,0.043181736687086705,0.002285922723969148,0.001458649637930813,0.00019583394948251894,0.00022897313598125693,0.00017019279793529734
oppo-reno+p02_2_3+300cm,oppo-reno,p02,300cm,16000,1.29,INSUFFICIENT_DATA,0.0,0.10162378783338306,7484.375,14.805511474609375,-48.35270309448242,0.7747306710976188,0.11823640820904445,0.09522944509022391,0.0032579028166074583,0.0028541836241903944,0.00022503101960034388,0.00022222001350979804,0.0001896598475779202
oppo-reno+p02_2_4+200cm,oppo-reno,p02,200cm,16000,0.9,INSUFFICIENT_DATA,0.0,0.12587301739308798,5531.25,13.633636474609375,-46.93489456176758,0.9372858244346587,0.02514601891271618,0.030012799805604753,0.00538218006676445,0.0012203508199892922,0.0002491101736744574,0.00014742909125858023,0.0001433156703492853
oppo-reno+p02_2_5+200cm,oppo-reno,p02,200cm,16000,1.0,INSUFFICIENT_DATA,0.0,0.08561339923992183,6851.5625,11.275863647460938,-45.30297088623047,0.8832506846005461,0.0895684779962061,0.019966345377326795,0.0028364223763441172,0.001435926725290957,6.498366888260016e-05,6.61161245358508e-05,4.44513882013947e-05
oppo-reno+p02_2_5+300cm,oppo-reno,p02,300cm,16000,0.805,INSUFFICIENT_DATA,0.0,0.054813591702047006,4531.25,13.564048767089844,-45.078277587890625,0.7966048926878317,0.13507754414517037,0.05510640602499038,0.0034647515034423805,0.0019050612140951554,7.370472169441611e-05,6.647879961837787e-05,4.092992258458534e-05
oppo-reno+p02_3_1+150cm,oppo-reno,p02,150cm,16000,1.29,INSUFFICIENT_DATA,0.0,0.0553174537620911,6960.9375,13.564155578613281,-47.70591354370117,0.94056662885776,0.043745455867803436,0.012297862184700846,0.0014813573456413228,0.0008043845825811331,0.00013155566490405068,0.00014107675401839578,0.0001268006725133744
oppo-reno+p02_3_1+200cm,oppo-reno,p02,200cm,16000,1.261,INSUFFICIENT_DATA,0.0,0.08335694447075982,6882.8125,14.010169982910156,-47.34986114501953,0.9652339590395287,0.026172524752571737,0.005991148867496749,0.0010542386374923205,0.0007536918604289008,6.948933365391126e-05,0.00017836358482961688,7.455076862733631e-05
oppo-reno+p02_3_1+300cm,oppo-reno,p02,300cm,16000,1.128,INSUFFICIENT_DATA,0.0,0.05045221920167513,6648.4375,16.418548583984375,-46.14958190917969,0.9317921392349822,0.05514140528683298,0.008074462804604792,0.002795735605620357,0.0009300792138056908,7.523130933203145e-05,0.0002728797797261667,0.00013064096572471416
oppo-reno+p02_3_2+150cm,oppo-reno,p02,150cm,16000,1.212,INSUFFICIENT_DATA,0.0,0.01940442389336814,6429.6875,13.1995849609375,-43.02061080932617,0.9175700937452315,0.06866630573246016,0.005377778164270828,0.001563178899096922,0.0006269623261642384,4.090548129931574e-05,6.61047717565624e-05,3.395335506576523e-05
oppo-reno+p02_3_2+300cm,oppo-reno,p02,300cm,16000,1.238,INSUFFICIENT_DATA,0.0,0.04038584605702671,6890.625,13.367317199707031,-43.288841247558594,0.9170738667172598,0.0675129188409659,0.011215709546308532,0.0016443880966522635,0.00031046065039758657,4.692735271864147e-05,8.420592186131692e-05,4.9980922445022174e-05
oppo-reno+p02_3_3+300cm,oppo-reno,p02,300cm,16000,0.814,INSUFFICIENT_DATA,0.0,0.09234990525868794,4382.8125,12.259750366210938,-45.109519958496094,0.7475802140165773,0.1607292039156157,0.07959459863548572,0.006279849581406344,0.0038614703283461472,0.00016141303071752616,0.00012179520508693108,5.846015004609216e-05
oppo-reno+p02_3_4+150cm,oppo-reno,p02,150cm,16000,0.563,INSUFFICIENT_DATA,0.0,0.035212115592561224,4195.3125,17.971206665039062,-47.33964538574219,0.8750521961314027,0.10826214922750421,0.009969224064570115,0.0012811254982315835,0.000831738903726599,7.169767064875493e-05,6.98076968806877e-05,6.160584399396004e-05
oppo-reno+p02_3_4+200cm,oppo-reno,p02,200cm,16000,0.571,INSUFFICIENT_DATA,0.0,0.09020085112404107,4046.875,15.128921508789062,-48.84825134277344,0.9177457829965642,0.06465803169229967,0.00969642151345787,0.0009906128087039832,0.0008267230759946492,8.782229355434369e-05,9.379952634100702e-05,8.045995738229632e-05
oppo-reno+p02_3_5+150cm,oppo-reno,p02,150cm,16000,0.935,INSUFFICIENT_DATA,0.0,0.7778550598801219,4468.75,9.506629943847656,-34.88580322265625,0.9609111450854055,0.02651560564689785,0.00867339835075489,0.0005862366822703224,0.0002269738747769098,1.8916501916534237e-05,1.5431876627149118e-05,9.673257421213784e-06
oppo-reno+p02_4_1+150cm,oppo-reno,p02,150cm,16000,0.883,INSUFFICIENT_DATA,0.0,0.04492763158212415,4179.6875,10.586929321289062,-46.96412658691406,0.8161837541236917,0.16209575313286223,0.01638948650029231,0.001058824568200935,0.0009219252262133336,8.827927299031078e-05,8.315634816849054e-05,6.762020717781254e-05
oppo-reno+p02_4_1+300cm,oppo-reno,p02,300cm,16000,0.883,INSUFFICIENT_DATA,0.0,0.07172113216071763,4406.25,15.84503173828125,-46.459228515625,0.8403877814325291,0.10204752040947739,0.05179084982735761,0.001941079423405557,0.001769526041415576,0.00011379314844862493,9.865255616028375e-05,6.634752863210107e-05
oppo-reno+p02_4_2+150cm,oppo-reno,p02,150cm,16000,1.24,INSUFFICIENT_DATA,0.0,0.05101794516317204,4109.375,10.721511840820312,-47.6130485534668,0.7198663203589984,0.1171387672826447,0.15191230870463784,0.0039419104994274125,0.00389391303560396,0.00023084772181636054,0.00015374059562125208,0.00011020219157471138
oppo-reno+p02_4_2+200cm,oppo-reno,p02,200cm,16000,1.24,INSUFFICIENT_DATA,0.0,0.09086933804702887,4757.8125,13.09613037109375,-47.18210220336914,0.7504804451378612,0.05019005539514169,0.19041806306536657,0.0028996755599347557,0.004087946274711302,0.0001987423391138067,0.0001511968569392144,0.0001130743846039794
oppo-reno+p02_4_2+300cm,oppo-reno,p02,300cm,16000,1.229,INSUFFICIENT_DATA,0.0,0.13401816766728217,4226.5625,12.1134033203125,-46.63346862792969,0.7481199679118207,0.06337121543257915,0.1764689128662244,0.0031465282559078756,0.0028787092631032524,0.00021811888961324044,0.0001530991326917569,0.00012562399013011424
oppo-reno+p02_4_3+200cm,oppo-reno,p02,200cm,16000,0.622,INSUFFICIENT_DATA,0.0,0.17822296419866537,7398.4375,9.509452819824219,-49.75009536743164,0.934390209066214,0.05634586286080892,0.007331041196817504,0.0008991285778153869,0.00028704421142674,0.00011322315374740415,0.00013364545411300263,0.00012042571824154271
oppo-reno+p02_4_5+200cm,oppo-reno,p02,200cm,16000,0.952,INSUFFICIENT_DATA,0.0,0.08883111342577076,7390.625,8.023368835449219,-48.25746536254883,0.9409279413554105,0.04276764329294142,0.012191227112184615,0.0024082173490211803,0.0007445710267704901,8.817856433199792e-05,0.00011279049665273997,9.436639437623628e-05
oppo-reno+p02_5_1+150cm,oppo-reno,p02,150cm,16000,1.645,INSUFFICIENT_DATA,0.0,0.044528796403121504,6906.25,13.88262939453125,-45.465755462646484,0.6937770561811132,0.1963477548450635,0.09559565844759847,0.007948101088779913,0.0023883467289435366,0.0001887370552745344,0.0002425586110588808,8.18125789472796e-05
oppo-reno+p02_5_1+300cm,oppo-reno,p02,300cm,16000,1.372,INSUFFICIENT_DATA,0.0,0.05280671449093973,6898.4375,10.183235168457031,-45.63330841064453,0.7548540589698919,0.17278228850421623,0.06422814493929802,0.005190015905801251,0.0016055477798862332,8.664267332052862e-05,8.697562752312015e-05,7.422629888337435e-05
oppo-reno+p02_5_2+150cm,oppo-reno,p02,150cm,16000,1.219,INSUFFICIENT_DATA,0.0,0.027056477119972024,4132.8125,8.312484741210938,-46.64210891723633,0.8136128076793457,0.15242945031510272,0.02451647771335671,0.005090676295969537,0.0015159997766782745,0.00010651449506297513,8.160837831956518e-05,6.211894201472052e-05
oppo-reno+p02_5_2+200cm,oppo-reno,p02,200cm,16000,1.333,INSUFFICIENT_DATA,0.0,0.05534350188395416,4187.5,7.802459716796875,-47.87650680541992,0.8795850960929112,0.09835426875731086,0.01547886106851874,0.0023376999363505127,0.0006271180698488242,8.111434750242904e-05,8.453753718354035e-05,7.120748187489067e-05
oppo-reno+p02_5_3+150cm,oppo-reno,p02,150cm,16000,1.264,INSUFFICIENT_DATA,0.0,0.039051538981402956,6304.6875,11.550148010253906,-46.72581100463867,0.7625733121933013,0.1036389026169787,0.11735442634139497,0.0038499154252611923,0.004208691332195756,0.00010517749669294509,0.00013579902668918423,6.762524979618408e-05
oppo-reno+p02_5_3+300cm,oppo-reno,p02,300cm,16000,1.264,INSUFFICIENT_DATA,0.0,0.038212968191977024,6304.6875,11.173171997070312,-45.8004150390625,0.7997029445623229,0.08224467190572309,0.10532379796070587,0.00486598868027097,0.0035129920457100824,9.05927507179292e-05,9.811256113882712e-05,5.2212094410692217e-05
oppo-reno+p02_5_4+200cm,oppo-reno,p02,200cm,16000,1.186,INSUFFICIENT_DATA,0.0,0.11868651137635022,6843.75,7.652305603027344,-47.650447845458984,0.9346892116841304,0.044868622542899333,0.018004582743990197,0.0014615629615353158,0.0005334395873010074,7.949400066478781e-05,9.167618370330387e-05,8.234473729715835e-05
oppo-reno+p02_5_4+300cm,oppo-reno,p02,300cm,16000,1.237,INSUFFICIENT_DATA,0.0,0.0843399361406632,5765.625,12.998764038085938,-47.378883361816406,0.8952868017432837,0.07901207583629499,0.02185809808300811,0.0027393043176915416,0.0005845752328824569,0.00010403478410554105,0.00012438330460154732,8.099123703877696e-05
oppo-reno+p02_6_1+150cm,oppo-reno,p02,150cm,16000,1.223,INSUFFICIENT_DATA,0.0,0.25188861707766147,5390.625,18.689613342285156,-46.391597747802734,0.7713705709915482,0.11938449270995152,0.0972787835967483,0.0051549317296454,0.0034879825368428533,0.00023948547999865847,0.00010108355134980007,6.692312728801124e-05
oppo-reno+p02_6_1+200cm,oppo-reno,p02,200cm,16000,1.223,INSUFFICIENT_DATA,0.0,0.07137080728632245,4835.9375,10.2286376953125,-47.98240661621094,0.8081121071608524,0.1277774479263645,0.05550556948996816,0.0038769594551219242,0.002140638958218483,0.0001195987860196506,0.0001108442127594132,9.142923509061116e-05
oppo-reno+p02_6_1+300cm,oppo-reno,p02,300cm,16000,1.169,INSUFFICIENT_DATA,0.0,0.22945196598554596,4531.25,12.41546630859375,-44.75770568847656,0.7720784359036665,0.13845752465007985,0.08145847358008902,0.004239272920867735,0.002398948660121018,0.00019069480139460035,0.00018698713260488563,0.00020212791575645726
oppo-reno+p02_6_2+150cm,oppo-reno,p02,150cm,16000,1.125,INSUFFICIENT_DATA,0.0,0.1519668448174235,4203.125,7.82196044921875,-50.977195739746094,0.8223215855216133,0.08191254914208025,0.08590356998012628,0.0038893276571400474,0.003375178366107888,0.00019664690622041756,0.00020406652852892888,0.00015837819297477985
oppo-reno+p02_6_2+200cm,oppo-reno,p02,200cm,16000,1.627,INSUFFICIENT_DATA,0.0,0.06719448033900224,5796.875,7.559577941894531,-47.90773391723633,0.8507404414712605,0.07538812468668293,0.06475064330768791,0.0022754641733712133,0.004992998931471752,0.0001066149112276425,0.00011024136388637174,7.822486175296768e-05
oppo-reno+p02_6_3+150cm,oppo-reno,p02,150cm,16000,2.302,INSUFFICIENT_DATA,0.0,0.09268842843894651,4414.0625,7.652671813964844,-48.17947006225586,0.7659824177075527,0.11946798270976486,0.10212898012705371,0.004289653171184912,0.0022278455601088924,0.0001965653434186598,0.00013602168143967506,0.00011414321920244819
oppo-reno+p02_6_3+200cm,oppo-reno,p02,200cm,16000,1.731,INSUFFICIENT_DATA,0.0,0.035868647908233776,4179.6875,9.581008911132812,-46.14616394042969,0.8355502373877852,0.07274313275591586,0.0853935419942192,0.001954067697197528,0.0028734953368914767,0.00012042785673446129,8.290616830037844e-05,5.755514016823528e-05
oppo-reno+p02_6_4+200cm,oppo-reno,p02,200cm,16000,1.237,INSUFFICIENT_DATA,0.0,0.09151327338443287,6828.125,12.662254333496094,-47.834388732910156,0.9103308807448978,0.06274078125726203,0.022810681893890038,0.0027957980534463974,0.0007585319301958041,0.0001004085430861626,0.0001513792838076255,9.698890987312683e-05
oppo-reno+p02_6_4+300cm,oppo-reno,p02,300cm,16000,1.237,INSUFFICIENT_DATA,0.0,0.07849208947673841,5765.625,13.164100646972656,-47.79719924926758,0.8899199386052967,0.08312832063219937,0.022999127292787743,0.0028053816330154274,0.0005719792171009288,0.00011715945404841799,0.00013451396268831316,9.494171232465366e-05
oppo-reno+p03_1_1+200cm,oppo-reno,p03,200cm,16000,0.929,INSUFFICIENT_DATA,0.0,0.2167032713302381,6843.75,9.36962890625,-53.56247329711914,0.9211527293366687,0.06647736739366271,0.005123701193865132,0.001213046302829912,0.000507092545991434,0.00031434916370968525,0.00033510764967082285,0.00032360562372266686
oppo-reno+p03_1_1+300cm,oppo-reno,p03,300cm,16000,1.105,INSUFFICIENT_DATA,0.0,0.12921585315291345,4156.25,9.524681091308594,-51.48805618286133,0.8339300668511946,0.15054123917918005,0.0106971184577895,0.0014827669709253169,0.000394073115709623,0.00016807129040066594,0.00019412147984278522,0.0001665497472067405
oppo-reno+p03_1_2+150cm,oppo-reno,p03,150cm,16000,0.982,INSUFFICIENT_DATA,0.0,0.10496494951696958,7257.8125,8.703285217285156,-45.747108459472656,0.9110080479193357,0.0815747630463222,0.004165073436483527,0.0003611528557551502,0.00013730550223264298,4.738148338442219e-05,5.934211954432328e-05,5.0974252788946016e-05
oppo-reno+p03_1_2+300cm,oppo-reno,p03,300cm,16000,0.982,INSUFFICIENT_DATA,0.0,0.03146506259046282,7328.125,10.070907592773438,-44.44715881347656,0.8706648916265078,0.122235604312429,0.004158693035005979,0.0004085738528254436,0.00011543125631299437,3.518039918394241e-05,4.366201747929706e-05,3.9779557299090834e-05
oppo-reno+p03_1_3+200cm,oppo-reno,p03,200cm,16000,1.35,INSUFFICIENT_DATA,0.0,0.08615463887027867,7421.875,6.919059753417969,-46.8531494140625,0.9525921379155722,0.03447867728077262,0.011595998359249958,0.000347489203782466,0.0001162842622836306,6.133528042726284e-05,6.661591310683797e-05,5.974127412272908e-05
oppo-reno+p03_1_3+300cm,oppo-reno,p03,300cm,16000,1.315,INSUFFICIENT_DATA,0.0,0.7393084605180417,4179.6875,6.4656982421875,-35.871917724609375,0.9841949578422114,0.013693785121299274,0.001322817675498563,0.00012001039872552514,4.3847268889982703e-05,1.7461756500921172e-05,1.4526985221086527e-05,1.135389566758081e-05
oppo-reno+p03_1_4+200cm,oppo-reno,p03,200cm,16000,1.298,INSUFFICIENT_DATA,0.0,0.03289462644710515,4140.625,10.697006225585938,-45.042747497558594,0.9821868452773819,0.015655890087553127,0.001341124616582764,0.00041099577672874853,0.00013339389346417197,3.453947764252419e-05,4.392241691082764e-05,3.6771662658817505e-05
oppo-reno+p03_1_4+300cm,oppo-reno,p03,300cm,16000,1.385,INSUFFICIENT_DATA,0.0,0.7438300766385284,nan,0.0,-35.8565788269043,0.9939425568507995,0.005067264521777572,0.0006779817016838108,0.00016443997336010403,4.3558092841736176e-05,1.5387626005032984e-05,1.2087862496588022e-05,1.046059981738916e-05
oppo-reno+p03_1_5+200cm,oppo-reno,p03,200cm,16000,1.35,INSUFFICIENT_DATA,0.0,0.061877203797865835,7304.6875,8.528282165527344,-46.88707733154297,0.8749498443844799,0.11698662089446701,0.0054394467795742425,0.0006745448139345904,0.0001736015638989581,6.649672541774838e-05,8.307655027928919e-05,7.147121373366548e-05
oppo-reno+p03_1_5+300cm,oppo-reno,p03,300cm,16000,1.368,INSUFFICIENT_DATA,0.0,0.04974036907592747,6859.375,8.009269714355469,-44.927120208740234,0.8841175653099816,0.09835579363538793,0.010529888497604174,0.0010412138407289292,0.00012735351496278338,4.0467683322101055e-05,4.824210121856082e-05,4.386118355116186e-05
oppo-reno+p03_2_1+150cm,oppo-reno,p03,150cm,16000,1.4,INSUFFICIENT_DATA,0.0,0.2353925873450708,7289.0625,9.635604858398438,-48.47611999511719,0.900605479828141,0.08929948013373952,0.00804098655924621,0.0008994530571246916,0.00019922719152841366,8.365673724193974e-05,0.0001036169708988234,9.590659502019929e-05
oppo-reno+p03_2_1+200cm,oppo-reno,p03,200cm,16000,1.4,INSUFFICIENT_DATA,0.0,0.11768951476747629,7203.125,8.40240478515625,-49.95663070678711,0.828440099739052,0.1638560521917177,0.005303491851672923,0.0009140563401885341,0.0002490905317532043,0.00012451260851884636,0.00014503100165484206,0.00013076230738795543
oppo-reno+p03_2_2+150cm,oppo-reno,p03,150cm,16000,1.613,INSUFFICIENT_DATA,0.0,0.8330861860326215,7296.875,9.5506591796875,-35.904300689697266,0.9881831388363691,0.009828070449048062,0.0014469712031634585,0.00013665242075690078,4.5564695170684106e-05,1.6870711301514267e-05,1.4691910661382109e-05,1.4001520096841234e-05
oppo-reno+p03_2_2+300cm,oppo-reno,p03,300cm,16000,1.438,INSUFFICIENT_DATA,0.0,0.047421610949439384,7218.75,13.012130737304688,-45.459293365478516,0.9415542296300248,0.04901278858380492,0.006738530143959493,0.0007011223539949465,0.0001934116920509098,7.173297667296166e-05,9.69027440020464e-05,0.00010133051770581646
oppo-reno+p03_2_3+150cm,oppo-reno,p03,150cm,16000,1.403,INSUFFICIENT_DATA,0.0,0.0942085290737726,7132.8125,9.579292297363281,-47.990867614746094,0.8746317073776146,0.1057083117973755,0.00878475189723563,0.002777702260987753,0.0002553277394691547,9.432523197693381e-05,0.00011421806001798202,9.260313610008965e-05
oppo-reno+p03_2_3+200cm,oppo-reno,p03,200cm,16000,1.277,INSUFFICIENT_DATA,0.0,0.08491329198139358,6843.75,11.236587524414062,-46.586097717285156,0.8700576036748698,0.11837295808286775,0.007495000478089193,0.000628535848626644,0.0001460551793777685,6.74915233140497e-05,9.604120244223459e-05,8.007126285544433e-05
oppo-reno+p03_2_3+300cm,oppo-reno,p03,300cm,16000,1.298,INSUFFICIENT_DATA,0.0,0.04503863872738384,7281.25,9.392196655273438,-45.99689865112305,0.8171301725846125,0.16584280892468029,0.00796185433888785,0.001556662836416292,0.00012861134265390416,6.212787725375924e-05,7.381780165283969e-05,6.498974297381943e-05
oppo-reno+p03_2_4+150cm,oppo-reno,p03,150cm,16000,1.298,INSUFFICIENT_DATA,0.0,0.3488163436162969,7078.125,10.54461669921875,-46.52255630493164,0.9448955106560378,0.047682741105635994,0.004487885340233681,0.001295214163096383,0.000383985988899524,0.00014946966392107328,0.00012568546700652462,0.00011419120879110496
oppo-reno+p03_2_4+200cm,oppo-reno,p03,200cm,16000,1.701,INSUFFICIENT_DATA,0.0,0.11170498259589141,4164.0625,12.77740478515625,-47.895111083984375,0.9571834321681091,0.03420696707379585,0.005551454203757051,0.0012893521599268698,0.0006193547702238287,0.0001493445278661986,0.00024064721412910654,0.00019708715897500236
oppo-reno+p03_2_4+300cm,oppo-reno,p03,300cm,16000,1.298,INSUFFICIENT_DATA,0.0,0.0649934732756044,7070.3125,13.003997802734375,-46.99228286743164,0.9377754226105544,0.05431838145845861,0.004875669578415704,0.0014284763494075727,0.0003609871692761525,0.00020309653320698588,0.0001835922347949391,0.0001897335307363463
oppo-reno+p03_2_5+150cm,oppo-reno,p03,150cm,16000,1.07,INSUFFICIENT_DATA,0.0,0.03447633548437891,7281.25,8.634315490722656,-44.62017822265625,0.904096005249444,0.08623513140615047,0.005763547446185141,0.0011730477369231603,8.858032180193976e-05,3.372907258579181e-05,4.022758037676511e-05,3.7265343138395265e-05
oppo-reno+p03_2_5+200cm,oppo-reno,p03,200cm,16000,1.228,INSUFFICIENT_DATA,0.0,0.033722581858654795,4164.0625,8.312423706054688,-44.84401321411133,0.8627031977308658,0.13195053237093832,0.002702620593452323,0.00046803761747159456,0.00010041314773733252,4.1006644111708435e-05,4.404450743178634e-05,4.022442532401205e-05
oppo-reno+p03_2_5+300cm,oppo-reno,p03,300cm,16000,1.245,INSUFFICIENT_DATA,0.0,0.03632458336979123,4164.0625,7.5615081787109375,-43.89316177368164,0.8854835991837045,0.10504119365250535,0.006842877655033028,0.0008089729377842486,8.298128689922928e-05,2.972842431819345e-05,3.2886321979053225e-05,2.9313550551106073e-05
oppo-reno+p03_3_1+200cm,oppo-reno,p03,200cm,16000,1.438,INSUFFICIENT_DATA,0.0,0.05501749751430445,7085.9375,10.374755859375,-46.10539245605469,0.9732291945580301,0.02355173957941354,0.0018725475077755428,0.00047209227429567186,0.00014164548484114114,5.129980353645186e-05,7.386748856950896e-05,7.408578698580329e-05
oppo-reno+p03_3_1+300cm,oppo-reno,p03,300cm,16000,1.432,INSUFFICIENT_DATA,0.0,0.0499456177656953,7210.9375,16.970237731933594,-44.971588134765625,0.9461374698805166,0.04969078133923243,0.002145125485425887,0.0006515839058694348,0.00026967384190263117,8.978039673913759e-05,0.00016869564705907145,0.0002416734083759674
oppo-reno+p03_3_2+150cm,oppo-reno,p03,150cm,16000,1.35,INSUFFICIENT_DATA,0.0,0.8469653188287841,7265.625,6.846336364746094,-33.55741500854492,0.9894926334213318,0.009507778351658091,0.000680498648816625,9.876756636958945e-05,3.2198852929485414e-05,1.1283017311886762e-05,9.927227814432082e-06,9.464928800135469e-06
oppo-reno+p03_3_2+300cm,oppo-reno,p03,300cm,16000,1.35,INSUFFICIENT_DATA,0.0,0.027466154125369506,7234.375,16.230865478515625,-42.446617126464844,0.9416399554962995,0.05375192972699034,0.0032182692913626442,0.0004261137663831317,0.00011259923849775171,4.842520955655391e-05,8.335282565078408e-05,8.679721098557541e-05
oppo-reno+p03_3_3+150cm,oppo-reno,p03,150cm,16000,1.077,INSUFFICIENT_DATA,0.0,0.08028725959285529,4062.5,10.220832824707031,-47.349517822265625,0.8276628489735166,0.1493462957434788,0.016891740814396924,0.002310697237101205,0.0003988304570779066,8.948310107187198e-05,7.722877898669833e-05,6.978772776808454e-05
oppo-reno+p03_3_3+200cm,oppo-reno,p03,200cm,16000,1.175,INSUFFICIENT_DATA,0.0,0.1092526872716648,6703.125,10.4488525390625,-48.604888916015625,0.9199988481251207,0.07464126585395951,0.0031187202040709448,0.0005467533948354478,0.00025435536163596163,0.00010488652436188059,0.00016276281340164034,0.00012805982148409234
oppo-reno+p03_3_3+300cm,oppo-reno,p03,300cm,16000,1.175,INSUFFICIENT_DATA,0.0,0.07126810026046275,6710.9375,12.572723388671875,-47.07837677001953,0.892622055122222,0.09691305331633822,0.007793696427546473,0.001191986002584672,0.00026962952638480387,7.214502924466989e-05,9.589361281098362e-05,7.91285599280549e-05
oppo-reno+p03_3_4+150cm,oppo-reno,p03,150cm,16000,1.105,INSUFFICIENT_DATA,0.0,0.13458513250478496,4171.875,8.870933532714844,-44.95684051513672,0.8745495199561716,0.11285934048155301,0.008950578651038849,0.000984884438032626,0.0001249307356611121,3.819958578117785e-05,4.022322933204233e-05,3.894659773808604e-05
oppo-reno+p03_3_4+200cm,oppo-reno,p03,200cm,16000,1.105,INSUFFICIENT_DATA,0.0,0.058360613031092065,4078.125,12.659133911132812,-46.89842987060547,0.886442464553543,0.10318795621078827,0.006925258788298183,0.001210886454372213,0.00026188048848849746,6.897208076689114e-05,7.625131685539034e-05,7.12477849175934e-05
oppo-reno+p03_3_5+150cm,oppo-reno,p03,150cm,16000,1.508,INSUFFICIENT_DATA,0.0,0.017070681573755728,4179.6875,8.439720153808594,-44.10978317260742,0.9129798928954671,0.07834124221495516,0.003223763778276189,0.0007057938450370432,0.00011076329295437992,2.9453022039556358e-05,3.6626736065909814e-05,3.1018179769640885e-05
oppo-reno+p03_3_5+200cm,oppo-reno,p03,200cm,16000,1.315,INSUFFICIENT_DATA,0.0,0.04782013537117491,4164.0625,9.216415405273438,-45.026851654052734,0.917730832116824,0.07336110055414075,0.006236881910319151,0.0014556756788651757,0.00014671466660426839,4.063667193571627e-05,4.537063187319002e-05,4.2950909922823037e-05
oppo-reno+p03_3_5+300cm,oppo-reno,p03,300cm,16000,1.508,INSUFFICIENT_DATA,0.0,0.024436921072128578,4179.6875,9.809959411621094,-44.00104522705078,0.9146212861084968,0.07657550649987485,0.004095755579532033,0.0007659179953645486,0.00010167172242796278,3.167800345302091e-05,3.604449533266646e-05,3.316677584674214e-05
oppo-reno+p03_4_1+150cm,oppo-reno,p03,150cm,16000,1.403,INSUFFICIENT_DATA,0.0,0.05781441135936585,7289.0625,9.149032592773438,-46.62936782836914,0.8753531114144706,0.10481282777839855,0.015856092214677767,0.002024183078437946,0.00030374197893002483,6.828949096107272e-05,6.856801989963145e-05,5.7075503043814074e-05
oppo-reno+p03_4_2+150cm,oppo-reno,p03,150cm,16000,1.253,INSUFFICIENT_DATA,0.0,0.04234949538365797,7257.8125,13.114601135253906,-46.36725997924805,0.915332754888823,0.04570359562499296,0.03515965234120538,0.0020190018407222035,0.00036158363581521283,9.502537401929247e-05,0.00010245776373864002,0.00010959566333883953
oppo-reno+p03_4_2+200cm,oppo-reno,p03,200cm,16000,1.333,INSUFFICIENT_DATA,0.0,0.10570752914142405,6687.5,16.366729736328125,-47.544471740722656,0.9575616465191391,0.015789999592149044,0.023862505262664792,0.001061440415931275,0.00020683536589395917,0.0001221599483985323,0.0002534203684510077,0.00023722931667874298
oppo-reno+p03_4_2+300cm,oppo-reno,p03,300cm,16000,1.368,INSUFFICIENT_DATA,0.0,0.0383274048889292,7101.5625,17.42980194091797,-45.76875686645508,0.9416999526184431,0.027510366820726075,0.028109012693782166,0.0009117797178656768,0.0001678545763881134,9.262171481511332e-05,0.00022675277581209684,0.0001818998422692773
oppo-reno+p03_4_3+150cm,oppo-reno,p03,150cm,16000,1.228,INSUFFICIENT_DATA,0.0,0.031038243100674174,4187.5,8.273551940917969,-47.05574417114258,0.8645229798064089,0.12597663980171375,0.00546071229935996,0.0005051697258984691,0.00015578730758967184,6.328921694398256e-05,6.905846233540058e-05,6.969991293573898e-05
oppo-reno+p03_4_3+300cm,oppo-reno,p03,300cm,16000,1.228,INSUFFICIENT_DATA,0.0,0.025458602434823577,6625.0,11.005439758300781,-45.610145568847656,0.8446449318168537,0.14687754337821887,0.0045502217065035745,0.0005910572681769909,0.00012337193417714392,4.400086471180985e-05,6.225841131172429e-05,5.0999654198915415e-05
oppo-reno+p03_4_4+200cm,oppo-reno,p03,200cm,16000,1.245,INSUFFICIENT_DATA,0.0,0.03903150340713321,7375.0,8.074234008789062,-44.293663024902344,0.8898951120608765,0.10351468100630634,0.003886600741944172,0.00034765559063553944,8.306937394928677e-05,3.417141310688357e-05,3.792450038369971e-05,3.704803569109124e-05
oppo-reno+p03_4_4+300cm,oppo-reno,p03,300cm,16000,1.245,INSUFFICIENT_DATA,0.0,0.6712414859883667,4609.375,7.4858245849609375,-37.1182975769043,0.9614375980512375,0.03491757696767206,0.002618035531839002,0.00035700221134513484,5.474657966574183e-05,2.33972924736311e-05,1.7927478635181185e-05,1.497491180157317e-05
oppo-reno+p03_4_5+150cm,oppo-reno,p03,150cm,16000,1.183,INSUFFICIENT_DATA,0.0,0.8060164523170371,4078.125,6.689430236816406,-35.39498519897461,0.9870209200727874,0.008884312855584555,0.003434655899428153,0.00019839640009615756,6.485163063824661e-05,1.6140865668018305e-05,1.244658077891953e-05,9.875512675719507e-06
oppo-reno+p03_4_5+200cm,oppo-reno,p03,200cm,16000,1.183,INSUFFICIENT_DATA,0.0,0.04873000826720917,4085.9375,8.850143432617188,-44.93859100341797,0.951659123424423,0.04006280112363255,0.006129900361955048,0.00048593234296135155,0.00014359715478778803,4.6636602602281936e-05,5.4234223275887426e-05,4.726406482922146e-05
oppo-reno+p03_4_5+300cm,oppo-reno,p03,300cm,16000,1.183,INSUFFICIENT_DATA,0.0,0.031007224524220382,6664.0625,8.999626159667969,-42.66546630859375,0.9444055529310418,0.036984812553571125,0.01651802360972666,0.0006260654104463994,0.00015201586906481325,2.7547736884753055e-05,3.3000069642969874e-05,2.340981039977112e-05
oppo-reno+p03_5_1+150cm,oppo-reno,p03,150cm,16000,1.701,INSUFFICIENT_DATA,0.0,0.8179511682307212,6671.875,11.243125915527344,-36.115257263183594,0.9821697677313684,0.01369216582971222,0.003526523089837345,0.00014040875285931177,8.014044014982856e-05,1.6707200271590565e-05,2.5303713113606836e-05,1.959905995701046e-05
oppo-reno+p03_5_1+200cm,oppo-reno,p03,200cm,16000,1.701,INSUFFICIENT_DATA,0.0,0.031815579532513065,6593.75,12.678482055664062,-44.43519973754883,0.929733334541222,0.05441010876530925,0.013656350304048492,0.0004593488208789789,0.0003115495848733771,5.45153433992409e-05,0.00010725709868974863,7.742792724189877e-05
oppo-reno+p03_5_2+200cm,oppo-reno,p03,200cm,16000,1.561,INSUFFICIENT_DATA,0.0,0.029481085763947402,4085.9375,10.426528930664062,-44.34454345703125,0.90660543181459,0.08531154637375774,0.005572531548051105,0.00024402096690548112,0.00016290094718631986,3.698483886398808e-05,4.059400067343778e-05,3.914024114063132e-05
oppo-reno+p03_5_2+300cm,oppo-reno,p03,300cm,16000,1.561,INSUFFICIENT_DATA,0.0,0.05280783714044099,4070.3125,14.223190307617188,-42.46544647216797,0.8759908241677808,0.11096047887802978,0.009920713942435447,0.0010002028729756685,0.00040234613430310844,3.7499662826989436e-05,2.6989588378006647e-05,2.237606361744248e-05
oppo-reno+p03_5_3+150cm,oppo-reno,p03,150cm,16000,1.491,INSUFFICIENT_DATA,0.0,0.8372332593431799,7390.625,11.299179077148438,-34.57535171508789,0.9858564123245147,0.011655179687451249,0.0020823147025278922,0.0001090966908065511,3.906582107169893e-05,1.123651915747684e-05,8.222211542114389e-06,8.888587495908608e-06
oppo-reno+p03_5_3+200cm,oppo-reno,p03,200cm,16000,1.754,INSUFFICIENT_DATA,0.0,0.03107740224907301,4085.9375,6.8883514404296875,-44.46584701538086,0.9080495814360803,0.07973520109450723,0.010750212604069161,0.000433693449621086,0.00014775492771786495,3.6274987859106635e-05,3.9418542967279774e-05,3.446488006063288e-05
oppo-reno+p03_5_3+300cm,oppo-reno,p03,300cm,16000,1.526,INSUFFICIENT_DATA,0.0,0.12215458136776117,6601.5625,8.280426025390625,-44.03663635253906,0.8974842663492483,0.09063599883580775,0.010302725074279602,0.0006981323417307543,0.00020605078262533346,4.011154226619268e-05,3.806534555999929e-05,3.6500010144613596e-05
oppo-reno+p03_5_4+150cm,oppo-reno,p03,150cm,16000,1.42,INSUFFICIENT_DATA,0.0,0.8891628026258005,7281.25,8.487289428710938,-35.99456787109375,0.9873009240908056,0.011981147188445614,0.0004318415159874957,9.970656720883601e-05,4.909998792863954e-05,1.0568142563638501e-05,9.562385448357942e-06,8.830515609518377e-06
oppo-reno+p03_5_4+200cm,oppo-reno,p03,200cm,16000,1.42,INSUFFICIENT_DATA,0.0,0.06674691515943189,4132.8125,9.46490478515625,-47.431602478027344,0.9576890716112232,0.03718542097597302,0.003189259374873107,0.0004932073825565538,0.0002614216970603464,7.461375447055528e-05,9.163422227699944e-05,8.450190623502497e-05
oppo-reno+p03_5_4+300cm,oppo-reno,p03,300cm,16000,1.44,INSUFFICIENT_DATA,0.0,0.1437052473417356,7257.8125,11.173370361328125,-44.70690155029297,0.8575665793263493,0.13225279829565406,0.00449753071195684,0.0016296548252710632,0.00032977087148327395,5.819705514510192e-05,5.734149795534778e-05,6.932976430404181e-05
oppo-reno+p03_6_1+150cm,oppo-reno,p03,150cm,16000,1.508,INSUFFICIENT_DATA,0.0,0.8114381959805856,4257.8125,7.0009307861328125,-37.01310348510742,0.9821640548977355,0.013350188558135374,0.003742679169131076,0.0001930323195974621,0.00010405390513256563,2.028543359327993e-05,1.6633138092761003e-05,1.4564550051159898e-05
oppo-reno+p03_6_1+200cm,oppo-reno,p03,200cm,16000,1.42,INSUFFICIENT_DATA,0.0,0.027978337748800153,6812.5,7.2927093505859375,-43.75267028808594,0.9453322952743377,0.046892975863018244,0.006172093649251458,0.0002971634815480353,0.00020771562364331982,3.6836080835728306e-05,3.913793625199201e-05,3.4975992968284226e-05
oppo-reno+p03_6_1+300cm,oppo-reno,p03,300cm,16000,1.438,INSUFFICIENT_DATA,0.0,0.09352094862369928,4453.125,8.133087158203125,-45.27618408203125,0.9163138469359114,0.0676563399960664,0.014179046671157857,0.0005677772584168452,0.0002548722494804971,5.71518242701354e-05,5.121439636870857e-05,4.775510798181314e-05
oppo-reno+p03_6_2+150cm,oppo-reno,p03,150cm,16000,1.578,INSUFFICIENT_DATA,0.0,0.841639882207415,4070.3125,7.835212707519531,-37.19621658325195,0.9906352041864837,0.00824475204275889,0.0008493629228124676,0.00011836683644601576,4.6489579726544684e-05,1.335743885195113e-05,1.2200282679466928e-05,1.1219278788001538e-05
oppo-reno+p03_6_2+200cm,oppo-reno,p03,200cm,16000,1.438,INSUFFICIENT_DATA,0.0,0.057596760280405376,4085.9375,10.7586669921875,-45.417747497558594,0.9396095407615872,0.05608248989665246,0.002880294286409167,0.0002941241182241447,0.00015909344621000787,4.7005013671003865e-05,5.3853130140312576e-05,4.693855994607716e-05
oppo-reno+p03_6_2+300cm,oppo-reno,p03,300cm,16000,1.578,INSUFFICIENT_DATA,0.0,0.02751774330388705,4078.125,8.901679992675781,-44.88002395629883,0.9592604279027929,0.03532342996823551,0.004460269791759418,0.00041213851228442066,0.00012554887491039612,4.123216474139965e-05,4.447287514878158e-05,3.909497756307626e-05
oppo-reno+p03_6_3+150cm,oppo-reno,p03,150cm,16000,1.789,INSUFFICIENT_DATA,0.0,0.8113748929699913,4078.125,9.604286193847656,-36.30284881591797,0.9899862959426018,0.006613256925159162,0.002945802570846464,0.00020801492951164663,0.0001326770436682608,1.0680726083957501e-05,1.0599603567798196e-05,9.095793274244812e-06
oppo-reno+p03_6_4+150cm,oppo-reno,p03,150cm,16000,1.44,INSUFFICIENT_DATA,0.0,0.8487227980159796,4054.6875,10.35882568359375,-36.04621505737305,0.977953624065597,0.0204436424994085,0.0006647377129266543,0.00029896714265312697,7.950353687544295e-05,1.6071006593130097e-05,1.310459475253197e-05,1.212319134966279e-05
oppo-reno+p03_6_4+300cm,oppo-reno,p03,300cm,16000,1.456,INSUFFICIENT_DATA,0.0,0.734476053580217,7109.375,8.322708129882812,-37.19129943847656,0.9563293733156532,0.0418164386758741,0.0012010557078991268,0.0002650125276865768,9.287651691247383e-05,2.132551791462394e-05,1.9057078068420686e-05,1.731913140894774e-05
oppo-reno+p04_1_1+150cm,oppo-reno,p04,150cm,16000,0.82,INSUFFICIENT_DATA,0.0,0.2868025991775839,7281.25,12.039848327636719,-56.62788772583008,0.9381771266489369,0.04266019774599394,0.009172037685694679,0.002259387493430055,0.0009551735035013779,0.0005519230917375551,0.000651338608726834,0.0005966763288797122
oppo-reno+p04_1_2+150cm,oppo-reno,p04,150cm,16000,0.922,INSUFFICIENT_DATA,0.0,0.06733235807294574,4585.9375,11.393707275390625,-53.41191101074219,0.9561755774146162,0.02029659159213302,0.01650488204976546,0.004417297246542578,0.0008066170681678301,0.0003321936475959044,0.0003447852653589928,0.0003020488195206523
oppo-reno+p04_1_3+150cm,oppo-reno,p04,150cm,16000,1.434,INSUFFICIENT_DATA,0.0,0.23734663545947027,7390.625,10.028274536132812,-44.05570602416992,0.9510090600338534,0.04512010890435756,0.002808985102859634,0.0005318806029102723,0.00010171725744725888,3.096530127059679e-05,3.654407507001112e-05,3.29496054294911e-05
oppo-reno+p04_1_4+200cm,oppo-reno,p04,200cm,16000,1.66,INSUFFICIENT_DATA,0.0,0.028672025940601503,4179.6875,10.481834411621094,-44.089080810546875,0.9806981897903645,0.01775748429564699,0.0007751153898024047,0.0004680852151484531,0.00014682593577836696,3.0821966467640505e-05,3.521591026384828e-05,3.1900507225976196e-05
oppo-reno+p04_1_4+300cm,oppo-reno,p04,300cm,16000,1.66,INSUFFICIENT_DATA,0.0,0.03442350640792508,4242.1875,15.304397583007812,-42.50520706176758,0.9841611868491272,0.013800173934023935,0.0008404228892060865,0.0008631876877005619,0.0002286270900427959,2.2360131924193862e-05,2.5247605488333253e-05,2.324351078953434e-05
oppo-reno+p04_1_5+150cm,oppo-reno,p04,150cm,16000,1.783,INSUFFICIENT_DATA,0.0,0.04832333091630866,4140.625,12.86004638671875,-46.45825958251953,0.9245531398276545,0.052662989015725185,0.011639204315542703,0.002795198494344363,0.0003229501481438444,6.572254328643384e-05,6.370429295835338e-05,6.548628643230789e-05
oppo-reno+p04_2_1+200cm,oppo-reno,p04,200cm,16000,1.502,INSUFFICIENT_DATA,0.0,0.08751139266951616,7304.6875,6.778312683105469,-46.234710693359375,0.9675263295747122,0.02343693892093284,0.0066543201796976596,0.0006611568487382165,0.0001346663859390596,5.783251477019453e-05,6.49731757362186e-05,5.818396934442581e-05
oppo-reno+p04_2_1+300cm,oppo-reno,p04,300cm,16000,1.332,INSUFFICIENT_DATA,0.0,0.07171420727677745,7289.0625,7.8766632080078125,-45.92854309082031,0.9530636755422632,0.03739995908567621,0.006125748908001076,0.0011967742981818298,0.00012147264878819793,4.6092092505856726e-05,5.4479628063729433e-05,5.261316798755949e-05
oppo-reno+p04_2_2+150cm,oppo-reno,p04,150cm,16000,1.712,INSUFFICIENT_DATA,0.0,0.056869843723869176,7007.8125,19.419342041015625,-46.26592254638672,0.9733374365650685,0.020336891313672088,0.004110712605279771,0.0008877460806473107,0.0002955340410288469,0.00010476787815424997,0.00019809661937011055,0.00026332673893466517
oppo-reno+p04_2_2+200cm,oppo-reno,p04,200cm,16000,1.712,INSUFFICIENT_DATA,0.0,0.04295759169109449,7007.8125,20.979873657226562,-45.01872634887695,0.9824270878128688,0.01296723333542637,0.0028330766178754976,0.0006827986317950977,0.00034434458123233327,9.650567916580289e-05,0.0002142443159281659,0.00025126173380000374
oppo-reno+p04_2_2+300cm,oppo-reno,p04,300cm,16000,1.712,INSUFFICIENT_DATA,0.0,0.1019478088827153,7109.375,22.508941650390625,-44.938453674316406,0.9754130653864709,0.018532347961191516,0.003823850590518006,0.0008468139755263065,0.00030246168919613784,0.00011602974527468261,0.00024032701907713533,0.00038683221182154255
oppo-reno+p04_2_3+150cm,oppo-reno,p04,150cm,16000,1.865,INSUFFICIENT_DATA,0.0,0.058011955509156055,6890.625,20.953086853027344,-47.794795989990234,0.9046979121039056,0.07799548124829446,0.0058335637851828215,0.003033397416024563,0.0011149399501469875,0.00016583585980229176,0.0006131122071533,0.0005884871831804056
oppo-reno+p04_2_3+200cm,oppo-reno,p04,200cm,16000,1.865,INSUFFICIENT_DATA,0.0,0.055888450936919444,6890.625,24.087303161621094,-46.727874755859375,0.9264489050726814,0.05981688123923082,0.005091700716503603,0.002839944251772839,0.0014413109759565113,0.00015353425580031768,0.0008191541429424843,0.0006537669100154428
oppo-reno+p04_2_3+300cm,oppo-reno,p04,300cm,16000,1.722,INSUFFICIENT_DATA,0.0,0.06885388220167173,7117.1875,24.357223510742188,-45.314693450927734,0.9343581746467802,0.04717358590352733,0.0068271260308659315,0.006770793655564839,0.00025741069093366555,0.00010046786991732891,0.0007389051991492185,0.0009633563394467243
oppo-reno+p04_2_4+150cm,oppo-reno,p04,150cm,16000,1.824,INSUFFICIENT_DATA,0.0,0.051932394950053355,4164.0625,16.813430786132812,-50.75608825683594,0.9421852178561593,0.03197249417466791,0.011806712564014473,0.009067222295074426,0.002365115326549536,0.00042520617275420186,0.0007522369105910027,0.0006489225895482358
oppo-reno+p04_2_5+150cm,oppo-reno,p04,150cm,16000,1.435,INSUFFICIENT_DATA,0.0,0.05618554248057276,7367.1875,9.307754516601562,-48.19981384277344,0.9637052160952503,0.029311484793501544,0.0030861710252509116,0.0007567050786708004,0.00013853225283043906,7.42187926307888e-05,8.96081878113499e-05,7.950033976667853e-05
oppo-reno+p04_3_1+200cm,oppo-reno,p04,200cm,16000,1.681,INSUFFICIENT_DATA,0.0,0.05219748507582095,7085.9375,17.43073272705078,-46.61980438232422,0.9651560563376024,0.02818043552666164,0.002932743910748499,0.0005542536822945752,0.0010722539926797086,0.00020623848559806575,0.0002887699329293009,0.00024882610602565614
oppo-reno+p04_3_1+300cm,oppo-reno,p04,300cm,16000,1.541,INSUFFICIENT_DATA,0.0,0.09244664267741126,7085.9375,21.395126342773438,-46.544612884521484,0.9646335647240457,0.02748794360724255,0.003057363241172565,0.0006811629864563671,0.001280181480152213,0.0003240020688474188,0.0004576731277195659,0.0006082437846834026
oppo-reno+p04_3_2+150cm,oppo-reno,p04,150cm,16000,1.865,INSUFFICIENT_DATA,0.0,0.031557257445775665,7203.125,19.50677490234375,-44.90748596191406,0.9566633484035002,0.03705020135390197,0.0025459776742412657,0.0003807001050303104,0.00021788846234659556,0.00012787503495571284,0.0001301521462407898,0.00017948327565442035
oppo-reno+p04_3_2+300cm,oppo-reno,p04,300cm,16000,1.865,INSUFFICIENT_DATA,0.0,0.05522759133123761,7109.375,19.058853149414062,-44.49604034423828,0.9614168873824522,0.033391307883895584,0.0026488158309645915,0.00038591047274349593,0.0002254530023189622,0.00014124162915622615,0.0001561202688014024,0.0001816113179452861
oppo-reno+p04_3_3+150cm,oppo-reno,p04,150cm,16000,1.421,INSUFFICIENT_DATA,0.0,0.036926150081553026,4343.75,8.657302856445312,-46.78329086303711,0.895020678572906,0.08121322121063511,0.020229268699836222,0.002232234205393243,0.00023884190478322244,7.970177609281389e-05,7.2585069375282e-05,6.649654906425554e-05
oppo-reno+p04_3_3+200cm,oppo-reno,p04,200cm,16000,1.633,INSUFFICIENT_DATA,0.0,0.06918182431884348,6929.6875,10.899940490722656,-46.861351013183594,0.9503121353823205,0.04404069561003722,0.0044234939754710136,0.00045854320589747843,0.0001317548874667746,6.542052159407276e-05,0.00011837896373458375,8.730087578112761e-05
oppo-reno+p04_3_3+300cm,oppo-reno,p04,300cm,16000,1.455,INSUFFICIENT_DATA,0.0,0.06609827357119485,6812.5,8.008056640625,-45.92780303955078,0.9464971010785701,0.041534860185124464,0.00805499885462731,0.0008581081594153005,0.00016052136165242858,5.5356870913312974e-05,6.306903891569444e-05,6.919920338294689e-05
oppo-reno+p04_3_4+150cm,oppo-reno,p04,150cm,16000,0.82,INSUFFICIENT_DATA,0.0,0.12712211292499062,5789.0625,8.926177978515625,-48.918479919433594,0.9327364632727034,0.05520267252817344,0.0038566862307699255,0.0008020293892988241,0.00021233633416572166,0.0001085435787369104,0.00012370813733221124,0.00011318463281868627
oppo-reno+p04_3_4+200cm,oppo-reno,p04,200cm,16000,0.82,INSUFFICIENT_DATA,0.0,0.13041317251675452,7203.125,10.757949829101562,-49.73264694213867,0.9618523838175531,0.030431252563983206,0.0025425595967463383,0.0005611891495276438,0.0002056661166586647,0.00010488391159099513,0.00010832508240295894,0.00010263740364458304
oppo-reno+p04_3_4+300cm,oppo-reno,p04,300cm,16000,0.779,INSUFFICIENT_DATA,0.0,0.05391344141979444,4757.8125,13.331016540527344,-46.49000549316406,0.7879888440953665,0.12145660700627724,0.05211141825679405,0.004764653745882891,0.0005592511452951398,0.00011151965518267352,9.444029812209866e-05,6.588991719133234e-05
oppo-reno+p04_3_5+150cm,oppo-reno,p04,150cm,16000,1.64,INSUFFICIENT_DATA,0.0,0.04119924429866915,7289.0625,6.712677001953125,-48.23674011230469,0.9600916840810783,0.03376606329949911,0.003651910452916415,0.0007149296194671078,0.00014654827675111758,7.470470793449071e-05,8.779197288160621e-05,7.86842271711794e-05
oppo-reno+p04_3_5+300cm,oppo-reno,p04,300cm,16000,1.496,INSUFFICIENT_DATA,0.0,0.06612103578198514,6820.3125,6.5357818603515625,-46.16926574707031,0.9318522865593677,0.060693918759884447,0.004542309374908223,0.0010193202984919048,9.917895415451182e-05,5.4764408284972704e-05,6.17615408211646e-05,5.084481231006786e-05
oppo-reno+p04_4_1+150cm,oppo-reno,p04,150cm,16000,1.332,INSUFFICIENT_DATA,0.0,0.03811981363041212,6843.75,8.156120300292969,-46.944881439208984,0.9473443370953172,0.04125208269062384,0.00728590080602878,0.0014169922691110838,0.0001533932094509622,5.62203241086358e-05,6.748768613890917e-05,6.683048509218644e-05
oppo-reno+p04_4_1+200cm,oppo-reno,p04,200cm,16000,1.332,INSUFFICIENT_DATA,0.0,0.15199304029223037,7218.75,7.9990997314453125,-47.372825622558594,0.9782721565295471,0.017879885037005123,0.002098462086740136,0.0005608488190576667,0.00017082756813832964,7.051506461520731e-05,8.955167383800487e-05,8.380511464632405e-05
oppo-reno+p04_4_1+300cm,oppo-reno,p04,300cm,16000,1.472,INSUFFICIENT_DATA,0.0,0.05168595786924594,4406.25,6.5451202392578125,-46.07122802734375,0.8563482310972879,0.12666000487691764,0.01248536854039333,0.0012141881569527782,0.00014851050444402152,5.5091902919043276e-05,5.516533370261325e-05,4.96637425097548e-05
oppo-reno+p04_4_2+300cm,oppo-reno,p04,300cm,16000,2.091,INSUFFICIENT_DATA,0.0,0.0649290831435702,7156.25,16.082374572753906,-48.78963088989258,0.8744758433577935,0.10984998974028776,0.011151726991793533,0.0013451689604946284,0.0002443112661324466,0.00010678628237307772,0.0001554219292582474,0.00021007999683191956
oppo-reno+p04_4_3+200cm,oppo-reno,p04,200cm,16000,1.027,INSUFFICIENT_DATA,0.0,0.08060765487485957,4179.6875,12.532745361328125,-49.088321685791016,0.9839877057498164,0.01003927794600314,0.0035622905126005432,0.0007100011490626799,0.0006686621194318741,0.0001263719992710992,0.000159793977170436,0.00012801398496611747
oppo-reno+p04_4_4+150cm,oppo-reno,p04,150cm,16000,1.455,INSUFFICIENT_DATA,0.0,0.03308278155493017,7296.875,8.6214599609375,-46.569488525390625,0.9466951354280198,0.04720390090101169,0.0026730188351342726,0.0016767142963343778,9.864572238183287e-05,5.0712092029685764e-05,5.7305427408316246e-05,5.7132659527696516e-05
oppo-reno+p04_4_4+200cm,oppo-reno,p04,200cm,16000,1.681,INSUFFICIENT_DATA,0.0,0.05611994106901136,7382.8125,7.4042510986328125,-46.26678466796875,0.9430974975051931,0.04924775916851243,0.0023921038585855954,0.0007949554616677088,0.00010544049893417359,5.265426502207496e-05,5.926683444810621e-05,5.316797339675193e-05
oppo-reno+p04_4_4+300cm,oppo-reno,p04,300cm,16000,1.455,INSUFFICIENT_DATA,0.0,0.019375201837065047,6359.375,8.809219360351562,-44.904693603515625,0.9446233474073198,0.049785336518856464,0.002799112725777824,0.001520116927522593,7.385148488026137e-05,3.392526841523798e-05,3.96528924443319e-05,3.4294927666075196e-05
oppo-reno+p04_4_5+150cm,oppo-reno,p04,150cm,16000,1.496,INSUFFICIENT_DATA,0.0,0.06741087108314694,4546.875,8.984169006347656,-48.05552673339844,0.8488674770590532,0.1082152157423454,0.03327994771273671,0.002487618252224741,0.0003821700478868644,0.00011172741306477066,9.950921663738824e-05,7.629936275840351e-05
oppo-reno+p04_5_1+150cm,oppo-reno,p04,150cm,16000,2.747,INSUFFICIENT_DATA,0.0,0.8280120312380483,4093.75,7.3631591796875,-34.55695343017578,0.9914572617531874,0.006773242065708252,0.0008866669772579742,0.0001312275856962289,2.484855973780086e-05,9.733168818817364e-06,1.0096510954983639e-05,8.990233059690894e-06
oppo-reno+p04_5_1+200cm,oppo-reno,p04,200cm,16000,2.599,INSUFFICIENT_DATA,0.0,0.020762610062593192,6773.4375,13.712371826171875,-42.92994689941406,0.9735652264493363,0.018695880422406573,0.006328440788986714,0.000942512215985728,7.482901413833438e-05,2.870393543029569e-05,8.384612983364379e-05,4.167150251440574e-05
oppo-reno+p04_5_1+300cm,oppo-reno,p04,300cm,16000,2.562,INSUFFICIENT_DATA,0.0,0.03354639097715246,7218.75,14.834152221679688,-44.36212158203125,0.9651593195691514,0.02789497841857861,0.005159283545141349,0.0007254538369997229,9.67552857953243e-05,3.7813742414162575e-05,6.63583169953702e-05,0.00012737547085450008
oppo-reno+p04_5_2+150cm,oppo-reno,p04,150cm,16000,2.152,INSUFFICIENT_DATA,0.0,0.021521753646179392,7007.8125,8.485748291015625,-44.58967590332031,0.9385045028097029,0.05287135439426081,0.007295672760282862,0.000879537339389832,9.14508991205083e-05,3.454538361180309e-05,3.989491597766684e-05,4.113678144906355e-05
oppo-reno+p04_5_2+300cm,oppo-reno,p04,300cm,16000,2.111,INSUFFICIENT_DATA,0.0,0.037439371929053764,4414.0625,7.6016845703125,-44.29444122314453,0.952778039355707,0.039635846117569935,0.0063063709213911955,0.0007511479917892488,8.212802485392855e-05,3.6278314902719224e-05,4.092046509511332e-05,3.7027983824325436e-05
oppo-reno+p04_5_3+200cm,oppo-reno,p04,200cm,16000,2.214,INSUFFICIENT_DATA,0.0,0.027077216889736817,7257.8125,6.918479919433594,-42.99150085449219,0.9798369298357731,0.011305141276919365,0.0075357459457463145,0.000726137024486138,6.740977748286337e-05,2.6538817167817228e-05,3.4856503839794545e-05,2.8661131161285902e-05
oppo-reno+p04_5_4+150cm,oppo-reno,p04,150cm,16000,2.009,INSUFFICIENT_DATA,0.0,0.10585304066960687,4140.625,15.573089599609375,-47.31256103515625,0.9467166567127043,0.0382547873137343,0.004911916847721284,0.0017104324533370862,0.0010999144845724711,9.904674323819077e-05,0.00012987880236039987,0.00010332278223325287
oppo-reno+p04_5_4+200cm,oppo-reno,p04,200cm,16000,2.009,INSUFFICIENT_DATA,0.0,0.07140477446963409,4148.4375,19.962295532226562,-46.84108352661133,0.9528026348712315,0.03496081294746846,0.005524493568622566,0.001456239266169785,0.0013453108125185556,9.670602718142342e-05,0.00013757558311706177,9.634361687330872e-05
oppo-reno+p04_6_1+150cm,oppo-reno,p04,150cm,16000,2.0,INSUFFICIENT_DATA,0.0,0.7536775103646862,7296.875,6.182075500488281,-37.82966232299805,0.971324999406503,0.02467345298695935,0.001977819627949687,0.00027270421240622235,5.655468943594832e-05,1.6378900937402323e-05,1.5456233578292124e-05,1.44225547954253e-05
oppo-reno+p04_6_1+200cm,oppo-reno,p04,200cm,16000,2.0,INSUFFICIENT_DATA,0.0,0.03295819069398887,4250.0,7.2191009521484375,-44.80453109741211,0.9208740006780006,0.06401628400192338,0.007485719874684138,0.0007870023679035094,0.00014625841562261946,4.0153330357911444e-05,4.846261786096817e-05,4.032194246905924e-05
oppo-reno+p04_6_1+300cm,oppo-reno,p04,300cm,16000,2.0,INSUFFICIENT_DATA,0.0,0.06468632936843649,6812.5,8.332061767578125,-45.96455001831055,0.946996558630444,0.03844375674246298,0.006806043342981389,0.0008113226745769522,0.00020100961054224847,7.347644130150018e-05,7.132941801061075e-05,6.117639404475601e-05
oppo-reno+p04_6_2+150cm,oppo-reno,p04,150cm,16000,2.275,INSUFFICIENT_DATA,0.0,0.735634253095123,4148.4375,11.113594055175781,-38.40583038330078,0.9922098221855732,0.005099895321012094,0.0016131307557116807,0.0007634346069744214,0.00013126137487220847,4.937734379392875e-05,3.413574297071931e-05,2.9645713341770498e-05
oppo-reno+p04_6_2+200cm,oppo-reno,p04,200cm,16000,1.947,INSUFFICIENT_DATA,0.0,0.05836367843673127,4257.8125,13.296577453613281,-45.62517166137695,0.9879845154850294,0.009344205910816203,0.001266220345924551,0.0007597883029855205,0.0002375803649768482,0.00011924976145552252,9.515597881379916e-05,5.822519900248862e-05
oppo-reno+p04_6_2+300cm,oppo-reno,p04,300cm,16000,2.275,INSUFFICIENT_DATA,0.0,0.06346055910231536,7328.125,12.541984558105469,-45.65447235107422,0.9799776535198789,0.013879605623804305,0.0036679851253940267,0.0017294682362406749,0.000233519417691151,0.00014573855123138903,9.188973899560297e-05,0.00010435888521711764
oppo-reno+p04_6_3+150cm,oppo-reno,p04,150cm,16000,2.685,INSUFFICIENT_DATA,0.0,0.7802931547458511,nan,0.0,-38.991485595703125,0.9908055137107542,0.005325931564650956,0.0022294753770190343,0.000691918398511817,6.449458963129645e-05,2.5472536807846383e-05,2.5769970147160936e-05,2.276533525133526e-05
oppo-reno+p04_6_3+300cm,oppo-reno,p04,300cm,16000,2.685,INSUFFICIENT_DATA,0.0,0.05891847915923211,7265.625,8.230758666992188,-45.54803466796875,0.9696587895486967,0.018244264823491466,0.0075018838924680725,0.0023621468330853397,0.0001772889049410463,7.3879930628977e-05,8.75476517987626e-05,6.834106345186587e-05
oppo-reno+p04_6_4+150cm,oppo-reno,p04,150cm,16000,2.152,INSUFFICIENT_DATA,0.0,0.7025722592543295,7296.875,8.439697265625,-38.55828857421875,0.9638664667325758,0.03470674354553694,0.0008118380770124166,0.000340247932772979,8.056228909508128e-05,2.568991714261293e-05,2.9623643272573193e-05,3.355416219254847e-05
oppo-reno+p04_6_4+200cm,oppo-reno,p04,200cm,16000,2.009,INSUFFICIENT_DATA,0.0,0.05241147930684571,4148.4375,20.152610778808594,-47.22148895263672,0.9506124135203031,0.03651596334873765,0.005706006737241083,0.0014976304311637397,0.0014066623843739488,9.939923806194886e-05,0.00014231130382476854,9.491884127001395e-05
oppo-reno+p05_1_1+150cm,oppo-reno,p05,150cm,16000,1.512,INSUFFICIENT_DATA,0.0,0.34019750831694684,7289.0625,7.191612243652344,-56.42717742919922,0.9381331900470966,0.038164479570410116,0.01706255513404778,0.0031039404414053475,0.0010015175455596402,0.0005059223323234745,0.0005882320714145333,0.0005192456095881279
oppo-reno+p05_1_1+200cm,oppo-reno,p05,200cm,16000,1.336,INSUFFICIENT_DATA,0.0,0.4928767404040507,7203.125,7.565834045410156,-57.01986312866211,0.9496832178704312,0.03554037519791768,0.008731592487579506,0.002391846323085358,0.0011219897587761427,0.0006054243960366523,0.0006882613060977438,0.0006267826505698113
oppo-reno+p05_1_1+300cm,oppo-reno,p05,300cm,16000,1.336,INSUFFICIENT_DATA,0.0,0.4327202091383029,7117.1875,8.065040588378906,-54.39083480834961,0.9145764823984591,0.04289079096611505,0.03408125963943587,0.005808668118232976,0.000587562880422462,0.00033744560165971187,0.0003629092194802967,0.0003329412074158927
oppo-reno+p05_1_2+200cm,oppo-reno,p05,200cm,16000,1.345,INSUFFICIENT_DATA,0.0,0.2148843818212961,7406.25,13.203384399414062,-52.04914474487305,0.9561958639037359,0.01798954658095328,0.017788971133772168,0.005650242530440599,0.000839380408268058,0.00036598921732581196,0.00039044641880512,0.00035712569567163794
oppo-reno+p05_1_2+300cm,oppo-reno,p05,300cm,16000,1.046,INSUFFICIENT_DATA,0.0,0.1957689375481275,4210.9375,7.3466644287109375,-49.471282958984375,0.9669431861621418,0.0219118986325204,0.008389584895818581,0.001554668843045778,0.0002846532430492761,0.00011670592583434101,0.00011613132096914519,0.0001095298842161326
oppo-reno+p05_1_3+150cm,oppo-reno,p05,150cm,16000,1.255,INSUFFICIENT_DATA,0.0,0.08615282166764501,4562.5,8.936630249023438,-49.42207717895508,0.9328329355554754,0.035572389855289516,0.027542949779709402,0.0014715846411863702,0.00032623243587929254,0.00010611627241980546,0.00012467244161262688,0.00010522847641779277
oppo-reno+p05_1_3+200cm,oppo-reno,p05,200cm,16000,1.221,INSUFFICIENT_DATA,0.0,0.14219535686770376,6453.125,8.487403869628906,-49.324363708496094,0.9826727656508253,0.011695077199821921,0.004283168549722527,0.0005588527642539807,0.0002184845668508869,9.6351273488891e-05,0.00012704148805997115,0.00010491260181276987
oppo-reno+p05_1_3+300cm,oppo-reno,p05,300cm,16000,1.221,INSUFFICIENT_DATA,0.0,0.06842604708629889,6554.6875,9.383476257324219,-45.117034912109375,0.9496773401111173,0.019987811887522647,0.02760585740240888,0.0015199114311654168,0.0001727128766879353,4.931689131328153e-05,6.129419583012241e-05,4.312847747235342e-05
oppo-reno+p05_1_4+150cm,oppo-reno,p05,150cm,16000,1.48,INSUFFICIENT_DATA,0.0,0.17365984338187676,7390.625,7.6242828369140625,-49.77437973022461,0.9742849742271416,0.011863584085447883,0.011304068360870306,0.0010260249348732783,0.0002948423243890217,0.00011458879916215452,0.0001292664358430214,0.00012260386495509005
oppo-reno+p05_1_4+200cm,oppo-reno,p05,200cm,16000,1.285,INSUFFICIENT_DATA,0.0,0.23375842438106134,7421.875,9.923904418945312,-49.161903381347656,0.9866823583347423,0.006777452025096747,0.005037388318552205,0.0006574439777201528,0.0002549437130565419,0.00011845750443093319,0.00012093973677424928,0.00011662551285187867
oppo-reno+p05_1_4+300cm,oppo-reno,p05,300cm,16000,1.285,INSUFFICIENT_DATA,0.0,0.1730879552061029,7265.625,6.250450134277344,-47.20463562011719,0.9826368654184018,0.008529443152593824,0.007172191310529904,0.0008541812290011881,0.00020003064715513934,7.638897093273044e-05,7.36686696878748e-05,6.242115744893509e-05
oppo-reno+p05_1_5+150cm,oppo-reno,p05,150cm,16000,1.345,INSUFFICIENT_DATA,0.0,0.1820625524286022,7390.625,8.803466796875,-50.10366439819336,0.9347110853425831,0.02103551343489855,0.0381644985366675,0.002688018543215907,0.0005411965640375176,0.0001503326420167559,0.00014098998077042503,0.00013140935465408307
oppo-reno+p05_1_5+200cm,oppo-reno,p05,200cm,16000,1.285,INSUFFICIENT_DATA,0.0,0.22108364055077664,4195.3125,7.2036285400390625,-49.45669174194336,0.9653502237475501,0.012131095886801413,0.019658418130737144,0.0014385617950492475,0.00030858583437925937,0.00011775219514908432,0.00013136021256473251,0.0001244594312588821
oppo-reno+p05_1_5+300cm,oppo-reno,p05,300cm,16000,1.569,INSUFFICIENT_DATA,0.0,0.27637745074087405,4500.0,12.133430480957031,-45.25312042236328,0.9334974691261742,0.016706708205464167,0.04413874234702302,0.002318417533302426,0.00025303146880246866,7.101491325699114e-05,5.12770718977772e-05,4.7149520521720845e-05
oppo-reno+p05_2_1+150cm,oppo-reno,p05,150cm,16000,1.45,INSUFFICIENT_DATA,0.0,0.08383785247643173,4500.0,15.036949157714844,-48.47528076171875,0.8591670386401155,0.035046377715776296,0.09322549351105573,0.002472561192500896,0.0006218553741449436,0.00011536879065275,9.974016267600726e-05,8.639652916349689e-05
oppo-reno+p05_2_1+200cm,oppo-reno,p05,200cm,16000,1.322,INSUFFICIENT_DATA,0.0,0.1264874892833359,4171.875,10.125205993652344,-47.519386291503906,0.960904554472694,0.01280455696235406,0.02332677283461792,0.0016479228887204447,0.00038729036860062234,9.179609277318265e-05,9.343042479240623e-05,8.152045924502985e-05
oppo-reno+p05_2_2+150cm,oppo-reno,p05,150cm,16000,1.39,INSUFFICIENT_DATA,0.0,0.19277082300060322,5625.0,12.786674499511719,-48.706398010253906,0.9473581220925535,0.021082819374867078,0.021107670547115365,0.0074407433234218775,0.0009612313386462504,0.00024855493321191774,0.00016594958527790755,0.00013724041709052302
oppo-reno+p05_2_2+200cm,oppo-reno,p05,200cm,16000,1.39,INSUFFICIENT_DATA,0.0,0.2764420092725823,4156.25,16.248550415039062,-50.26069259643555,0.9599798397618647,0.013035522450621867,0.015426886013247121,0.008319102759052656,0.0013157498014308487,0.00032734111673588814,0.0002458131314656889,0.00020144628447217114
oppo-reno+p05_2_2+300cm,oppo-reno,p05,300cm,16000,1.39,INSUFFICIENT_DATA,0.0,0.35189585824147057,7101.5625,13.301437377929688,-47.72294616699219,0.9580500229617543,0.017161112360382903,0.015198987732845153,0.007772121337262694,0.0006557372329645993,0.00019752426510747466,0.00015466208774743512,0.0001484724098641326
oppo-reno+p05_2_3+150cm,oppo-reno,p05,150cm,16000,1.39,INSUFFICIENT_DATA,0.0,0.1257912343258692,4492.1875,15.187004089355469,-46.55803298950195,0.8700251639891887,0.04482461392599271,0.06426046637819235,0.014019476078757165,0.0015202004374039958,0.00037425856103775454,0.000175223107028758,0.0001360886317964354
oppo-reno+p05_2_3+200cm,oppo-reno,p05,200cm,16000,1.39,INSUFFICIENT_DATA,0.0,0.2769139767380803,6554.6875,12.048095703125,-49.17158126831055,0.8932123133084633,0.023972023637250997,0.06891079107277388,0.009432544162115008,0.0018650267088867129,0.0003910312825452187,0.0002819851633477294,0.00016640404566295585
oppo-reno+p05_2_3+300cm,oppo-reno,p05,300cm,16000,1.151,INSUFFICIENT_DATA,0.0,0.2599906877774834,4507.8125,12.657752990722656,-46.6218376159668,0.9197512812173567,0.020640622520329017,0.04646957488159671,0.0108719966501791,0.0010001306764736769,0.00019969467003807663,0.00015230252743252622,0.00011031396694003618
oppo-reno+p05_2_4+150cm,oppo-reno,p05,150cm,16000,1.497,INSUFFICIENT_DATA,0.0,0.1645140327868141,6562.5,11.783561706542969,-47.28493118286133,0.9382040277447214,0.010533404251815008,0.027905604190277943,0.020686450477291007,0.0015555415562474753,0.00017635229972005212,0.00014084246701458504,9.868107678259286e-05
oppo-reno+p05_2_4+200cm,oppo-reno,p05,200cm,16000,1.497,INSUFFICIENT_DATA,0.0,0.15283937596804997,5421.875,9.70050048828125,-46.266693115234375,0.9507083861835149,0.004394684364903781,0.02679669952103032,0.015921091938995983,0.0014252227851423802,0.00014716181793051218,0.00011590948083162672,7.8782041747583e-05
oppo-reno+p05_2_4+300cm,oppo-reno,p05,300cm,16000,1.39,INSUFFICIENT_DATA,0.0,0.15759064449683202,5632.8125,11.521286010742188,-46.35725402832031,0.9457428013477944,0.007390582669628554,0.029294710060723983,0.01583287651235107,0.0008228707329202405,0.00021018862669001814,0.00011618100290347369,9.362461217806674e-05
oppo-reno+p05_2_5+150cm,oppo-reno,p05,150cm,16000,1.212,INSUFFICIENT_DATA,0.0,0.09058608451281117,4507.8125,11.250717163085938,-45.9138069152832,0.9425152858211112,0.028201278333523497,0.025388311075270807,0.0018422772314752689,0.00028439902071842325,7.843839836143535e-05,5.397028151733411e-05,4.94863298567311e-05
oppo-reno+p05_3_1+150cm,oppo-reno,p05,150cm,16000,1.345,INSUFFICIENT_DATA,0.0,0.1402719478840921,5609.375,14.917198181152344,-48.78448486328125,0.9658277455558146,0.016559568479676056,0.007618216826708477,0.00785921315801046,0.0008213273168979913,0.0003015670809844818,0.00018441359861355185,0.00015586128426143698
oppo-reno+p05_3_1+200cm,oppo-reno,p05,200cm,16000,1.405,INSUFFICIENT_DATA,0.0,0.22904422891326745,4218.75,14.16436767578125,-48.76713180541992,0.9679406732903334,0.008550153147215881,0.00702513931602626,0.013851795881325705,0.0010462709617333145,0.000278145799196333,0.00029097584435201903,0.0001771384761063033
oppo-reno+p05_3_1+300cm,oppo-reno,p05,300cm,16000,1.405,INSUFFICIENT_DATA,0.0,0.20635666403581074,4218.75,14.512100219726562,-48.835506439208984,0.9661519293189408,0.010078290934755395,0.006832391662476105,0.014950904560662372,0.0007203373681171119,0.0002901276878962083,0.0002367773779991374,0.0002018658272221464
oppo-reno+p05_3_2+150cm,oppo-reno,p05,150cm,16000,1.405,INSUFFICIENT_DATA,0.0,0.06605947156653208,5453.125,14.740982055664062,-45.37849044799805,0.9550832344071015,0.02686619515154307,0.007286558812984742,0.005363537537415921,0.0006352321281111566,0.0001814394590416949,9.975961761540454e-05,6.922168462867945e-05
oppo-reno+p05_3_2+200cm,oppo-reno,p05,200cm,16000,1.211,INSUFFICIENT_DATA,0.0,0.08221079672112726,5640.625,16.78046417236328,-46.365718841552734,0.9603419764634781,0.014614899977002401,0.006936736616323395,0.016629134096139447,0.000511676173740033,0.00025018681006625914,0.00016168769329883776,0.000108111731928783
oppo-reno+p05_3_3+200cm,oppo-reno,p05,200cm,16000,1.181,INSUFFICIENT_DATA,0.0,0.31664124304472063,4171.875,10.197792053222656,-49.390350341796875,0.9857789569644329,0.008190915214581892,0.003114484759445399,0.0010975439205644585,0.0010090536044614605,0.00026626411441880543,0.00017323134325085743,0.00015638281374401628
oppo-reno+p05_3_3+300cm,oppo-reno,p05,300cm,16000,1.181,INSUFFICIENT_DATA,0.0,0.1189326541827706,4625.0,13.469535827636719,-46.9113883972168,0.9715787278661189,0.01528553973737644,0.010834172600573334,0.001240726267501681,0.0005916511837967739,0.00014000529940996442,8.179334679586649e-05,7.953046973404962e-05
oppo-reno+p05_4_1+200cm,oppo-reno,p05,200cm,16000,1.322,INSUFFICIENT_DATA,0.0,0.1343362200081677,4171.875,9.138603210449219,-47.29145812988281,0.9624921791568057,0.012224731325682988,0.022473044803741085,0.0016035970901929024,0.0003713504428987714,8.345325195868784e-05,8.630489133068524e-05,7.968431827157146e-05
oppo-reno+p05_4_1+300cm,oppo-reno,p05,300cm,16000,1.322,INSUFFICIENT_DATA,0.0,0.10578725775008294,4171.875,11.22283935546875,-46.670894622802734,0.9283526884909205,0.015698579687773714,0.05213429969959977,0.002525625983604198,0.0003222393658375887,6.883381654543741e-05,6.279678443479589e-05,6.093817806481575e-05
oppo-reno+p05_4_2+150cm,oppo-reno,p05,150cm,16000,1.24,INSUFFICIENT_DATA,0.0,0.0748841849917678,5671.875,12.467117309570312,-49.61211395263672,0.8713782679182144,0.039367731538109546,0.0806961014991198,0.0023703594742629382,0.0010887263170420152,0.00042531828671679397,0.00025360114646997515,0.00016055923207144578
oppo-reno+p05_4_2+200cm,oppo-reno,p05,200cm,16000,1.285,INSUFFICIENT_DATA,0.0,0.1306870034685536,5421.875,15.892425537109375,-48.81018829345703,0.9026843643579698,0.03531049764293593,0.057434620103658816,0.002165575081398174,0.0006704237191315562,0.0005058732127010422,0.0002549738423298849,0.00013662578674746365
oppo-reno+p05_4_2+300cm,oppo-reno,p05,300cm,16000,1.42,INSUFFICIENT_DATA,0.0,0.11387908960376036,5453.125,11.044631958007812,-47.70777130126953,0.9058018311121322,0.04495162870587024,0.04568422842218289,0.002236890669872074,0.00041293670356805167,0.00020310281900629565,0.00013086644437229088,8.558433449576386e-05
oppo-reno+p05_4_3+200cm,oppo-reno,p05,200cm,16000,1.345,INSUFFICIENT_DATA,0.0,0.23962540601893081,7406.25,14.346427917480469,-51.604331970214844,0.9552883909923454,0.018393025452542316,0.018502762227097364,0.005671602583067403,0.0007668420695344005,0.0003540862580303926,0.00035137675428345295,0.0003268774943130659
oppo-reno+p05_4_4+150cm,oppo-reno,p05,150cm,16000,1.764,INSUFFICIENT_DATA,0.0,0.09805016077792807,4617.1875,8.425910949707031,-47.12192916870117,0.9395124362844348,0.02875988657515952,0.025737642003876057,0.0017219310224878114,0.0003230846432262379,0.00011803655774600477,7.173287872419958e-05,7.152294424961128e-05
oppo-reno+p05_4_5+150cm,oppo-reno,p05,150cm,16000,1.39,INSUFFICIENT_DATA,0.0,0.06256069981894942,4585.9375,8.124076843261719,-45.66696548461914,0.9237501460784622,0.03622708140507805,0.03510950892151547,0.0034728013365944066,0.00037935066372368244,6.593417531396501e-05,5.9750468461415535e-05,4.4737201792391054e-05
oppo-reno+p05_4_5+300cm,oppo-reno,p05,300cm,16000,1.42,INSUFFICIENT_DATA,0.0,0.0983885148582698,4632.8125,11.716728210449219,-45.714019775390625,0.9186793924584432,0.03386649963079365,0.04077191314919672,0.005793588438901919,0.00031402852396092824,9.324953432720426e-05,6.320318363962104e-05,4.852121087389968e-05
oppo-reno+p05_5_1+150cm,oppo-reno,p05,150cm,16000,2.092,INSUFFICIENT_DATA,0.0,0.13104397038628912,7187.5,12.151573181152344,-45.8812370300293,0.9248687641992291,0.03594782066769762,0.034218990553568175,0.002559347410948903,0.0005224186243256319,0.00017355445191039948,0.00015325092007092064,0.00021626197705202388
oppo-reno+p05_5_1+200cm,oppo-reno,p05,200cm,16000,2.092,INSUFFICIENT_DATA,0.0,0.06691079380688175,5453.125,8.472511291503906,-47.12993240356445,0.9300275108088448,0.029516116055074638,0.03807327331744138,0.0011124981620852347,0.00028269596834305967,0.00013032600951700125,0.00010930656220343223,8.382786724893382e-05
oppo-reno+p05_5_2+200cm,oppo-reno,p05,200cm,16000,1.465,INSUFFICIENT_DATA,0.0,0.08470371622285638,7242.1875,7.12310791015625,-45.76911926269531,0.9456789020269858,0.035763200256956874,0.0148633606436476,0.002366013082084439,0.00019606395377162728,5.958153399478943e-05,6.613613962619361e-05,5.5636847530112674e-05
oppo-reno+p05_5_2+300cm,oppo-reno,p05,300cm,16000,2.481,INSUFFICIENT_DATA,0.0,0.140628681658069,4234.375,10.089324951171875,-47.12895202636719,0.9341174976041883,0.03575181364607724,0.02562178122078694,0.0028611852807725515,0.000512140883655304,0.00011240543083576454,9.706255071000262e-05,0.00010907897766303392
oppo-reno+p05_5_3+200cm,oppo-reno,p05,200cm,16000,1.584,INSUFFICIENT_DATA,0.0,0.07046026475188649,7265.625,6.4955596923828125,-46.313133239746094,0.9168055430069803,0.034269829282163496,0.04331335377881469,0.004030904396431577,0.000757093942900971,7.166624295270764e-05,7.066546136122883e-05,5.659578751917705e-05
oppo-reno+p05_5_4+150cm,oppo-reno,p05,150cm,16000,1.524,INSUFFICIENT_DATA,0.0,0.11161250121550324,6562.5,15.988540649414062,-46.92996597290039,0.9687440889705236,0.015613749898827509,0.011444173529847569,0.002935192089965482,0.0004119829316032364,0.00016026459442044542,0.00016387170590082776,0.00010768480045150786
oppo-reno+p05_5_4+300cm,oppo-reno,p05,300cm,16000,1.569,INSUFFICIENT_DATA,0.0,0.11445275882285812,6578.125,14.633499145507812,-46.333309173583984,0.9663220591214613,0.015429578559618292,0.014320364521193509,0.002502702177924353,0.0006198397076753571,0.00022864868507984864,0.0001778198277075055,0.00011806066552128866
oppo-reno+p05_6_1+150cm,oppo-reno,p05,150cm,16000,1.495,INSUFFICIENT_DATA,0.0,0.0550430075479199,6617.1875,8.638381958007812,-46.05698013305664,0.9140067515876754,0.0326428314474446,0.04862495320848605,0.0023939049049319415,0.0005425400044931216,8.743160713759791e-05,8.839900856045067e-05,7.075419254329124e-05
oppo-reno+p05_6_1+200cm,oppo-reno,p05,200cm,16000,1.659,INSUFFICIENT_DATA,0.0,0.06479235914723047,6554.6875,10.553863525390625,-46.8201789855957,0.9275045340060594,0.02503690105365666,0.04005553888880533,0.003567671582830453,0.0007575526147874682,0.00011319072286381605,0.00016167235795900938,8.195286859301341e-05
oppo-reno+p05_6_1+300cm,oppo-reno,p05,300cm,16000,1.659,INSUFFICIENT_DATA,0.0,0.06244286850534126,6554.6875,11.452392578125,-44.697784423828125,0.9277555674574011,0.029904212603118357,0.03717802159147244,0.002969518248714169,0.0005293601495753126,8.044104819372119e-05,9.260307253521895e-05,5.485958840861127e-05
oppo-reno+p05_6_2+200cm,oppo-reno,p05,200cm,16000,1.764,INSUFFICIENT_DATA,0.0,0.06691425913970417,6359.375,8.739608764648438,-43.55564880371094,0.9766381886341498,0.013573723124200264,0.008336988654103879,0.0008876193330535284,0.0002443143515931002,6.285806059751382e-05,4.706251476294973e-05,3.668300778269283e-05
oppo-reno+p05_6_2+300cm,oppo-reno,p05,300cm,16000,1.764,INSUFFICIENT_DATA,0.0,0.03252092627675542,7210.9375,10.6419677734375,-43.61639404296875,0.9675859923257112,0.015780811648219463,0.01372878587025899,0.0020511033495388027,0.00033043997003675787,7.62813452680543e-05,5.6829351979156156e-05,4.32066146189931e-05
oppo-reno+p05_6_3+150cm,oppo-reno,p05,150cm,16000,2.033,INSUFFICIENT_DATA,0.0,0.09087357962380617,4500.0,8.504631042480469,-47.84639358520508,0.881500626194429,0.03567458255477462,0.07616836129539606,0.003958674268174851,0.0010800619603764572,0.0001412239325399182,0.00012840387112382056,8.522860660754961e-05
oppo-reno+p05_6_3+200cm,oppo-reno,p05,200cm,16000,2.077,INSUFFICIENT_DATA,0.0,0.07410360587135743,5625.0,14.148651123046875,-46.54714584350586,0.9154788427203202,0.02999528446012549,0.046418372923792466,0.005428889768410341,0.001008038861845574,0.00023684928484152634,0.0001766867800849642,8.088680429829897e-05
oppo-reno+p05_6_3+300cm,oppo-reno,p05,300cm,16000,2.033,INSUFFICIENT_DATA,0.0,0.05017560486518692,6570.3125,10.156639099121094,-46.48259735107422,0.9204097600970702,0.027356507075320072,0.04641052104544722,0.004205893789744197,0.0007876372044531329,0.0001133016249100619,0.00010681438037975502,7.22165036522907e-05
oppo-reno+p05_6_4+150cm,oppo-reno,p05,150cm,16000,1.524,INSUFFICIENT_DATA,0.0,0.11558446890933721,6562.5,16.675674438476562,-47.69085693359375,0.968437448051846,0.01610430700126787,0.011186935170173405,0.002913834618769714,0.0004115953944284004,0.00017028612189675624,0.00017888346307473761,0.00012540221193662595
oppo-reno+p05_6_4+200cm,oppo-reno,p05,200cm,16000,1.569,INSUFFICIENT_DATA,0.0,0.16131032156255914,6578.125,12.278984069824219,-48.75922775268555,0.9694580563819559,0.01376569684048764,0.012752188440364048,0.0024709876388049543,0.0005890819433669875,0.0002527176155656193,0.00024244374644296382,0.00015253185865653232
